{"type":"FeatureCollection","features":[{"type":"Feature","geometry":{"type":"Polygon","coordinates":[[[91.08884,25.18329],[91.08885,25.18292],[91.08845,25.18292],[91.08845,25.18301],[91.08835,25.18301],[91.08835,25.1831],[91.08805,25.18309],[91.08806,25.183],[91.08796,25.183],[91.08796,25.18291],[91.08786,25.18291],[91.08786,25.183],[91.08776,25.183],[91.08776,25.18291],[91.08766,25.18291],[91.08766,25.183],[91.08756,25.183],[91.08756,25.18309],[91.08746,25.18309],[91.08746,25.18318],[91.08736,25.18318],[91.08736,25.18309],[91.08726,25.18308],[91.08726,25.18299],[91.08746,25.183],[91.08746,25.18282],[91.08756,25.18282],[91.08756,25.18273],[91.08766,25.18273],[91.08766,25.18282],[91.08776,25.18282],[91.08776,25.18255],[91.08767,25.18255],[91.08767,25.18246],[91.08757,25.18246],[91.08757,25.18237],[91.08787,25.18237],[91.08787,25.18246],[91.08806,25.18246],[91.08807,25.18228],[91.08817,25.18228],[91.08816,25.18237],[91.08836,25.18238],[91.08836,25.18247],[91.08856,25.18247],[91.08856,25.18238],[91.08866,25.18238],[91.08866,25.18229],[91.08836,25.18229],[91.08837,25.1822],[91.08827,25.18219],[91.08827,25.1821],[91.08857,25.18211],[91.08856,25.1822],[91.08876,25.1822],[91.08876,25.18229],[91.08886,25.18229],[91.08886,25.18238],[91.08876,25.18238],[91.08876,25.18247],[91.08886,25.18247],[91.08886,25.18256],[91.08876,25.18256],[91.08876,25.18265],[91.08895,25.18265],[91.08895,25.18274],[91.08905,25.18275],[91.08906,25.18239],[91.08896,25.18238],[91.08896,25.18229],[91.08936,25.1823],[91.08935,25.18239],[91.08926,25.18239],[91.08925,25.18248],[91.08935,25.18248],[91.08935,25.18257],[91.08915,25.18257],[91.08915,25.18266],[91.08935,25.18266],[91.08935,25.18275],[91.08915,25.18275],[91.08915,25.18284],[91.08905,25.18284],[91.08905,25.18293],[91.08895,25.18293],[91.08894,25.18329],[91.08884,25.18329]],[[91.08815,25.18301],[91.08825,25.18301],[91.08826,25.18292],[91.08816,25.18292],[91.08815,25.18301]],[[91.08826,25.18292],[91.08835,25.18292],[91.08836,25.18283],[91.08855,25.18283],[91.08856,25.18256],[91.08846,25.18256],[91.08846,25.18274],[91.08826,25.18274],[91.08826,25.18292]],[[91.08786,25.18273],[91.08796,25.18273],[91.08796,25.18264],[91.08786,25.18264],[91.08786,25.18273]],[[91.08865,25.18274],[91.08875,25.18274],[91.08876,25.18265],[91.08866,25.18265],[91.08865,25.18274]],[[91.08806,25.18264],[91.08836,25.18265],[91.08836,25.18256],[91.08816,25.18255],[91.08816,25.18246],[91.08806,25.18246],[91.08806,25.18264]]]},"properties":{"id":"wetland_patch_2a5bc20a507d","date":"2026-07-24","area_km2":0.0102,"pixel_count":102,"classification":"OPEN_WATER","interpretation_label":"HH darkening candidate","mean_delta_db":-4.3820022975697235,"median_delta_db":-4.295111656188965,"hh_before":-16.792666893379362,"hh_after":-21.174669190949086,"hv_before":-23.606005780837116,"hv_after":-23.800321317186544,"delta_hh":-4.3820022975697235,"delta_hv":-0.19431553634942747,"valid_fraction":1.0,"valid_fraction_scope":"region bounding box, all four channels","vegetated_fraction":0.0,"quality_status":"PASS","spatial_status":"PARTIAL","temporal_status":"PARTIAL","temporal_overlap_fraction":0.0,"threshold_stability":"SENSITIVE","threshold_variation_fraction":0.3170731707317073,"evidence_state":"UNCERTAIN","centroid":[25.18267382926299,91.0883853215302],"data_source":"NISAR","evidence_method":"Rule consistency only; no accuracy estimate or independent reference validation.","baseline_method":"PER_PIXEL_MEDIAN","baseline_observation_count":3,"baseline_observation_dates":["2026-06-18","2026-06-30","2026-07-12"],"baseline_hh_temporal_mad_db":0.8250865936279297,"baseline_scene_names":["NISAR_L2_PR_GCOV_023_069_A_014_4005_DHDH_A_20260618T232135_20260618T232210_P05023_N_F_J_001","NISAR_L2_PR_GCOV_024_069_A_014_4005_DHDH_A_20260630T232134_20260630T232209_P05023_N_F_J_001","NISAR_L2_PR_GCOV_025_069_A_014_4005_DHDH_A_20260712T232134_20260712T232208_P05023_N_F_J_001"],"contextual_land_cover":null,"distance_to_water_m":null,"context_status":"NOT_AVAILABLE","reference_validated":false}},{"type":"Feature","geometry":{"type":"Polygon","coordinates":[[[91.08737,25.18236],[91.08737,25.18227],[91.08727,25.18227],[91.08727,25.18218],[91.08708,25.18218],[91.08708,25.182],[91.08748,25.182],[91.08748,25.18191],[91.08728,25.18191],[91.08728,25.18182],[91.08718,25.18182],[91.08718,25.18191],[91.08688,25.18191],[91.08688,25.18182],[91.08698,25.18182],[91.08699,25.18164],[91.08718,25.18164],[91.08719,25.18146],[91.08738,25.18146],[91.08738,25.18155],[91.08728,25.18155],[91.08728,25.18173],[91.08748,25.18173],[91.08748,25.18155],[91.08758,25.18155],[91.08758,25.18173],[91.08768,25.18174],[91.08768,25.18183],[91.08778,25.18183],[91.08778,25.18156],[91.08788,25.18156],[91.08788,25.18174],[91.08808,25.18174],[91.08807,25.18192],[91.08817,25.18192],[91.08817,25.18183],[91.08827,25.18183],[91.08827,25.18201],[91.08817,25.18201],[91.08817,25.18219],[91.08807,25.18219],[91.08807,25.18228],[91.08767,25.18228],[91.08767,25.18219],[91.08757,25.18219],[91.08757,25.18237],[91.08737,25.18236]],[[91.08747,25.18218],[91.08757,25.18219],[91.08757,25.1821],[91.08747,25.18209],[91.08747,25.18218]],[[91.08767,25.18219],[91.08777,25.18219],[91.08777,25.1821],[91.08767,25.1821],[91.08767,25.18219]],[[91.08758,25.18191],[91.08768,25.18192],[91.08768,25.18183],[91.08758,25.18182],[91.08758,25.18191]]]},"properties":{"id":"wetland_patch_0e1f67c298da","date":"2026-07-24","area_km2":0.0068,"pixel_count":68,"classification":"OPEN_WATER","interpretation_label":"HH darkening candidate","mean_delta_db":-4.7254055107341095,"median_delta_db":-4.349231719970703,"hh_before":-16.934682523503024,"hh_after":-21.660088034237134,"hv_before":-23.33827206667732,"hv_after":-24.46144707062665,"delta_hh":-4.7254055107341095,"delta_hv":-1.1231750039493336,"valid_fraction":1.0,"valid_fraction_scope":"region bounding box, all four channels","vegetated_fraction":0.0,"quality_status":"PASS","spatial_status":"PARTIAL","temporal_status":"PARTIAL","temporal_overlap_fraction":0.0,"threshold_stability":"SENSITIVE","threshold_variation_fraction":0.23809523809523808,"evidence_state":"UNCERTAIN","centroid":[25.181946672167342,91.08759180829777],"data_source":"NISAR","evidence_method":"Rule consistency only; no accuracy estimate or independent reference validation.","baseline_method":"PER_PIXEL_MEDIAN","baseline_observation_count":3,"baseline_observation_dates":["2026-06-18","2026-06-30","2026-07-12"],"baseline_hh_temporal_mad_db":0.8250865936279297,"baseline_scene_names":["NISAR_L2_PR_GCOV_023_069_A_014_4005_DHDH_A_20260618T232135_20260618T232210_P05023_N_F_J_001","NISAR_L2_PR_GCOV_024_069_A_014_4005_DHDH_A_20260630T232134_20260630T232209_P05023_N_F_J_001","NISAR_L2_PR_GCOV_025_069_A_014_4005_DHDH_A_20260712T232134_20260712T232208_P05023_N_F_J_001"],"contextual_land_cover":null,"distance_to_water_m":null,"context_status":"NOT_AVAILABLE","reference_validated":false}},{"type":"Feature","geometry":{"type":"Polygon","coordinates":[[[91.03589,25.1816],[91.0359,25.18142],[91.03619,25.18142],[91.0362,25.18133],[91.0361,25.18133],[91.0361,25.18115],[91.0359,25.18115],[91.0359,25.18106],[91.0358,25.18106],[91.0358,25.18133],[91.0356,25.18132],[91.0356,25.18114],[91.0355,25.18114],[91.03551,25.18096],[91.03561,25.18096],[91.03561,25.18087],[91.03571,25.18087],[91.03571,25.18096],[91.0359,25.18097],[91.03591,25.18088],[91.03581,25.18088],[91.03581,25.18078],[91.03571,25.18078],[91.03571,25.1806],[91.03551,25.1806],[91.03551,25.18078],[91.03541,25.18078],[91.03541,25.1806],[91.03522,25.1806],[91.03522,25.18042],[91.03512,25.18041],[91.03512,25.18032],[91.03482,25.18032],[91.03482,25.18023],[91.03542,25.18024],[91.03542,25.17997],[91.03562,25.17997],[91.03562,25.18006],[91.03552,25.18006],[91.03552,25.18024],[91.03562,25.18024],[91.03562,25.18015],[91.03572,25.18015],[91.03572,25.18033],[91.03562,25.18033],[91.03561,25.18042],[91.03581,25.18042],[91.03581,25.1806],[91.03591,25.18061],[91.03591,25.18079],[91.03601,25.18079],[91.036,25.18097],[91.0362,25.18097],[91.0362,25.18106],[91.0363,25.18106],[91.03629,25.18142],[91.03639,25.18142],[91.03639,25.18151],[91.03629,25.18151],[91.03629,25.1816],[91.03589,25.1816]],[[91.03532,25.18051],[91.03542,25.18051],[91.03542,25.18042],[91.03532,25.18042],[91.03532,25.18051]]]},"properties":{"id":"wetland_patch_58921b911fb9","date":"2026-07-24","area_km2":0.0072,"pixel_count":72,"classification":"OPEN_WATER","interpretation_label":"HH darkening candidate","mean_delta_db":-5.067512753936979,"median_delta_db":-4.77427864074707,"hh_before":-15.115837815735075,"hh_after":-20.183350569672054,"hv_before":-21.831016818682354,"hv_after":-23.232338110605877,"delta_hh":-5.067512753936979,"delta_hv":-1.401321291923523,"valid_fraction":0.9236111111111112,"valid_fraction_scope":"region bounding box, all four channels","vegetated_fraction":0.0,"quality_status":"PASS","spatial_status":"PARTIAL","temporal_status":"PARTIAL","temporal_overlap_fraction":0.0,"threshold_stability":"SENSITIVE","threshold_variation_fraction":0.22764227642276422,"evidence_state":"UNCERTAIN","centroid":[25.180803749392005,91.03571622645784],"data_source":"NISAR","evidence_method":"Rule consistency only; no accuracy estimate or independent reference validation.","baseline_method":"PER_PIXEL_MEDIAN","baseline_observation_count":3,"baseline_observation_dates":["2026-06-18","2026-06-30","2026-07-12"],"baseline_hh_temporal_mad_db":0.8250865936279297,"baseline_scene_names":["NISAR_L2_PR_GCOV_023_069_A_014_4005_DHDH_A_20260618T232135_20260618T232210_P05023_N_F_J_001","NISAR_L2_PR_GCOV_024_069_A_014_4005_DHDH_A_20260630T232134_20260630T232209_P05023_N_F_J_001","NISAR_L2_PR_GCOV_025_069_A_014_4005_DHDH_A_20260712T232134_20260712T232208_P05023_N_F_J_001"],"contextual_land_cover":null,"distance_to_water_m":null,"context_status":"NOT_AVAILABLE","reference_validated":false}},{"type":"Feature","geometry":{"type":"Polygon","coordinates":[[[91.08699,25.18155],[91.08699,25.18146],[91.08689,25.18145],[91.08689,25.18136],[91.08699,25.18137],[91.08699,25.18118],[91.08669,25.18118],[91.0867,25.18109],[91.08699,25.18109],[91.087,25.181],[91.0869,25.181],[91.0869,25.18091],[91.0868,25.18091],[91.0868,25.18082],[91.0866,25.18082],[91.0866,25.18073],[91.087,25.18073],[91.087,25.18064],[91.0867,25.18064],[91.0867,25.18055],[91.08661,25.18055],[91.08661,25.18037],[91.08671,25.18037],[91.08671,25.18028],[91.08681,25.18028],[91.0868,25.18055],[91.087,25.18055],[91.08701,25.18037],[91.08691,25.18037],[91.08691,25.18028],[91.08711,25.18028],[91.0871,25.18055],[91.0872,25.18056],[91.08721,25.18019],[91.08731,25.1802],[91.0873,25.18029],[91.0874,25.18029],[91.0874,25.18038],[91.0873,25.18038],[91.0873,25.18056],[91.0874,25.18056],[91.0874,25.18074],[91.0875,25.18074],[91.0875,25.18065],[91.0877,25.18065],[91.08769,25.18083],[91.08759,25.18083],[91.08759,25.18092],[91.08779,25.18092],[91.08779,25.18083],[91.08809,25.18084],[91.08809,25.18093],[91.08789,25.18093],[91.08789,25.18102],[91.08729,25.18101],[91.08729,25.18119],[91.08739,25.18119],[91.08739,25.18128],[91.08729,25.18128],[91.08729,25.18137],[91.08719,25.18137],[91.08719,25.18146],[91.08709,25.18146],[91.08709,25.18155],[91.08699,25.18155]],[[91.08709,25.1811],[91.08719,25.1811],[91.08719,25.18101],[91.08709,25.18101],[91.08709,25.1811]],[[91.087,25.18091],[91.0872,25.18092],[91.0872,25.18083],[91.087,25.18082],[91.087,25.18091]],[[91.08739,25.18092],[91.08749,25.18092],[91.08749,25.18083],[91.08739,25.18083],[91.08739,25.18092]],[[91.0872,25.18083],[91.0873,25.18083],[91.0873,25.18065],[91.0872,25.18065],[91.0872,25.18083]]]},"properties":{"id":"wetland_patch_103a5a5c2be9","date":"2026-07-24","area_km2":0.0073,"pixel_count":73,"classification":"OPEN_WATER","interpretation_label":"HH darkening candidate","mean_delta_db":-4.5975701057747616,"median_delta_db":-4.243400573730469,"hh_before":-16.39008268591476,"hh_after":-20.98765279168952,"hv_before":-23.63528416254749,"hv_after":-24.820364129053402,"delta_hh":-4.5975701057747616,"delta_hv":-1.1850799665059129,"valid_fraction":1.0,"valid_fraction_scope":"region bounding box, all four channels","vegetated_fraction":0.0,"quality_status":"PASS","spatial_status":"PARTIAL","temporal_status":"PARTIAL","temporal_overlap_fraction":0.0,"threshold_stability":"STABLE","threshold_variation_fraction":0.18584070796460178,"evidence_state":"MODERATE","centroid":[25.180839091484444,91.08717515234633],"data_source":"NISAR","evidence_method":"Rule consistency only; no accuracy estimate or independent reference validation.","baseline_method":"PER_PIXEL_MEDIAN","baseline_observation_count":3,"baseline_observation_dates":["2026-06-18","2026-06-30","2026-07-12"],"baseline_hh_temporal_mad_db":0.8250865936279297,"baseline_scene_names":["NISAR_L2_PR_GCOV_023_069_A_014_4005_DHDH_A_20260618T232135_20260618T232210_P05023_N_F_J_001","NISAR_L2_PR_GCOV_024_069_A_014_4005_DHDH_A_20260630T232134_20260630T232209_P05023_N_F_J_001","NISAR_L2_PR_GCOV_025_069_A_014_4005_DHDH_A_20260712T232134_20260712T232208_P05023_N_F_J_001"],"contextual_land_cover":null,"distance_to_water_m":null,"context_status":"NOT_AVAILABLE","reference_validated":false}},{"type":"Feature","geometry":{"type":"Polygon","coordinates":[[[91.03493,25.18005],[91.03493,25.17969],[91.03483,25.17969],[91.03483,25.17978],[91.03473,25.17978],[91.03473,25.17969],[91.03454,25.17968],[91.03454,25.17959],[91.03434,25.17959],[91.03434,25.17977],[91.03424,25.17977],[91.03424,25.17968],[91.03414,25.17968],[91.03413,25.17995],[91.03374,25.17994],[91.03374,25.17985],[91.03384,25.17986],[91.03384,25.17968],[91.03354,25.17967],[91.03355,25.17949],[91.03315,25.17949],[91.03315,25.17958],[91.03305,25.17957],[91.03305,25.17948],[91.03295,25.17948],[91.03295,25.17975],[91.03285,25.17975],[91.03285,25.17984],[91.03275,25.17984],[91.03275,25.17975],[91.03255,25.17975],[91.03255,25.17966],[91.03265,25.17966],[91.03266,25.17939],[91.03285,25.17939],[91.03286,25.17912],[91.03306,25.17912],[91.03306,25.17903],[91.03336,25.17904],[91.03336,25.17895],[91.03365,25.17895],[91.03366,25.17877],[91.03356,25.17877],[91.03356,25.17868],[91.03336,25.17868],[91.03336,25.17859],[91.03346,25.17859],[91.03346,25.1785],[91.03356,25.1785],[91.03356,25.17859],[91.03376,25.17859],[91.03375,25.17886],[91.03385,25.17886],[91.03385,25.17895],[91.03375,25.17895],[91.03375,25.17913],[91.03385,25.17913],[91.03384,25.17949],[91.03404,25.1795],[91.03404,25.17941],[91.03394,25.17941],[91.03395,25.17895],[91.03405,25.17896],[91.03405,25.17914],[91.03444,25.17914],[91.03444,25.17923],[91.03454,25.17923],[91.03454,25.17932],[91.03464,25.17933],[91.03464,25.17942],[91.03484,25.17942],[91.03484,25.17951],[91.03494,25.17951],[91.03494,25.17933],[91.03504,25.17933],[91.03504,25.17942],[91.03513,25.17942],[91.03513,25.1796],[91.03533,25.1796],[91.03533,25.17951],[91.03543,25.17952],[91.03543,25.17961],[91.03553,25.17961],[91.03553,25.1797],[91.03543,25.1797],[91.03542,25.17997],[91.03532,25.17997],[91.03533,25.17979],[91.03523,25.17978],[91.03523,25.17969],[91.03503,25.17969],[91.03503,25.18005],[91.03493,25.18005]],[[91.03275,25.17966],[91.03285,25.17966],[91.03285,25.17957],[91.03275,25.17957],[91.03275,25.17966]],[[91.03404,25.17959],[91.03414,25.17959],[91.03414,25.1795],[91.03404,25.1795],[91.03404,25.17959]],[[91.03464,25.1796],[91.03483,25.1796],[91.03484,25.17951],[91.03464,25.17951],[91.03464,25.1796]],[[91.03295,25.17939],[91.03305,25.17939],[91.03305,25.17921],[91.03296,25.17921],[91.03295,25.17939]],[[91.03315,25.1794],[91.03325,25.1794],[91.03325,25.17931],[91.03315,25.17931],[91.03315,25.1794]],[[91.03345,25.1794],[91.03355,25.1794],[91.03355,25.17931],[91.03345,25.17931],[91.03345,25.1794]],[[91.03365,25.1794],[91.03375,25.1794],[91.03375,25.17922],[91.03365,25.17922],[91.03365,25.1794]],[[91.03404,25.17941],[91.03414,25.17941],[91.03414,25.17932],[91.03405,25.17932],[91.03404,25.17941]],[[91.03444,25.17941],[91.03454,25.17941],[91.03454,25.17932],[91.03444,25.17932],[91.03444,25.17941]],[[91.03424,25.17932],[91.03434,25.17932],[91.03434,25.17923],[91.03425,25.17923],[91.03424,25.17932]],[[91.03355,25.17922],[91.03365,25.17922],[91.03365,25.17904],[91.03345,25.17904],[91.03345,25.17913],[91.03355,25.17913],[91.03355,25.17922]]]},"properties":{"id":"wetland_patch_42d34aae0c08","date":"2026-07-24","area_km2":0.0145,"pixel_count":145,"classification":"OPEN_WATER","interpretation_label":"HH darkening candidate","mean_delta_db":-4.814434384888616,"median_delta_db":-4.548643112182617,"hh_before":-15.83205170343662,"hh_after":-20.646486088325236,"hv_before":-22.17985481393748,"hv_after":-23.61895673028354,"delta_hh":-4.814434384888616,"delta_hv":-1.4391019163460568,"valid_fraction":1.0,"valid_fraction_scope":"region bounding box, all four channels","vegetated_fraction":0.0,"quality_status":"PASS","spatial_status":"PARTIAL","temporal_status":"PARTIAL","temporal_overlap_fraction":0.0,"threshold_stability":"SENSITIVE","threshold_variation_fraction":0.27611940298507465,"evidence_state":"UNCERTAIN","centroid":[25.17941606251642,91.03392638039365],"data_source":"NISAR","evidence_method":"Rule consistency only; no accuracy estimate or independent reference validation.","baseline_method":"PER_PIXEL_MEDIAN","baseline_observation_count":3,"baseline_observation_dates":["2026-06-18","2026-06-30","2026-07-12"],"baseline_hh_temporal_mad_db":0.8250865936279297,"baseline_scene_names":["NISAR_L2_PR_GCOV_023_069_A_014_4005_DHDH_A_20260618T232135_20260618T232210_P05023_N_F_J_001","NISAR_L2_PR_GCOV_024_069_A_014_4005_DHDH_A_20260630T232134_20260630T232209_P05023_N_F_J_001","NISAR_L2_PR_GCOV_025_069_A_014_4005_DHDH_A_20260712T232134_20260712T232208_P05023_N_F_J_001"],"contextual_land_cover":null,"distance_to_water_m":null,"context_status":"NOT_AVAILABLE","reference_validated":false}},{"type":"Feature","geometry":{"type":"Polygon","coordinates":[[[91.03226,25.17938],[91.03226,25.17929],[91.03196,25.17929],[91.03196,25.1792],[91.03186,25.1792],[91.03187,25.17902],[91.03197,25.17902],[91.03197,25.17893],[91.03187,25.17893],[91.03187,25.17884],[91.03177,25.17884],[91.03177,25.17902],[91.03157,25.17901],[91.03157,25.17874],[91.03148,25.17874],[91.03148,25.17865],[91.03138,25.17865],[91.03138,25.17874],[91.03128,25.17874],[91.03128,25.17856],[91.03118,25.17856],[91.03118,25.17865],[91.03108,25.17865],[91.03108,25.17847],[91.03118,25.17847],[91.03118,25.17829],[91.03089,25.17828],[91.03089,25.17819],[91.03109,25.17819],[91.03109,25.17801],[91.03099,25.17801],[91.03099,25.17783],[91.03109,25.17783],[91.03109,25.17774],[91.03119,25.17774],[91.0312,25.17756],[91.0311,25.17756],[91.0311,25.17738],[91.0312,25.17738],[91.0312,25.17747],[91.0313,25.17748],[91.0313,25.17738],[91.0314,25.17739],[91.0314,25.1773],[91.0316,25.1773],[91.0316,25.17721],[91.0315,25.17721],[91.0315,25.17712],[91.0314,25.17712],[91.03141,25.17684],[91.03151,25.17685],[91.03151,25.17676],[91.03161,25.17676],[91.03161,25.17667],[91.03151,25.17667],[91.03151,25.17658],[91.03161,25.17658],[91.03161,25.17649],[91.03171,25.17649],[91.03171,25.17667],[91.03181,25.17667],[91.03181,25.17658],[91.03201,25.17658],[91.032,25.17667],[91.0321,25.17667],[91.0321,25.17694],[91.0322,25.17695],[91.03219,25.17722],[91.03249,25.17722],[91.03249,25.17731],[91.03229,25.17731],[91.03229,25.1774],[91.03219,25.1774],[91.03219,25.17749],[91.03209,25.17749],[91.03209,25.17758],[91.03199,25.17757],[91.03199,25.17739],[91.03189,25.17739],[91.03189,25.17748],[91.03169,25.17748],[91.03169,25.17757],[91.03179,25.17757],[91.03179,25.17766],[91.03189,25.17766],[91.03189,25.17775],[91.03199,25.17776],[91.03199,25.17785],[91.03189,25.17784],[91.03188,25.17811],[91.03198,25.17812],[91.03198,25.17839],[91.03208,25.17839],[91.03207,25.17857],[91.03217,25.17857],[91.03217,25.17866],[91.03237,25.17866],[91.03237,25.17857],[91.03227,25.17857],[91.03228,25.1783],[91.03238,25.1783],[91.03237,25.17839],[91.03247,25.17839],[91.03247,25.17848],[91.03277,25.17849],[91.03277,25.17858],[91.03297,25.17858],[91.03296,25.17867],[91.03287,25.17867],[91.03286,25.17876],[91.03276,25.17876],[91.03276,25.17885],[91.03256,25.17885],[91.03256,25.17894],[91.03236,25.17893],[91.03236,25.17902],[91.03246,25.17903],[91.03246,25.17921],[91.03256,25.17921],[91.03256,25.17912],[91.03266,25.17912],[91.03266,25.1793],[91.03246,25.1793],[91.03246,25.17939],[91.03226,25.17938]],[[91.03207,25.17893],[91.03227,25.17893],[91.03227,25.17884],[91.03237,25.17884],[91.03237,25.17875],[91.03217,25.17875],[91.03217,25.17884],[91.03207,25.17884],[91.03207,25.17893]],[[91.03167,25.17883],[91.03177,25.17884],[91.03177,25.17875],[91.03167,25.17874],[91.03167,25.17883]],[[91.03197,25.17875],[91.03207,25.17875],[91.03207,25.17857],[91.03197,25.17857],[91.03197,25.17875]],[[91.03247,25.17875],[91.03267,25.17876],[91.03267,25.17858],[91.03247,25.17857],[91.03247,25.17875]],[[91.03158,25.17865],[91.03168,25.17865],[91.03168,25.17856],[91.03158,25.17856],[91.03158,25.17865]],[[91.03148,25.17856],[91.03158,25.17856],[91.03158,25.17847],[91.03148,25.17847],[91.03148,25.17856]],[[91.03168,25.17847],[91.03178,25.17847],[91.03178,25.17838],[91.03168,25.17838],[91.03168,25.17847]],[[91.03158,25.17838],[91.03168,25.17838],[91.03168,25.17829],[91.03188,25.1783],[91.03188,25.17821],[91.03178,25.1782],[91.03178,25.17802],[91.03169,25.17802],[91.03168,25.1782],[91.03148,25.1782],[91.03148,25.17829],[91.03158,25.17829],[91.03158,25.17838]],[[91.03139,25.17811],[91.03149,25.17811],[91.03149,25.17802],[91.03139,25.17802],[91.03139,25.17811]],[[91.03129,25.17802],[91.03139,25.17802],[91.03139,25.17793],[91.03129,25.17793],[91.03129,25.17802]],[[91.03139,25.17793],[91.03149,25.17793],[91.03149,25.17784],[91.03139,25.17784],[91.03139,25.17793]],[[91.03159,25.17793],[91.03169,25.17793],[91.03169,25.17784],[91.03159,25.17784],[91.03159,25.17793]],[[91.03129,25.17775],[91.03159,25.17775],[91.03159,25.17757],[91.03139,25.17757],[91.03139,25.17766],[91.03129,25.17766],[91.03129,25.17775]],[[91.03199,25.17739],[91.03209,25.1774],[91.03209,25.17731],[91.03199,25.1773],[91.03199,25.17739]],[[91.0317,25.1773],[91.03199,25.1773],[91.032,25.17721],[91.0317,25.17721],[91.0317,25.1773]],[[91.0318,25.17712],[91.0319,25.17712],[91.0319,25.17685],[91.0316,25.17685],[91.0316,25.17703],[91.0318,25.17703],[91.0318,25.17712]],[[91.032,25.17712],[91.0321,25.17712],[91.0321,25.17703],[91.032,25.17703],[91.032,25.17712]]]},"properties":{"id":"wetland_patch_12f196c8da5e","date":"2026-07-24","area_km2":0.0221,"pixel_count":221,"classification":"OPEN_WATER","interpretation_label":"HH darkening candidate","mean_delta_db":-4.974080172059763,"median_delta_db":-4.653276443481445,"hh_before":-15.49071914793679,"hh_after":-20.464799319996555,"hv_before":-21.343651706816384,"hv_after":-23.92522680705489,"delta_hh":-4.974080172059763,"delta_hv":-2.581575100238507,"valid_fraction":1.0,"valid_fraction_scope":"region bounding box, all four channels","vegetated_fraction":0.0,"quality_status":"PASS","spatial_status":"PARTIAL","temporal_status":"PARTIAL","temporal_overlap_fraction":0.0,"threshold_stability":"SENSITIVE","threshold_variation_fraction":0.2865013774104683,"evidence_state":"UNCERTAIN","centroid":[25.178060550521245,91.03181361963644],"data_source":"NISAR","evidence_method":"Rule consistency only; no accuracy estimate or independent reference validation.","baseline_method":"PER_PIXEL_MEDIAN","baseline_observation_count":3,"baseline_observation_dates":["2026-06-18","2026-06-30","2026-07-12"],"baseline_hh_temporal_mad_db":0.8250865936279297,"baseline_scene_names":["NISAR_L2_PR_GCOV_023_069_A_014_4005_DHDH_A_20260618T232135_20260618T232210_P05023_N_F_J_001","NISAR_L2_PR_GCOV_024_069_A_014_4005_DHDH_A_20260630T232134_20260630T232209_P05023_N_F_J_001","NISAR_L2_PR_GCOV_025_069_A_014_4005_DHDH_A_20260712T232134_20260712T232208_P05023_N_F_J_001"],"contextual_land_cover":null,"distance_to_water_m":null,"context_status":"NOT_AVAILABLE","reference_validated":false}},{"type":"Feature","geometry":{"type":"Polygon","coordinates":[[[91.08642,25.17973],[91.08643,25.17937],[91.08652,25.17937],[91.08653,25.1791],[91.08663,25.1791],[91.08663,25.17892],[91.08673,25.17892],[91.08673,25.17874],[91.08653,25.17874],[91.08654,25.17865],[91.08664,25.17865],[91.08664,25.17856],[91.08674,25.17856],[91.08673,25.17865],[91.08693,25.17866],[91.08693,25.17875],[91.08703,25.17875],[91.08703,25.17884],[91.08723,25.17884],[91.08723,25.17875],[91.08713,25.17875],[91.08713,25.17866],[91.08723,25.17866],[91.08723,25.17848],[91.08733,25.17848],[91.08733,25.17857],[91.08743,25.17857],[91.08743,25.17866],[91.08753,25.17866],[91.08753,25.17875],[91.08763,25.17876],[91.08762,25.17903],[91.08742,25.17902],[91.08742,25.17893],[91.08752,25.17893],[91.08752,25.17884],[91.08743,25.17884],[91.08743,25.17875],[91.08733,25.17875],[91.08732,25.17902],[91.08703,25.17902],[91.08702,25.1792],[91.08712,25.1792],[91.08712,25.17929],[91.08702,25.17929],[91.08702,25.17938],[91.08692,25.17938],[91.08692,25.1792],[91.08683,25.1792],[91.08683,25.17911],[91.08673,25.17911],[91.08672,25.17938],[91.08682,25.17938],[91.08682,25.17947],[91.08692,25.17947],[91.08692,25.17956],[91.08702,25.17956],[91.08702,25.17965],[91.08662,25.17965],[91.08662,25.17956],[91.08652,25.17955],[91.08652,25.17973],[91.08642,25.17973]],[[91.08662,25.17956],[91.08672,25.17956],[91.08672,25.17947],[91.08662,25.17946],[91.08662,25.17956]],[[91.08693,25.17902],[91.08703,25.17902],[91.08703,25.17893],[91.08693,25.17893],[91.08693,25.17902]]]},"properties":{"id":"wetland_patch_af0b2ff5e113","date":"2026-07-24","area_km2":0.0062,"pixel_count":62,"classification":"OPEN_WATER","interpretation_label":"HH darkening candidate","mean_delta_db":-4.583012257852862,"median_delta_db":-4.329864501953125,"hh_before":-16.94734667193505,"hh_after":-21.530358929787912,"hv_before":-23.332774193056167,"hv_after":-24.0543364555605,"delta_hh":-4.583012257852862,"delta_hv":-0.7215622625043315,"valid_fraction":1.0,"valid_fraction_scope":"region bounding box, all four channels","vegetated_fraction":0.0,"quality_status":"PASS","spatial_status":"PARTIAL","temporal_status":"PARTIAL","temporal_overlap_fraction":0.0,"threshold_stability":"SENSITIVE","threshold_variation_fraction":0.21839080459770116,"evidence_state":"UNCERTAIN","centroid":[25.17906403771974,91.0869327123263],"data_source":"NISAR","evidence_method":"Rule consistency only; no accuracy estimate or independent reference validation.","baseline_method":"PER_PIXEL_MEDIAN","baseline_observation_count":3,"baseline_observation_dates":["2026-06-18","2026-06-30","2026-07-12"],"baseline_hh_temporal_mad_db":0.8250865936279297,"baseline_scene_names":["NISAR_L2_PR_GCOV_023_069_A_014_4005_DHDH_A_20260618T232135_20260618T232210_P05023_N_F_J_001","NISAR_L2_PR_GCOV_024_069_A_014_4005_DHDH_A_20260630T232134_20260630T232209_P05023_N_F_J_001","NISAR_L2_PR_GCOV_025_069_A_014_4005_DHDH_A_20260712T232134_20260712T232208_P05023_N_F_J_001"],"contextual_land_cover":null,"distance_to_water_m":null,"context_status":"NOT_AVAILABLE","reference_validated":false}},{"type":"Feature","geometry":{"type":"Polygon","coordinates":[[[91.02455,25.17757],[91.02455,25.17739],[91.02445,25.17738],[91.02446,25.1772],[91.02416,25.1772],[91.02416,25.17702],[91.02406,25.17702],[91.02406,25.17711],[91.02396,25.17711],[91.02396,25.1772],[91.02386,25.1772],[91.02387,25.17692],[91.02377,25.17692],[91.02377,25.17683],[91.02397,25.17684],[91.02397,25.17675],[91.02407,25.17675],[91.02407,25.17666],[91.02397,25.17666],[91.02397,25.17656],[91.02407,25.17657],[91.02407,25.1763],[91.02398,25.17629],[91.02398,25.1762],[91.02408,25.17621],[91.02408,25.17593],[91.02418,25.17594],[91.02417,25.17621],[91.02427,25.17621],[91.02427,25.1763],[91.02437,25.1763],[91.02437,25.17648],[91.02447,25.17648],[91.02447,25.17657],[91.02467,25.17657],[91.02466,25.17703],[91.02456,25.17702],[91.02456,25.17711],[91.02466,25.17712],[91.02465,25.17721],[91.02456,25.1772],[91.02455,25.17729],[91.02475,25.1773],[91.02475,25.17739],[91.02465,25.17739],[91.02465,25.17757],[91.02455,25.17757]],[[91.02396,25.17702],[91.02406,25.17702],[91.02406,25.17693],[91.02396,25.17693],[91.02396,25.17702]],[[91.02436,25.17702],[91.02446,25.17702],[91.02446,25.17684],[91.02416,25.17684],[91.02416,25.17693],[91.02436,25.17693],[91.02436,25.17702]],[[91.02427,25.17675],[91.02436,25.17675],[91.02437,25.17666],[91.02447,25.17666],[91.02447,25.17657],[91.02427,25.17657],[91.02427,25.17675]],[[91.02417,25.17657],[91.02427,25.17657],[91.02427,25.17639],[91.02417,25.17639],[91.02417,25.17657]]]},"properties":{"id":"wetland_patch_b35cf7c4d62b","date":"2026-07-24","area_km2":0.0061,"pixel_count":61,"classification":"OPEN_WATER","interpretation_label":"HH darkening candidate","mean_delta_db":-4.379263940404673,"median_delta_db":-4.466897010803223,"hh_before":-13.999275223153536,"hh_after":-18.37853916355821,"hv_before":-21.22530662036333,"hv_after":-22.797952401833456,"delta_hh":-4.379263940404673,"delta_hv":-1.572645781470127,"valid_fraction":1.0,"valid_fraction_scope":"region bounding box, all four channels","vegetated_fraction":0.0,"quality_status":"PASS","spatial_status":"PARTIAL","temporal_status":"PARTIAL","temporal_overlap_fraction":0.0,"threshold_stability":"SENSITIVE","threshold_variation_fraction":0.2857142857142857,"evidence_state":"UNCERTAIN","centroid":[25.176808202078245,91.02429127613968],"data_source":"NISAR","evidence_method":"Rule consistency only; no accuracy estimate or independent reference validation.","baseline_method":"PER_PIXEL_MEDIAN","baseline_observation_count":3,"baseline_observation_dates":["2026-06-18","2026-06-30","2026-07-12"],"baseline_hh_temporal_mad_db":0.8250865936279297,"baseline_scene_names":["NISAR_L2_PR_GCOV_023_069_A_014_4005_DHDH_A_20260618T232135_20260618T232210_P05023_N_F_J_001","NISAR_L2_PR_GCOV_024_069_A_014_4005_DHDH_A_20260630T232134_20260630T232209_P05023_N_F_J_001","NISAR_L2_PR_GCOV_025_069_A_014_4005_DHDH_A_20260712T232134_20260712T232208_P05023_N_F_J_001"],"contextual_land_cover":null,"distance_to_water_m":null,"context_status":"NOT_AVAILABLE","reference_validated":false}},{"type":"Feature","geometry":{"type":"Polygon","coordinates":[[[91.06443,25.17782],[91.06443,25.17773],[91.06463,25.17773],[91.06463,25.17764],[91.06453,25.17764],[91.06453,25.17755],[91.06463,25.17755],[91.06463,25.17746],[91.06473,25.17746],[91.06473,25.17737],[91.06483,25.17738],[91.06483,25.1772],[91.06503,25.1772],[91.06503,25.17702],[91.06513,25.17702],[91.06513,25.17711],[91.06523,25.17711],[91.06523,25.17702],[91.06543,25.17702],[91.06543,25.17693],[91.06553,25.17693],[91.06553,25.17702],[91.06563,25.17703],[91.06563,25.17712],[91.06543,25.17711],[91.06543,25.17729],[91.06553,25.17729],[91.06552,25.17748],[91.06562,25.17748],[91.06562,25.1773],[91.06572,25.1773],[91.06573,25.17721],[91.06582,25.17721],[91.06582,25.1773],[91.06592,25.1773],[91.06592,25.17739],[91.06572,25.17739],[91.06572,25.17748],[91.06592,25.17748],[91.06592,25.17766],[91.06582,25.17766],[91.06582,25.17757],[91.06562,25.17757],[91.06562,25.17766],[91.06572,25.17766],[91.06572,25.17784],[91.06552,25.17784],[91.06552,25.17757],[91.06542,25.17756],[91.06542,25.17738],[91.06513,25.17738],[91.06512,25.17756],[91.06503,25.17756],[91.06503,25.17738],[91.06493,25.17738],[91.06493,25.17756],[91.06473,25.17756],[91.06472,25.17783],[91.06443,25.17782]],[[91.06513,25.17729],[91.06523,25.17729],[91.06523,25.1772],[91.06513,25.1772],[91.06513,25.17729]]]},"properties":{"id":"wetland_patch_13ac456ddc03","date":"2026-07-24","area_km2":0.0052,"pixel_count":52,"classification":"OPEN_WATER","interpretation_label":"HH darkening candidate","mean_delta_db":-4.547294873457688,"median_delta_db":-4.413787364959717,"hh_before":-16.76426340983464,"hh_after":-21.31155828329233,"hv_before":-23.439346680274376,"hv_after":-24.036064588106594,"delta_hh":-4.547294873457688,"delta_hv":-0.596717907832219,"valid_fraction":1.0,"valid_fraction_scope":"region bounding box, all four channels","vegetated_fraction":0.0,"quality_status":"PASS","spatial_status":"PARTIAL","temporal_status":"PARTIAL","temporal_overlap_fraction":0.0,"threshold_stability":"SENSITIVE","threshold_variation_fraction":0.208955223880597,"evidence_state":"UNCERTAIN","centroid":[25.17740398608303,91.06525675119042],"data_source":"NISAR","evidence_method":"Rule consistency only; no accuracy estimate or independent reference validation.","baseline_method":"PER_PIXEL_MEDIAN","baseline_observation_count":3,"baseline_observation_dates":["2026-06-18","2026-06-30","2026-07-12"],"baseline_hh_temporal_mad_db":0.8250865936279297,"baseline_scene_names":["NISAR_L2_PR_GCOV_023_069_A_014_4005_DHDH_A_20260618T232135_20260618T232210_P05023_N_F_J_001","NISAR_L2_PR_GCOV_024_069_A_014_4005_DHDH_A_20260630T232134_20260630T232209_P05023_N_F_J_001","NISAR_L2_PR_GCOV_025_069_A_014_4005_DHDH_A_20260712T232134_20260712T232208_P05023_N_F_J_001"],"contextual_land_cover":null,"distance_to_water_m":null,"context_status":"NOT_AVAILABLE","reference_validated":false}},{"type":"Feature","geometry":{"type":"Polygon","coordinates":[[[91.06602,25.17757],[91.06602,25.17748],[91.06592,25.17748],[91.06592,25.17739],[91.06602,25.17739],[91.06602,25.1773],[91.06592,25.1773],[91.06593,25.17703],[91.06583,25.17703],[91.06583,25.17694],[91.06573,25.17694],[91.06573,25.17685],[91.06553,25.17684],[91.06553,25.17675],[91.06563,25.17675],[91.06564,25.17648],[91.06574,25.17648],[91.06574,25.17658],[91.06593,25.17658],[91.06594,25.17649],[91.06623,25.17649],[91.06623,25.17658],[91.06633,25.17658],[91.06633,25.1764],[91.06643,25.1764],[91.06643,25.17676],[91.06633,25.17676],[91.06633,25.17685],[91.06643,25.17686],[91.06642,25.17695],[91.06632,25.17694],[91.06632,25.17721],[91.06612,25.17721],[91.06612,25.1773],[91.06632,25.17731],[91.06632,25.1774],[91.06622,25.17739],[91.06622,25.17757],[91.06602,25.17757]],[[91.06612,25.17712],[91.06622,25.17712],[91.06623,25.17694],[91.06613,25.17694],[91.06613,25.17676],[91.06603,25.17676],[91.06603,25.17703],[91.06612,25.17703],[91.06612,25.17712]],[[91.06613,25.17676],[91.06633,25.17676],[91.06633,25.17667],[91.06613,25.17667],[91.06613,25.17676]]]},"properties":{"id":"wetland_patch_6ba3a8b83a26","date":"2026-07-24","area_km2":0.0053,"pixel_count":53,"classification":"OPEN_WATER","interpretation_label":"HH darkening candidate","mean_delta_db":-4.893264266679871,"median_delta_db":-4.405300140380859,"hh_before":-16.14919662475586,"hh_after":-21.04246089143573,"hv_before":-23.52271018837983,"hv_after":-24.12801742553711,"delta_hh":-4.893264266679871,"delta_hv":-0.6053072371572819,"valid_fraction":1.0,"valid_fraction_scope":"region bounding box, all four channels","vegetated_fraction":0.0,"quality_status":"PASS","spatial_status":"PARTIAL","temporal_status":"PARTIAL","temporal_overlap_fraction":0.0,"threshold_stability":"SENSITIVE","threshold_variation_fraction":0.2328767123287671,"evidence_state":"UNCERTAIN","centroid":[25.176908864734422,91.06604733758896],"data_source":"NISAR","evidence_method":"Rule consistency only; no accuracy estimate or independent reference validation.","baseline_method":"PER_PIXEL_MEDIAN","baseline_observation_count":3,"baseline_observation_dates":["2026-06-18","2026-06-30","2026-07-12"],"baseline_hh_temporal_mad_db":0.8250865936279297,"baseline_scene_names":["NISAR_L2_PR_GCOV_023_069_A_014_4005_DHDH_A_20260618T232135_20260618T232210_P05023_N_F_J_001","NISAR_L2_PR_GCOV_024_069_A_014_4005_DHDH_A_20260630T232134_20260630T232209_P05023_N_F_J_001","NISAR_L2_PR_GCOV_025_069_A_014_4005_DHDH_A_20260712T232134_20260712T232208_P05023_N_F_J_001"],"contextual_land_cover":null,"distance_to_water_m":null,"context_status":"NOT_AVAILABLE","reference_validated":false}},{"type":"Feature","geometry":{"type":"Polygon","coordinates":[[[91.02783,25.17689],[91.02784,25.1768],[91.02794,25.1768],[91.02794,25.17653],[91.02784,25.17653],[91.02784,25.17662],[91.02774,25.17662],[91.02774,25.17671],[91.02754,25.1767],[91.02754,25.17652],[91.02734,25.17652],[91.02734,25.1767],[91.02724,25.1767],[91.02725,25.17652],[91.02685,25.17651],[91.02685,25.17642],[91.02735,25.17643],[91.02735,25.17634],[91.02745,25.17634],[91.02745,25.17625],[91.02725,25.17625],[91.02725,25.17616],[91.02735,25.17616],[91.02735,25.17607],[91.02745,25.17607],[91.02745,25.17598],[91.02775,25.17598],[91.02775,25.17625],[91.02814,25.17626],[91.02814,25.17635],[91.02824,25.17635],[91.02824,25.17644],[91.02844,25.17644],[91.02844,25.17617],[91.02854,25.17617],[91.02854,25.17636],[91.02864,25.17636],[91.02864,25.17627],[91.02874,25.17627],[91.02873,25.17645],[91.02864,25.17645],[91.02863,25.17663],[91.02853,25.17663],[91.02853,25.17672],[91.02833,25.17671],[91.02833,25.17689],[91.02813,25.17689],[91.02813,25.1768],[91.02803,25.1768],[91.02803,25.17689],[91.02783,25.17689]],[[91.02823,25.17671],[91.02833,25.17671],[91.02833,25.17662],[91.02824,25.17662],[91.02823,25.17671]],[[91.02764,25.17661],[91.02774,25.17662],[91.02774,25.17652],[91.02764,25.17652],[91.02764,25.17661]],[[91.02814,25.17662],[91.02824,25.17662],[91.02824,25.17653],[91.02814,25.17653],[91.02814,25.17662]],[[91.02843,25.17662],[91.02853,25.17663],[91.02853,25.17654],[91.02844,25.17653],[91.02843,25.17662]],[[91.02754,25.17643],[91.02774,25.17643],[91.02774,25.17634],[91.02755,25.17634],[91.02754,25.17643]]]},"properties":{"id":"wetland_patch_a07be5d15f1e","date":"2026-07-24","area_km2":0.0074,"pixel_count":74,"classification":"OPEN_WATER","interpretation_label":"HH darkening candidate","mean_delta_db":-4.785296594774401,"median_delta_db":-4.8017191886901855,"hh_before":-13.608730973424139,"hh_after":-18.39402756819854,"hv_before":-20.281190202042865,"hv_after":-22.280951164864206,"delta_hh":-4.785296594774401,"delta_hv":-1.9997609628213417,"valid_fraction":1.0,"valid_fraction_scope":"region bounding box, all four channels","vegetated_fraction":0.0,"quality_status":"PASS","spatial_status":"PARTIAL","temporal_status":"PARTIAL","temporal_overlap_fraction":0.0,"threshold_stability":"STABLE","threshold_variation_fraction":0.19148936170212766,"evidence_state":"MODERATE","centroid":[25.176451190731257,91.02788172033166],"data_source":"NISAR","evidence_method":"Rule consistency only; no accuracy estimate or independent reference validation.","baseline_method":"PER_PIXEL_MEDIAN","baseline_observation_count":3,"baseline_observation_dates":["2026-06-18","2026-06-30","2026-07-12"],"baseline_hh_temporal_mad_db":0.8250865936279297,"baseline_scene_names":["NISAR_L2_PR_GCOV_023_069_A_014_4005_DHDH_A_20260618T232135_20260618T232210_P05023_N_F_J_001","NISAR_L2_PR_GCOV_024_069_A_014_4005_DHDH_A_20260630T232134_20260630T232209_P05023_N_F_J_001","NISAR_L2_PR_GCOV_025_069_A_014_4005_DHDH_A_20260712T232134_20260712T232208_P05023_N_F_J_001"],"contextual_land_cover":null,"distance_to_water_m":null,"context_status":"NOT_AVAILABLE","reference_validated":false}},{"type":"Feature","geometry":{"type":"Polygon","coordinates":[[[91.03171,25.17649],[91.03171,25.1764],[91.03161,25.1764],[91.03161,25.17631],[91.03151,25.1763],[91.03151,25.17639],[91.03141,25.17639],[91.03142,25.1763],[91.03132,25.1763],[91.03132,25.17621],[91.03122,25.17621],[91.03122,25.17594],[91.03112,25.17594],[91.03113,25.17567],[91.03123,25.17567],[91.03123,25.17549],[91.03113,25.17549],[91.03113,25.1754],[91.03123,25.1754],[91.03123,25.17522],[91.03114,25.17522],[91.03114,25.17513],[91.03124,25.17513],[91.03124,25.17504],[91.03134,25.17504],[91.03133,25.17531],[91.03143,25.17531],[91.03143,25.1754],[91.03153,25.1754],[91.03153,25.17549],[91.03163,25.17549],[91.03162,25.17576],[91.03152,25.17576],[91.03152,25.17585],[91.03162,25.17585],[91.03162,25.17594],[91.03182,25.17595],[91.03182,25.17604],[91.03201,25.17604],[91.03201,25.17613],[91.03211,25.17613],[91.03211,25.17622],[91.03201,25.17622],[91.03201,25.17649],[91.03171,25.17649]],[[91.03181,25.17631],[91.03191,25.17631],[91.03191,25.17613],[91.03152,25.17612],[91.03152,25.17621],[91.03181,25.17622],[91.03181,25.17631]],[[91.03132,25.17621],[91.03142,25.17621],[91.03142,25.17612],[91.03132,25.17612],[91.03132,25.17621]],[[91.03152,25.17603],[91.03162,25.17603],[91.03162,25.17594],[91.03152,25.17594],[91.03152,25.17603]],[[91.03132,25.17576],[91.03142,25.17576],[91.03143,25.17567],[91.03133,25.17567],[91.03132,25.17576]],[[91.03143,25.17558],[91.03153,25.17558],[91.03153,25.17549],[91.03143,25.17549],[91.03143,25.17558]]]},"properties":{"id":"wetland_patch_cad3c02a1e78","date":"2026-07-24","area_km2":0.0061,"pixel_count":61,"classification":"OPEN_WATER","interpretation_label":"HH darkening candidate","mean_delta_db":-5.386573291215741,"median_delta_db":-4.883255958557129,"hh_before":-14.700290726833655,"hh_after":-20.086864018049397,"hv_before":-21.366186423379865,"hv_after":-23.924787802774397,"delta_hh":-5.386573291215741,"delta_hv":-2.5586013793945312,"valid_fraction":1.0,"valid_fraction_scope":"region bounding box, all four channels","vegetated_fraction":0.0,"quality_status":"PASS","spatial_status":"PARTIAL","temporal_status":"PARTIAL","temporal_overlap_fraction":0.0,"threshold_stability":"SENSITIVE","threshold_variation_fraction":0.24705882352941178,"evidence_state":"UNCERTAIN","centroid":[25.17589804978932,91.03150707825361],"data_source":"NISAR","evidence_method":"Rule consistency only; no accuracy estimate or independent reference validation.","baseline_method":"PER_PIXEL_MEDIAN","baseline_observation_count":3,"baseline_observation_dates":["2026-06-18","2026-06-30","2026-07-12"],"baseline_hh_temporal_mad_db":0.8250865936279297,"baseline_scene_names":["NISAR_L2_PR_GCOV_023_069_A_014_4005_DHDH_A_20260618T232135_20260618T232210_P05023_N_F_J_001","NISAR_L2_PR_GCOV_024_069_A_014_4005_DHDH_A_20260630T232134_20260630T232209_P05023_N_F_J_001","NISAR_L2_PR_GCOV_025_069_A_014_4005_DHDH_A_20260712T232134_20260712T232208_P05023_N_F_J_001"],"contextual_land_cover":null,"distance_to_water_m":null,"context_status":"NOT_AVAILABLE","reference_validated":false}},{"type":"Feature","geometry":{"type":"Polygon","coordinates":[[[91.06643,25.1764],[91.06643,25.17631],[91.06653,25.17631],[91.06653,25.17622],[91.06683,25.17623],[91.06683,25.17614],[91.06664,25.17614],[91.06664,25.17605],[91.06703,25.17605],[91.06703,25.17596],[91.06684,25.17596],[91.06684,25.17587],[91.06704,25.17587],[91.06704,25.17578],[91.06714,25.17578],[91.06714,25.17569],[91.06704,25.17569],[91.06704,25.1756],[91.06724,25.1756],[91.06724,25.17551],[91.06734,25.17551],[91.06734,25.1756],[91.06754,25.17561],[91.06753,25.17588],[91.06773,25.17588],[91.06773,25.17561],[91.06783,25.17561],[91.06783,25.17588],[91.06793,25.17588],[91.06793,25.17579],[91.06813,25.17579],[91.06813,25.1757],[91.06793,25.1757],[91.06793,25.17561],[91.06803,25.17561],[91.06803,25.17552],[91.06813,25.17552],[91.06813,25.17561],[91.06833,25.17562],[91.06833,25.1758],[91.06823,25.1758],[91.06823,25.17589],[91.06813,25.17588],[91.06813,25.17597],[91.06832,25.17598],[91.06832,25.17607],[91.06842,25.17607],[91.06843,25.1758],[91.06853,25.1758],[91.06853,25.17571],[91.06863,25.17571],[91.06862,25.17598],[91.06852,25.17598],[91.06852,25.17616],[91.06842,25.17616],[91.06842,25.17625],[91.06862,25.17625],[91.06862,25.17634],[91.06842,25.17634],[91.06842,25.17643],[91.06812,25.17643],[91.06812,25.17634],[91.06802,25.17633],[91.06802,25.17642],[91.06792,25.17642],[91.06792,25.17633],[91.06782,25.17633],[91.06783,25.17597],[91.06773,25.17597],[91.06773,25.17606],[91.06763,25.17606],[91.06763,25.17615],[91.06733,25.17614],[91.06733,25.17633],[91.06703,25.17632],[91.06703,25.17614],[91.06693,25.17614],[91.06693,25.17632],[91.06663,25.17632],[91.06663,25.17641],[91.06643,25.1764]],[[91.06822,25.17634],[91.06832,25.17634],[91.06832,25.17607],[91.06822,25.17607],[91.06822,25.17634]],[[91.06792,25.17624],[91.06812,25.17625],[91.06813,25.17597],[91.06803,25.17597],[91.06803,25.17606],[91.06793,25.17606],[91.06792,25.17624]],[[91.06713,25.17605],[91.06743,25.17606],[91.06743,25.17597],[91.06733,25.17596],[91.06733,25.17587],[91.06723,25.17587],[91.06724,25.17578],[91.06714,25.17578],[91.06713,25.17605]]]},"properties":{"id":"wetland_patch_97a9f4d22424","date":"2026-07-24","area_km2":0.0093,"pixel_count":93,"classification":"OPEN_WATER","interpretation_label":"HH darkening candidate","mean_delta_db":-4.584428530867382,"median_delta_db":-4.189159393310547,"hh_before":-16.720864542068973,"hh_after":-21.305293072936355,"hv_before":-23.131543579921928,"hv_after":-23.976173605970157,"delta_hh":-4.584428530867382,"delta_hv":-0.8446300260482296,"valid_fraction":1.0,"valid_fraction_scope":"region bounding box, all four channels","vegetated_fraction":0.0,"quality_status":"PASS","spatial_status":"PARTIAL","temporal_status":"PARTIAL","temporal_overlap_fraction":0.0,"threshold_stability":"SENSITIVE","threshold_variation_fraction":0.26956521739130435,"evidence_state":"UNCERTAIN","centroid":[25.176000858041853,91.06765434944191],"data_source":"NISAR","evidence_method":"Rule consistency only; no accuracy estimate or independent reference validation.","baseline_method":"PER_PIXEL_MEDIAN","baseline_observation_count":3,"baseline_observation_dates":["2026-06-18","2026-06-30","2026-07-12"],"baseline_hh_temporal_mad_db":0.8250865936279297,"baseline_scene_names":["NISAR_L2_PR_GCOV_023_069_A_014_4005_DHDH_A_20260618T232135_20260618T232210_P05023_N_F_J_001","NISAR_L2_PR_GCOV_024_069_A_014_4005_DHDH_A_20260630T232134_20260630T232209_P05023_N_F_J_001","NISAR_L2_PR_GCOV_025_069_A_014_4005_DHDH_A_20260712T232134_20260712T232208_P05023_N_F_J_001"],"contextual_land_cover":null,"distance_to_water_m":null,"context_status":"NOT_AVAILABLE","reference_validated":false}},{"type":"Feature","geometry":{"type":"Polygon","coordinates":[[[91.02329,25.17547],[91.0233,25.17538],[91.0231,25.17538],[91.0231,25.17529],[91.0232,25.17529],[91.0232,25.1752],[91.0228,25.1752],[91.0228,25.1751],[91.0231,25.17511],[91.02311,25.17475],[91.02301,25.17475],[91.02301,25.17493],[91.02291,25.17493],[91.02291,25.17475],[91.02281,25.17474],[91.02281,25.17483],[91.02271,25.17483],[91.02271,25.17474],[91.02261,25.17474],[91.02261,25.17483],[91.02251,25.17483],[91.02251,25.17492],[91.02241,25.17492],[91.02241,25.17483],[91.02221,25.17483],[91.02221,25.17474],[91.02231,25.17474],[91.02232,25.17465],[91.02241,25.17465],[91.02242,25.17456],[91.02252,25.17456],[91.02251,25.17465],[91.02291,25.17465],[91.02291,25.17447],[91.02301,25.17448],[91.02301,25.17439],[91.02291,25.17438],[91.02292,25.17429],[91.02302,25.1743],[91.02302,25.17411],[91.02312,25.17412],[91.02312,25.17421],[91.02322,25.17421],[91.02322,25.17412],[91.02351,25.17412],[91.02351,25.17421],[91.02361,25.17421],[91.02361,25.1743],[91.02341,25.1743],[91.02341,25.17448],[91.02351,25.17448],[91.02351,25.17457],[91.02331,25.17457],[91.02331,25.17466],[91.0236,25.17466],[91.0236,25.17475],[91.0235,25.17475],[91.0235,25.17484],[91.0236,25.17484],[91.0236,25.17512],[91.0233,25.17511],[91.0233,25.17529],[91.0235,25.17529],[91.02349,25.17538],[91.02339,25.17538],[91.02339,25.17547],[91.02329,25.17547]],[[91.0232,25.17502],[91.0233,25.17502],[91.0233,25.17493],[91.0232,25.17493],[91.0232,25.17502]],[[91.0233,25.17493],[91.0234,25.17493],[91.0234,25.17475],[91.02331,25.17475],[91.0233,25.17493]]]},"properties":{"id":"wetland_patch_81609c89a02e","date":"2026-07-24","area_km2":0.0078,"pixel_count":78,"classification":"OPEN_WATER","interpretation_label":"HH darkening candidate","mean_delta_db":-5.236734206859882,"median_delta_db":-4.60995626449585,"hh_before":-11.99252651899289,"hh_after":-17.22926072585277,"hv_before":-19.006180274180878,"hv_after":-22.081378643329327,"delta_hh":-5.236734206859882,"delta_hv":-3.07519836914845,"valid_fraction":1.0,"valid_fraction_scope":"region bounding box, all four channels","vegetated_fraction":0.0,"quality_status":"PASS","spatial_status":"PARTIAL","temporal_status":"PARTIAL","temporal_overlap_fraction":0.3974358974358974,"threshold_stability":"STABLE","threshold_variation_fraction":0.19642857142857142,"evidence_state":"MODERATE","centroid":[25.174722659636014,91.0231241908832],"data_source":"NISAR","evidence_method":"Rule consistency only; no accuracy estimate or independent reference validation.","baseline_method":"PER_PIXEL_MEDIAN","baseline_observation_count":3,"baseline_observation_dates":["2026-06-18","2026-06-30","2026-07-12"],"baseline_hh_temporal_mad_db":0.8250865936279297,"baseline_scene_names":["NISAR_L2_PR_GCOV_023_069_A_014_4005_DHDH_A_20260618T232135_20260618T232210_P05023_N_F_J_001","NISAR_L2_PR_GCOV_024_069_A_014_4005_DHDH_A_20260630T232134_20260630T232209_P05023_N_F_J_001","NISAR_L2_PR_GCOV_025_069_A_014_4005_DHDH_A_20260712T232134_20260712T232208_P05023_N_F_J_001"],"contextual_land_cover":null,"distance_to_water_m":null,"context_status":"NOT_AVAILABLE","reference_validated":false}},{"type":"Feature","geometry":{"type":"Polygon","coordinates":[[[91.07012,25.17564],[91.07012,25.17555],[91.06992,25.17555],[91.06992,25.17546],[91.07002,25.17546],[91.07002,25.17537],[91.06992,25.17537],[91.06992,25.17528],[91.07002,25.17528],[91.07002,25.17519],[91.06982,25.17518],[91.06983,25.17509],[91.06963,25.17509],[91.06962,25.17536],[91.06982,25.17536],[91.06982,25.17545],[91.06972,25.17545],[91.06972,25.17554],[91.06962,25.17554],[91.06962,25.17545],[91.06952,25.17545],[91.06953,25.17527],[91.06943,25.17527],[91.06943,25.17518],[91.06923,25.17518],[91.06923,25.17527],[91.06903,25.17526],[91.06903,25.17517],[91.06913,25.17518],[91.06913,25.1749],[91.06923,25.17491],[91.06923,25.175],[91.06933,25.175],[91.06933,25.17482],[91.06943,25.17482],[91.06943,25.17491],[91.06973,25.17491],[91.06973,25.17482],[91.07003,25.17483],[91.07003,25.17501],[91.07013,25.17501],[91.07012,25.1751],[91.07022,25.1751],[91.07022,25.17519],[91.07052,25.17519],[91.07052,25.1751],[91.07062,25.1751],[91.07062,25.17528],[91.07032,25.17528],[91.07032,25.17537],[91.07022,25.17537],[91.07021,25.17564],[91.07012,25.17564]],[[91.07012,25.17528],[91.07022,25.17528],[91.07022,25.17519],[91.07012,25.17519],[91.07012,25.17528]],[[91.06943,25.17518],[91.06953,25.17518],[91.06953,25.175],[91.06943,25.175],[91.06943,25.17518]]]},"properties":{"id":"wetland_patch_ecb7d18d6625","date":"2026-07-24","area_km2":0.0054,"pixel_count":54,"classification":"OPEN_WATER","interpretation_label":"HH darkening candidate","mean_delta_db":-4.250670132813631,"median_delta_db":-3.958089828491211,"hh_before":-16.447336709057844,"hh_after":-20.698006841871475,"hv_before":-23.3563915182043,"hv_after":-24.625175652680575,"delta_hh":-4.250670132813631,"delta_hv":-1.2687841344762731,"valid_fraction":1.0,"valid_fraction_scope":"region bounding box, all four channels","vegetated_fraction":0.0,"quality_status":"PASS","spatial_status":"PARTIAL","temporal_status":"PARTIAL","temporal_overlap_fraction":0.0,"threshold_stability":"SENSITIVE","threshold_variation_fraction":0.28169014084507044,"evidence_state":"UNCERTAIN","centroid":[25.175168832380102,91.06980099792762],"data_source":"NISAR","evidence_method":"Rule consistency only; no accuracy estimate or independent reference validation.","baseline_method":"PER_PIXEL_MEDIAN","baseline_observation_count":3,"baseline_observation_dates":["2026-06-18","2026-06-30","2026-07-12"],"baseline_hh_temporal_mad_db":0.8250865936279297,"baseline_scene_names":["NISAR_L2_PR_GCOV_023_069_A_014_4005_DHDH_A_20260618T232135_20260618T232210_P05023_N_F_J_001","NISAR_L2_PR_GCOV_024_069_A_014_4005_DHDH_A_20260630T232134_20260630T232209_P05023_N_F_J_001","NISAR_L2_PR_GCOV_025_069_A_014_4005_DHDH_A_20260712T232134_20260712T232208_P05023_N_F_J_001"],"contextual_land_cover":null,"distance_to_water_m":null,"context_status":"NOT_AVAILABLE","reference_validated":false}},{"type":"Feature","geometry":{"type":"Polygon","coordinates":[[[91.02272,25.17393],[91.02273,25.17375],[91.02243,25.17375],[91.02243,25.17366],[91.02233,25.17365],[91.02233,25.17356],[91.02194,25.17356],[91.02194,25.17347],[91.02184,25.17347],[91.02184,25.17356],[91.02154,25.17355],[91.02154,25.17364],[91.02144,25.17364],[91.02144,25.17355],[91.02134,25.17355],[91.02134,25.17346],[91.02124,25.17346],[91.02124,25.17337],[91.02115,25.17337],[91.02115,25.17328],[91.02105,25.17328],[91.02105,25.17319],[91.02125,25.17319],[91.02125,25.17328],[91.02135,25.17328],[91.02135,25.17319],[91.02145,25.17319],[91.02145,25.1731],[91.02155,25.1731],[91.02155,25.17319],[91.02184,25.1732],[91.02184,25.17329],[91.02194,25.17329],[91.02194,25.17338],[91.02214,25.17338],[91.02214,25.17347],[91.02224,25.17347],[91.02224,25.17329],[91.02214,25.17329],[91.02214,25.1732],[91.02234,25.1732],[91.02234,25.17329],[91.02244,25.17329],[91.02243,25.17338],[91.02234,25.17338],[91.02233,25.17347],[91.02243,25.17348],[91.02243,25.17357],[91.02253,25.17357],[91.02253,25.17366],[91.02263,25.17366],[91.02263,25.17348],[91.02253,25.17348],[91.02254,25.17321],[91.02274,25.17321],[91.02274,25.17303],[91.02313,25.17303],[91.02313,25.17321],[91.02323,25.17321],[91.02323,25.17331],[91.02313,25.1733],[91.02313,25.17339],[91.02303,25.17339],[91.02303,25.1733],[91.02293,25.1733],[91.02293,25.17357],[91.02283,25.17357],[91.02283,25.17366],[91.02303,25.17366],[91.02303,25.17357],[91.02313,25.17357],[91.02312,25.17376],[91.02322,25.17376],[91.02322,25.17367],[91.02332,25.17367],[91.02332,25.17385],[91.02302,25.17384],[91.02302,25.17375],[91.02283,25.17375],[91.02282,25.17393],[91.02272,25.17393]],[[91.02273,25.17357],[91.02283,25.17357],[91.02283,25.17339],[91.02273,25.17339],[91.02273,25.17357]],[[91.02134,25.17346],[91.02154,25.17346],[91.02154,25.17337],[91.02134,25.17337],[91.02134,25.17346]],[[91.02263,25.17339],[91.02273,25.17339],[91.02273,25.1733],[91.02263,25.1733],[91.02263,25.17339]]]},"properties":{"id":"wetland_patch_1f12081fd53d","date":"2026-07-24","area_km2":0.0081,"pixel_count":81,"classification":"OPEN_WATER","interpretation_label":"HH darkening candidate","mean_delta_db":-4.803635819458667,"median_delta_db":-4.540024280548096,"hh_before":-10.131418924272797,"hh_after":-14.935054743731463,"hv_before":-17.582871743190434,"hv_after":-19.556602442706073,"delta_hh":-4.803635819458667,"delta_hv":-1.973730699515637,"valid_fraction":1.0,"valid_fraction_scope":"region bounding box, all four channels","vegetated_fraction":0.0,"quality_status":"PASS","spatial_status":"PARTIAL","temporal_status":"PARTIAL","temporal_overlap_fraction":0.0,"threshold_stability":"SENSITIVE","threshold_variation_fraction":0.23809523809523808,"evidence_state":"UNCERTAIN","centroid":[25.173419509964706,91.02232222211335],"data_source":"NISAR","evidence_method":"Rule consistency only; no accuracy estimate or independent reference validation.","baseline_method":"PER_PIXEL_MEDIAN","baseline_observation_count":3,"baseline_observation_dates":["2026-06-18","2026-06-30","2026-07-12"],"baseline_hh_temporal_mad_db":0.8250865936279297,"baseline_scene_names":["NISAR_L2_PR_GCOV_023_069_A_014_4005_DHDH_A_20260618T232135_20260618T232210_P05023_N_F_J_001","NISAR_L2_PR_GCOV_024_069_A_014_4005_DHDH_A_20260630T232134_20260630T232209_P05023_N_F_J_001","NISAR_L2_PR_GCOV_025_069_A_014_4005_DHDH_A_20260712T232134_20260712T232208_P05023_N_F_J_001"],"contextual_land_cover":null,"distance_to_water_m":null,"context_status":"NOT_AVAILABLE","reference_validated":false}},{"type":"Feature","geometry":{"type":"Polygon","coordinates":[[[91.03006,25.17403],[91.03007,25.17385],[91.02997,25.17385],[91.02997,25.17394],[91.02987,25.17394],[91.02987,25.17385],[91.02977,25.17384],[91.02977,25.17375],[91.02967,25.17375],[91.02967,25.17366],[91.02947,25.17366],[91.02947,25.17384],[91.02937,25.17384],[91.02938,25.17339],[91.02928,25.17339],[91.02928,25.1733],[91.02938,25.1733],[91.02938,25.17321],[91.02948,25.17321],[91.02948,25.17312],[91.02938,25.17312],[91.02939,25.17285],[91.02929,25.17284],[91.02929,25.17275],[91.02889,25.17275],[91.0289,25.17257],[91.0288,25.17257],[91.0288,25.17221],[91.0287,25.1722],[91.0287,25.17229],[91.0285,25.17229],[91.0285,25.17238],[91.0283,25.17238],[91.02831,25.17229],[91.0284,25.17229],[91.02841,25.1722],[91.0286,25.1722],[91.02861,25.17211],[91.02831,25.17211],[91.02831,25.17202],[91.02821,25.17202],[91.02821,25.17211],[91.02811,25.17211],[91.02811,25.17193],[91.02782,25.17192],[91.02782,25.17165],[91.02792,25.17165],[91.02792,25.17147],[91.02802,25.17147],[91.02802,25.17138],[91.02822,25.17139],[91.02822,25.17121],[91.02902,25.17122],[91.02901,25.1714],[91.02882,25.17139],[91.02881,25.17157],[91.02871,25.17157],[91.02871,25.17166],[91.02851,25.17166],[91.02852,25.17157],[91.02842,25.17157],[91.02842,25.17139],[91.02832,25.17139],[91.02831,25.17184],[91.02821,25.17184],[91.02821,25.17193],[91.02841,25.17193],[91.02841,25.17202],[91.02851,25.17202],[91.02851,25.17193],[91.02861,25.17193],[91.02861,25.17184],[91.02851,25.17184],[91.02851,25.17175],[91.02881,25.17175],[91.02881,25.17166],[91.02891,25.17167],[91.02891,25.17158],[91.02911,25.17158],[91.02911,25.17167],[91.02901,25.17167],[91.02901,25.17176],[91.02911,25.17176],[91.0291,25.17194],[91.0293,25.17194],[91.0293,25.17212],[91.0292,25.17212],[91.0292,25.17221],[91.0293,25.17221],[91.0293,25.17239],[91.02939,25.17239],[91.0294,25.1723],[91.02959,25.17231],[91.02959,25.17249],[91.02949,25.17249],[91.02949,25.17258],[91.02969,25.17258],[91.02969,25.17267],[91.02979,25.17267],[91.02978,25.17303],[91.02988,25.17303],[91.02987,25.17348],[91.02977,25.17348],[91.02977,25.17357],[91.02987,25.17357],[91.02987,25.17375],[91.02997,25.17376],[91.02997,25.17358],[91.03007,25.17358],[91.03007,25.17367],[91.03017,25.17367],[91.03017,25.17358],[91.03047,25.17358],[91.03047,25.17367],[91.03027,25.17367],[91.03027,25.17376],[91.03017,25.17376],[91.03016,25.17403],[91.03006,25.17403]],[[91.02948,25.17348],[91.02958,25.17348],[91.02958,25.1733],[91.02948,25.1733],[91.02948,25.17348]],[[91.02958,25.17321],[91.02968,25.17321],[91.02968,25.17312],[91.02958,25.17312],[91.02958,25.17321]],[[91.02958,25.17303],[91.02968,25.17303],[91.02968,25.17294],[91.02958,25.17294],[91.02958,25.17303]],[[91.02929,25.17275],[91.02949,25.17276],[91.02949,25.17267],[91.02929,25.17266],[91.02929,25.17275]],[[91.02959,25.17276],[91.02969,25.17276],[91.02969,25.17267],[91.02959,25.17267],[91.02959,25.17276]],[[91.02899,25.17266],[91.02909,25.17266],[91.02909,25.17257],[91.029,25.17257],[91.02899,25.17266]],[[91.0289,25.1723],[91.029,25.1723],[91.029,25.17221],[91.0289,25.17221],[91.0289,25.1723]],[[91.0288,25.17212],[91.0289,25.17212],[91.02891,25.17194],[91.02881,25.17194],[91.0288,25.17212]],[[91.029,25.17212],[91.0291,25.17212],[91.0291,25.17203],[91.029,25.17203],[91.029,25.17212]],[[91.02881,25.17184],[91.02891,25.17185],[91.02891,25.17176],[91.02881,25.17175],[91.02881,25.17184]],[[91.02792,25.17174],[91.02812,25.17175],[91.02812,25.17156],[91.02802,25.17156],[91.02802,25.17165],[91.02792,25.17165],[91.02792,25.17174]],[[91.02842,25.17139],[91.02852,25.17139],[91.02852,25.1713],[91.02842,25.1713],[91.02842,25.17139]]]},"properties":{"id":"wetland_patch_0c8cdb31b349","date":"2026-07-24","area_km2":0.0191,"pixel_count":191,"classification":"OPEN_WATER","interpretation_label":"HH darkening candidate","mean_delta_db":-5.090908784516819,"median_delta_db":-4.7129974365234375,"hh_before":-14.573287274825011,"hh_after":-19.66419605934183,"hv_before":-21.586594571617887,"hv_after":-23.589908480020092,"delta_hh":-5.090908784516819,"delta_hv":-2.0033139084022085,"valid_fraction":1.0,"valid_fraction_scope":"region bounding box, all four channels","vegetated_fraction":0.0,"quality_status":"PASS","spatial_status":"PARTIAL","temporal_status":"PARTIAL","temporal_overlap_fraction":0.0,"threshold_stability":"SENSITIVE","threshold_variation_fraction":0.27348066298342544,"evidence_state":"UNCERTAIN","centroid":[25.172420428401196,91.02906276442229],"data_source":"NISAR","evidence_method":"Rule consistency only; no accuracy estimate or independent reference validation.","baseline_method":"PER_PIXEL_MEDIAN","baseline_observation_count":3,"baseline_observation_dates":["2026-06-18","2026-06-30","2026-07-12"],"baseline_hh_temporal_mad_db":0.8250865936279297,"baseline_scene_names":["NISAR_L2_PR_GCOV_023_069_A_014_4005_DHDH_A_20260618T232135_20260618T232210_P05023_N_F_J_001","NISAR_L2_PR_GCOV_024_069_A_014_4005_DHDH_A_20260630T232134_20260630T232209_P05023_N_F_J_001","NISAR_L2_PR_GCOV_025_069_A_014_4005_DHDH_A_20260712T232134_20260712T232208_P05023_N_F_J_001"],"contextual_land_cover":null,"distance_to_water_m":null,"context_status":"NOT_AVAILABLE","reference_validated":false}},{"type":"Feature","geometry":{"type":"Polygon","coordinates":[[[91.06826,25.17363],[91.06827,25.17336],[91.06837,25.17336],[91.06837,25.17309],[91.06847,25.17309],[91.06847,25.17291],[91.06857,25.17291],[91.06857,25.17273],[91.06867,25.17273],[91.06867,25.17282],[91.06877,25.17282],[91.06877,25.17264],[91.06887,25.17264],[91.06888,25.17246],[91.06897,25.17246],[91.06897,25.17256],[91.06907,25.17256],[91.06908,25.17238],[91.06898,25.17237],[91.06898,25.17228],[91.06908,25.17229],[91.06908,25.1722],[91.06928,25.1722],[91.06928,25.17193],[91.06938,25.17193],[91.06938,25.17202],[91.06948,25.17202],[91.06947,25.17229],[91.06957,25.17229],[91.06958,25.17202],[91.06978,25.17202],[91.06977,25.1722],[91.06987,25.17221],[91.06987,25.1723],[91.07007,25.1723],[91.07007,25.17239],[91.07017,25.17239],[91.07017,25.1723],[91.07027,25.1723],[91.07027,25.17221],[91.07037,25.17221],[91.07037,25.17212],[91.07027,25.17212],[91.07027,25.17203],[91.07037,25.17203],[91.07037,25.17194],[91.07067,25.17195],[91.07067,25.17204],[91.07047,25.17203],[91.07047,25.17221],[91.07057,25.17221],[91.07056,25.17231],[91.07037,25.1723],[91.07036,25.17239],[91.07027,25.17239],[91.07026,25.17248],[91.07046,25.17248],[91.07046,25.17239],[91.07056,25.1724],[91.07056,25.17258],[91.07046,25.17257],[91.07046,25.17266],[91.07016,25.17266],[91.07016,25.17284],[91.07026,25.17284],[91.07026,25.17293],[91.06996,25.17293],[91.06996,25.17275],[91.07006,25.17275],[91.07006,25.17266],[91.06996,25.17266],[91.06997,25.17239],[91.06987,25.17239],[91.06987,25.17248],[91.06977,25.17248],[91.06976,25.17284],[91.06986,25.17284],[91.06986,25.17293],[91.06976,25.17293],[91.06976,25.17311],[91.06966,25.17311],[91.06966,25.17302],[91.06946,25.17301],[91.06946,25.1731],[91.06956,25.1731],[91.06956,25.17338],[91.06946,25.17337],[91.06945,25.17346],[91.06926,25.17346],[91.06926,25.17337],[91.06936,25.17337],[91.06936,25.1731],[91.06926,25.1731],[91.06927,25.17292],[91.06917,25.17292],[91.06916,25.17301],[91.06887,25.17301],[91.06887,25.17291],[91.06877,25.17291],[91.06877,25.173],[91.06867,25.173],[91.06867,25.17309],[91.06857,25.17309],[91.06857,25.17318],[91.06847,25.17318],[91.06847,25.17327],[91.06857,25.17327],[91.06856,25.17345],[91.06846,25.17345],[91.06846,25.17363],[91.06826,25.17363]],[[91.06897,25.17292],[91.06917,25.17292],[91.06917,25.17283],[91.06897,25.17283],[91.06897,25.17292]],[[91.06927,25.17292],[91.06946,25.17292],[91.06946,25.17283],[91.06956,25.17283],[91.06956,25.17292],[91.06966,25.17293],[91.06967,25.17265],[91.06947,25.17265],[91.06947,25.17256],[91.06957,25.17256],[91.06957,25.17247],[91.06947,25.17247],[91.06947,25.17238],[91.06937,25.17238],[91.06937,25.17247],[91.06917,25.17247],[91.06917,25.17265],[91.06907,25.17265],[91.06907,25.17274],[91.06927,25.17274],[91.06927,25.17292]],[[91.07006,25.17257],[91.07026,25.17257],[91.07026,25.17248],[91.07007,25.17248],[91.07006,25.17257]],[[91.06917,25.17238],[91.06927,25.17238],[91.06928,25.17229],[91.06918,25.17229],[91.06917,25.17238]],[[91.06957,25.17238],[91.06967,25.17238],[91.06967,25.17229],[91.06957,25.17229],[91.06957,25.17238]]]},"properties":{"id":"wetland_patch_01f0246e3e3c","date":"2026-07-24","area_km2":0.0127,"pixel_count":127,"classification":"OPEN_WATER","interpretation_label":"HH darkening candidate","mean_delta_db":-4.554226522370587,"median_delta_db":-4.142866134643555,"hh_before":-16.035028082179274,"hh_after":-20.589254604549858,"hv_before":-23.2724217842883,"hv_after":-23.86261933995044,"delta_hh":-4.554226522370587,"delta_hv":-0.5901975556621402,"valid_fraction":1.0,"valid_fraction_scope":"region bounding box, all four channels","vegetated_fraction":0.0,"quality_status":"PASS","spatial_status":"PARTIAL","temporal_status":"PARTIAL","temporal_overlap_fraction":0.0,"threshold_stability":"SENSITIVE","threshold_variation_fraction":0.28717948717948716,"evidence_state":"UNCERTAIN","centroid":[25.172675506786465,91.06945914656812],"data_source":"NISAR","evidence_method":"Rule consistency only; no accuracy estimate or independent reference validation.","baseline_method":"PER_PIXEL_MEDIAN","baseline_observation_count":3,"baseline_observation_dates":["2026-06-18","2026-06-30","2026-07-12"],"baseline_hh_temporal_mad_db":0.8250865936279297,"baseline_scene_names":["NISAR_L2_PR_GCOV_023_069_A_014_4005_DHDH_A_20260618T232135_20260618T232210_P05023_N_F_J_001","NISAR_L2_PR_GCOV_024_069_A_014_4005_DHDH_A_20260630T232134_20260630T232209_P05023_N_F_J_001","NISAR_L2_PR_GCOV_025_069_A_014_4005_DHDH_A_20260712T232134_20260712T232208_P05023_N_F_J_001"],"contextual_land_cover":null,"distance_to_water_m":null,"context_status":"NOT_AVAILABLE","reference_validated":false}},{"type":"Feature","geometry":{"type":"Polygon","coordinates":[[[91.00073,25.1721],[91.00073,25.17201],[91.00063,25.17201],[91.00064,25.17165],[91.00054,25.17165],[91.00054,25.17156],[91.00044,25.17155],[91.00044,25.17146],[91.00025,25.17146],[91.00025,25.17128],[91.00035,25.17128],[91.00035,25.1711],[91.00045,25.1711],[91.00045,25.17101],[91.00055,25.17101],[91.00055,25.17092],[91.00065,25.17093],[91.00065,25.17111],[91.00075,25.17111],[91.00075,25.17102],[91.00085,25.17102],[91.00085,25.17093],[91.00115,25.17093],[91.00114,25.17111],[91.00124,25.17111],[91.00124,25.1712],[91.00134,25.17121],[91.00134,25.17112],[91.00164,25.17112],[91.00164,25.17094],[91.00154,25.17094],[91.00155,25.17085],[91.00174,25.17085],[91.00174,25.17094],[91.00184,25.17094],[91.00184,25.17076],[91.00194,25.17076],[91.00194,25.17085],[91.00204,25.17085],[91.00204,25.17094],[91.00214,25.17095],[91.00214,25.17077],[91.00234,25.17077],[91.00234,25.17068],[91.00254,25.17068],[91.00254,25.17059],[91.00264,25.17059],[91.00264,25.17077],[91.00244,25.17077],[91.00244,25.17086],[91.00254,25.17086],[91.00254,25.17095],[91.00283,25.17095],[91.00283,25.17114],[91.00263,25.17113],[91.00263,25.17122],[91.00283,25.17123],[91.00283,25.17141],[91.00273,25.1714],[91.00272,25.1715],[91.00263,25.17149],[91.00262,25.17158],[91.00282,25.17159],[91.00282,25.17177],[91.00272,25.17177],[91.00272,25.17168],[91.00262,25.17167],[91.00262,25.17185],[91.00252,25.17185],[91.00252,25.17194],[91.00242,25.17194],[91.00242,25.17203],[91.00222,25.17203],[91.00222,25.17212],[91.00212,25.17212],[91.00212,25.17203],[91.00202,25.17203],[91.00202,25.17194],[91.00192,25.17194],[91.00192,25.17212],[91.00182,25.17211],[91.00182,25.17202],[91.00172,25.17202],[91.00173,25.17184],[91.00163,25.17184],[91.00163,25.17202],[91.00153,25.17202],[91.00153,25.17193],[91.00143,25.17193],[91.00143,25.17184],[91.00133,25.17184],[91.00133,25.17193],[91.00123,25.17193],[91.00123,25.17166],[91.00143,25.17166],[91.00143,25.17157],[91.00124,25.17157],[91.00124,25.17138],[91.00114,25.17138],[91.00114,25.17165],[91.00104,25.17165],[91.00104,25.17147],[91.00094,25.17147],[91.00094,25.1712],[91.00084,25.1712],[91.00084,25.17156],[91.00094,25.17156],[91.00094,25.17174],[91.00113,25.17174],[91.00113,25.17183],[91.00103,25.17183],[91.00103,25.17201],[91.00093,25.17201],[91.00093,25.1721],[91.00073,25.1721]],[[91.00073,25.17201],[91.00083,25.17201],[91.00083,25.17192],[91.00093,25.17192],[91.00093,25.17183],[91.00074,25.17183],[91.00073,25.17201]],[[91.00183,25.17184],[91.00212,25.17185],[91.00213,25.17176],[91.00203,25.17176],[91.00203,25.17158],[91.00193,25.17157],[91.00193,25.17166],[91.00183,25.17166],[91.00183,25.17184]],[[91.00222,25.17185],[91.00232,25.17185],[91.00233,25.17158],[91.00243,25.17158],[91.00242,25.17176],[91.00252,25.17176],[91.00253,25.17149],[91.00243,25.17149],[91.00243,25.1714],[91.00253,25.1714],[91.00253,25.17131],[91.00233,25.17131],[91.00233,25.17149],[91.00213,25.17149],[91.00213,25.17158],[91.00223,25.17158],[91.00222,25.17185]],[[91.00163,25.17175],[91.00173,25.17175],[91.00173,25.17166],[91.00183,25.17166],[91.00183,25.17157],[91.00163,25.17157],[91.00163,25.17175]],[[91.00064,25.17165],[91.00074,25.17165],[91.00074,25.17156],[91.00064,25.17156],[91.00064,25.17165]],[[91.00064,25.17147],[91.00074,25.17147],[91.00074,25.17138],[91.00064,25.17138],[91.00064,25.17147]],[[91.00144,25.17148],[91.00153,25.17148],[91.00154,25.17139],[91.00144,25.17139],[91.00144,25.17148]],[[91.00035,25.17137],[91.00054,25.17138],[91.00055,25.17129],[91.00065,25.17129],[91.00065,25.1712],[91.00045,25.17119],[91.00045,25.17128],[91.00035,25.17128],[91.00035,25.17137]],[[91.00154,25.17139],[91.00164,25.17139],[91.00164,25.1713],[91.00154,25.1713],[91.00154,25.17139]],[[91.00183,25.17139],[91.00193,25.17139],[91.00193,25.1713],[91.00184,25.1713],[91.00183,25.17139]],[[91.00263,25.1714],[91.00273,25.1714],[91.00273,25.17131],[91.00263,25.17131],[91.00263,25.1714]],[[91.00203,25.17131],[91.00223,25.17131],[91.00223,25.17122],[91.00213,25.17122],[91.00214,25.17113],[91.00204,25.17112],[91.00203,25.17131]],[[91.00233,25.17113],[91.00253,25.17113],[91.00254,25.17095],[91.00234,25.17095],[91.00233,25.17113]],[[91.00224,25.17095],[91.00234,25.17095],[91.00234,25.17086],[91.00224,25.17086],[91.00224,25.17095]]]},"properties":{"id":"wetland_patch_fc4e6cd215b7","date":"2026-07-24","area_km2":0.0207,"pixel_count":207,"classification":"OPEN_WATER","interpretation_label":"HH darkening candidate","mean_delta_db":-4.943324922939429,"median_delta_db":-4.477534294128418,"hh_before":-13.513997103281067,"hh_after":-18.457322026220496,"hv_before":-20.658449951577303,"hv_after":-23.036445511711968,"delta_hh":-4.943324922939429,"delta_hv":-2.3779955601346665,"valid_fraction":1.0,"valid_fraction_scope":"region bounding box, all four channels","vegetated_fraction":0.0,"quality_status":"PASS","spatial_status":"PARTIAL","temporal_status":"PARTIAL","temporal_overlap_fraction":0.30917874396135264,"threshold_stability":"SENSITIVE","threshold_variation_fraction":0.2222222222222222,"evidence_state":"UNCERTAIN","centroid":[25.171407166465677,91.0016531000419],"data_source":"NISAR","evidence_method":"Rule consistency only; no accuracy estimate or independent reference validation.","baseline_method":"PER_PIXEL_MEDIAN","baseline_observation_count":3,"baseline_observation_dates":["2026-06-18","2026-06-30","2026-07-12"],"baseline_hh_temporal_mad_db":0.8250865936279297,"baseline_scene_names":["NISAR_L2_PR_GCOV_023_069_A_014_4005_DHDH_A_20260618T232135_20260618T232210_P05023_N_F_J_001","NISAR_L2_PR_GCOV_024_069_A_014_4005_DHDH_A_20260630T232134_20260630T232209_P05023_N_F_J_001","NISAR_L2_PR_GCOV_025_069_A_014_4005_DHDH_A_20260712T232134_20260712T232208_P05023_N_F_J_001"],"contextual_land_cover":null,"distance_to_water_m":null,"context_status":"NOT_AVAILABLE","reference_validated":false}},{"type":"Feature","geometry":{"type":"Polygon","coordinates":[[[90.99964,25.172],[90.99964,25.17181],[90.99955,25.17181],[90.99955,25.17172],[90.99935,25.17172],[90.99935,25.17181],[90.99905,25.17181],[90.99905,25.17172],[90.99875,25.17171],[90.99875,25.17162],[90.99885,25.17162],[90.99886,25.17135],[90.99896,25.17135],[90.99896,25.17144],[90.99915,25.17145],[90.99915,25.17154],[90.99925,25.17154],[90.99925,25.17163],[90.99935,25.17163],[90.99935,25.17145],[90.99945,25.17145],[90.99945,25.17163],[90.99955,25.17163],[90.99955,25.17154],[90.99965,25.17154],[90.99965,25.17118],[90.99985,25.17119],[90.99985,25.1711],[91.00025,25.1711],[91.00025,25.17128],[91.00015,25.17128],[91.00015,25.17146],[91.00005,25.17146],[91.00004,25.17164],[91.00014,25.17164],[91.00014,25.17173],[91.00044,25.17174],[91.00044,25.17192],[91.00034,25.17191],[91.00034,25.17182],[91.00024,25.17182],[91.00024,25.17191],[91.00014,25.17191],[91.00014,25.172],[90.99964,25.172]],[[90.99984,25.17191],[90.99994,25.17191],[90.99994,25.17182],[90.99984,25.17182],[90.99984,25.17191]],[[90.99974,25.17182],[90.99984,25.17182],[90.99984,25.17173],[90.99975,25.17173],[90.99974,25.17182]],[[91.00004,25.17182],[91.00014,25.17182],[91.00014,25.17173],[91.00004,25.17173],[91.00004,25.17182]],[[90.99984,25.17173],[90.99994,25.17173],[90.99995,25.17155],[90.99975,25.17155],[90.99975,25.17164],[90.99985,25.17164],[90.99984,25.17173]],[[90.99975,25.17136],[90.99985,25.17137],[90.99985,25.17128],[90.99975,25.17127],[90.99975,25.17136]],[[90.99995,25.17137],[91.00005,25.17137],[91.00005,25.17128],[90.99995,25.17128],[90.99995,25.17137]]]},"properties":{"id":"wetland_patch_aa9eb31fe002","date":"2026-07-24","area_km2":0.0069,"pixel_count":69,"classification":"OPEN_WATER","interpretation_label":"HH darkening candidate","mean_delta_db":-5.3182830810546875,"median_delta_db":-4.732818603515625,"hh_before":-12.483401049738346,"hh_after":-17.80168413079303,"hv_before":-19.84231921209805,"hv_after":-22.599867696347445,"delta_hh":-5.3182830810546875,"delta_hv":-2.7575484842493916,"valid_fraction":0.8941176470588236,"valid_fraction_scope":"region bounding box, all four channels","vegetated_fraction":0.0,"quality_status":"PASS","spatial_status":"PARTIAL","temporal_status":"PASS","temporal_overlap_fraction":0.5507246376811594,"threshold_stability":"SENSITIVE","threshold_variation_fraction":0.21348314606741572,"evidence_state":"MODERATE","centroid":[25.171586868878162,90.99968633790878],"data_source":"NISAR","evidence_method":"Rule consistency only; no accuracy estimate or independent reference validation.","baseline_method":"PER_PIXEL_MEDIAN","baseline_observation_count":3,"baseline_observation_dates":["2026-06-18","2026-06-30","2026-07-12"],"baseline_hh_temporal_mad_db":0.8250865936279297,"baseline_scene_names":["NISAR_L2_PR_GCOV_023_069_A_014_4005_DHDH_A_20260618T232135_20260618T232210_P05023_N_F_J_001","NISAR_L2_PR_GCOV_024_069_A_014_4005_DHDH_A_20260630T232134_20260630T232209_P05023_N_F_J_001","NISAR_L2_PR_GCOV_025_069_A_014_4005_DHDH_A_20260712T232134_20260712T232208_P05023_N_F_J_001"],"contextual_land_cover":null,"distance_to_water_m":null,"context_status":"NOT_AVAILABLE","reference_validated":false}},{"type":"Feature","geometry":{"type":"Polygon","coordinates":[[[90.99698,25.17115],[90.99698,25.17106],[90.99678,25.17105],[90.99678,25.17087],[90.99668,25.17087],[90.99668,25.17096],[90.99658,25.17096],[90.99658,25.17087],[90.99649,25.17087],[90.99649,25.17078],[90.99639,25.17078],[90.99639,25.1706],[90.99649,25.1706],[90.99649,25.17051],[90.99669,25.17051],[90.99669,25.1706],[90.99659,25.1706],[90.99659,25.17078],[90.99669,25.17078],[90.99669,25.17069],[90.99689,25.17069],[90.99688,25.17078],[90.99718,25.17079],[90.99718,25.1707],[90.99698,25.1707],[90.99699,25.17061],[90.99709,25.17061],[90.99709,25.17034],[90.99689,25.17033],[90.99689,25.17042],[90.99679,25.17042],[90.99679,25.17024],[90.99669,25.17024],[90.99669,25.17042],[90.99659,25.17042],[90.99659,25.17033],[90.9964,25.17033],[90.9964,25.17024],[90.9966,25.17024],[90.9966,25.17006],[90.9967,25.17006],[90.9967,25.17015],[90.99689,25.17015],[90.99689,25.17024],[90.99699,25.17024],[90.99699,25.17015],[90.99719,25.17016],[90.99719,25.17025],[90.99729,25.17025],[90.99729,25.17016],[90.99739,25.17016],[90.99739,25.17007],[90.99729,25.17007],[90.99729,25.16998],[90.99749,25.16998],[90.99749,25.17016],[90.99769,25.17016],[90.99769,25.16998],[90.99779,25.16998],[90.99779,25.17007],[90.99789,25.17008],[90.99789,25.1699],[90.99759,25.16989],[90.99759,25.1698],[90.9973,25.1698],[90.9973,25.16962],[90.9975,25.16962],[90.9975,25.16971],[90.9976,25.16971],[90.9976,25.16953],[90.9975,25.16953],[90.9975,25.16944],[90.9973,25.16944],[90.9973,25.16935],[90.9974,25.16935],[90.99741,25.16917],[90.99751,25.16917],[90.9975,25.16926],[90.9976,25.16926],[90.9976,25.16944],[90.9977,25.16944],[90.9977,25.16926],[90.9979,25.16926],[90.9979,25.16917],[90.998,25.16917],[90.998,25.16908],[90.9982,25.16909],[90.9982,25.16918],[90.9983,25.16918],[90.9983,25.16936],[90.9982,25.16936],[90.99819,25.16963],[90.99829,25.16963],[90.99829,25.16981],[90.99839,25.16981],[90.99839,25.1699],[90.99858,25.1699],[90.99859,25.16981],[90.99869,25.16982],[90.99868,25.17009],[90.99838,25.17008],[90.99838,25.17026],[90.99818,25.17026],[90.99818,25.17035],[90.99808,25.17035],[90.99808,25.17044],[90.99838,25.17044],[90.99838,25.17053],[90.99828,25.17053],[90.99828,25.17062],[90.99808,25.17062],[90.99808,25.17053],[90.99758,25.17052],[90.99758,25.17061],[90.99748,25.17061],[90.99748,25.17043],[90.99729,25.17043],[90.99729,25.17034],[90.99719,25.17034],[90.99718,25.17061],[90.99728,25.17061],[90.99728,25.17088],[90.99708,25.17088],[90.99708,25.17106],[90.99718,25.17106],[90.99718,25.17115],[90.99698,25.17115]],[[90.99758,25.17043],[90.99768,25.17043],[90.99769,25.17025],[90.99759,25.17025],[90.99758,25.17043]],[[90.99769,25.17025],[90.99779,25.17025],[90.99779,25.17016],[90.99769,25.17016],[90.99769,25.17025]],[[90.99828,25.17008],[90.99838,25.17008],[90.99838,25.16999],[90.99829,25.16999],[90.99828,25.17008]],[[90.99789,25.1699],[90.99799,25.1699],[90.99799,25.16981],[90.99789,25.1698],[90.99789,25.1699]],[[90.99799,25.16981],[90.99809,25.16981],[90.99809,25.16972],[90.99799,25.16972],[90.99799,25.16981]],[[90.99769,25.16971],[90.99789,25.16971],[90.9979,25.16953],[90.9978,25.16953],[90.9978,25.16962],[90.9977,25.16962],[90.99769,25.16971]],[[90.9978,25.16944],[90.9979,25.16944],[90.9979,25.16935],[90.9978,25.16935],[90.9978,25.16944]],[[90.998,25.16935],[90.9981,25.16936],[90.9981,25.16927],[90.998,25.16926],[90.998,25.16935]]]},"properties":{"id":"wetland_patch_675b662b17e8","date":"2026-07-24","area_km2":0.0168,"pixel_count":168,"classification":"OPEN_WATER","interpretation_label":"HH darkening candidate","mean_delta_db":-4.979046410747936,"median_delta_db":-4.5024733543396,"hh_before":-14.047803940517563,"hh_after":-19.026850351265498,"hv_before":-20.16716710158757,"hv_after":-23.077018334752037,"delta_hh":-4.979046410747936,"delta_hv":-2.9098512331644693,"valid_fraction":0.9754253308128544,"valid_fraction_scope":"region bounding box, all four channels","vegetated_fraction":0.0,"quality_status":"PASS","spatial_status":"PARTIAL","temporal_status":"PARTIAL","temporal_overlap_fraction":0.0,"threshold_stability":"SENSITIVE","threshold_variation_fraction":0.23389830508474577,"evidence_state":"UNCERTAIN","centroid":[25.170102527503094,90.99761059439649],"data_source":"NISAR","evidence_method":"Rule consistency only; no accuracy estimate or independent reference validation.","baseline_method":"PER_PIXEL_MEDIAN","baseline_observation_count":3,"baseline_observation_dates":["2026-06-18","2026-06-30","2026-07-12"],"baseline_hh_temporal_mad_db":0.8250865936279297,"baseline_scene_names":["NISAR_L2_PR_GCOV_023_069_A_014_4005_DHDH_A_20260618T232135_20260618T232210_P05023_N_F_J_001","NISAR_L2_PR_GCOV_024_069_A_014_4005_DHDH_A_20260630T232134_20260630T232209_P05023_N_F_J_001","NISAR_L2_PR_GCOV_025_069_A_014_4005_DHDH_A_20260712T232134_20260712T232208_P05023_N_F_J_001"],"contextual_land_cover":null,"distance_to_water_m":null,"context_status":"NOT_AVAILABLE","reference_validated":false}},{"type":"Feature","geometry":{"type":"Polygon","coordinates":[[[91.01841,25.17053],[91.01842,25.17044],[91.01822,25.17044],[91.01822,25.17026],[91.01812,25.17026],[91.01812,25.17035],[91.01782,25.17034],[91.01782,25.17025],[91.01762,25.17025],[91.01763,25.17016],[91.01753,25.17016],[91.01753,25.17007],[91.01733,25.17007],[91.01733,25.16998],[91.01723,25.16998],[91.01723,25.16988],[91.01753,25.16989],[91.01753,25.16998],[91.01763,25.16998],[91.01763,25.17007],[91.01773,25.17007],[91.01773,25.17016],[91.01792,25.17016],[91.01793,25.17007],[91.01832,25.17008],[91.01832,25.16999],[91.01812,25.16999],[91.01813,25.16981],[91.01823,25.16981],[91.01823,25.16963],[91.01803,25.16962],[91.01803,25.16953],[91.01833,25.16954],[91.01833,25.16963],[91.01843,25.16963],[91.01843,25.16945],[91.01863,25.16945],[91.01863,25.16954],[91.01873,25.16954],[91.01873,25.16963],[91.01883,25.16964],[91.01882,25.16973],[91.01872,25.16972],[91.01872,25.16981],[91.01882,25.16982],[91.01882,25.16991],[91.01902,25.16991],[91.01902,25.17],[91.01882,25.17],[91.01882,25.17009],[91.01872,25.17009],[91.01872,25.1699],[91.01862,25.1699],[91.01863,25.16972],[91.01853,25.16972],[91.01852,25.1699],[91.01842,25.1699],[91.01842,25.17035],[91.01862,25.17035],[91.01861,25.17044],[91.01851,25.17044],[91.01851,25.17053],[91.01841,25.17053]],[[91.01823,25.1699],[91.01832,25.1699],[91.01833,25.16981],[91.01823,25.16981],[91.01823,25.1699]],[[91.01853,25.16963],[91.01863,25.16963],[91.01863,25.16954],[91.01853,25.16954],[91.01853,25.16963]]]},"properties":{"id":"wetland_patch_d058e16f72b7","date":"2026-07-24","area_km2":0.0061,"pixel_count":61,"classification":"OPEN_WATER","interpretation_label":"HH darkening candidate","mean_delta_db":-5.030518766309394,"median_delta_db":-4.630607604980469,"hh_before":-14.573824304049133,"hh_after":-19.604343070358528,"hv_before":-21.89518687764152,"hv_after":-23.455712427858447,"delta_hh":-5.030518766309394,"delta_hv":-1.5605255502169249,"valid_fraction":1.0,"valid_fraction_scope":"region bounding box, all four channels","vegetated_fraction":0.0,"quality_status":"PASS","spatial_status":"PARTIAL","temporal_status":"PARTIAL","temporal_overlap_fraction":0.32786885245901637,"threshold_stability":"SENSITIVE","threshold_variation_fraction":0.21621621621621623,"evidence_state":"UNCERTAIN","centroid":[25.16998475675417,91.0182347925463],"data_source":"NISAR","evidence_method":"Rule consistency only; no accuracy estimate or independent reference validation.","baseline_method":"PER_PIXEL_MEDIAN","baseline_observation_count":3,"baseline_observation_dates":["2026-06-18","2026-06-30","2026-07-12"],"baseline_hh_temporal_mad_db":0.8250865936279297,"baseline_scene_names":["NISAR_L2_PR_GCOV_023_069_A_014_4005_DHDH_A_20260618T232135_20260618T232210_P05023_N_F_J_001","NISAR_L2_PR_GCOV_024_069_A_014_4005_DHDH_A_20260630T232134_20260630T232209_P05023_N_F_J_001","NISAR_L2_PR_GCOV_025_069_A_014_4005_DHDH_A_20260712T232134_20260712T232208_P05023_N_F_J_001"],"contextual_land_cover":null,"distance_to_water_m":null,"context_status":"NOT_AVAILABLE","reference_validated":false}},{"type":"Feature","geometry":{"type":"Polygon","coordinates":[[[90.99689,25.17015],[90.9969,25.17006],[90.9968,25.17006],[90.9968,25.16997],[90.9966,25.16997],[90.9966,25.16979],[90.9965,25.16979],[90.9965,25.1697],[90.99641,25.16969],[90.99641,25.16951],[90.99671,25.16952],[90.99671,25.16943],[90.99661,25.16943],[90.99661,25.16934],[90.99681,25.16934],[90.99681,25.16925],[90.99671,25.16925],[90.99671,25.16916],[90.99681,25.16916],[90.99681,25.16907],[90.99691,25.16907],[90.99691,25.16898],[90.99711,25.16898],[90.99711,25.1688],[90.99721,25.1688],[90.99721,25.16916],[90.99731,25.16917],[90.9973,25.16935],[90.9972,25.16934],[90.99721,25.16925],[90.99711,25.16925],[90.99711,25.16916],[90.99691,25.16916],[90.99691,25.16925],[90.99701,25.16925],[90.99701,25.16934],[90.99691,25.16934],[90.99691,25.16943],[90.99701,25.16943],[90.997,25.16952],[90.9969,25.16952],[90.9969,25.16961],[90.9971,25.16961],[90.9971,25.16943],[90.9973,25.16944],[90.9973,25.16953],[90.9972,25.16952],[90.9972,25.16971],[90.9971,25.1697],[90.9971,25.16979],[90.9972,25.1698],[90.99719,25.16998],[90.997,25.16997],[90.99699,25.17015],[90.99689,25.17015]],[[90.9965,25.1697],[90.9966,25.1697],[90.99661,25.16961],[90.99651,25.16961],[90.9965,25.1697]],[[90.9967,25.1697],[90.9969,25.1697],[90.9969,25.16961],[90.9967,25.16961],[90.9967,25.1697]]]},"properties":{"id":"wetland_patch_a639264b23bf","date":"2026-07-24","area_km2":0.0056,"pixel_count":56,"classification":"OPEN_WATER","interpretation_label":"HH darkening candidate","mean_delta_db":-4.824441194534302,"median_delta_db":-4.455345630645752,"hh_before":-15.691837310791016,"hh_after":-20.516278505325317,"hv_before":-21.160337856837682,"hv_after":-23.640474898474558,"delta_hh":-4.824441194534302,"delta_hv":-2.4801370416368758,"valid_fraction":1.0,"valid_fraction_scope":"region bounding box, all four channels","vegetated_fraction":0.0,"quality_status":"PASS","spatial_status":"PARTIAL","temporal_status":"PARTIAL","temporal_overlap_fraction":0.0,"threshold_stability":"SENSITIVE","threshold_variation_fraction":0.23376623376623376,"evidence_state":"UNCERTAIN","centroid":[25.169543336842214,90.99690941782255],"data_source":"NISAR","evidence_method":"Rule consistency only; no accuracy estimate or independent reference validation.","baseline_method":"PER_PIXEL_MEDIAN","baseline_observation_count":3,"baseline_observation_dates":["2026-06-18","2026-06-30","2026-07-12"],"baseline_hh_temporal_mad_db":0.8250865936279297,"baseline_scene_names":["NISAR_L2_PR_GCOV_023_069_A_014_4005_DHDH_A_20260618T232135_20260618T232210_P05023_N_F_J_001","NISAR_L2_PR_GCOV_024_069_A_014_4005_DHDH_A_20260630T232134_20260630T232209_P05023_N_F_J_001","NISAR_L2_PR_GCOV_025_069_A_014_4005_DHDH_A_20260712T232134_20260712T232208_P05023_N_F_J_001"],"contextual_land_cover":null,"distance_to_water_m":null,"context_status":"NOT_AVAILABLE","reference_validated":false}},{"type":"Feature","geometry":{"type":"Polygon","coordinates":[[[91.02298,25.17014],[91.02298,25.17005],[91.02289,25.17005],[91.02289,25.16996],[91.02299,25.16996],[91.02299,25.16969],[91.02289,25.16969],[91.02289,25.16987],[91.02279,25.16987],[91.02279,25.16978],[91.02269,25.16978],[91.02269,25.16969],[91.02279,25.16969],[91.02279,25.1696],[91.0225,25.16959],[91.0225,25.1695],[91.0226,25.16951],[91.0226,25.16941],[91.0229,25.16942],[91.0229,25.16924],[91.023,25.16924],[91.023,25.16933],[91.0231,25.16933],[91.0231,25.16924],[91.0232,25.16924],[91.0232,25.16915],[91.0233,25.16915],[91.0233,25.16897],[91.0234,25.16897],[91.0234,25.16915],[91.02359,25.16916],[91.02359,25.16925],[91.02349,25.16925],[91.02349,25.16934],[91.02379,25.16934],[91.02379,25.16925],[91.02399,25.16925],[91.02399,25.16934],[91.02409,25.16934],[91.02409,25.16907],[91.02419,25.16908],[91.02419,25.16889],[91.02409,25.16889],[91.0241,25.1688],[91.0242,25.1688],[91.0242,25.16871],[91.0243,25.16872],[91.02429,25.1689],[91.02439,25.1689],[91.02439,25.16872],[91.02479,25.16872],[91.02479,25.16863],[91.02489,25.16863],[91.02489,25.16881],[91.02499,25.16881],[91.02499,25.16863],[91.02519,25.16864],[91.02519,25.16873],[91.02509,25.16873],[91.02508,25.169],[91.02499,25.169],[91.02498,25.16909],[91.02469,25.16908],[91.02468,25.16926],[91.02478,25.16926],[91.02478,25.16917],[91.02508,25.16918],[91.02508,25.16909],[91.02518,25.16909],[91.02518,25.16918],[91.02538,25.16918],[91.02538,25.16927],[91.02528,25.16927],[91.02528,25.16936],[91.02518,25.16936],[91.02518,25.16945],[91.02528,25.16945],[91.02527,25.16981],[91.02507,25.16981],[91.02507,25.16963],[91.02488,25.16963],[91.02487,25.16972],[91.02468,25.16971],[91.02467,25.1698],[91.02438,25.1698],[91.02438,25.16971],[91.02448,25.16971],[91.02448,25.16962],[91.02438,25.16962],[91.02438,25.16953],[91.02418,25.16953],[91.02418,25.16971],[91.02408,25.16971],[91.02408,25.1698],[91.02398,25.16979],[91.02398,25.17007],[91.02378,25.17006],[91.02378,25.16997],[91.02388,25.16997],[91.02388,25.16988],[91.02358,25.16988],[91.02358,25.16979],[91.02378,25.16979],[91.02378,25.1697],[91.02349,25.1697],[91.02348,25.16988],[91.02338,25.16988],[91.02339,25.16979],[91.02329,25.16979],[91.02329,25.16969],[91.02309,25.16969],[91.02308,25.17014],[91.02298,25.17014]],[[91.02388,25.16979],[91.02398,25.16979],[91.02398,25.1697],[91.02388,25.1697],[91.02388,25.16979]],[[91.02319,25.1696],[91.02349,25.16961],[91.02349,25.16952],[91.02339,25.16952],[91.02339,25.16943],[91.02329,25.16942],[91.0233,25.16924],[91.0232,25.16924],[91.02319,25.16942],[91.02309,25.16942],[91.02309,25.16951],[91.02319,25.16951],[91.02319,25.1696]],[[91.02379,25.16961],[91.02388,25.16961],[91.02389,25.16952],[91.02379,25.16952],[91.02379,25.16961]],[[91.02458,25.16962],[91.02468,25.16962],[91.02468,25.16953],[91.02478,25.16953],[91.02478,25.16944],[91.02458,25.16944],[91.02458,25.16962]],[[91.02289,25.16951],[91.02299,25.16951],[91.02299,25.16942],[91.0229,25.16942],[91.02289,25.16951]],[[91.02359,25.16952],[91.02369,25.16952],[91.02369,25.16943],[91.02359,25.16943],[91.02359,25.16952]],[[91.02498,25.16954],[91.02508,25.16954],[91.02508,25.16945],[91.02498,25.16945],[91.02498,25.16954]],[[91.02428,25.16944],[91.02438,25.16944],[91.02438,25.16935],[91.02429,25.16935],[91.02428,25.16944]],[[91.02448,25.16944],[91.02458,25.16944],[91.02458,25.16935],[91.02448,25.16935],[91.02448,25.16944]],[[91.02478,25.16935],[91.02508,25.16936],[91.02508,25.16927],[91.02478,25.16926],[91.02478,25.16935]],[[91.02429,25.16917],[91.02449,25.16917],[91.02449,25.16908],[91.02439,25.16908],[91.02439,25.16899],[91.02429,25.16899],[91.02429,25.16917]],[[91.02439,25.16899],[91.02449,25.16899],[91.02449,25.1689],[91.02439,25.1689],[91.02439,25.16899]],[[91.02469,25.16899],[91.02489,25.16899],[91.02489,25.16881],[91.02469,25.16881],[91.02469,25.16899]]]},"properties":{"id":"wetland_patch_ac2f674d92ed","date":"2026-07-24","area_km2":0.0174,"pixel_count":174,"classification":"OPEN_WATER","interpretation_label":"HH darkening candidate","mean_delta_db":-4.800599624370706,"median_delta_db":-4.4131178855896,"hh_before":-14.547243096362585,"hh_after":-19.347842720733293,"hv_before":-21.401233563477966,"hv_after":-23.180817647912036,"delta_hh":-4.800599624370706,"delta_hv":-1.779584084434071,"valid_fraction":1.0,"valid_fraction_scope":"region bounding box, all four channels","vegetated_fraction":0.0,"quality_status":"PASS","spatial_status":"PARTIAL","temporal_status":"PARTIAL","temporal_overlap_fraction":0.0,"threshold_stability":"SENSITIVE","threshold_variation_fraction":0.27692307692307694,"evidence_state":"UNCERTAIN","centroid":[25.16939496837515,91.02409607080327],"data_source":"NISAR","evidence_method":"Rule consistency only; no accuracy estimate or independent reference validation.","baseline_method":"PER_PIXEL_MEDIAN","baseline_observation_count":3,"baseline_observation_dates":["2026-06-18","2026-06-30","2026-07-12"],"baseline_hh_temporal_mad_db":0.8250865936279297,"baseline_scene_names":["NISAR_L2_PR_GCOV_023_069_A_014_4005_DHDH_A_20260618T232135_20260618T232210_P05023_N_F_J_001","NISAR_L2_PR_GCOV_024_069_A_014_4005_DHDH_A_20260630T232134_20260630T232209_P05023_N_F_J_001","NISAR_L2_PR_GCOV_025_069_A_014_4005_DHDH_A_20260712T232134_20260712T232208_P05023_N_F_J_001"],"contextual_land_cover":null,"distance_to_water_m":null,"context_status":"NOT_AVAILABLE","reference_validated":false}},{"type":"Feature","geometry":{"type":"Polygon","coordinates":[[[91.01744,25.16971],[91.01744,25.16953],[91.01724,25.16952],[91.01724,25.16925],[91.01705,25.16925],[91.01705,25.16916],[91.01695,25.16916],[91.01695,25.16907],[91.01675,25.16907],[91.01675,25.16898],[91.01646,25.16897],[91.01646,25.16888],[91.01626,25.16888],[91.01626,25.16861],[91.01636,25.16861],[91.01636,25.16852],[91.01626,25.16852],[91.01627,25.16843],[91.01617,25.16843],[91.01616,25.16852],[91.01607,25.16852],[91.01607,25.16842],[91.01587,25.16842],[91.01587,25.16851],[91.01597,25.16851],[91.01596,25.16878],[91.01606,25.16879],[91.01606,25.1687],[91.01616,25.1687],[91.01616,25.16888],[91.01596,25.16887],[91.01596,25.16896],[91.01576,25.16896],[91.01576,25.16905],[91.01556,25.16905],[91.01556,25.16914],[91.01546,25.16914],[91.01546,25.16896],[91.01556,25.16896],[91.01556,25.16887],[91.01546,25.16887],[91.01547,25.16878],[91.01586,25.16878],[91.01587,25.1686],[91.01577,25.1686],[91.01577,25.16851],[91.01567,25.16851],[91.01567,25.16842],[91.01577,25.16842],[91.01577,25.16833],[91.01587,25.16833],[91.01587,25.16824],[91.01597,25.16824],[91.01598,25.16797],[91.01607,25.16797],[91.01607,25.16806],[91.01617,25.16807],[91.01618,25.16761],[91.01638,25.16762],[91.01638,25.16753],[91.01628,25.16752],[91.01628,25.16743],[91.01648,25.16744],[91.01648,25.16735],[91.01638,25.16735],[91.01638,25.16726],[91.01628,25.16725],[91.01629,25.16707],[91.01639,25.16707],[91.01639,25.16698],[91.01669,25.16699],[91.01669,25.1669],[91.01698,25.1669],[91.01699,25.16681],[91.01709,25.16681],[91.01709,25.16672],[91.01719,25.16672],[91.01719,25.16654],[91.01739,25.16655],[91.01739,25.16646],[91.01749,25.16646],[91.01749,25.16655],[91.01759,25.16655],[91.01758,25.16664],[91.01739,25.16664],[91.01738,25.16673],[91.01728,25.16673],[91.01728,25.16682],[91.01748,25.16682],[91.01748,25.16691],[91.01738,25.16691],[91.01738,25.16709],[91.01758,25.16709],[91.01758,25.16718],[91.01767,25.16718],[91.01767,25.16727],[91.01777,25.16727],[91.01777,25.16754],[91.01787,25.16755],[91.01787,25.16746],[91.01797,25.16746],[91.01796,25.16764],[91.01816,25.16764],[91.01816,25.16773],[91.01806,25.16773],[91.01806,25.16782],[91.01786,25.16782],[91.01786,25.16791],[91.01796,25.16791],[91.01796,25.168],[91.01806,25.168],[91.01806,25.16791],[91.01816,25.16791],[91.01816,25.16782],[91.01826,25.16782],[91.01826,25.16791],[91.01836,25.16791],[91.01836,25.16773],[91.01846,25.16773],[91.01846,25.16782],[91.01856,25.16783],[91.01856,25.16774],[91.01866,25.16774],[91.01865,25.16792],[91.01875,25.16792],[91.01875,25.16801],[91.01885,25.16801],[91.01885,25.1681],[91.01905,25.1681],[91.01905,25.16819],[91.01885,25.16819],[91.01885,25.16837],[91.01865,25.16837],[91.01865,25.16819],[91.01855,25.16819],[91.01855,25.1681],[91.01845,25.1681],[91.01845,25.16801],[91.01836,25.168],[91.01835,25.16818],[91.01825,25.16818],[91.01825,25.16809],[91.01816,25.16809],[91.01815,25.16827],[91.01805,25.16827],[91.01805,25.16845],[91.01795,25.16845],[91.01795,25.16854],[91.01785,25.16854],[91.01785,25.16845],[91.01775,25.16845],[91.01775,25.16854],[91.01765,25.16854],[91.01765,25.16881],[91.01775,25.16881],[91.01775,25.1689],[91.01784,25.1689],[91.01784,25.16899],[91.01804,25.16899],[91.01804,25.16881],[91.01814,25.16881],[91.01814,25.1689],[91.01824,25.16891],[91.01824,25.169],[91.01814,25.16899],[91.01814,25.16908],[91.01754,25.16908],[91.01754,25.16917],[91.01784,25.16917],[91.01783,25.16962],[91.01773,25.16962],[91.01773,25.16971],[91.01744,25.16971]],[[91.01754,25.16944],[91.01764,25.16944],[91.01764,25.16935],[91.01754,25.16935],[91.01754,25.16944]],[[91.01764,25.16935],[91.01774,25.16935],[91.01774,25.16926],[91.01764,25.16926],[91.01764,25.16935]],[[91.01705,25.16916],[91.01715,25.16916],[91.01715,25.16898],[91.01705,25.16898],[91.01705,25.16916]],[[91.01735,25.16907],[91.01745,25.16908],[91.01745,25.16898],[91.01755,25.16899],[91.01755,25.1689],[91.01735,25.16889],[91.01735,25.16907]],[[91.01765,25.16899],[91.01774,25.16899],[91.01775,25.1689],[91.01765,25.1689],[91.01765,25.16899]],[[91.01646,25.16888],[91.01665,25.16888],[91.01666,25.1687],[91.01646,25.1687],[91.01646,25.16888]],[[91.01715,25.16889],[91.01725,25.16889],[91.01725,25.1688],[91.01715,25.1688],[91.01715,25.16889]],[[91.01676,25.1688],[91.01685,25.1688],[91.01686,25.16871],[91.01676,25.1687],[91.01676,25.1688]],[[91.01725,25.1688],[91.01755,25.16881],[91.01755,25.16863],[91.01745,25.16862],[91.01745,25.16871],[91.01735,25.16871],[91.01735,25.16862],[91.01725,25.16862],[91.01725,25.1688]],[[91.01646,25.16861],[91.01656,25.16861],[91.01656,25.16852],[91.01646,25.16852],[91.01646,25.16861]],[[91.01696,25.16862],[91.01716,25.16862],[91.01716,25.16853],[91.01696,25.16853],[91.01696,25.16862]],[[91.01716,25.16853],[91.01726,25.16853],[91.01726,25.16844],[91.01716,25.16844],[91.01716,25.16853]],[[91.01636,25.16843],[91.01646,25.16843],[91.01647,25.16825],[91.01657,25.16825],[91.01657,25.16816],[91.01667,25.16816],[91.01667,25.16807],[91.01647,25.16807],[91.01647,25.16789],[91.01627,25.16789],[91.01627,25.16807],[91.01637,25.16807],[91.01637,25.16816],[91.01617,25.16816],[91.01617,25.16825],[91.01607,25.16824],[91.01607,25.16833],[91.01637,25.16834],[91.01636,25.16843]],[[91.01656,25.16843],[91.01666,25.16843],[91.01666,25.16834],[91.01656,25.16834],[91.01656,25.16843]],[[91.01676,25.16843],[91.01686,25.16844],[91.01686,25.16835],[91.01676,25.16834],[91.01676,25.16843]],[[91.01726,25.16844],[91.01736,25.16844],[91.01736,25.16835],[91.01726,25.16835],[91.01726,25.16844]],[[91.01765,25.16845],[91.01775,25.16845],[91.01776,25.16818],[91.01786,25.16818],[91.01786,25.168],[91.01776,25.168],[91.01776,25.16809],[91.01736,25.16808],[91.01736,25.16817],[91.01766,25.16818],[91.01765,25.16845]],[[91.01686,25.16835],[91.01696,25.16835],[91.01696,25.16826],[91.01686,25.16825],[91.01686,25.16835]],[[91.01785,25.16836],[91.01795,25.16836],[91.01795,25.16827],[91.01786,25.16827],[91.01785,25.16836]],[[91.01696,25.16826],[91.01706,25.16826],[91.01706,25.16817],[91.01696,25.16817],[91.01696,25.16826]],[[91.01795,25.16827],[91.01805,25.16827],[91.01806,25.16818],[91.01796,25.16818],[91.01795,25.16827]],[[91.01667,25.16807],[91.01677,25.16807],[91.01677,25.16798],[91.01667,25.16798],[91.01667,25.16807]],[[91.01687,25.16807],[91.01697,25.16808],[91.01697,25.16799],[91.01687,25.16798],[91.01687,25.16807]],[[91.01657,25.16798],[91.01667,25.16798],[91.01667,25.16789],[91.01657,25.16789],[91.01657,25.16798]],[[91.01707,25.16799],[91.01717,25.16799],[91.01717,25.1679],[91.01707,25.1679],[91.01707,25.16799]],[[91.01657,25.1678],[91.01667,25.1678],[91.01667,25.16771],[91.01677,25.16771],[91.01677,25.16762],[91.01668,25.16762],[91.01668,25.16753],[91.01658,25.16753],[91.01658,25.16762],[91.01648,25.16762],[91.01648,25.16771],[91.01657,25.16771],[91.01657,25.1678]],[[91.01687,25.1678],[91.01697,25.1678],[91.01697,25.16762],[91.01687,25.16762],[91.01687,25.1678]],[[91.01707,25.16781],[91.01717,25.16781],[91.01717,25.16772],[91.01707,25.16772],[91.01707,25.16781]],[[91.01727,25.16781],[91.01737,25.16781],[91.01737,25.16772],[91.01727,25.16772],[91.01727,25.16781]],[[91.01747,25.16781],[91.01776,25.16782],[91.01776,25.16773],[91.01747,25.16772],[91.01747,25.16781]],[[91.01757,25.16763],[91.01767,25.16763],[91.01767,25.16754],[91.01757,25.16754],[91.01757,25.16763]],[[91.01678,25.16753],[91.01697,25.16753],[91.01698,25.16744],[91.01707,25.16745],[91.01708,25.16726],[91.01698,25.16726],[91.01698,25.16735],[91.01688,25.16735],[91.01688,25.16744],[91.01678,25.16744],[91.01678,25.16753]],[[91.01717,25.16754],[91.01727,25.16754],[91.01727,25.16745],[91.01717,25.16745],[91.01717,25.16754]],[[91.01737,25.16754],[91.01757,25.16754],[91.01757,25.16745],[91.01737,25.16745],[91.01737,25.16754]],[[91.01747,25.16736],[91.01757,25.16736],[91.01758,25.16718],[91.01748,25.16718],[91.01747,25.16736]],[[91.01668,25.16726],[91.01678,25.16726],[91.01678,25.16717],[91.01668,25.16717],[91.01668,25.16726]],[[91.01688,25.16717],[91.01698,25.16717],[91.01698,25.16708],[91.01688,25.16708],[91.01688,25.16717]],[[91.01708,25.16717],[91.01718,25.16718],[91.01718,25.16709],[91.01708,25.16708],[91.01708,25.16717]]]},"properties":{"id":"wetland_patch_6d840df4b359","date":"2026-07-24","area_km2":0.041,"pixel_count":410,"classification":"OPEN_WATER","interpretation_label":"HH darkening candidate","mean_delta_db":-5.334967240691185,"median_delta_db":-4.955847263336182,"hh_before":-14.484483053989527,"hh_after":-19.819450294680713,"hv_before":-20.744342945843208,"hv_after":-23.27836654477003,"delta_hh":-5.334967240691185,"delta_hv":-2.534023598926823,"valid_fraction":1.0,"valid_fraction_scope":"region bounding box, all four channels","vegetated_fraction":0.0,"quality_status":"PASS","spatial_status":"PARTIAL","temporal_status":"PARTIAL","temporal_overlap_fraction":0.2073170731707317,"threshold_stability":"SENSITIVE","threshold_variation_fraction":0.2564841498559078,"evidence_state":"UNCERTAIN","centroid":[25.168136571711734,91.01715400352538],"data_source":"NISAR","evidence_method":"Rule consistency only; no accuracy estimate or independent reference validation.","baseline_method":"PER_PIXEL_MEDIAN","baseline_observation_count":3,"baseline_observation_dates":["2026-06-18","2026-06-30","2026-07-12"],"baseline_hh_temporal_mad_db":0.8250865936279297,"baseline_scene_names":["NISAR_L2_PR_GCOV_023_069_A_014_4005_DHDH_A_20260618T232135_20260618T232210_P05023_N_F_J_001","NISAR_L2_PR_GCOV_024_069_A_014_4005_DHDH_A_20260630T232134_20260630T232209_P05023_N_F_J_001","NISAR_L2_PR_GCOV_025_069_A_014_4005_DHDH_A_20260712T232134_20260712T232208_P05023_N_F_J_001"],"contextual_land_cover":null,"distance_to_water_m":null,"context_status":"NOT_AVAILABLE","reference_validated":false}},{"type":"Feature","geometry":{"type":"Polygon","coordinates":[[[90.99651,25.16924],[90.99651,25.16915],[90.99641,25.16915],[90.99642,25.16897],[90.99632,25.16897],[90.99632,25.16906],[90.99622,25.16906],[90.99622,25.16897],[90.99612,25.16897],[90.99612,25.16888],[90.99602,25.16888],[90.99603,25.1687],[90.99612,25.1687],[90.99613,25.16861],[90.99603,25.16861],[90.99603,25.16852],[90.99573,25.16851],[90.99573,25.16842],[90.99563,25.16842],[90.99563,25.16851],[90.99553,25.16851],[90.99553,25.1686],[90.99543,25.1686],[90.99543,25.16851],[90.99514,25.1685],[90.99514,25.16841],[90.99504,25.16841],[90.99504,25.16832],[90.99494,25.16832],[90.99494,25.16814],[90.99504,25.16814],[90.99504,25.16805],[90.99514,25.16805],[90.99514,25.16814],[90.99554,25.16815],[90.99554,25.16806],[90.99534,25.16806],[90.99534,25.16796],[90.99554,25.16797],[90.99554,25.16779],[90.99544,25.16779],[90.99545,25.1677],[90.99564,25.1677],[90.99564,25.16797],[90.99574,25.16797],[90.99574,25.16788],[90.99584,25.16788],[90.99584,25.16806],[90.99613,25.16807],[90.99613,25.16816],[90.99623,25.16816],[90.99623,25.16843],[90.99633,25.16843],[90.99633,25.16852],[90.99652,25.16852],[90.99653,25.16843],[90.99662,25.16843],[90.99663,25.16825],[90.99683,25.16826],[90.99682,25.16862],[90.99692,25.16862],[90.99692,25.16871],[90.99702,25.16871],[90.99702,25.16853],[90.99722,25.16853],[90.99722,25.16862],[90.99712,25.16862],[90.99711,25.1688],[90.99692,25.1688],[90.99691,25.16898],[90.99681,25.16898],[90.99682,25.16889],[90.99672,25.16889],[90.99671,25.16898],[90.99652,25.16897],[90.99652,25.16906],[90.99661,25.16907],[90.99661,25.16925],[90.99651,25.16924]],[[90.99622,25.16888],[90.99632,25.16888],[90.99632,25.16879],[90.99622,25.16879],[90.99622,25.16888]],[[90.99642,25.16888],[90.99672,25.16889],[90.99672,25.1688],[90.99682,25.1688],[90.99682,25.16871],[90.99662,25.1687],[90.99662,25.16861],[90.99632,25.16861],[90.99632,25.16879],[90.99642,25.16879],[90.99642,25.16888]],[[90.99603,25.16852],[90.99613,25.16852],[90.99613,25.16834],[90.99593,25.16833],[90.99593,25.16842],[90.99603,25.16843],[90.99603,25.16852]],[[90.99524,25.16841],[90.99534,25.16842],[90.99534,25.16833],[90.99524,25.16832],[90.99524,25.16841]],[[90.99504,25.16832],[90.99524,25.16832],[90.99524,25.16823],[90.99504,25.16823],[90.99504,25.16832]],[[90.99573,25.16833],[90.99583,25.16833],[90.99583,25.16824],[90.99603,25.16825],[90.99603,25.16815],[90.99584,25.16815],[90.99584,25.16806],[90.99564,25.16806],[90.99564,25.16824],[90.99574,25.16824],[90.99573,25.16833]]]},"properties":{"id":"wetland_patch_1e4c7db9b468","date":"2026-07-24","area_km2":0.01,"pixel_count":100,"classification":"OPEN_WATER","interpretation_label":"HH darkening candidate","mean_delta_db":-4.653696517944336,"median_delta_db":-4.460520267486572,"hh_before":-14.85634051322937,"hh_after":-19.510037031173706,"hv_before":-21.43296898841858,"hv_after":-23.045848503112794,"delta_hh":-4.653696517944336,"delta_hv":-1.6128795146942139,"valid_fraction":1.0,"valid_fraction_scope":"region bounding box, all four channels","vegetated_fraction":0.0,"quality_status":"PASS","spatial_status":"PARTIAL","temporal_status":"PARTIAL","temporal_overlap_fraction":0.0,"threshold_stability":"SENSITIVE","threshold_variation_fraction":0.29347826086956524,"evidence_state":"UNCERTAIN","centroid":[25.168460153281593,90.99604988424711],"data_source":"NISAR","evidence_method":"Rule consistency only; no accuracy estimate or independent reference validation.","baseline_method":"PER_PIXEL_MEDIAN","baseline_observation_count":3,"baseline_observation_dates":["2026-06-18","2026-06-30","2026-07-12"],"baseline_hh_temporal_mad_db":0.8250865936279297,"baseline_scene_names":["NISAR_L2_PR_GCOV_023_069_A_014_4005_DHDH_A_20260618T232135_20260618T232210_P05023_N_F_J_001","NISAR_L2_PR_GCOV_024_069_A_014_4005_DHDH_A_20260630T232134_20260630T232209_P05023_N_F_J_001","NISAR_L2_PR_GCOV_025_069_A_014_4005_DHDH_A_20260712T232134_20260712T232208_P05023_N_F_J_001"],"contextual_land_cover":null,"distance_to_water_m":null,"context_status":"NOT_AVAILABLE","reference_validated":false}},{"type":"Feature","geometry":{"type":"Polygon","coordinates":[[[91.02647,25.16929],[91.02647,25.16911],[91.02657,25.16911],[91.02657,25.16902],[91.02647,25.16902],[91.02648,25.16883],[91.02638,25.16883],[91.02638,25.16892],[91.02628,25.16892],[91.02627,25.16901],[91.02608,25.16901],[91.02608,25.1691],[91.02598,25.1691],[91.02598,25.16901],[91.02578,25.16901],[91.02578,25.16919],[91.02568,25.16919],[91.02568,25.169],[91.02548,25.169],[91.02548,25.16891],[91.02538,25.16891],[91.02539,25.16882],[91.02529,25.16882],[91.02528,25.16891],[91.02519,25.16891],[91.02519,25.16873],[91.02559,25.16873],[91.02559,25.16864],[91.02539,25.16864],[91.02539,25.16846],[91.02559,25.16846],[91.02559,25.16855],[91.02589,25.16856],[91.02589,25.16847],[91.02599,25.16847],[91.02599,25.16838],[91.02609,25.16838],[91.02608,25.16856],[91.02628,25.16856],[91.02629,25.16829],[91.02639,25.16829],[91.02638,25.16847],[91.02678,25.16848],[91.02678,25.16857],[91.02648,25.16856],[91.02648,25.16874],[91.02658,25.16875],[91.02658,25.16866],[91.02678,25.16866],[91.02678,25.16875],[91.02687,25.16875],[91.02687,25.16902],[91.02667,25.16902],[91.02667,25.16911],[91.02677,25.16911],[91.02677,25.1692],[91.02657,25.1692],[91.02657,25.16929],[91.02647,25.16929]],[[91.02588,25.16892],[91.02628,25.16892],[91.02628,25.16883],[91.02598,25.16883],[91.02598,25.16874],[91.02588,25.16874],[91.02588,25.16892]],[[91.02608,25.16874],[91.02618,25.16874],[91.02618,25.16865],[91.02608,25.16865],[91.02608,25.16874]],[[91.02628,25.16874],[91.02638,25.16874],[91.02638,25.16865],[91.02628,25.16865],[91.02628,25.16874]]]},"properties":{"id":"wetland_patch_4a52e7f1ad05","date":"2026-07-24","area_km2":0.0079,"pixel_count":79,"classification":"OPEN_WATER","interpretation_label":"HH darkening candidate","mean_delta_db":-5.104973654203777,"median_delta_db":-4.6592559814453125,"hh_before":-13.163127072249786,"hh_after":-18.268100726453564,"hv_before":-20.975808433339566,"hv_after":-22.85779091074497,"delta_hh":-5.104973654203777,"delta_hv":-1.8819824774054033,"valid_fraction":1.0,"valid_fraction_scope":"region bounding box, all four channels","vegetated_fraction":0.0,"quality_status":"PASS","spatial_status":"PARTIAL","temporal_status":"PARTIAL","temporal_overlap_fraction":0.0,"threshold_stability":"SENSITIVE","threshold_variation_fraction":0.23853211009174313,"evidence_state":"UNCERTAIN","centroid":[25.168777761492777,91.02610098171004],"data_source":"NISAR","evidence_method":"Rule consistency only; no accuracy estimate or independent reference validation.","baseline_method":"PER_PIXEL_MEDIAN","baseline_observation_count":3,"baseline_observation_dates":["2026-06-18","2026-06-30","2026-07-12"],"baseline_hh_temporal_mad_db":0.8250865936279297,"baseline_scene_names":["NISAR_L2_PR_GCOV_023_069_A_014_4005_DHDH_A_20260618T232135_20260618T232210_P05023_N_F_J_001","NISAR_L2_PR_GCOV_024_069_A_014_4005_DHDH_A_20260630T232134_20260630T232209_P05023_N_F_J_001","NISAR_L2_PR_GCOV_025_069_A_014_4005_DHDH_A_20260712T232134_20260712T232208_P05023_N_F_J_001"],"contextual_land_cover":null,"distance_to_water_m":null,"context_status":"NOT_AVAILABLE","reference_validated":false}},{"type":"Feature","geometry":{"type":"Polygon","coordinates":[[[91.00773,25.16867],[91.00773,25.16849],[91.00763,25.16849],[91.00764,25.1684],[91.00774,25.1684],[91.00774,25.16831],[91.00793,25.16832],[91.00794,25.16823],[91.00784,25.16822],[91.00784,25.16804],[91.00774,25.16804],[91.00774,25.16813],[91.00764,25.16813],[91.00764,25.16831],[91.00754,25.16831],[91.00754,25.1684],[91.00734,25.1684],[91.00734,25.16831],[91.00724,25.16831],[91.00724,25.16849],[91.00704,25.16848],[91.00704,25.16857],[91.00684,25.16857],[91.00684,25.1683],[91.00665,25.1683],[91.00665,25.16821],[91.00694,25.16821],[91.00695,25.16812],[91.00724,25.16813],[91.00725,25.16785],[91.00715,25.16785],[91.00715,25.16776],[91.00735,25.16777],[91.00735,25.16768],[91.00755,25.16768],[91.00755,25.16759],[91.00765,25.16759],[91.00765,25.16768],[91.00775,25.16768],[91.00775,25.16777],[91.00784,25.16777],[91.00785,25.16759],[91.00795,25.16759],[91.00795,25.1675],[91.00805,25.1675],[91.00805,25.16741],[91.00815,25.16742],[91.00814,25.1676],[91.00805,25.16759],[91.00804,25.16769],[91.00824,25.16769],[91.00824,25.1676],[91.00834,25.1676],[91.00834,25.16769],[91.00844,25.16769],[91.00844,25.16778],[91.00864,25.16778],[91.00864,25.16769],[91.00884,25.1677],[91.00884,25.16742],[91.00864,25.16742],[91.00864,25.16751],[91.00854,25.16751],[91.00854,25.16742],[91.00835,25.16742],[91.00834,25.16751],[91.00825,25.16751],[91.00825,25.16733],[91.00835,25.16733],[91.00835,25.16724],[91.00825,25.16724],[91.00825,25.16715],[91.00815,25.16714],[91.00816,25.16696],[91.00825,25.16697],[91.00825,25.16706],[91.00835,25.16706],[91.00835,25.16697],[91.00845,25.16697],[91.00845,25.16706],[91.00855,25.16706],[91.00855,25.16697],[91.00885,25.16697],[91.00885,25.16688],[91.00895,25.16688],[91.00895,25.16698],[91.00915,25.16698],[91.00915,25.16707],[91.00905,25.16707],[91.00904,25.16716],[91.00895,25.16716],[91.00894,25.16725],[91.00885,25.16724],[91.00884,25.16733],[91.00894,25.16734],[91.00894,25.16743],[91.00914,25.16743],[91.00914,25.16716],[91.00934,25.16716],[91.00934,25.16743],[91.00924,25.16743],[91.00924,25.16752],[91.00934,25.16752],[91.00934,25.16761],[91.00914,25.16761],[91.00914,25.16752],[91.00904,25.16752],[91.00904,25.16761],[91.00894,25.16761],[91.00894,25.1677],[91.00943,25.1677],[91.00943,25.16779],[91.00953,25.1678],[91.00953,25.16771],[91.00963,25.16771],[91.00963,25.16753],[91.00944,25.16752],[91.00944,25.16743],[91.00954,25.16743],[91.00954,25.16725],[91.00944,25.16725],[91.00944,25.16716],[91.00964,25.16716],[91.00964,25.16744],[91.00973,25.16744],[91.00973,25.16762],[91.00983,25.16762],[91.00983,25.16798],[91.00973,25.16798],[91.00972,25.16807],[91.00982,25.16807],[91.00982,25.16816],[91.00952,25.16816],[91.00952,25.16825],[91.00942,25.16825],[91.00942,25.16834],[91.00932,25.16833],[91.00932,25.16842],[91.00902,25.16842],[91.00902,25.16851],[91.00912,25.16851],[91.00912,25.16869],[91.00902,25.16869],[91.00902,25.1686],[91.00892,25.1686],[91.00893,25.16842],[91.00883,25.16842],[91.00883,25.16833],[91.00873,25.16833],[91.00872,25.16869],[91.00852,25.16868],[91.00853,25.16859],[91.00843,25.16859],[91.00842,25.16868],[91.00833,25.16868],[91.00833,25.16859],[91.00803,25.16859],[91.00803,25.1685],[91.00783,25.16849],[91.00783,25.16868],[91.00773,25.16867]],[[91.00704,25.16839],[91.00714,25.1684],[91.00714,25.1683],[91.00704,25.1683],[91.00704,25.16839]],[[91.00833,25.16832],[91.00843,25.16832],[91.00843,25.16823],[91.00833,25.16823],[91.00833,25.16832]],[[91.00883,25.16833],[91.00893,25.16833],[91.00893,25.16824],[91.00883,25.16824],[91.00883,25.16833]],[[91.00744,25.16822],[91.00754,25.16822],[91.00754,25.16813],[91.00744,25.16813],[91.00744,25.16822]],[[91.00804,25.16823],[91.00813,25.16823],[91.00814,25.16814],[91.00804,25.16814],[91.00804,25.16823]],[[91.00913,25.16824],[91.00932,25.16824],[91.00933,25.16815],[91.00952,25.16816],[91.00953,25.16807],[91.00933,25.16806],[91.00933,25.16797],[91.00943,25.16797],[91.00943,25.16788],[91.00933,25.16788],[91.00933,25.16779],[91.00913,25.16779],[91.00913,25.16788],[91.00923,25.16788],[91.00923,25.16815],[91.00913,25.16815],[91.00913,25.16824]],[[91.00814,25.16814],[91.00824,25.16814],[91.00824,25.16805],[91.00814,25.16805],[91.00814,25.16814]],[[91.00833,25.16814],[91.00853,25.16814],[91.00853,25.16805],[91.00834,25.16805],[91.00833,25.16814]],[[91.00744,25.16804],[91.00754,25.16804],[91.00754,25.16795],[91.00744,25.16795],[91.00744,25.16804]],[[91.00853,25.16805],[91.00863,25.16805],[91.00863,25.16796],[91.00873,25.16797],[91.00873,25.16806],[91.00893,25.16806],[91.00893,25.16788],[91.00883,25.16788],[91.00884,25.16779],[91.00874,25.16778],[91.00874,25.16787],[91.00844,25.16787],[91.00844,25.16778],[91.00834,25.16778],[91.00834,25.16796],[91.00854,25.16796],[91.00853,25.16805]],[[91.00794,25.16795],[91.00804,25.16796],[91.00804,25.16787],[91.00794,25.16786],[91.00794,25.16795]],[[91.00784,25.16786],[91.00794,25.16786],[91.00794,25.16777],[91.00784,25.16777],[91.00784,25.16786]],[[91.00865,25.16733],[91.00874,25.16733],[91.00875,25.16724],[91.00885,25.16724],[91.00885,25.16715],[91.00875,25.16715],[91.00875,25.16706],[91.00865,25.16706],[91.00865,25.16715],[91.00855,25.16715],[91.00855,25.16724],[91.00865,25.16724],[91.00865,25.16733]],[[91.00835,25.16724],[91.00845,25.16724],[91.00845,25.16715],[91.00835,25.16715],[91.00835,25.16724]]]},"properties":{"id":"wetland_patch_d66ef1417eb3","date":"2026-07-24","area_km2":0.026,"pixel_count":260,"classification":"OPEN_WATER","interpretation_label":"HH darkening candidate","mean_delta_db":-5.287401223182679,"median_delta_db":-4.969069480895996,"hh_before":-14.972566514748793,"hh_after":-20.259967737931472,"hv_before":-21.66620251215421,"hv_after":-23.475137197054348,"delta_hh":-5.287401223182679,"delta_hv":-1.808934684900137,"valid_fraction":1.0,"valid_fraction_scope":"region bounding box, all four channels","vegetated_fraction":0.0,"quality_status":"PASS","spatial_status":"PARTIAL","temporal_status":"PARTIAL","temporal_overlap_fraction":0.0,"threshold_stability":"SENSITIVE","threshold_variation_fraction":0.2479108635097493,"evidence_state":"UNCERTAIN","centroid":[25.167929552425928,91.00843596018103],"data_source":"NISAR","evidence_method":"Rule consistency only; no accuracy estimate or independent reference validation.","baseline_method":"PER_PIXEL_MEDIAN","baseline_observation_count":3,"baseline_observation_dates":["2026-06-18","2026-06-30","2026-07-12"],"baseline_hh_temporal_mad_db":0.8250865936279297,"baseline_scene_names":["NISAR_L2_PR_GCOV_023_069_A_014_4005_DHDH_A_20260618T232135_20260618T232210_P05023_N_F_J_001","NISAR_L2_PR_GCOV_024_069_A_014_4005_DHDH_A_20260630T232134_20260630T232209_P05023_N_F_J_001","NISAR_L2_PR_GCOV_025_069_A_014_4005_DHDH_A_20260712T232134_20260712T232208_P05023_N_F_J_001"],"contextual_land_cover":null,"distance_to_water_m":null,"context_status":"NOT_AVAILABLE","reference_validated":false}},{"type":"Feature","geometry":{"type":"Polygon","coordinates":[[[90.99107,25.16818],[90.99108,25.16809],[90.99098,25.16809],[90.99098,25.168],[90.99088,25.16799],[90.99088,25.1679],[90.99068,25.1679],[90.99068,25.16799],[90.99058,25.16799],[90.99058,25.1679],[90.99019,25.16789],[90.99019,25.1678],[90.98999,25.1678],[90.98999,25.16771],[90.99009,25.16771],[90.99009,25.16762],[90.98999,25.16762],[90.98999,25.16753],[90.99009,25.16753],[90.99009,25.16744],[90.9899,25.16744],[90.9899,25.16735],[90.9898,25.16735],[90.9898,25.16726],[90.9899,25.16726],[90.9899,25.16717],[90.9901,25.16717],[90.9901,25.16708],[90.99,25.16708],[90.99,25.1669],[90.9899,25.1669],[90.98991,25.16681],[90.98981,25.16681],[90.98981,25.16672],[90.98971,25.16671],[90.98971,25.16681],[90.98961,25.1668],[90.98961,25.16689],[90.98941,25.16689],[90.98941,25.16662],[90.98931,25.16662],[90.98931,25.16689],[90.98921,25.16689],[90.98921,25.16707],[90.9895,25.16707],[90.9895,25.16734],[90.9894,25.16734],[90.9894,25.16743],[90.9892,25.16743],[90.9892,25.16734],[90.9891,25.16734],[90.98911,25.16725],[90.98901,25.16725],[90.98901,25.16716],[90.98891,25.16716],[90.98891,25.16707],[90.98851,25.16706],[90.98851,25.16697],[90.98842,25.16697],[90.98842,25.16688],[90.98822,25.16688],[90.98822,25.16678],[90.98812,25.16678],[90.98812,25.16669],[90.98802,25.16669],[90.98802,25.1666],[90.98783,25.1666],[90.98783,25.16633],[90.98773,25.16633],[90.98773,25.16624],[90.98783,25.16624],[90.98784,25.16606],[90.98774,25.16606],[90.98774,25.16597],[90.98764,25.16596],[90.98764,25.16578],[90.98744,25.16578],[90.98744,25.16569],[90.98774,25.1657],[90.98774,25.1656],[90.98764,25.1656],[90.98765,25.16542],[90.98755,25.16542],[90.98755,25.16533],[90.98735,25.16533],[90.98735,25.16524],[90.98725,25.16524],[90.98726,25.16506],[90.98745,25.16506],[90.98745,25.16515],[90.98755,25.16515],[90.98755,25.16506],[90.98765,25.16506],[90.98765,25.16524],[90.98795,25.16525],[90.98795,25.16534],[90.98775,25.16533],[90.98775,25.16551],[90.98804,25.16552],[90.98804,25.16543],[90.98824,25.16543],[90.98824,25.16534],[90.98805,25.16534],[90.98805,25.16516],[90.98795,25.16516],[90.98795,25.16507],[90.98785,25.16506],[90.98785,25.16488],[90.98795,25.16489],[90.98796,25.1648],[90.98805,25.1648],[90.98806,25.16462],[90.98796,25.16461],[90.98796,25.16452],[90.98806,25.16453],[90.98806,25.16444],[90.98816,25.16444],[90.98816,25.16435],[90.98836,25.16435],[90.98836,25.16426],[90.98876,25.16426],[90.98876,25.16417],[90.98866,25.16417],[90.98866,25.16408],[90.98906,25.16409],[90.98906,25.164],[90.98886,25.164],[90.98886,25.1639],[90.98926,25.16391],[90.98926,25.164],[90.98936,25.164],[90.98936,25.16409],[90.98926,25.16409],[90.98925,25.16418],[90.98935,25.16418],[90.98935,25.16427],[90.98945,25.16427],[90.98945,25.16436],[90.98955,25.16437],[90.98955,25.16419],[90.98965,25.16419],[90.98965,25.16401],[90.98985,25.16401],[90.98985,25.1641],[90.98975,25.1641],[90.98975,25.16419],[90.98985,25.16419],[90.98985,25.16437],[90.98975,25.16437],[90.98974,25.16464],[90.98964,25.16464],[90.98964,25.16473],[90.98974,25.16473],[90.98974,25.16482],[90.98984,25.16482],[90.98984,25.16491],[90.98994,25.16491],[90.98994,25.165],[90.98984,25.165],[90.98984,25.16509],[90.99003,25.16509],[90.99003,25.16518],[90.99033,25.16519],[90.99033,25.16528],[90.99043,25.16528],[90.99042,25.16546],[90.99052,25.16546],[90.99052,25.16555],[90.99062,25.16555],[90.99062,25.16564],[90.99102,25.16565],[90.99101,25.16583],[90.99121,25.16583],[90.99121,25.16601],[90.99111,25.16601],[90.99111,25.1661],[90.99121,25.1661],[90.99121,25.16619],[90.9914,25.1662],[90.9914,25.16629],[90.9915,25.16629],[90.9915,25.16611],[90.99131,25.1661],[90.99131,25.16592],[90.99141,25.16593],[90.99141,25.16602],[90.99161,25.16602],[90.9916,25.1662],[90.9918,25.1662],[90.9918,25.16629],[90.9919,25.16629],[90.9919,25.16638],[90.9918,25.16638],[90.9918,25.16647],[90.9917,25.16647],[90.9917,25.16638],[90.9916,25.16638],[90.9916,25.16656],[90.9917,25.16656],[90.99169,25.16665],[90.99159,25.16665],[90.99159,25.16692],[90.99149,25.16692],[90.99149,25.16701],[90.99129,25.16701],[90.99129,25.1671],[90.99119,25.1671],[90.99118,25.16746],[90.99128,25.16746],[90.99128,25.16773],[90.99138,25.16773],[90.99138,25.16764],[90.99158,25.16764],[90.99158,25.16773],[90.99178,25.16774],[90.99177,25.16783],[90.99167,25.16782],[90.99167,25.16792],[90.99138,25.16791],[90.99137,25.168],[90.99128,25.168],[90.99127,25.16809],[90.99117,25.16809],[90.99117,25.16818],[90.99107,25.16818]],[[90.99098,25.16791],[90.99128,25.16791],[90.99128,25.16782],[90.99098,25.16782],[90.99098,25.16791]],[[90.99039,25.16781],[90.99058,25.16781],[90.99059,25.16772],[90.99039,25.16772],[90.99039,25.16781]],[[90.99078,25.16781],[90.99088,25.16781],[90.99088,25.16772],[90.99078,25.16772],[90.99078,25.16781]],[[90.99148,25.16782],[90.99158,25.16782],[90.99158,25.16773],[90.99148,25.16773],[90.99148,25.16782]],[[90.99019,25.16771],[90.99029,25.16772],[90.99029,25.16763],[90.99019,25.16762],[90.99019,25.16771]],[[90.99029,25.16754],[90.99039,25.16754],[90.99039,25.16745],[90.99029,25.16745],[90.99029,25.16754]],[[90.99099,25.16754],[90.99108,25.16755],[90.99109,25.16746],[90.99099,25.16745],[90.99099,25.16754]],[[90.99039,25.16745],[90.99049,25.16745],[90.99049,25.16736],[90.99039,25.16736],[90.99039,25.16745]],[[90.99,25.16735],[90.99019,25.16735],[90.9902,25.16726],[90.99,25.16726],[90.99,25.16735]],[[90.99089,25.16736],[90.99109,25.16737],[90.99109,25.16728],[90.99099,25.16727],[90.99099,25.16718],[90.99109,25.16719],[90.99109,25.167],[90.99119,25.16701],[90.99119,25.16692],[90.9909,25.16691],[90.9909,25.16682],[90.9908,25.16682],[90.9908,25.167],[90.99099,25.167],[90.99099,25.16709],[90.99089,25.16709],[90.99089,25.16736]],[[90.98911,25.16725],[90.9892,25.16725],[90.98921,25.16716],[90.98911,25.16716],[90.98911,25.16725]],[[90.98891,25.16697],[90.98901,25.16698],[90.98901,25.16689],[90.98891,25.16688],[90.98891,25.16697]],[[90.9901,25.16699],[90.9903,25.16699],[90.9903,25.1669],[90.9904,25.1669],[90.9904,25.16681],[90.9902,25.16681],[90.9902,25.1669],[90.9901,25.1669],[90.9901,25.16699]],[[90.99,25.1669],[90.9901,25.1669],[90.9901,25.16681],[90.99001,25.16681],[90.99,25.1669]],[[90.9905,25.16691],[90.9906,25.16691],[90.9906,25.16673],[90.9905,25.16673],[90.9905,25.16691]],[[90.99119,25.16692],[90.99139,25.16692],[90.9914,25.16674],[90.9911,25.16673],[90.9911,25.16682],[90.9912,25.16683],[90.99119,25.16692]],[[90.98852,25.1667],[90.98862,25.1667],[90.98862,25.16661],[90.98852,25.16661],[90.98852,25.1667]],[[90.9914,25.16674],[90.99149,25.16674],[90.9915,25.16665],[90.9914,25.16665],[90.9914,25.16674]],[[90.98961,25.16662],[90.98971,25.16662],[90.98971,25.16653],[90.98961,25.16653],[90.98961,25.16662]],[[90.99021,25.16663],[90.9904,25.16663],[90.99041,25.16645],[90.99031,25.16645],[90.99031,25.16654],[90.99021,25.16654],[90.99021,25.16663]],[[90.9906,25.16664],[90.9907,25.16664],[90.9907,25.16655],[90.9906,25.16655],[90.9906,25.16664]],[[90.9913,25.16665],[90.9914,25.16665],[90.9914,25.16656],[90.9913,25.16656],[90.9913,25.16665]],[[90.98872,25.16652],[90.98882,25.16652],[90.98882,25.16643],[90.98872,25.16643],[90.98872,25.16652]],[[90.99001,25.16654],[90.99011,25.16654],[90.99011,25.16645],[90.99001,25.16645],[90.99001,25.16654]],[[90.9908,25.16655],[90.9909,25.16655],[90.9909,25.16646],[90.9908,25.16646],[90.9908,25.16655]],[[90.98813,25.16642],[90.98823,25.16642],[90.98823,25.16633],[90.98813,25.16633],[90.98813,25.16642]],[[90.98912,25.16644],[90.98922,25.16644],[90.98922,25.16626],[90.98912,25.16626],[90.98912,25.16644]],[[90.98872,25.16634],[90.98882,25.16634],[90.98883,25.16616],[90.98892,25.16616],[90.98893,25.16607],[90.98903,25.16607],[90.98903,25.16598],[90.98893,25.16598],[90.98893,25.16589],[90.98883,25.16589],[90.98883,25.16598],[90.98873,25.16598],[90.98873,25.16616],[90.98863,25.16616],[90.98863,25.16625],[90.98872,25.16625],[90.98872,25.16634]],[[90.99071,25.16637],[90.99091,25.16637],[90.99091,25.16628],[90.99081,25.16628],[90.99081,25.16619],[90.99071,25.16619],[90.99071,25.16637]],[[90.98813,25.16624],[90.98823,25.16624],[90.98823,25.16615],[90.98813,25.16615],[90.98813,25.16624]],[[90.98922,25.16626],[90.98932,25.16626],[90.98932,25.16617],[90.98922,25.16617],[90.98922,25.16626]],[[90.98952,25.16626],[90.98962,25.16626],[90.98962,25.16617],[90.98952,25.16617],[90.98952,25.16626]],[[90.98972,25.16626],[90.98982,25.16627],[90.98982,25.16617],[90.98972,25.16617],[90.98972,25.16626]],[[90.99031,25.16627],[90.99041,25.16627],[90.99041,25.16618],[90.99031,25.16618],[90.99031,25.16627]],[[90.98853,25.16616],[90.98863,25.16616],[90.98863,25.16607],[90.98853,25.16607],[90.98853,25.16616]],[[90.98793,25.16606],[90.98823,25.16606],[90.98823,25.16597],[90.98804,25.16597],[90.98804,25.16588],[90.98794,25.16588],[90.98793,25.16606]],[[90.98942,25.16608],[90.98952,25.16608],[90.98952,25.16599],[90.98942,25.16599],[90.98942,25.16608]],[[90.99031,25.16609],[90.99051,25.16609],[90.99051,25.166],[90.99032,25.166],[90.99031,25.16609]],[[90.98952,25.16599],[90.98962,25.16599],[90.98962,25.1659],[90.98952,25.1659],[90.98952,25.16599]],[[90.98784,25.16588],[90.98794,25.16588],[90.98794,25.1657],[90.98784,25.1657],[90.98784,25.16588]],[[90.98804,25.16588],[90.98814,25.16588],[90.98814,25.1657],[90.98804,25.1657],[90.98804,25.16588]],[[90.99002,25.16591],[90.99012,25.16591],[90.99012,25.16582],[90.99002,25.16582],[90.99002,25.16591]],[[90.98933,25.16581],[90.98943,25.16581],[90.98943,25.16572],[90.98933,25.16572],[90.98933,25.16581]],[[90.98814,25.1657],[90.98834,25.1657],[90.98834,25.16561],[90.98814,25.16561],[90.98814,25.1657]],[[90.98903,25.16571],[90.98913,25.16571],[90.98913,25.16562],[90.98903,25.16562],[90.98903,25.16571]],[[90.98943,25.16572],[90.98953,25.16572],[90.98953,25.16563],[90.98943,25.16563],[90.98943,25.16572]],[[90.99002,25.16573],[90.99012,25.16573],[90.99012,25.16564],[90.99002,25.16564],[90.99002,25.16573]],[[90.98844,25.16561],[90.98854,25.16562],[90.98854,25.16553],[90.98844,25.16552],[90.98844,25.16561]],[[90.99042,25.16564],[90.99052,25.16564],[90.99052,25.16555],[90.99042,25.16555],[90.99042,25.16564]],[[90.98824,25.16552],[90.98834,25.16552],[90.98834,25.16543],[90.98824,25.16543],[90.98824,25.16552]],[[90.98864,25.16553],[90.98874,25.16553],[90.98874,25.16544],[90.98864,25.16544],[90.98864,25.16553]],[[90.98943,25.16554],[90.98963,25.16554],[90.98963,25.16545],[90.98943,25.16545],[90.98943,25.16554]],[[90.99022,25.16555],[90.99032,25.16555],[90.99032,25.16546],[90.99023,25.16546],[90.99022,25.16555]],[[90.98973,25.16545],[90.98983,25.16545],[90.98983,25.16536],[90.98973,25.16536],[90.98973,25.16545]],[[90.99003,25.16546],[90.99023,25.16546],[90.99023,25.16537],[90.99013,25.16537],[90.99013,25.16528],[90.99003,25.16527],[90.99003,25.16546]],[[90.98894,25.16535],[90.98904,25.16535],[90.98904,25.16526],[90.98894,25.16526],[90.98894,25.16535]],[[90.98815,25.16525],[90.98834,25.16525],[90.98835,25.16516],[90.98815,25.16516],[90.98815,25.16525]],[[90.98844,25.16525],[90.98854,25.16525],[90.98854,25.16516],[90.98845,25.16516],[90.98844,25.16525]],[[90.98993,25.16527],[90.99003,25.16527],[90.99003,25.16518],[90.98993,25.16518],[90.98993,25.16527]],[[90.98835,25.16516],[90.98845,25.16516],[90.98845,25.16507],[90.98835,25.16507],[90.98835,25.16516]],[[90.98864,25.16517],[90.98874,25.16517],[90.98874,25.16508],[90.98864,25.16508],[90.98864,25.16517]],[[90.98944,25.16509],[90.98964,25.16509],[90.98964,25.165],[90.98944,25.165],[90.98944,25.16509]],[[90.98815,25.16498],[90.98835,25.16498],[90.98835,25.16489],[90.98815,25.16489],[90.98815,25.16498]],[[90.98914,25.16499],[90.98924,25.16499],[90.98924,25.1649],[90.98944,25.16491],[90.98944,25.16482],[90.98915,25.16481],[90.98914,25.16499]],[[90.98835,25.16489],[90.98855,25.16489],[90.98855,25.1648],[90.98835,25.1648],[90.98835,25.16489]],[[90.98954,25.16491],[90.98964,25.16491],[90.98964,25.16482],[90.98954,25.16482],[90.98954,25.16491]],[[90.98816,25.16471],[90.98825,25.16471],[90.98826,25.16462],[90.98816,25.16462],[90.98816,25.16471]],[[90.98905,25.16472],[90.98915,25.16472],[90.98915,25.16463],[90.98905,25.16463],[90.98905,25.16472]],[[90.98846,25.16444],[90.98856,25.16444],[90.98856,25.16435],[90.98846,25.16435],[90.98846,25.16444]],[[90.98895,25.16445],[90.98905,25.16445],[90.98905,25.16436],[90.98895,25.16436],[90.98895,25.16445]],[[90.98965,25.16437],[90.98975,25.16437],[90.98975,25.16428],[90.98965,25.16428],[90.98965,25.16437]]]},"properties":{"id":"wetland_patch_a03cbcdc5002","date":"2026-07-24","area_km2":0.0923,"pixel_count":923,"classification":"OPEN_WATER","interpretation_label":"HH darkening candidate","mean_delta_db":-6.063106155860463,"median_delta_db":-5.697774887084961,"hh_before":-11.975305844489828,"hh_after":-18.03841200035029,"hv_before":-19.11774116373527,"hv_after":-22.692485721501342,"delta_hh":-6.063106155860463,"delta_hv":-3.5747445577660724,"valid_fraction":0.8343141693073789,"valid_fraction_scope":"region bounding box, all four channels","vegetated_fraction":0.0,"quality_status":"PARTIAL","spatial_status":"PARTIAL","temporal_status":"PASS","temporal_overlap_fraction":0.8320693391115926,"threshold_stability":"STABLE","threshold_variation_fraction":0.15802075019952114,"evidence_state":"MODERATE","centroid":[25.166024982112013,90.98956570861898],"data_source":"NISAR","evidence_method":"Rule consistency only; no accuracy estimate or independent reference validation.","baseline_method":"PER_PIXEL_MEDIAN","baseline_observation_count":3,"baseline_observation_dates":["2026-06-18","2026-06-30","2026-07-12"],"baseline_hh_temporal_mad_db":0.8250865936279297,"baseline_scene_names":["NISAR_L2_PR_GCOV_023_069_A_014_4005_DHDH_A_20260618T232135_20260618T232210_P05023_N_F_J_001","NISAR_L2_PR_GCOV_024_069_A_014_4005_DHDH_A_20260630T232134_20260630T232209_P05023_N_F_J_001","NISAR_L2_PR_GCOV_025_069_A_014_4005_DHDH_A_20260712T232134_20260712T232208_P05023_N_F_J_001"],"contextual_land_cover":null,"distance_to_water_m":null,"context_status":"NOT_AVAILABLE","reference_validated":false}},{"type":"Feature","geometry":{"type":"Polygon","coordinates":[[[91.01092,25.16763],[91.01092,25.16754],[91.01102,25.16754],[91.01102,25.16745],[91.01083,25.16745],[91.01083,25.16736],[91.01053,25.16736],[91.01053,25.16727],[91.01033,25.16726],[91.01033,25.16717],[91.01023,25.16717],[91.01024,25.16708],[91.01014,25.16708],[91.01014,25.16699],[91.01024,25.16699],[91.01024,25.1669],[91.01014,25.1669],[91.01014,25.16681],[91.01024,25.16681],[91.01024,25.16663],[91.01034,25.16663],[91.01035,25.16645],[91.01025,25.16645],[91.01025,25.16654],[91.01015,25.16654],[91.01015,25.16627],[91.01025,25.16627],[91.01025,25.16609],[91.01035,25.16609],[91.01035,25.16618],[91.01045,25.16618],[91.01045,25.16627],[91.01055,25.16627],[91.01055,25.16636],[91.01074,25.16637],[91.01075,25.16628],[91.01104,25.16628],[91.01104,25.16637],[91.01114,25.16637],[91.01114,25.16619],[91.01124,25.16619],[91.01124,25.16628],[91.01134,25.16629],[91.01134,25.16638],[91.01144,25.16638],[91.01144,25.16656],[91.01163,25.16656],[91.01163,25.16665],[91.01133,25.16665],[91.01133,25.16674],[91.01113,25.16673],[91.01113,25.16682],[91.01123,25.16683],[91.01123,25.16692],[91.01133,25.16692],[91.01133,25.16719],[91.01152,25.16719],[91.01152,25.16737],[91.01122,25.16737],[91.01122,25.16746],[91.01112,25.16746],[91.01112,25.16764],[91.01092,25.16763]],[[91.01053,25.16727],[91.01063,25.16727],[91.01063,25.16718],[91.01053,25.16718],[91.01053,25.16727]],[[91.01093,25.16727],[91.01103,25.16727],[91.01103,25.16718],[91.01093,25.16718],[91.01093,25.16727]],[[91.01073,25.16709],[91.01093,25.16709],[91.01093,25.167],[91.01073,25.167],[91.01073,25.16709]],[[91.01044,25.167],[91.01063,25.167],[91.01064,25.16691],[91.01044,25.1669],[91.01044,25.167]],[[91.01044,25.16681],[91.01054,25.16682],[91.01054,25.16655],[91.01044,25.16654],[91.01044,25.16681]],[[91.01074,25.16673],[91.01084,25.16673],[91.01084,25.16637],[91.01074,25.16637],[91.01074,25.16646],[91.01064,25.16646],[91.01064,25.16664],[91.01074,25.16664],[91.01074,25.16673]],[[91.01094,25.16664],[91.01104,25.16664],[91.01104,25.16655],[91.01094,25.16655],[91.01094,25.16664]],[[91.01114,25.16664],[91.01124,25.16664],[91.01124,25.16655],[91.01114,25.16655],[91.01114,25.16664]],[[91.01124,25.16646],[91.01134,25.16647],[91.01134,25.16638],[91.01124,25.16637],[91.01124,25.16646]],[[91.01035,25.16636],[91.01045,25.16636],[91.01045,25.16627],[91.01035,25.16627],[91.01035,25.16636]]]},"properties":{"id":"wetland_patch_d3b9a89784fe","date":"2026-07-24","area_km2":0.0126,"pixel_count":126,"classification":"OPEN_WATER","interpretation_label":"HH darkening candidate","mean_delta_db":-5.104321533725376,"median_delta_db":-4.85773229598999,"hh_before":-14.503684372182876,"hh_after":-19.60800590590825,"hv_before":-21.119346981956845,"hv_after":-23.219036246102952,"delta_hh":-5.104321533725376,"delta_hv":-2.0996892641461087,"valid_fraction":1.0,"valid_fraction_scope":"region bounding box, all four channels","vegetated_fraction":0.0,"quality_status":"PASS","spatial_status":"PARTIAL","temporal_status":"PARTIAL","temporal_overlap_fraction":0.023809523809523808,"threshold_stability":"STABLE","threshold_variation_fraction":0.1566265060240964,"evidence_state":"MODERATE","centroid":[25.166848466051594,91.01083140329081],"data_source":"NISAR","evidence_method":"Rule consistency only; no accuracy estimate or independent reference validation.","baseline_method":"PER_PIXEL_MEDIAN","baseline_observation_count":3,"baseline_observation_dates":["2026-06-18","2026-06-30","2026-07-12"],"baseline_hh_temporal_mad_db":0.8250865936279297,"baseline_scene_names":["NISAR_L2_PR_GCOV_023_069_A_014_4005_DHDH_A_20260618T232135_20260618T232210_P05023_N_F_J_001","NISAR_L2_PR_GCOV_024_069_A_014_4005_DHDH_A_20260630T232134_20260630T232209_P05023_N_F_J_001","NISAR_L2_PR_GCOV_025_069_A_014_4005_DHDH_A_20260712T232134_20260712T232208_P05023_N_F_J_001"],"contextual_land_cover":null,"distance_to_water_m":null,"context_status":"NOT_AVAILABLE","reference_validated":false}},{"type":"Feature","geometry":{"type":"Polygon","coordinates":[[[91.01262,25.16702],[91.01262,25.16684],[91.01222,25.16684],[91.01223,25.16675],[91.01213,25.16675],[91.01213,25.16666],[91.01203,25.16666],[91.01203,25.16657],[91.01213,25.16657],[91.01213,25.16648],[91.01203,25.16647],[91.01203,25.16638],[91.01193,25.16638],[91.01194,25.16629],[91.01203,25.16629],[91.01204,25.16602],[91.01234,25.16603],[91.01234,25.16585],[91.01244,25.16585],[91.01244,25.16576],[91.01254,25.16576],[91.01254,25.16567],[91.01274,25.16567],[91.01274,25.16576],[91.01264,25.16576],[91.01264,25.16585],[91.01293,25.16586],[91.01294,25.16576],[91.01304,25.16577],[91.01304,25.16568],[91.01294,25.16567],[91.01294,25.16549],[91.01314,25.1655],[91.01313,25.16586],[91.01323,25.16586],[91.01323,25.16604],[91.01303,25.16604],[91.01303,25.16595],[91.01293,25.16595],[91.01293,25.16613],[91.01273,25.16612],[91.01273,25.1663],[91.01283,25.1663],[91.01283,25.1664],[91.01273,25.16639],[91.01273,25.16648],[91.01283,25.16649],[91.01282,25.16658],[91.01292,25.16658],[91.01292,25.16649],[91.01302,25.16649],[91.01302,25.1664],[91.01322,25.1664],[91.01322,25.16649],[91.01312,25.16649],[91.01312,25.16658],[91.01302,25.16658],[91.01302,25.16667],[91.01342,25.16667],[91.01342,25.16676],[91.01302,25.16676],[91.01302,25.16685],[91.01282,25.16685],[91.01282,25.16694],[91.01272,25.16694],[91.01272,25.16703],[91.01262,25.16702]],[[91.01242,25.16675],[91.01252,25.16675],[91.01252,25.16666],[91.01243,25.16666],[91.01242,25.16675]],[[91.01223,25.16639],[91.01253,25.16639],[91.01253,25.1663],[91.01223,25.1663],[91.01223,25.16639]],[[91.01234,25.16612],[91.01243,25.16612],[91.01244,25.16603],[91.01234,25.16603],[91.01234,25.16612]],[[91.01273,25.16603],[91.01283,25.16603],[91.01283,25.16594],[91.01273,25.16594],[91.01273,25.16603]],[[91.01254,25.16594],[91.01264,25.16594],[91.01264,25.16585],[91.01254,25.16585],[91.01254,25.16594]]]},"properties":{"id":"wetland_patch_79abb92ae011","date":"2026-07-24","area_km2":0.0105,"pixel_count":105,"classification":"OPEN_WATER","interpretation_label":"HH darkening candidate","mean_delta_db":-5.050981453486851,"median_delta_db":-4.528806686401367,"hh_before":-13.064689881461007,"hh_after":-18.11567133494786,"hv_before":-19.79503810519264,"hv_after":-22.37414039430164,"delta_hh":-5.050981453486851,"delta_hv":-2.579102289109003,"valid_fraction":1.0,"valid_fraction_scope":"region bounding box, all four channels","vegetated_fraction":0.0,"quality_status":"PASS","spatial_status":"PARTIAL","temporal_status":"PARTIAL","temporal_overlap_fraction":0.009523809523809525,"threshold_stability":"SENSITIVE","threshold_variation_fraction":0.2446043165467626,"evidence_state":"UNCERTAIN","centroid":[25.16632327631225,91.01262132599251],"data_source":"NISAR","evidence_method":"Rule consistency only; no accuracy estimate or independent reference validation.","baseline_method":"PER_PIXEL_MEDIAN","baseline_observation_count":3,"baseline_observation_dates":["2026-06-18","2026-06-30","2026-07-12"],"baseline_hh_temporal_mad_db":0.8250865936279297,"baseline_scene_names":["NISAR_L2_PR_GCOV_023_069_A_014_4005_DHDH_A_20260618T232135_20260618T232210_P05023_N_F_J_001","NISAR_L2_PR_GCOV_024_069_A_014_4005_DHDH_A_20260630T232134_20260630T232209_P05023_N_F_J_001","NISAR_L2_PR_GCOV_025_069_A_014_4005_DHDH_A_20260712T232134_20260712T232208_P05023_N_F_J_001"],"contextual_land_cover":null,"distance_to_water_m":null,"context_status":"NOT_AVAILABLE","reference_validated":false}},{"type":"Feature","geometry":{"type":"Polygon","coordinates":[[[90.99329,25.16631],[90.99329,25.16622],[90.99319,25.16622],[90.99319,25.16613],[90.99339,25.16613],[90.99339,25.16586],[90.99329,25.16586],[90.99329,25.16595],[90.99319,25.16595],[90.9932,25.16577],[90.9931,25.16577],[90.9931,25.16586],[90.993,25.16586],[90.993,25.16595],[90.9929,25.16595],[90.9929,25.16586],[90.9928,25.16585],[90.9928,25.16576],[90.9929,25.16577],[90.9929,25.16567],[90.993,25.16568],[90.993,25.16559],[90.9929,25.16558],[90.9929,25.16549],[90.99261,25.16549],[90.99261,25.1654],[90.9929,25.1654],[90.99291,25.16531],[90.99281,25.16531],[90.99281,25.16522],[90.99271,25.16522],[90.99271,25.16504],[90.99281,25.16504],[90.99281,25.16495],[90.99261,25.16495],[90.99262,25.16486],[90.99301,25.16486],[90.99301,25.16513],[90.9935,25.16514],[90.99351,25.16505],[90.9936,25.16505],[90.99361,25.16496],[90.99371,25.16496],[90.99371,25.16487],[90.99381,25.16487],[90.9938,25.16497],[90.9939,25.16497],[90.99391,25.16488],[90.9941,25.16488],[90.99411,25.16479],[90.99391,25.16479],[90.99391,25.1647],[90.99431,25.1647],[90.99431,25.16443],[90.99441,25.16443],[90.9944,25.16479],[90.9943,25.16479],[90.9943,25.16488],[90.9942,25.16488],[90.9942,25.16497],[90.9943,25.16497],[90.9943,25.16506],[90.9942,25.16506],[90.9942,25.16524],[90.99459,25.16525],[90.99459,25.16543],[90.99439,25.16542],[90.99439,25.16533],[90.9942,25.16533],[90.99419,25.1656],[90.99389,25.1656],[90.99389,25.16569],[90.99379,25.16569],[90.9938,25.16551],[90.9937,25.16551],[90.99369,25.16569],[90.99359,25.16568],[90.99359,25.16577],[90.99379,25.16578],[90.99379,25.16587],[90.99399,25.16587],[90.99399,25.16596],[90.99389,25.16596],[90.99389,25.16605],[90.99379,25.16605],[90.99379,25.16614],[90.99369,25.16614],[90.99369,25.16605],[90.99359,25.16605],[90.99359,25.16596],[90.99349,25.16595],[90.99349,25.16622],[90.99339,25.16622],[90.99339,25.16631],[90.99329,25.16631]],[[90.9932,25.16559],[90.9933,25.16559],[90.9933,25.1655],[90.9932,25.1655],[90.9932,25.16559]],[[90.9935,25.16532],[90.9936,25.16532],[90.9936,25.16523],[90.9935,25.16523],[90.9935,25.16532]],[[90.99281,25.16513],[90.99291,25.16513],[90.99291,25.16504],[90.99281,25.16504],[90.99281,25.16513]],[[90.9939,25.16506],[90.994,25.16506],[90.994,25.16497],[90.9939,25.16497],[90.9939,25.16506]]]},"properties":{"id":"wetland_patch_2837123788b6","date":"2026-07-24","area_km2":0.0151,"pixel_count":151,"classification":"OPEN_WATER","interpretation_label":"HH darkening candidate","mean_delta_db":-5.968647900006629,"median_delta_db":-5.350899696350098,"hh_before":-11.502873461767537,"hh_after":-17.471521361774165,"hv_before":-19.20068874106502,"hv_after":-22.41856958376651,"delta_hh":-5.968647900006629,"delta_hv":-3.2178808427014887,"valid_fraction":1.0,"valid_fraction_scope":"region bounding box, all four channels","vegetated_fraction":0.0,"quality_status":"PASS","spatial_status":"PARTIAL","temporal_status":"PASS","temporal_overlap_fraction":0.7152317880794702,"threshold_stability":"STABLE","threshold_variation_fraction":0.19823788546255505,"evidence_state":"MODERATE","centroid":[25.16539434333426,90.99356618599813],"data_source":"NISAR","evidence_method":"Rule consistency only; no accuracy estimate or independent reference validation.","baseline_method":"PER_PIXEL_MEDIAN","baseline_observation_count":3,"baseline_observation_dates":["2026-06-18","2026-06-30","2026-07-12"],"baseline_hh_temporal_mad_db":0.8250865936279297,"baseline_scene_names":["NISAR_L2_PR_GCOV_023_069_A_014_4005_DHDH_A_20260618T232135_20260618T232210_P05023_N_F_J_001","NISAR_L2_PR_GCOV_024_069_A_014_4005_DHDH_A_20260630T232134_20260630T232209_P05023_N_F_J_001","NISAR_L2_PR_GCOV_025_069_A_014_4005_DHDH_A_20260712T232134_20260712T232208_P05023_N_F_J_001"],"contextual_land_cover":null,"distance_to_water_m":null,"context_status":"NOT_AVAILABLE","reference_validated":false}},{"type":"Feature","geometry":{"type":"Polygon","coordinates":[[[91.00142,25.16633],[91.00142,25.16624],[91.00122,25.16624],[91.00122,25.16615],[91.00113,25.16615],[91.00113,25.16588],[91.00103,25.16588],[91.00103,25.16597],[91.00083,25.16596],[91.00083,25.16587],[91.00093,25.16587],[91.00093,25.16578],[91.00083,25.16578],[91.00084,25.16569],[91.00074,25.16569],[91.00074,25.1656],[91.00064,25.1656],[91.00064,25.16569],[91.00034,25.16569],[91.00034,25.1656],[91.00044,25.1656],[91.00044,25.16542],[91.00034,25.16541],[91.00035,25.16523],[91.00025,25.16523],[91.00025,25.16505],[91.00045,25.16505],[91.00045,25.16515],[91.00055,25.16515],[91.00054,25.16542],[91.00064,25.16542],[91.00064,25.16524],[91.00074,25.16524],[91.00074,25.16533],[91.00084,25.16533],[91.00084,25.16515],[91.00094,25.16515],[91.00094,25.16533],[91.00104,25.16533],[91.00104,25.16542],[91.00114,25.16543],[91.00114,25.16524],[91.00104,25.16524],[91.00104,25.16506],[91.00095,25.16506],[91.00095,25.16497],[91.00134,25.16498],[91.00134,25.16507],[91.00144,25.16507],[91.00144,25.16498],[91.00164,25.16498],[91.00164,25.16507],[91.00154,25.16507],[91.00154,25.16534],[91.00163,25.16534],[91.00164,25.16516],[91.00174,25.16516],[91.00173,25.16543],[91.00183,25.16543],[91.00183,25.16534],[91.00203,25.16535],[91.00203,25.16544],[91.00233,25.16544],[91.00233,25.16553],[91.00223,25.16553],[91.00222,25.16571],[91.00232,25.16571],[91.00232,25.1658],[91.00242,25.1658],[91.00242,25.16589],[91.00252,25.1659],[91.00252,25.16581],[91.00272,25.16581],[91.00272,25.1659],[91.00282,25.1659],[91.00281,25.16599],[91.00262,25.16599],[91.00261,25.16608],[91.00242,25.16607],[91.00242,25.16598],[91.00232,25.16598],[91.00232,25.16607],[91.00222,25.16607],[91.00222,25.16616],[91.00202,25.16616],[91.00202,25.16625],[91.00182,25.16625],[91.00182,25.16616],[91.00192,25.16616],[91.00192,25.16598],[91.00162,25.16597],[91.00162,25.16615],[91.00152,25.16615],[91.00152,25.16633],[91.00142,25.16633]],[[91.00133,25.16606],[91.00142,25.16606],[91.00143,25.16597],[91.00133,25.16597],[91.00133,25.16606]],[[91.00202,25.16598],[91.00212,25.16598],[91.00212,25.16589],[91.00202,25.16589],[91.00202,25.16598]],[[91.00113,25.16588],[91.00123,25.16588],[91.00123,25.16579],[91.00113,25.16579],[91.00113,25.16588]],[[91.00123,25.16579],[91.00133,25.16579],[91.00133,25.1657],[91.00123,25.1657],[91.00123,25.16579]],[[91.00193,25.16571],[91.00203,25.16571],[91.00203,25.16562],[91.00193,25.16562],[91.00193,25.16571]],[[91.00113,25.16561],[91.00123,25.16561],[91.00124,25.16543],[91.00114,25.16543],[91.00113,25.16561]],[[91.00133,25.16561],[91.00173,25.16561],[91.00173,25.16552],[91.00153,25.16552],[91.00153,25.16543],[91.00134,25.16543],[91.00133,25.16561]]]},"properties":{"id":"wetland_patch_05d15cc4786d","date":"2026-07-24","area_km2":0.0164,"pixel_count":164,"classification":"OPEN_WATER","interpretation_label":"HH darkening candidate","mean_delta_db":-6.270909358815449,"median_delta_db":-5.724532127380371,"hh_before":-13.56494606122738,"hh_after":-19.83585542004283,"hv_before":-20.36281639773671,"hv_after":-23.532651773313198,"delta_hh":-6.270909358815449,"delta_hv":-3.1698353755764845,"valid_fraction":1.0,"valid_fraction_scope":"region bounding box, all four channels","vegetated_fraction":0.0,"quality_status":"PASS","spatial_status":"PARTIAL","temporal_status":"PARTIAL","temporal_overlap_fraction":0.2865853658536585,"threshold_stability":"STABLE","threshold_variation_fraction":0.16822429906542055,"evidence_state":"MODERATE","centroid":[25.16563329118002,91.00145347040849],"data_source":"NISAR","evidence_method":"Rule consistency only; no accuracy estimate or independent reference validation.","baseline_method":"PER_PIXEL_MEDIAN","baseline_observation_count":3,"baseline_observation_dates":["2026-06-18","2026-06-30","2026-07-12"],"baseline_hh_temporal_mad_db":0.8250865936279297,"baseline_scene_names":["NISAR_L2_PR_GCOV_023_069_A_014_4005_DHDH_A_20260618T232135_20260618T232210_P05023_N_F_J_001","NISAR_L2_PR_GCOV_024_069_A_014_4005_DHDH_A_20260630T232134_20260630T232209_P05023_N_F_J_001","NISAR_L2_PR_GCOV_025_069_A_014_4005_DHDH_A_20260712T232134_20260712T232208_P05023_N_F_J_001"],"contextual_land_cover":null,"distance_to_water_m":null,"context_status":"NOT_AVAILABLE","reference_validated":false}},{"type":"Feature","geometry":{"type":"Polygon","coordinates":[[[90.99033,25.16501],[90.99034,25.16483],[90.99014,25.16483],[90.99014,25.16492],[90.99004,25.16491],[90.99004,25.16455],[90.98984,25.16455],[90.98985,25.16437],[90.98995,25.16437],[90.98995,25.16419],[90.99005,25.16419],[90.99005,25.1641],[90.98995,25.1641],[90.98995,25.16401],[90.99005,25.16401],[90.99005,25.16392],[90.98995,25.16392],[90.98996,25.16374],[90.98986,25.16374],[90.98986,25.16365],[90.99006,25.16365],[90.99006,25.16356],[90.98986,25.16356],[90.98986,25.16338],[90.99006,25.16338],[90.99007,25.16311],[90.98997,25.16311],[90.98997,25.16302],[90.99027,25.16302],[90.99027,25.16293],[90.99017,25.16293],[90.99017,25.16275],[90.99037,25.16275],[90.99037,25.16266],[90.99027,25.16266],[90.99027,25.16248],[90.99037,25.16248],[90.99038,25.16212],[90.99058,25.16212],[90.99058,25.16203],[90.99068,25.16203],[90.99068,25.16221],[90.99087,25.16222],[90.99087,25.16231],[90.99077,25.16231],[90.99077,25.1624],[90.99087,25.1624],[90.99087,25.16249],[90.99067,25.16249],[90.99067,25.16258],[90.99107,25.16258],[90.99106,25.16267],[90.99097,25.16267],[90.99096,25.16276],[90.99087,25.16276],[90.99087,25.16267],[90.99077,25.16267],[90.99076,25.16285],[90.99086,25.16285],[90.99086,25.16294],[90.99076,25.16294],[90.99076,25.16303],[90.99066,25.16303],[90.99066,25.16312],[90.99096,25.16312],[90.99096,25.16321],[90.99106,25.16321],[90.99106,25.16303],[90.99116,25.16303],[90.99116,25.16294],[90.99096,25.16294],[90.99096,25.16285],[90.99126,25.16285],[90.99126,25.16294],[90.99146,25.16295],[90.99146,25.16277],[90.99136,25.16277],[90.99136,25.16268],[90.99126,25.16267],[90.99126,25.16276],[90.99116,25.16276],[90.99117,25.16258],[90.99136,25.16258],[90.99137,25.16249],[90.99156,25.1625],[90.99156,25.16286],[90.99166,25.16286],[90.99166,25.16295],[90.99185,25.16295],[90.99185,25.16304],[90.99165,25.16304],[90.99165,25.16313],[90.99136,25.16313],[90.99135,25.16322],[90.99125,25.16322],[90.99125,25.16349],[90.99135,25.16349],[90.99135,25.16367],[90.99125,25.16367],[90.99125,25.16376],[90.99115,25.16376],[90.99114,25.16394],[90.99124,25.16394],[90.99124,25.16403],[90.99084,25.16402],[90.99085,25.16393],[90.99104,25.16393],[90.99105,25.16384],[90.99075,25.16384],[90.99075,25.16375],[90.99065,25.16375],[90.99065,25.16384],[90.99055,25.16384],[90.99055,25.16402],[90.99065,25.16402],[90.99064,25.1642],[90.99054,25.1642],[90.99055,25.16411],[90.99035,25.16411],[90.99035,25.1642],[90.99044,25.1642],[90.99044,25.16429],[90.99034,25.16429],[90.99034,25.16438],[90.99024,25.16438],[90.99024,25.16447],[90.99014,25.16446],[90.99014,25.16455],[90.99024,25.16456],[90.99024,25.16465],[90.99044,25.16465],[90.99044,25.16456],[90.99054,25.16456],[90.99054,25.16474],[90.99044,25.16474],[90.99043,25.16492],[90.99053,25.16492],[90.99053,25.16501],[90.99033,25.16501]],[[90.99015,25.16428],[90.99025,25.16428],[90.99025,25.16419],[90.99015,25.16419],[90.99015,25.16428]],[[90.99015,25.1641],[90.99025,25.1641],[90.99025,25.16401],[90.99035,25.16402],[90.99035,25.16393],[90.99025,25.16392],[90.99025,25.16383],[90.99015,25.16383],[90.99015,25.1641]],[[90.99015,25.16374],[90.99025,25.16374],[90.99026,25.16356],[90.99016,25.16356],[90.99015,25.16374]],[[90.99035,25.16374],[90.99045,25.16375],[90.99045,25.16366],[90.99035,25.16365],[90.99035,25.16374]],[[90.99085,25.16375],[90.99105,25.16375],[90.99105,25.16357],[90.99085,25.16357],[90.99085,25.16375]],[[90.99045,25.16366],[90.99055,25.16366],[90.99056,25.16348],[90.99065,25.16348],[90.99066,25.16339],[90.99046,25.16338],[90.99046,25.16348],[90.99026,25.16347],[90.99026,25.16356],[90.99046,25.16357],[90.99045,25.16366]],[[90.99065,25.16366],[90.99075,25.16366],[90.99075,25.16357],[90.99065,25.16357],[90.99065,25.16366]],[[90.99115,25.16367],[90.99125,25.16367],[90.99125,25.16358],[90.99115,25.16357],[90.99115,25.16367]],[[90.99016,25.16347],[90.99026,25.16347],[90.99026,25.16338],[90.99016,25.16338],[90.99016,25.16347]],[[90.99076,25.16339],[90.99085,25.16339],[90.99086,25.1633],[90.99076,25.1633],[90.99076,25.16339]],[[90.99066,25.1633],[90.99076,25.1633],[90.99076,25.16321],[90.99066,25.16321],[90.99066,25.1633]],[[90.99016,25.1632],[90.99036,25.1632],[90.99036,25.16311],[90.99017,25.16311],[90.99016,25.1632]],[[90.99046,25.1632],[90.99056,25.16321],[90.99056,25.16312],[90.99046,25.16311],[90.99046,25.1632]],[[90.99116,25.16312],[90.99126,25.16313],[90.99126,25.16303],[90.99116,25.16303],[90.99116,25.16312]],[[90.99057,25.16284],[90.99067,25.16285],[90.99067,25.16267],[90.99057,25.16266],[90.99057,25.16284]],[[90.99037,25.16257],[90.99057,25.16257],[90.99057,25.16248],[90.99037,25.16248],[90.99037,25.16257]],[[90.99058,25.1623],[90.99067,25.1623],[90.99068,25.16221],[90.99058,25.16221],[90.99058,25.1623]]]},"properties":{"id":"wetland_patch_a66b8068b5dd","date":"2026-07-24","area_km2":0.0218,"pixel_count":218,"classification":"OPEN_WATER","interpretation_label":"HH darkening candidate","mean_delta_db":-4.88266897857736,"median_delta_db":-4.644016265869141,"hh_before":-14.691270283602794,"hh_after":-19.573939262180154,"hv_before":-20.996560258602877,"hv_after":-23.079327675180696,"delta_hh":-4.88266897857736,"delta_hv":-2.0827674165778203,"valid_fraction":1.0,"valid_fraction_scope":"region bounding box, all four channels","vegetated_fraction":0.0,"quality_status":"PASS","spatial_status":"PARTIAL","temporal_status":"PARTIAL","temporal_overlap_fraction":0.3440366972477064,"threshold_stability":"SENSITIVE","threshold_variation_fraction":0.25806451612903225,"evidence_state":"UNCERTAIN","centroid":[25.1634071039968,90.99062248627624],"data_source":"NISAR","evidence_method":"Rule consistency only; no accuracy estimate or independent reference validation.","baseline_method":"PER_PIXEL_MEDIAN","baseline_observation_count":3,"baseline_observation_dates":["2026-06-18","2026-06-30","2026-07-12"],"baseline_hh_temporal_mad_db":0.8250865936279297,"baseline_scene_names":["NISAR_L2_PR_GCOV_023_069_A_014_4005_DHDH_A_20260618T232135_20260618T232210_P05023_N_F_J_001","NISAR_L2_PR_GCOV_024_069_A_014_4005_DHDH_A_20260630T232134_20260630T232209_P05023_N_F_J_001","NISAR_L2_PR_GCOV_025_069_A_014_4005_DHDH_A_20260712T232134_20260712T232208_P05023_N_F_J_001"],"contextual_land_cover":null,"distance_to_water_m":null,"context_status":"NOT_AVAILABLE","reference_validated":false}},{"type":"Feature","geometry":{"type":"Polygon","coordinates":[[[90.99283,25.16396],[90.99283,25.16369],[90.99273,25.16369],[90.99273,25.16378],[90.99263,25.16378],[90.99264,25.1636],[90.99284,25.1636],[90.99284,25.16324],[90.99274,25.16324],[90.99274,25.16305],[90.99265,25.16305],[90.99264,25.16314],[90.99255,25.16314],[90.99255,25.16305],[90.99245,25.16305],[90.99245,25.16296],[90.99255,25.16296],[90.99255,25.16278],[90.99245,25.16278],[90.99245,25.16269],[90.99255,25.16269],[90.99256,25.16251],[90.99275,25.16251],[90.99275,25.16278],[90.99285,25.16279],[90.99285,25.1627],[90.99295,25.1627],[90.99295,25.16261],[90.99315,25.16261],[90.99315,25.16279],[90.99305,25.16279],[90.99305,25.16288],[90.99314,25.16288],[90.99314,25.16297],[90.99324,25.16297],[90.99324,25.16306],[90.99314,25.16306],[90.99314,25.16315],[90.99334,25.16315],[90.99334,25.16324],[90.99314,25.16324],[90.99314,25.16333],[90.99334,25.16333],[90.99333,25.16351],[90.99323,25.16351],[90.99323,25.1636],[90.99313,25.1636],[90.99313,25.16369],[90.99293,25.16369],[90.99293,25.16387],[90.99303,25.16387],[90.99303,25.16396],[90.99283,25.16396]],[[90.99304,25.16351],[90.99313,25.16351],[90.99314,25.16342],[90.99304,25.16342],[90.99304,25.16351]],[[90.99294,25.16315],[90.99304,25.16315],[90.99304,25.16297],[90.99294,25.16297],[90.99294,25.16315]],[[90.99265,25.16296],[90.99275,25.16296],[90.99275,25.16287],[90.99265,25.16287],[90.99265,25.16296]]]},"properties":{"id":"wetland_patch_9216da21d7d0","date":"2026-07-24","area_km2":0.0065,"pixel_count":65,"classification":"OPEN_WATER","interpretation_label":"HH darkening candidate","mean_delta_db":-5.384007894075834,"median_delta_db":-4.755955696105957,"hh_before":-14.45292544731727,"hh_after":-19.836933341393102,"hv_before":-21.028093587435208,"hv_after":-23.459503525954027,"delta_hh":-5.384007894075834,"delta_hv":-2.4314099385188177,"valid_fraction":1.0,"valid_fraction_scope":"region bounding box, all four channels","vegetated_fraction":0.0,"quality_status":"PASS","spatial_status":"PARTIAL","temporal_status":"PARTIAL","temporal_overlap_fraction":0.0,"threshold_stability":"STABLE","threshold_variation_fraction":0.15,"evidence_state":"MODERATE","centroid":[25.163164746616932,90.9929056576383],"data_source":"NISAR","evidence_method":"Rule consistency only; no accuracy estimate or independent reference validation.","baseline_method":"PER_PIXEL_MEDIAN","baseline_observation_count":3,"baseline_observation_dates":["2026-06-18","2026-06-30","2026-07-12"],"baseline_hh_temporal_mad_db":0.8250865936279297,"baseline_scene_names":["NISAR_L2_PR_GCOV_023_069_A_014_4005_DHDH_A_20260618T232135_20260618T232210_P05023_N_F_J_001","NISAR_L2_PR_GCOV_024_069_A_014_4005_DHDH_A_20260630T232134_20260630T232209_P05023_N_F_J_001","NISAR_L2_PR_GCOV_025_069_A_014_4005_DHDH_A_20260712T232134_20260712T232208_P05023_N_F_J_001"],"contextual_land_cover":null,"distance_to_water_m":null,"context_status":"NOT_AVAILABLE","reference_validated":false}},{"type":"Feature","geometry":{"type":"Polygon","coordinates":[[[90.98649,25.16342],[90.98649,25.16333],[90.98639,25.16333],[90.98639,25.16324],[90.98649,25.16324],[90.98649,25.16315],[90.9863,25.16315],[90.9863,25.16306],[90.9862,25.16306],[90.9862,25.16324],[90.986,25.16323],[90.986,25.16314],[90.9854,25.16314],[90.98541,25.16296],[90.98531,25.16295],[90.98531,25.16286],[90.98521,25.16286],[90.98521,25.16277],[90.98531,25.16277],[90.98531,25.16268],[90.98521,25.16268],[90.98522,25.1625],[90.98531,25.1625],[90.98531,25.16259],[90.98541,25.16259],[90.98541,25.1625],[90.98551,25.16251],[90.98551,25.16242],[90.98542,25.16241],[90.98542,25.16232],[90.98552,25.16232],[90.98552,25.16223],[90.98522,25.16223],[90.98522,25.16232],[90.98532,25.16232],[90.98532,25.16241],[90.98502,25.16241],[90.98502,25.1625],[90.98512,25.1625],[90.98511,25.16259],[90.98502,25.16259],[90.98501,25.16268],[90.98492,25.16268],[90.98491,25.16277],[90.98481,25.16277],[90.98481,25.16295],[90.98461,25.16294],[90.98461,25.16303],[90.98471,25.16304],[90.98471,25.16313],[90.98451,25.16312],[90.98451,25.16303],[90.98441,25.16303],[90.98441,25.16294],[90.98432,25.16294],[90.98431,25.16312],[90.98421,25.16312],[90.98422,25.16285],[90.98432,25.16285],[90.98432,25.16276],[90.98442,25.16276],[90.98442,25.16285],[90.98452,25.16285],[90.98452,25.16276],[90.98462,25.16276],[90.98462,25.16267],[90.98452,25.16267],[90.98452,25.16258],[90.98432,25.16258],[90.98432,25.16249],[90.98422,25.16249],[90.98423,25.16213],[90.98433,25.16213],[90.98433,25.16231],[90.98443,25.16231],[90.98442,25.16249],[90.98462,25.16249],[90.98462,25.1624],[90.98472,25.1624],[90.98472,25.16231],[90.98462,25.16231],[90.98463,25.16213],[90.98473,25.16213],[90.98473,25.16195],[90.98503,25.16196],[90.98503,25.16187],[90.98513,25.16187],[90.98513,25.1616],[90.98523,25.1616],[90.98523,25.16178],[90.98543,25.16178],[90.98543,25.16169],[90.98563,25.16169],[90.98562,25.16178],[90.98582,25.16179],[90.98582,25.16197],[90.98592,25.16197],[90.98592,25.16188],[90.98602,25.16188],[90.98602,25.16197],[90.98612,25.16197],[90.98612,25.16179],[90.98622,25.16179],[90.98622,25.1617],[90.98632,25.1617],[90.98632,25.16161],[90.98652,25.16162],[90.98652,25.16171],[90.98642,25.16171],[90.98641,25.16198],[90.98632,25.16197],[90.98632,25.16188],[90.98622,25.16188],[90.98621,25.16206],[90.98582,25.16206],[90.98582,25.16224],[90.98591,25.16224],[90.98592,25.16215],[90.98601,25.16215],[90.98601,25.16251],[90.98631,25.16252],[90.9863,25.1627],[90.9864,25.1627],[90.9864,25.16279],[90.9865,25.16279],[90.9865,25.16288],[90.9866,25.16288],[90.9866,25.16279],[90.9867,25.16279],[90.98671,25.16234],[90.98681,25.16234],[90.9868,25.16261],[90.9869,25.16261],[90.9869,25.1627],[90.9872,25.16271],[90.98719,25.1628],[90.9869,25.16279],[90.9869,25.16289],[90.98709,25.16289],[90.98709,25.16316],[90.98699,25.16316],[90.98699,25.16334],[90.98659,25.16333],[90.98659,25.16342],[90.98649,25.16342]],[[90.98659,25.16315],[90.98669,25.16315],[90.98669,25.16306],[90.9866,25.16306],[90.98659,25.16315]],[[90.9863,25.16306],[90.9864,25.16306],[90.9864,25.16297],[90.9863,25.16297],[90.9863,25.16306]],[[90.9865,25.16306],[90.9866,25.16306],[90.9866,25.16297],[90.9865,25.16297],[90.9865,25.16306]],[[90.9857,25.16296],[90.9859,25.16296],[90.9859,25.16287],[90.98571,25.16287],[90.9857,25.16296]],[[90.9861,25.16296],[90.9862,25.16297],[90.9862,25.16288],[90.9861,25.16287],[90.9861,25.16296]],[[90.98551,25.16287],[90.98561,25.16287],[90.98561,25.16278],[90.98551,25.16278],[90.98551,25.16287]],[[90.9862,25.16279],[90.9863,25.16279],[90.9863,25.1627],[90.9862,25.1627],[90.9862,25.16279]],[[90.98482,25.16268],[90.98492,25.16268],[90.98492,25.16259],[90.98482,25.16259],[90.98482,25.16268]],[[90.98591,25.16269],[90.98601,25.16269],[90.98601,25.16251],[90.98591,25.16251],[90.98591,25.16269]],[[90.98571,25.16251],[90.98581,25.16251],[90.98581,25.16242],[90.98571,25.16242],[90.98571,25.16251]],[[90.98561,25.16242],[90.98571,25.16242],[90.98571,25.16233],[90.98581,25.16233],[90.98582,25.16224],[90.98572,25.16224],[90.98572,25.16215],[90.98562,25.16215],[90.98561,25.16242]],[[90.98482,25.16232],[90.98502,25.16232],[90.98502,25.16223],[90.98482,25.16223],[90.98482,25.16232]],[[90.98512,25.16214],[90.98522,25.16214],[90.98522,25.16205],[90.98512,25.16205],[90.98512,25.16214]],[[90.98542,25.16214],[90.98552,25.16214],[90.98552,25.16205],[90.98562,25.16206],[90.98562,25.16197],[90.98552,25.16196],[90.98552,25.16187],[90.98533,25.16187],[90.98532,25.16196],[90.98542,25.16196],[90.98542,25.16214]]]},"properties":{"id":"wetland_patch_587d6c38b950","date":"2026-07-24","area_km2":0.0237,"pixel_count":237,"classification":"OPEN_WATER","interpretation_label":"HH darkening candidate","mean_delta_db":-5.097276078623558,"median_delta_db":-4.6520185470581055,"hh_before":-12.671410867810753,"hh_after":-17.76868694643431,"hv_before":-19.66077207814792,"hv_after":-22.514077870654656,"delta_hh":-5.097276078623558,"delta_hv":-2.853305792506737,"valid_fraction":1.0,"valid_fraction_scope":"region bounding box, all four channels","vegetated_fraction":0.0,"quality_status":"PASS","spatial_status":"PARTIAL","temporal_status":"PARTIAL","temporal_overlap_fraction":0.14767932489451477,"threshold_stability":"SENSITIVE","threshold_variation_fraction":0.24846625766871167,"evidence_state":"UNCERTAIN","centroid":[25.162568192243768,90.98566959858479],"data_source":"NISAR","evidence_method":"Rule consistency only; no accuracy estimate or independent reference validation.","baseline_method":"PER_PIXEL_MEDIAN","baseline_observation_count":3,"baseline_observation_dates":["2026-06-18","2026-06-30","2026-07-12"],"baseline_hh_temporal_mad_db":0.8250865936279297,"baseline_scene_names":["NISAR_L2_PR_GCOV_023_069_A_014_4005_DHDH_A_20260618T232135_20260618T232210_P05023_N_F_J_001","NISAR_L2_PR_GCOV_024_069_A_014_4005_DHDH_A_20260630T232134_20260630T232209_P05023_N_F_J_001","NISAR_L2_PR_GCOV_025_069_A_014_4005_DHDH_A_20260712T232134_20260712T232208_P05023_N_F_J_001"],"contextual_land_cover":null,"distance_to_water_m":null,"context_status":"NOT_AVAILABLE","reference_validated":false}},{"type":"Feature","geometry":{"type":"Polygon","coordinates":[[[90.98869,25.16255],[90.98869,25.16228],[90.98859,25.16228],[90.9886,25.16201],[90.9885,25.162],[90.9885,25.16182],[90.9884,25.16182],[90.9884,25.16173],[90.9885,25.16173],[90.9885,25.16164],[90.9886,25.16164],[90.9886,25.16155],[90.9887,25.16156],[90.9887,25.16147],[90.9889,25.16147],[90.9889,25.16138],[90.9891,25.16138],[90.9891,25.16156],[90.989,25.16156],[90.989,25.16174],[90.9891,25.16174],[90.98909,25.16183],[90.98919,25.16183],[90.98919,25.16192],[90.98929,25.16192],[90.98929,25.16211],[90.98909,25.1621],[90.98909,25.16219],[90.98899,25.16219],[90.98899,25.16228],[90.98909,25.16228],[90.98909,25.16237],[90.98879,25.16237],[90.98879,25.16246],[90.98889,25.16246],[90.98888,25.16255],[90.98869,25.16255]],[[90.98889,25.16219],[90.98899,25.16219],[90.98899,25.1621],[90.98889,25.1621],[90.98889,25.16219]],[[90.9887,25.16201],[90.98879,25.16201],[90.9888,25.16192],[90.9889,25.16192],[90.9889,25.16183],[90.9886,25.16183],[90.9886,25.16192],[90.9887,25.16192],[90.9887,25.16201]],[[90.98899,25.16201],[90.98909,25.16201],[90.98909,25.16183],[90.989,25.16183],[90.98899,25.16201]],[[90.9886,25.16173],[90.9888,25.16174],[90.9888,25.16165],[90.9886,25.16164],[90.9886,25.16173]]]},"properties":{"id":"wetland_patch_56e8d8885c63","date":"2026-07-24","area_km2":0.0051,"pixel_count":51,"classification":"OPEN_WATER","interpretation_label":"HH darkening candidate","mean_delta_db":-5.010186344969506,"median_delta_db":-5.145401954650879,"hh_before":-12.827493050519157,"hh_after":-17.837679395488664,"hv_before":-19.764041433147355,"hv_after":-21.851621160320207,"delta_hh":-5.010186344969506,"delta_hv":-2.0875797271728516,"valid_fraction":1.0,"valid_fraction_scope":"region bounding box, all four channels","vegetated_fraction":0.0,"quality_status":"PASS","spatial_status":"PARTIAL","temporal_status":"PARTIAL","temporal_overlap_fraction":0.4117647058823529,"threshold_stability":"SENSITIVE","threshold_variation_fraction":0.28169014084507044,"evidence_state":"UNCERTAIN","centroid":[25.16193912216291,90.98884910052898],"data_source":"NISAR","evidence_method":"Rule consistency only; no accuracy estimate or independent reference validation.","baseline_method":"PER_PIXEL_MEDIAN","baseline_observation_count":3,"baseline_observation_dates":["2026-06-18","2026-06-30","2026-07-12"],"baseline_hh_temporal_mad_db":0.8250865936279297,"baseline_scene_names":["NISAR_L2_PR_GCOV_023_069_A_014_4005_DHDH_A_20260618T232135_20260618T232210_P05023_N_F_J_001","NISAR_L2_PR_GCOV_024_069_A_014_4005_DHDH_A_20260630T232134_20260630T232209_P05023_N_F_J_001","NISAR_L2_PR_GCOV_025_069_A_014_4005_DHDH_A_20260712T232134_20260712T232208_P05023_N_F_J_001"],"contextual_land_cover":null,"distance_to_water_m":null,"context_status":"NOT_AVAILABLE","reference_validated":false}},{"type":"Feature","geometry":{"type":"Polygon","coordinates":[[[90.99148,25.1615],[90.99148,25.16141],[90.99138,25.16141],[90.99138,25.16132],[90.99148,25.16132],[90.99149,25.16123],[90.99158,25.16123],[90.99159,25.16105],[90.99179,25.16106],[90.99179,25.16088],[90.99169,25.16087],[90.99169,25.16096],[90.99159,25.16096],[90.99159,25.16069],[90.99169,25.16069],[90.99169,25.16078],[90.99199,25.16079],[90.99199,25.16088],[90.99189,25.16088],[90.99189,25.16097],[90.99199,25.16097],[90.99198,25.16106],[90.99218,25.16106],[90.99218,25.16097],[90.99208,25.16097],[90.99209,25.16088],[90.99219,25.16088],[90.99219,25.16079],[90.99229,25.16079],[90.99228,25.16088],[90.99238,25.16088],[90.99238,25.16097],[90.99228,25.16097],[90.99228,25.16106],[90.99248,25.16107],[90.99248,25.16134],[90.99228,25.16133],[90.99228,25.16142],[90.99198,25.16142],[90.99198,25.16151],[90.99178,25.16151],[90.99178,25.16124],[90.99168,25.16124],[90.99168,25.16151],[90.99148,25.1615]],[[90.99188,25.16133],[90.99198,25.16133],[90.99198,25.16124],[90.99188,25.16124],[90.99188,25.16133]],[[90.99178,25.16124],[90.99188,25.16124],[90.99188,25.16115],[90.99178,25.16115],[90.99178,25.16124]]]},"properties":{"id":"wetland_patch_51f1752c7bfc","date":"2026-07-24","area_km2":0.0051,"pixel_count":51,"classification":"OPEN_WATER","interpretation_label":"HH darkening candidate","mean_delta_db":-4.814161978515924,"median_delta_db":-4.144861221313477,"hh_before":-13.13999457920299,"hh_after":-17.954156557718914,"hv_before":-20.224368693781834,"hv_after":-21.660864512125652,"delta_hh":-4.814161978515924,"delta_hv":-1.436495818343817,"valid_fraction":1.0,"valid_fraction_scope":"region bounding box, all four channels","vegetated_fraction":0.0,"quality_status":"PASS","spatial_status":"PASS","temporal_status":"PARTIAL","temporal_overlap_fraction":0.0,"threshold_stability":"STABLE","threshold_variation_fraction":0.1896551724137931,"evidence_state":"MODERATE","centroid":[25.161159999179763,90.9919561923073],"data_source":"NISAR","evidence_method":"Rule consistency only; no accuracy estimate or independent reference validation.","baseline_method":"PER_PIXEL_MEDIAN","baseline_observation_count":3,"baseline_observation_dates":["2026-06-18","2026-06-30","2026-07-12"],"baseline_hh_temporal_mad_db":0.8250865936279297,"baseline_scene_names":["NISAR_L2_PR_GCOV_023_069_A_014_4005_DHDH_A_20260618T232135_20260618T232210_P05023_N_F_J_001","NISAR_L2_PR_GCOV_024_069_A_014_4005_DHDH_A_20260630T232134_20260630T232209_P05023_N_F_J_001","NISAR_L2_PR_GCOV_025_069_A_014_4005_DHDH_A_20260712T232134_20260712T232208_P05023_N_F_J_001"],"contextual_land_cover":null,"distance_to_water_m":null,"context_status":"NOT_AVAILABLE","reference_validated":false}},{"type":"Feature","geometry":{"type":"Polygon","coordinates":[[[90.9803,25.16],[90.9803,25.15973],[90.9802,25.15972],[90.9802,25.15963],[90.9801,25.15963],[90.98011,25.15954],[90.97991,25.15954],[90.97991,25.15945],[90.98021,25.15945],[90.98021,25.15936],[90.97951,25.15935],[90.97952,25.15926],[90.97942,25.15926],[90.97942,25.15908],[90.97922,25.15908],[90.97922,25.15899],[90.97912,25.15899],[90.97912,25.15908],[90.97882,25.15907],[90.97882,25.15916],[90.97862,25.15916],[90.97863,25.15889],[90.97873,25.15889],[90.97873,25.1588],[90.97883,25.1588],[90.97883,25.15871],[90.97893,25.15871],[90.97893,25.15862],[90.97903,25.15863],[90.97903,25.15854],[90.97923,25.15854],[90.97923,25.15863],[90.97943,25.15863],[90.97943,25.15854],[90.97933,25.15854],[90.97933,25.15836],[90.97923,25.15836],[90.97923,25.15845],[90.97913,25.15845],[90.97913,25.15836],[90.97903,25.15835],[90.97904,25.15826],[90.97914,25.15827],[90.97914,25.1579],[90.97884,25.1579],[90.97885,25.15781],[90.97875,25.15781],[90.97875,25.15763],[90.97885,25.15763],[90.97885,25.15754],[90.97895,25.15754],[90.97895,25.15745],[90.97885,25.15745],[90.97886,25.15718],[90.97896,25.15718],[90.97896,25.15709],[90.97935,25.1571],[90.97936,25.15691],[90.97916,25.15691],[90.97916,25.15682],[90.97946,25.15683],[90.97946,25.15665],[90.97956,25.15665],[90.97955,25.15692],[90.97965,25.15692],[90.97966,25.15674],[90.97976,25.15674],[90.97975,25.15683],[90.98005,25.15683],[90.98005,25.15692],[90.97985,25.15692],[90.97985,25.15701],[90.97975,25.15701],[90.97975,25.15719],[90.97995,25.15719],[90.97995,25.1571],[90.98005,25.1571],[90.98004,25.15729],[90.97985,25.15728],[90.97984,25.15737],[90.98014,25.15738],[90.98014,25.15756],[90.98004,25.15756],[90.98004,25.15765],[90.97994,25.15764],[90.97994,25.15783],[90.98004,25.15783],[90.98003,25.15792],[90.98013,25.15792],[90.98013,25.1581],[90.98003,25.1581],[90.98003,25.15819],[90.98043,25.15819],[90.98042,25.15828],[90.98013,25.15828],[90.98012,25.15846],[90.97993,25.15846],[90.97993,25.15828],[90.97983,25.15828],[90.97983,25.15819],[90.97973,25.15818],[90.97973,25.15854],[90.97983,25.15855],[90.97982,25.15864],[90.98042,25.15864],[90.98041,25.15919],[90.98051,25.15919],[90.98051,25.15928],[90.98061,25.15928],[90.98061,25.15892],[90.98071,25.15892],[90.98071,25.1591],[90.98101,25.1591],[90.981,25.15919],[90.98091,25.15919],[90.9809,25.15928],[90.98081,25.15928],[90.9808,25.15937],[90.9809,25.15937],[90.9809,25.15946],[90.981,25.15946],[90.981,25.15956],[90.9808,25.15955],[90.9808,25.15964],[90.9807,25.15964],[90.9807,25.15955],[90.9805,25.15955],[90.9805,25.15964],[90.9804,25.15964],[90.9804,25.15973],[90.9807,25.15973],[90.9807,25.15982],[90.9809,25.15982],[90.98089,25.15991],[90.9807,25.15991],[90.98069,25.16],[90.98059,25.16],[90.9806,25.15982],[90.9805,25.15982],[90.9805,25.15991],[90.9804,25.15991],[90.9804,25.16],[90.9803,25.16]],[[90.98031,25.15946],[90.98041,25.15946],[90.98041,25.15937],[90.98031,25.15937],[90.98031,25.15946]],[[90.98001,25.15927],[90.98011,25.15927],[90.98011,25.15918],[90.98001,25.15918],[90.98001,25.15927]],[[90.97952,25.15917],[90.97972,25.15918],[90.97972,25.15909],[90.97982,25.15909],[90.97981,25.15918],[90.98001,25.15918],[90.98002,25.15891],[90.97982,25.15891],[90.97982,25.15882],[90.97972,25.15882],[90.97972,25.15863],[90.97943,25.15863],[90.97942,25.15881],[90.97952,25.15881],[90.97952,25.15872],[90.97962,25.15872],[90.97962,25.15908],[90.97952,25.15908],[90.97952,25.15917]],[[90.98022,25.15891],[90.98032,25.15891],[90.98032,25.15873],[90.98022,25.15873],[90.98022,25.15891]],[[90.97903,25.15881],[90.97913,25.15881],[90.97913,25.15872],[90.97903,25.15872],[90.97903,25.15881]],[[90.97982,25.15882],[90.98002,25.15882],[90.98002,25.15873],[90.97982,25.15873],[90.97982,25.15882]],[[90.97953,25.15836],[90.97963,25.15836],[90.97963,25.15827],[90.97953,25.15827],[90.97953,25.15836]],[[90.97933,25.15827],[90.97943,25.15827],[90.97943,25.15818],[90.97934,25.15818],[90.97933,25.15827]],[[90.97983,25.15819],[90.97993,25.15819],[90.97993,25.1581],[90.97983,25.15809],[90.97983,25.15819]],[[90.97973,25.15809],[90.97983,25.15809],[90.97983,25.158],[90.97974,25.158],[90.97973,25.15809]],[[90.97944,25.15791],[90.97954,25.15791],[90.97954,25.15782],[90.97944,25.15782],[90.97944,25.15791]],[[90.97974,25.15782],[90.97984,25.15782],[90.97984,25.15773],[90.97974,25.15773],[90.97974,25.15782]],[[90.97885,25.15772],[90.97905,25.15772],[90.97905,25.15763],[90.97885,25.15763],[90.97885,25.15772]],[[90.97914,25.15772],[90.97924,25.15773],[90.97925,25.15764],[90.97915,25.15763],[90.97914,25.15772]],[[90.97944,25.15773],[90.97964,25.15773],[90.97964,25.15764],[90.97944,25.15764],[90.97944,25.15773]],[[90.97964,25.15764],[90.97984,25.15764],[90.97984,25.15755],[90.97994,25.15755],[90.97994,25.15746],[90.97964,25.15746],[90.97964,25.15764]],[[90.97905,25.15745],[90.97915,25.15745],[90.97915,25.15727],[90.97895,25.15727],[90.97895,25.15736],[90.97905,25.15736],[90.97905,25.15745]],[[90.97945,25.15737],[90.97955,25.15737],[90.97955,25.15728],[90.97945,25.15728],[90.97945,25.15737]],[[90.97955,25.15728],[90.97965,25.15728],[90.97965,25.1571],[90.97955,25.1571],[90.97955,25.15728]]]},"properties":{"id":"wetland_patch_b3fba4fd62ea","date":"2026-07-24","area_km2":0.0307,"pixel_count":307,"classification":"OPEN_WATER","interpretation_label":"HH darkening candidate","mean_delta_db":-5.09644936738651,"median_delta_db":-4.47418212890625,"hh_before":-12.446287020021618,"hh_after":-17.54273638740813,"hv_before":-19.60101389496645,"hv_after":-22.675875235069846,"delta_hh":-5.09644936738651,"delta_hv":-3.0748613401033977,"valid_fraction":0.972972972972973,"valid_fraction_scope":"region bounding box, all four channels","vegetated_fraction":0.0,"quality_status":"PASS","spatial_status":"PARTIAL","temporal_status":"PARTIAL","temporal_overlap_fraction":0.40390879478827363,"threshold_stability":"SENSITIVE","threshold_variation_fraction":0.21850393700787402,"evidence_state":"UNCERTAIN","centroid":[25.15836113937958,90.97970992487762],"data_source":"NISAR","evidence_method":"Rule consistency only; no accuracy estimate or independent reference validation.","baseline_method":"PER_PIXEL_MEDIAN","baseline_observation_count":3,"baseline_observation_dates":["2026-06-18","2026-06-30","2026-07-12"],"baseline_hh_temporal_mad_db":0.8250865936279297,"baseline_scene_names":["NISAR_L2_PR_GCOV_023_069_A_014_4005_DHDH_A_20260618T232135_20260618T232210_P05023_N_F_J_001","NISAR_L2_PR_GCOV_024_069_A_014_4005_DHDH_A_20260630T232134_20260630T232209_P05023_N_F_J_001","NISAR_L2_PR_GCOV_025_069_A_014_4005_DHDH_A_20260712T232134_20260712T232208_P05023_N_F_J_001"],"contextual_land_cover":null,"distance_to_water_m":null,"context_status":"NOT_AVAILABLE","reference_validated":false}},{"type":"Feature","geometry":{"type":"Polygon","coordinates":[[[90.98585,25.15989],[90.98586,25.1598],[90.98576,25.1598],[90.98576,25.15971],[90.98566,25.15971],[90.98566,25.1598],[90.98556,25.1598],[90.98556,25.15971],[90.98546,25.15971],[90.98546,25.15953],[90.98576,25.15953],[90.98576,25.15944],[90.98586,25.15944],[90.98586,25.15935],[90.98596,25.15935],[90.98596,25.15944],[90.98606,25.15944],[90.98606,25.15926],[90.98636,25.15927],[90.98636,25.15909],[90.98626,25.15909],[90.98627,25.15863],[90.98617,25.15863],[90.98617,25.15872],[90.98607,25.15872],[90.98607,25.15881],[90.98617,25.15881],[90.98616,25.15917],[90.98606,25.15917],[90.98607,25.15908],[90.98587,25.15908],[90.98587,25.15899],[90.98567,25.15899],[90.98567,25.1589],[90.98557,25.1589],[90.98557,25.15899],[90.98527,25.15898],[90.98527,25.15889],[90.98518,25.15889],[90.98517,25.15898],[90.98508,25.15898],[90.98508,25.15889],[90.98488,25.15889],[90.98488,25.15861],[90.98468,25.15861],[90.98469,25.15843],[90.98459,25.15843],[90.98459,25.15834],[90.98469,25.15834],[90.98469,25.15825],[90.98479,25.15825],[90.98479,25.15807],[90.98469,25.15807],[90.98469,25.15798],[90.9846,25.15798],[90.9846,25.1578],[90.9844,25.1578],[90.9844,25.15771],[90.9842,25.1577],[90.9842,25.15779],[90.98371,25.15779],[90.98371,25.15761],[90.98361,25.1576],[90.98361,25.15751],[90.98371,25.15752],[90.98371,25.15743],[90.98381,25.15743],[90.98381,25.15752],[90.98391,25.15752],[90.98391,25.15761],[90.98401,25.15761],[90.98401,25.15734],[90.98411,25.15734],[90.98411,25.15716],[90.98401,25.15716],[90.98402,25.15707],[90.98421,25.15707],[90.98422,25.15689],[90.98432,25.15689],[90.98431,25.15698],[90.98441,25.15698],[90.98441,25.15716],[90.98451,25.15717],[90.98451,25.15744],[90.9846,25.15744],[90.9846,25.15753],[90.9848,25.15753],[90.9848,25.15744],[90.9849,25.15744],[90.9849,25.15735],[90.9853,25.15736],[90.9853,25.15718],[90.9855,25.15718],[90.9855,25.15727],[90.9854,25.15727],[90.9854,25.15736],[90.9858,25.15736],[90.98579,25.15745],[90.98589,25.15746],[90.98589,25.15755],[90.98619,25.15755],[90.98619,25.15764],[90.98599,25.15764],[90.98599,25.15773],[90.98589,25.15773],[90.98589,25.15764],[90.98579,25.15763],[90.98579,25.15781],[90.98569,25.15781],[90.98569,25.15772],[90.98559,25.15772],[90.98559,25.15763],[90.98569,25.15763],[90.98569,25.15754],[90.98559,25.15754],[90.9856,25.15745],[90.9855,25.15745],[90.9855,25.15754],[90.9853,25.15754],[90.9853,25.15763],[90.9852,25.15763],[90.98519,25.15772],[90.98529,25.15772],[90.98529,25.15781],[90.98519,25.15781],[90.98519,25.1579],[90.98529,25.1579],[90.98529,25.15799],[90.98519,25.15799],[90.98519,25.15808],[90.98509,25.15808],[90.98509,25.15817],[90.98539,25.15817],[90.98539,25.15808],[90.98549,25.15808],[90.98549,25.15799],[90.98598,25.158],[90.98598,25.15809],[90.98618,25.15809],[90.98618,25.15818],[90.98598,25.15818],[90.98598,25.15827],[90.98628,25.15827],[90.98628,25.15836],[90.98677,25.15837],[90.98677,25.15855],[90.98687,25.15855],[90.98687,25.1581],[90.98678,25.1581],[90.98677,25.15828],[90.98648,25.15828],[90.98648,25.15819],[90.98638,25.15818],[90.98638,25.15809],[90.98658,25.1581],[90.98658,25.15783],[90.98668,25.15783],[90.98668,25.15792],[90.98678,25.15792],[90.98678,25.15801],[90.98707,25.15801],[90.98707,25.1581],[90.98697,25.1581],[90.98697,25.15819],[90.98707,25.15819],[90.98707,25.15855],[90.98697,25.15855],[90.98697,25.15864],[90.98706,25.15864],[90.98706,25.15883],[90.98716,25.15883],[90.98716,25.15892],[90.98696,25.15891],[90.98696,25.15873],[90.98686,25.15873],[90.98687,25.15864],[90.98677,25.15864],[90.98677,25.15873],[90.98667,25.15873],[90.98667,25.15864],[90.98657,25.15864],[90.98657,25.15882],[90.98676,25.15882],[90.98676,25.15891],[90.98686,25.15891],[90.98686,25.159],[90.98696,25.159],[90.98696,25.15918],[90.98686,25.15918],[90.98686,25.15909],[90.98666,25.15909],[90.98665,25.15945],[90.98675,25.15945],[90.98675,25.15954],[90.98665,25.15954],[90.98665,25.15963],[90.98655,25.15963],[90.98655,25.15954],[90.98645,25.15954],[90.98645,25.15963],[90.98625,25.15963],[90.98625,25.15972],[90.98615,25.15972],[90.98616,25.15963],[90.98606,25.15962],[90.98605,25.1598],[90.98595,25.1598],[90.98595,25.15989],[90.98585,25.15989]],[[90.98596,25.15962],[90.98606,25.15962],[90.98606,25.15953],[90.98596,25.15953],[90.98596,25.15962]],[[90.98626,25.15954],[90.98636,25.15954],[90.98636,25.15936],[90.98616,25.15935],[90.98616,25.15944],[90.98626,25.15945],[90.98626,25.15954]],[[90.98636,25.15936],[90.98646,25.15936],[90.98646,25.15927],[90.98636,25.15927],[90.98636,25.15936]],[[90.98646,25.15927],[90.98656,25.15927],[90.98656,25.15909],[90.98646,25.15909],[90.98646,25.15927]],[[90.98527,25.15889],[90.98537,25.15889],[90.98538,25.1588],[90.98528,25.1588],[90.98527,25.15889]],[[90.98646,25.15891],[90.98656,25.15891],[90.98657,25.15882],[90.98647,25.15882],[90.98646,25.15891]],[[90.98547,25.1588],[90.98557,25.1588],[90.98558,25.15862],[90.98548,25.15862],[90.98548,25.15844],[90.98558,25.15844],[90.98558,25.15853],[90.98568,25.15854],[90.98568,25.15863],[90.98587,25.15863],[90.98588,25.15845],[90.98578,25.15845],[90.98578,25.15836],[90.98568,25.15836],[90.98568,25.15817],[90.98549,25.15817],[90.98548,25.15826],[90.98558,25.15826],[90.98558,25.15835],[90.98538,25.15835],[90.98538,25.15853],[90.98508,25.15853],[90.98508,25.15862],[90.98498,25.15862],[90.98498,25.15871],[90.98528,25.15871],[90.98528,25.15862],[90.98538,25.15862],[90.98538,25.15871],[90.98548,25.15871],[90.98547,25.1588]],[[90.98587,25.15881],[90.98597,25.15881],[90.98597,25.15872],[90.98587,25.15872],[90.98587,25.15881]],[[90.98488,25.15861],[90.98498,25.15862],[90.98498,25.15853],[90.98488,25.15852],[90.98488,25.15861]],[[90.98627,25.15863],[90.98647,25.15864],[90.98647,25.15855],[90.98627,25.15854],[90.98627,25.15863]],[[90.98597,25.15854],[90.98617,25.15854],[90.98617,25.15845],[90.98608,25.15845],[90.98608,25.15836],[90.98598,25.15836],[90.98597,25.15854]],[[90.98479,25.15843],[90.98489,25.15843],[90.98489,25.15834],[90.98479,25.15834],[90.98479,25.15843]],[[90.98617,25.15845],[90.98627,25.15845],[90.98628,25.15836],[90.98618,25.15836],[90.98617,25.15845]],[[90.98489,25.15807],[90.98499,25.15807],[90.985,25.1578],[90.9849,25.1578],[90.98489,25.15789],[90.9848,25.15789],[90.9848,25.15771],[90.9847,25.15771],[90.98469,25.15798],[90.98489,25.15798],[90.98489,25.15807]],[[90.985,25.1578],[90.98509,25.15781],[90.9851,25.15772],[90.985,25.15771],[90.985,25.1578]],[[90.98401,25.1577],[90.9841,25.1577],[90.98411,25.15761],[90.98401,25.15761],[90.98401,25.1577]],[[90.9846,25.15771],[90.9847,25.15771],[90.9847,25.15762],[90.9846,25.15762],[90.9846,25.15771]],[[90.9842,25.15761],[90.9843,25.15761],[90.98431,25.15752],[90.98421,25.15752],[90.9842,25.15761]],[[90.9848,25.15762],[90.9849,25.15762],[90.9849,25.15753],[90.9848,25.15753],[90.9848,25.15762]],[[90.985,25.15762],[90.9851,25.15762],[90.9851,25.15744],[90.985,25.15744],[90.985,25.15762]],[[90.9852,25.15754],[90.9853,25.15754],[90.9853,25.15745],[90.9852,25.15745],[90.9852,25.15754]],[[90.98411,25.15743],[90.98421,25.15743],[90.98421,25.15734],[90.98411,25.15734],[90.98411,25.15743]]]},"properties":{"id":"wetland_patch_48d964f1761e","date":"2026-07-24","area_km2":0.0332,"pixel_count":332,"classification":"OPEN_WATER","interpretation_label":"HH darkening candidate","mean_delta_db":-4.87286523451288,"median_delta_db":-4.603915214538574,"hh_before":-14.80923151826284,"hh_after":-19.68209675277572,"hv_before":-21.165805006601726,"hv_after":-22.99373899023217,"delta_hh":-4.87286523451288,"delta_hv":-1.8279339836304447,"valid_fraction":1.0,"valid_fraction_scope":"region bounding box, all four channels","vegetated_fraction":0.0,"quality_status":"PASS","spatial_status":"PARTIAL","temporal_status":"PARTIAL","temporal_overlap_fraction":0.0963855421686747,"threshold_stability":"SENSITIVE","threshold_variation_fraction":0.27479674796747966,"evidence_state":"UNCERTAIN","centroid":[25.158354188383587,90.98559889577358],"data_source":"NISAR","evidence_method":"Rule consistency only; no accuracy estimate or independent reference validation.","baseline_method":"PER_PIXEL_MEDIAN","baseline_observation_count":3,"baseline_observation_dates":["2026-06-18","2026-06-30","2026-07-12"],"baseline_hh_temporal_mad_db":0.8250865936279297,"baseline_scene_names":["NISAR_L2_PR_GCOV_023_069_A_014_4005_DHDH_A_20260618T232135_20260618T232210_P05023_N_F_J_001","NISAR_L2_PR_GCOV_024_069_A_014_4005_DHDH_A_20260630T232134_20260630T232209_P05023_N_F_J_001","NISAR_L2_PR_GCOV_025_069_A_014_4005_DHDH_A_20260712T232134_20260712T232208_P05023_N_F_J_001"],"contextual_land_cover":null,"distance_to_water_m":null,"context_status":"NOT_AVAILABLE","reference_validated":false}},{"type":"Feature","geometry":{"type":"Polygon","coordinates":[[[90.9818,25.15884],[90.98181,25.15875],[90.98171,25.15875],[90.98171,25.15848],[90.98161,25.15848],[90.98161,25.15839],[90.98191,25.15839],[90.98191,25.1583],[90.98201,25.15831],[90.98201,25.15821],[90.98172,25.15821],[90.98172,25.15812],[90.98221,25.15813],[90.98221,25.15804],[90.98211,25.15804],[90.98212,25.15776],[90.98202,25.15776],[90.98202,25.15794],[90.98172,25.15794],[90.98172,25.15785],[90.98162,25.15785],[90.98163,25.15767],[90.98153,25.15767],[90.98153,25.15731],[90.98143,25.1573],[90.98144,25.15712],[90.98124,25.15712],[90.98124,25.15703],[90.98104,25.15703],[90.98104,25.15694],[90.98124,25.15694],[90.98124,25.15685],[90.98134,25.15685],[90.98134,25.15667],[90.98164,25.15668],[90.98164,25.15658],[90.98174,25.15659],[90.98174,25.1565],[90.98194,25.1565],[90.98194,25.15641],[90.98204,25.15641],[90.98205,25.15623],[90.98185,25.15623],[90.98185,25.15614],[90.98195,25.15614],[90.98195,25.15605],[90.98225,25.15605],[90.98225,25.15596],[90.98235,25.15596],[90.98235,25.15605],[90.98245,25.15605],[90.98244,25.15614],[90.98234,25.15614],[90.98234,25.15623],[90.98224,25.15623],[90.98224,25.15641],[90.98254,25.15642],[90.98254,25.15633],[90.98284,25.15633],[90.98284,25.15624],[90.98294,25.15624],[90.98294,25.15642],[90.98284,25.15642],[90.98283,25.15651],[90.98214,25.1565],[90.98214,25.15668],[90.98194,25.15668],[90.98194,25.15686],[90.98213,25.15686],[90.98214,25.15677],[90.98223,25.15677],[90.98224,25.15668],[90.98234,25.15668],[90.98234,25.15659],[90.98244,25.1566],[90.98243,25.15678],[90.98233,25.15677],[90.98233,25.15696],[90.98263,25.15696],[90.98263,25.15705],[90.98273,25.15705],[90.98273,25.15687],[90.98253,25.15687],[90.98253,25.15678],[90.98273,25.15678],[90.98273,25.15669],[90.98263,25.15669],[90.98263,25.1566],[90.98293,25.1566],[90.98293,25.15651],[90.98303,25.15651],[90.98303,25.1566],[90.98313,25.15661],[90.98313,25.15642],[90.98323,25.15643],[90.98324,25.15616],[90.98334,25.15616],[90.98334,25.15598],[90.98344,25.15598],[90.98344,25.15607],[90.98354,25.15607],[90.98353,25.15634],[90.98333,25.15634],[90.98333,25.15652],[90.98343,25.15652],[90.98343,25.1567],[90.98353,25.1567],[90.98352,25.15679],[90.98362,25.15679],[90.98362,25.1567],[90.98382,25.1567],[90.98382,25.1568],[90.98402,25.1568],[90.98402,25.15689],[90.98412,25.15689],[90.98412,25.15698],[90.98392,25.15698],[90.98392,25.15689],[90.98372,25.15688],[90.98372,25.15697],[90.98362,25.15697],[90.98362,25.15688],[90.98342,25.15688],[90.98342,25.15697],[90.98322,25.15697],[90.98322,25.15706],[90.98342,25.15706],[90.98342,25.15733],[90.98352,25.15733],[90.98351,25.15751],[90.98341,25.15751],[90.98341,25.15769],[90.98351,25.15769],[90.98351,25.15778],[90.98321,25.15778],[90.98321,25.15787],[90.98331,25.15787],[90.98331,25.15796],[90.98341,25.15796],[90.9834,25.15805],[90.9833,25.15805],[90.9833,25.15814],[90.9832,25.15814],[90.98321,25.15796],[90.98311,25.15796],[90.98311,25.15814],[90.98301,25.15814],[90.98301,25.15796],[90.98261,25.15795],[90.98261,25.15813],[90.98271,25.15813],[90.98271,25.15822],[90.98251,25.15822],[90.9825,25.15849],[90.98241,25.15849],[90.98241,25.1584],[90.98221,25.1584],[90.98221,25.15849],[90.98211,25.15849],[90.98211,25.15858],[90.98201,25.15858],[90.98201,25.15849],[90.98191,25.15848],[90.98191,25.15866],[90.98201,25.15867],[90.982,25.15885],[90.9818,25.15884]],[[90.98231,25.15831],[90.98241,25.15831],[90.98241,25.15822],[90.98231,25.15822],[90.98231,25.15831]],[[90.98222,25.15786],[90.98232,25.15786],[90.98232,25.15777],[90.98242,25.15777],[90.98242,25.15768],[90.98262,25.15768],[90.98262,25.15777],[90.98271,25.15777],[90.98271,25.15786],[90.98281,25.15786],[90.98282,25.15759],[90.98232,25.15759],[90.98232,25.15741],[90.98213,25.1574],[90.98212,25.15749],[90.98202,25.15749],[90.98202,25.15758],[90.98212,25.15758],[90.98212,25.15767],[90.98222,25.15768],[90.98222,25.15786]],[[90.98291,25.15787],[90.98301,25.15787],[90.98301,25.15778],[90.98291,25.15778],[90.98291,25.15787]],[[90.98311,25.15778],[90.98321,25.15778],[90.98321,25.15769],[90.98311,25.15769],[90.98311,25.15778]],[[90.98311,25.1576],[90.98331,25.1576],[90.98331,25.15751],[90.98341,25.15751],[90.98341,25.15742],[90.98312,25.15742],[90.98312,25.15733],[90.98292,25.15732],[90.98292,25.1575],[90.98312,25.15751],[90.98311,25.1576]],[[90.98242,25.1575],[90.98262,25.1575],[90.98262,25.15741],[90.98272,25.15741],[90.98272,25.15732],[90.98282,25.15732],[90.98282,25.15723],[90.98312,25.15724],[90.98312,25.15715],[90.98322,25.15715],[90.98322,25.15706],[90.98302,25.15706],[90.98303,25.15696],[90.98283,25.15696],[90.98282,25.15714],[90.98263,25.15714],[90.98262,25.15723],[90.98252,25.15723],[90.98253,25.15714],[90.98243,25.15714],[90.98243,25.15723],[90.98223,25.15722],[90.98223,25.15713],[90.98213,25.15713],[90.98213,25.15731],[90.98252,25.15732],[90.98252,25.15741],[90.98242,25.15741],[90.98242,25.1575]],[[90.98272,25.1575],[90.98282,25.1575],[90.98282,25.15741],[90.98272,25.15741],[90.98272,25.1575]],[[90.98193,25.1574],[90.98213,25.1574],[90.98213,25.15731],[90.98203,25.15731],[90.98203,25.15722],[90.98183,25.15722],[90.98183,25.15731],[90.98193,25.15731],[90.98193,25.1574]],[[90.98322,25.15724],[90.98332,25.15724],[90.98332,25.15715],[90.98322,25.15715],[90.98322,25.15724]],[[90.98153,25.15713],[90.98163,25.15713],[90.98164,25.15704],[90.98154,25.15703],[90.98153,25.15713]],[[90.98183,25.15713],[90.98203,25.15713],[90.98203,25.15704],[90.98193,25.15704],[90.98194,25.15686],[90.98184,25.15686],[90.98183,25.15713]],[[90.98223,25.15704],[90.98233,25.15705],[90.98233,25.15696],[90.98223,25.15695],[90.98223,25.15704]],[[90.98283,25.15687],[90.98293,25.15687],[90.98293,25.15678],[90.98283,25.15678],[90.98283,25.15687]],[[90.98293,25.15678],[90.98303,25.15678],[90.98303,25.15669],[90.98293,25.15669],[90.98293,25.15678]],[[90.98313,25.1567],[90.98333,25.1567],[90.98333,25.15661],[90.98313,25.15661],[90.98313,25.1567]],[[90.98194,25.15659],[90.98204,25.15659],[90.98204,25.1565],[90.98194,25.1565],[90.98194,25.15659]],[[90.98205,25.15623],[90.98214,25.15623],[90.98215,25.15614],[90.98205,25.15614],[90.98205,25.15623]],[[90.98333,25.15625],[90.98343,25.15625],[90.98344,25.15616],[90.98334,25.15616],[90.98333,25.15625]]]},"properties":{"id":"wetland_patch_f3108ef22846","date":"2026-07-24","area_km2":0.0314,"pixel_count":314,"classification":"OPEN_WATER","interpretation_label":"HH darkening candidate","mean_delta_db":-5.177305254207295,"median_delta_db":-4.789714813232422,"hh_before":-14.553257350709028,"hh_after":-19.730562604916322,"hv_before":-21.137030589352747,"hv_after":-23.13929760380156,"delta_hh":-5.177305254207295,"delta_hv":-2.00226701444881,"valid_fraction":1.0,"valid_fraction_scope":"region bounding box, all four channels","vegetated_fraction":0.0,"quality_status":"PASS","spatial_status":"PARTIAL","temporal_status":"PARTIAL","temporal_overlap_fraction":0.0,"threshold_stability":"SENSITIVE","threshold_variation_fraction":0.22396856581532418,"evidence_state":"UNCERTAIN","centroid":[25.157272435712073,90.9824377271738],"data_source":"NISAR","evidence_method":"Rule consistency only; no accuracy estimate or independent reference validation.","baseline_method":"PER_PIXEL_MEDIAN","baseline_observation_count":3,"baseline_observation_dates":["2026-06-18","2026-06-30","2026-07-12"],"baseline_hh_temporal_mad_db":0.8250865936279297,"baseline_scene_names":["NISAR_L2_PR_GCOV_023_069_A_014_4005_DHDH_A_20260618T232135_20260618T232210_P05023_N_F_J_001","NISAR_L2_PR_GCOV_024_069_A_014_4005_DHDH_A_20260630T232134_20260630T232209_P05023_N_F_J_001","NISAR_L2_PR_GCOV_025_069_A_014_4005_DHDH_A_20260712T232134_20260712T232208_P05023_N_F_J_001"],"contextual_land_cover":null,"distance_to_water_m":null,"context_status":"NOT_AVAILABLE","reference_validated":false}},{"type":"Feature","geometry":{"type":"Polygon","coordinates":[[[90.97818,25.15618],[90.97818,25.156],[90.97828,25.156],[90.97828,25.15591],[90.97818,25.15591],[90.97818,25.15582],[90.97808,25.15581],[90.97809,25.15563],[90.97799,25.15563],[90.97799,25.15527],[90.9779,25.15527],[90.9779,25.15518],[90.9778,25.15518],[90.9778,25.15509],[90.9779,25.15509],[90.9779,25.155],[90.978,25.155],[90.978,25.15491],[90.9781,25.15491],[90.9781,25.15482],[90.9782,25.15482],[90.9782,25.15473],[90.9783,25.15473],[90.9783,25.15464],[90.9784,25.15464],[90.9784,25.15474],[90.9785,25.15474],[90.9785,25.15465],[90.9786,25.15465],[90.9786,25.15456],[90.9787,25.15456],[90.9787,25.15465],[90.9788,25.15465],[90.9788,25.15474],[90.9787,25.15474],[90.9787,25.15483],[90.9788,25.15483],[90.97879,25.15492],[90.97869,25.15492],[90.97869,25.15501],[90.97859,25.15501],[90.97859,25.1551],[90.97869,25.1551],[90.97869,25.15519],[90.97879,25.15519],[90.97879,25.15537],[90.97869,25.15537],[90.97868,25.15555],[90.97878,25.15555],[90.97879,25.15546],[90.97898,25.15547],[90.97898,25.15556],[90.97888,25.15555],[90.97888,25.15564],[90.97878,25.15564],[90.97878,25.15573],[90.97868,25.15573],[90.97868,25.15582],[90.97878,25.15582],[90.97878,25.15591],[90.97868,25.15591],[90.97868,25.156],[90.97858,25.156],[90.97858,25.15582],[90.97848,25.15582],[90.97848,25.15591],[90.97838,25.15591],[90.97838,25.156],[90.97848,25.156],[90.97848,25.15609],[90.97828,25.15609],[90.97828,25.15618],[90.97818,25.15618]],[[90.97858,25.15573],[90.97868,25.15573],[90.97868,25.15564],[90.97858,25.15564],[90.97858,25.15573]],[[90.97819,25.15554],[90.97829,25.15555],[90.97829,25.15546],[90.97819,25.15545],[90.97819,25.15554]],[[90.97849,25.15555],[90.97859,25.15555],[90.97859,25.15546],[90.97849,25.15546],[90.97849,25.15555]],[[90.97829,25.15537],[90.97839,25.15537],[90.97839,25.15528],[90.97829,25.15528],[90.97829,25.15537]],[[90.97799,25.15527],[90.97809,25.15527],[90.9781,25.15518],[90.978,25.15518],[90.97799,25.15527]],[[90.97819,25.15518],[90.97829,25.15519],[90.9783,25.15509],[90.9782,25.15509],[90.97819,25.15518]],[[90.97839,25.15519],[90.97849,25.15519],[90.97849,25.1551],[90.97839,25.1551],[90.97839,25.15519]],[[90.9781,25.155],[90.9783,25.155],[90.9783,25.15491],[90.9781,25.15491],[90.9781,25.155]]]},"properties":{"id":"wetland_patch_4c04362fb42e","date":"2026-07-24","area_km2":0.0097,"pixel_count":97,"classification":"OPEN_WATER","interpretation_label":"HH darkening candidate","mean_delta_db":-5.152489172429154,"median_delta_db":-4.73301887512207,"hh_before":-10.493604795834452,"hh_after":-15.646093968263607,"hv_before":-18.126916511771604,"hv_after":-20.47836337138697,"delta_hh":-5.152489172429154,"delta_hv":-2.3514468596153653,"valid_fraction":1.0,"valid_fraction_scope":"region bounding box, all four channels","vegetated_fraction":0.0,"quality_status":"PASS","spatial_status":"PARTIAL","temporal_status":"PARTIAL","temporal_overlap_fraction":0.44329896907216493,"threshold_stability":"SENSITIVE","threshold_variation_fraction":0.23931623931623933,"evidence_state":"UNCERTAIN","centroid":[25.155335794750894,90.97839501540399],"data_source":"NISAR","evidence_method":"Rule consistency only; no accuracy estimate or independent reference validation.","baseline_method":"PER_PIXEL_MEDIAN","baseline_observation_count":3,"baseline_observation_dates":["2026-06-18","2026-06-30","2026-07-12"],"baseline_hh_temporal_mad_db":0.8250865936279297,"baseline_scene_names":["NISAR_L2_PR_GCOV_023_069_A_014_4005_DHDH_A_20260618T232135_20260618T232210_P05023_N_F_J_001","NISAR_L2_PR_GCOV_024_069_A_014_4005_DHDH_A_20260630T232134_20260630T232209_P05023_N_F_J_001","NISAR_L2_PR_GCOV_025_069_A_014_4005_DHDH_A_20260712T232134_20260712T232208_P05023_N_F_J_001"],"contextual_land_cover":null,"distance_to_water_m":null,"context_status":"NOT_AVAILABLE","reference_validated":false}},{"type":"Feature","geometry":{"type":"Polygon","coordinates":[[[90.97417,25.15269],[90.97417,25.1526],[90.97427,25.1526],[90.97427,25.15242],[90.97417,25.15242],[90.97418,25.15215],[90.97428,25.15215],[90.97428,25.15206],[90.97398,25.15206],[90.97398,25.15215],[90.97358,25.15214],[90.97358,25.15232],[90.97348,25.15232],[90.97348,25.15214],[90.97338,25.15214],[90.97338,25.15223],[90.97319,25.15223],[90.97318,25.15232],[90.97308,25.15232],[90.97309,25.15223],[90.97299,25.15222],[90.97299,25.15213],[90.97279,25.15213],[90.97279,25.15204],[90.97289,25.15204],[90.97289,25.15186],[90.97299,25.15186],[90.973,25.15168],[90.97309,25.15168],[90.9731,25.15159],[90.9732,25.15159],[90.9732,25.15132],[90.9733,25.15133],[90.9733,25.15124],[90.9732,25.15123],[90.9732,25.15105],[90.97311,25.15105],[90.97311,25.15096],[90.97331,25.15096],[90.9733,25.15105],[90.9735,25.15106],[90.97351,25.15079],[90.97311,25.15078],[90.97311,25.15069],[90.97301,25.15069],[90.97301,25.15078],[90.97281,25.15078],[90.97281,25.15069],[90.97291,25.15069],[90.97292,25.15042],[90.97272,25.15041],[90.97272,25.1506],[90.97262,25.15059],[90.97262,25.1505],[90.97252,25.1505],[90.97252,25.15059],[90.97242,25.15059],[90.97242,25.15041],[90.97252,25.15041],[90.97252,25.15032],[90.97242,25.15032],[90.97243,25.15014],[90.97233,25.15014],[90.97233,25.15023],[90.97203,25.15022],[90.97203,25.15013],[90.97173,25.15013],[90.97173,25.15004],[90.97154,25.15004],[90.97154,25.14995],[90.97164,25.14995],[90.97164,25.14977],[90.97154,25.14977],[90.97154,25.14959],[90.97144,25.14958],[90.97144,25.15004],[90.97134,25.15003],[90.97134,25.14985],[90.97124,25.14985],[90.97124,25.15003],[90.97114,25.15003],[90.97114,25.15012],[90.97104,25.15012],[90.97104,25.15021],[90.97094,25.15021],[90.97094,25.1503],[90.97103,25.1503],[90.97103,25.15039],[90.97113,25.15039],[90.97113,25.15048],[90.97103,25.15048],[90.97103,25.15057],[90.97113,25.15057],[90.97113,25.15075],[90.97103,25.15075],[90.97103,25.15084],[90.97083,25.15084],[90.97083,25.15093],[90.97093,25.15093],[90.97092,25.15102],[90.97102,25.15102],[90.97102,25.15093],[90.97112,25.15093],[90.97112,25.15111],[90.97122,25.15112],[90.97122,25.15121],[90.97112,25.15121],[90.97112,25.1513],[90.97132,25.1513],[90.97131,25.15139],[90.97092,25.15138],[90.97092,25.15147],[90.97102,25.15147],[90.97101,25.15156],[90.97082,25.15156],[90.97081,25.15165],[90.97111,25.15166],[90.97111,25.15175],[90.97131,25.15175],[90.97131,25.15193],[90.97121,25.15193],[90.97121,25.15184],[90.97091,25.15183],[90.97091,25.15174],[90.97081,25.15174],[90.97081,25.15183],[90.97061,25.15183],[90.97061,25.15192],[90.97071,25.15192],[90.97071,25.1521],[90.97061,25.1521],[90.97061,25.15228],[90.97051,25.15228],[90.97051,25.15219],[90.97041,25.15219],[90.97041,25.1521],[90.97031,25.1521],[90.97031,25.15201],[90.97021,25.15201],[90.97022,25.15182],[90.96992,25.15182],[90.96992,25.15173],[90.96982,25.15173],[90.96982,25.15164],[90.96972,25.15164],[90.96973,25.15146],[90.96983,25.15146],[90.96983,25.15137],[90.96993,25.15137],[90.96993,25.15119],[90.96963,25.15118],[90.96963,25.15109],[90.96953,25.15109],[90.96954,25.15091],[90.96964,25.15091],[90.96963,25.151],[90.96983,25.15101],[90.96984,25.15083],[90.97013,25.15083],[90.97014,25.15074],[90.97004,25.15074],[90.97004,25.15065],[90.96994,25.15065],[90.96994,25.15074],[90.96984,25.15074],[90.96984,25.15065],[90.96974,25.15064],[90.96974,25.15046],[90.96945,25.15046],[90.96945,25.15037],[90.96955,25.15037],[90.96955,25.15028],[90.96915,25.15028],[90.96915,25.15019],[90.96905,25.15018],[90.96905,25.15045],[90.96915,25.15046],[90.96914,25.15064],[90.96905,25.15064],[90.96904,25.15073],[90.96865,25.15072],[90.96865,25.15081],[90.96815,25.1508],[90.96815,25.15071],[90.96825,25.15071],[90.96825,25.15062],[90.96815,25.15062],[90.96815,25.15053],[90.96806,25.15053],[90.96805,25.15062],[90.96796,25.15062],[90.96795,25.15071],[90.96776,25.15071],[90.96776,25.15062],[90.96756,25.15061],[90.96756,25.15025],[90.96737,25.15025],[90.96736,25.15034],[90.96727,25.15034],[90.96727,25.15025],[90.96717,25.15025],[90.96717,25.15034],[90.96707,25.15034],[90.96707,25.15043],[90.96677,25.15042],[90.96677,25.15033],[90.96637,25.15033],[90.96637,25.15024],[90.96657,25.15024],[90.96658,25.14997],[90.96678,25.14997],[90.96678,25.14979],[90.96688,25.14979],[90.96687,25.14997],[90.96697,25.14997],[90.96698,25.14979],[90.96737,25.1498],[90.96738,25.14971],[90.96757,25.14971],[90.96757,25.14989],[90.96767,25.14989],[90.96767,25.14971],[90.96807,25.14972],[90.96807,25.14981],[90.96817,25.14981],[90.96817,25.14963],[90.96837,25.14963],[90.96837,25.14954],[90.96847,25.14954],[90.96847,25.14963],[90.96867,25.14964],[90.96867,25.14946],[90.96877,25.14946],[90.96877,25.14937],[90.96867,25.14937],[90.96867,25.14928],[90.96857,25.14927],[90.96857,25.14946],[90.96817,25.14945],[90.96817,25.14936],[90.96827,25.14936],[90.96828,25.14909],[90.96838,25.14909],[90.96838,25.14918],[90.96847,25.14918],[90.96848,25.14909],[90.96858,25.14909],[90.96858,25.149],[90.96907,25.14901],[90.96907,25.14892],[90.96898,25.14892],[90.96898,25.14883],[90.96917,25.14883],[90.96917,25.14892],[90.96947,25.14893],[90.96947,25.14902],[90.96937,25.14901],[90.96937,25.1492],[90.96947,25.1492],[90.96947,25.14911],[90.96957,25.14911],[90.96957,25.14893],[90.96977,25.14893],[90.96977,25.14902],[90.96967,25.14902],[90.96967,25.14911],[90.96977,25.14911],[90.96976,25.1492],[90.96986,25.1492],[90.96986,25.14911],[90.96996,25.14911],[90.96997,25.14902],[90.97016,25.14903],[90.97016,25.14912],[90.97026,25.14912],[90.97026,25.14921],[90.97046,25.14921],[90.97046,25.14903],[90.97036,25.14903],[90.97036,25.14885],[90.97046,25.14885],[90.97047,25.14876],[90.97056,25.14876],[90.97056,25.14885],[90.97096,25.14886],[90.97096,25.14904],[90.97106,25.14904],[90.97106,25.14877],[90.97126,25.14877],[90.97126,25.14886],[90.97136,25.14886],[90.97135,25.14904],[90.97125,25.14904],[90.97125,25.1494],[90.97135,25.1494],[90.97135,25.14949],[90.97144,25.14949],[90.97145,25.1494],[90.97164,25.14941],[90.97165,25.14932],[90.97184,25.14932],[90.97185,25.14923],[90.97195,25.14923],[90.97195,25.14905],[90.97215,25.14905],[90.97214,25.14941],[90.97224,25.14942],[90.97224,25.14932],[90.97234,25.14933],[90.97234,25.14915],[90.97244,25.14915],[90.97244,25.14924],[90.97254,25.14924],[90.97254,25.14915],[90.97264,25.14915],[90.97264,25.14906],[90.97274,25.14906],[90.97274,25.14933],[90.97264,25.14933],[90.97264,25.14942],[90.97274,25.14942],[90.97273,25.14951],[90.97263,25.14951],[90.97263,25.14978],[90.97273,25.14978],[90.97273,25.15005],[90.97282,25.15005],[90.97283,25.14987],[90.97293,25.14988],[90.97292,25.15006],[90.97302,25.15006],[90.97302,25.15015],[90.97292,25.15015],[90.97292,25.15033],[90.97312,25.15033],[90.97312,25.15006],[90.97322,25.15006],[90.97322,25.15015],[90.97332,25.15015],[90.97332,25.15024],[90.97352,25.15024],[90.97351,25.15034],[90.97361,25.15034],[90.97361,25.15043],[90.97381,25.15043],[90.97381,25.15061],[90.97391,25.15061],[90.9739,25.15079],[90.9738,25.15079],[90.9738,25.15088],[90.974,25.15088],[90.974,25.15079],[90.9743,25.1508],[90.9743,25.15071],[90.9744,25.15071],[90.9744,25.15062],[90.9745,25.15062],[90.9745,25.15071],[90.9746,25.15071],[90.9746,25.1508],[90.9747,25.1508],[90.97469,25.15107],[90.97479,25.15107],[90.97479,25.15098],[90.97489,25.15099],[90.97489,25.15117],[90.97479,25.15117],[90.97479,25.15135],[90.97459,25.15134],[90.97459,25.15125],[90.97449,25.15125],[90.97449,25.15143],[90.97459,25.15143],[90.97459,25.15152],[90.97468,25.15152],[90.97469,25.15143],[90.97479,25.15144],[90.97478,25.1518],[90.97468,25.1518],[90.97468,25.15189],[90.97448,25.15188],[90.97448,25.15197],[90.97468,25.15198],[90.97468,25.15207],[90.97458,25.15206],[90.97457,25.15216],[90.97448,25.15215],[90.97447,25.15224],[90.97457,25.15225],[90.97457,25.15252],[90.97437,25.15251],[90.97437,25.15269],[90.97417,25.15269]],[[90.97319,25.15205],[90.97358,25.15205],[90.97359,25.15196],[90.97349,25.15196],[90.97349,25.15187],[90.97319,25.15187],[90.97319,25.15205]],[[90.97398,25.15197],[90.97408,25.15197],[90.97408,25.15188],[90.97398,25.15188],[90.97398,25.15197]],[[90.97428,25.15197],[90.97438,25.15197],[90.97438,25.15188],[90.97428,25.15188],[90.97428,25.15197]],[[90.97002,25.15173],[90.97032,25.15174],[90.97032,25.15165],[90.97042,25.15165],[90.97042,25.15156],[90.97072,25.15156],[90.97072,25.15147],[90.97052,25.15147],[90.97052,25.1512],[90.97013,25.15119],[90.97013,25.15128],[90.97023,25.15128],[90.97022,25.15137],[90.97003,25.15137],[90.97002,25.15146],[90.96992,25.15146],[90.96992,25.15155],[90.97012,25.15155],[90.97012,25.15164],[90.97002,25.15164],[90.97002,25.15173]],[[90.97042,25.15174],[90.97052,25.15174],[90.97052,25.15165],[90.97042,25.15165],[90.97042,25.15174]],[[90.97339,25.15178],[90.97349,25.15178],[90.97349,25.1516],[90.97339,25.1516],[90.97339,25.15178]],[[90.97369,25.15178],[90.97379,25.15178],[90.97379,25.15169],[90.97369,25.15169],[90.97369,25.15178]],[[90.97319,25.15168],[90.97329,25.15169],[90.97329,25.1516],[90.9732,25.15159],[90.97319,25.15168]],[[90.97458,25.1517],[90.97468,25.15171],[90.97468,25.15162],[90.97458,25.15161],[90.97458,25.1517]],[[90.97409,25.15152],[90.97419,25.15152],[90.97419,25.15143],[90.97409,25.15143],[90.97409,25.15152]],[[90.97072,25.15138],[90.97092,25.15138],[90.97092,25.15129],[90.97102,25.15129],[90.97102,25.1512],[90.97082,25.1512],[90.97082,25.15129],[90.97072,25.15129],[90.97072,25.15138]],[[90.97379,25.15142],[90.97389,25.15142],[90.97389,25.15133],[90.97379,25.15133],[90.97379,25.15142]],[[90.97419,25.15143],[90.97439,25.15143],[90.97439,25.15116],[90.97449,25.15116],[90.97449,25.15107],[90.97439,25.15107],[90.9744,25.15098],[90.97459,25.15098],[90.9746,25.15089],[90.974,25.15088],[90.974,25.15097],[90.9743,25.15098],[90.97429,25.15134],[90.97419,25.15134],[90.97419,25.15143]],[[90.97003,25.15119],[90.97013,25.15119],[90.97013,25.1511],[90.97053,25.15111],[90.97053,25.15093],[90.97033,25.15092],[90.97033,25.15101],[90.97023,25.15101],[90.97023,25.15092],[90.97013,25.15092],[90.97013,25.15101],[90.97003,25.15101],[90.97003,25.15119]],[[90.97062,25.1512],[90.97072,25.1512],[90.97072,25.15111],[90.97062,25.15111],[90.97062,25.1512]],[[90.97399,25.15124],[90.97409,25.15125],[90.9741,25.15107],[90.9739,25.15106],[90.9739,25.15115],[90.974,25.15115],[90.97399,25.15124]],[[90.97072,25.15111],[90.97082,25.15111],[90.97082,25.15102],[90.97073,25.15102],[90.97072,25.15111]],[[90.9735,25.15115],[90.9736,25.15115],[90.9736,25.15106],[90.9735,25.15106],[90.9735,25.15115]],[[90.9737,25.15115],[90.9738,25.15115],[90.9738,25.15106],[90.9737,25.15106],[90.9737,25.15115]],[[90.9736,25.15106],[90.9737,25.15106],[90.9737,25.15097],[90.9736,25.15097],[90.9736,25.15106]],[[90.97043,25.15083],[90.97063,25.15084],[90.97063,25.15075],[90.97043,25.15074],[90.97043,25.15083]],[[90.9736,25.15088],[90.9737,25.15088],[90.9737,25.15079],[90.9738,25.15079],[90.97381,25.1507],[90.97361,25.1507],[90.9736,25.15088]],[[90.96845,25.15072],[90.96855,25.15072],[90.96855,25.15063],[90.96845,25.15063],[90.96845,25.15072]],[[90.97033,25.15065],[90.97043,25.15065],[90.97044,25.15056],[90.97034,25.15056],[90.97033,25.15065]],[[90.97053,25.15066],[90.97063,25.15066],[90.97063,25.15057],[90.97073,25.15057],[90.97073,25.15048],[90.97054,25.15047],[90.97053,25.15066]],[[90.97083,25.15057],[90.97093,25.15057],[90.97093,25.15039],[90.97084,25.15039],[90.97083,25.15057]],[[90.97301,25.1506],[90.97321,25.1506],[90.97321,25.15051],[90.97311,25.15051],[90.97312,25.15042],[90.97302,25.15042],[90.97301,25.1506]],[[90.97331,25.1506],[90.97341,25.1506],[90.97341,25.15051],[90.97331,25.15051],[90.97331,25.1506]],[[90.96766,25.15044],[90.96786,25.15044],[90.96786,25.15035],[90.96766,25.15035],[90.96766,25.15044]],[[90.96865,25.15045],[90.96875,25.15045],[90.96875,25.15036],[90.96865,25.15036],[90.96865,25.15045]],[[90.97034,25.15047],[90.97044,25.15047],[90.97044,25.15038],[90.97034,25.15038],[90.97034,25.15047]],[[90.97341,25.15051],[90.97351,25.15052],[90.97351,25.15043],[90.97341,25.15042],[90.97341,25.15051]],[[90.96687,25.15033],[90.96697,25.15034],[90.96697,25.15025],[90.96687,25.15024],[90.96687,25.15033]],[[90.96786,25.15035],[90.96796,25.15035],[90.96796,25.15026],[90.96786,25.15026],[90.96786,25.15035]],[[90.96984,25.15038],[90.96994,25.15038],[90.96995,25.15011],[90.96985,25.1501],[90.96984,25.15038]],[[90.97014,25.15038],[90.97034,25.15038],[90.97034,25.1502],[90.97014,25.1502],[90.97014,25.15038]],[[90.97054,25.15038],[90.97064,25.15039],[90.97064,25.15021],[90.97054,25.1502],[90.97054,25.15038]],[[90.97321,25.15042],[90.97331,25.15042],[90.97332,25.15033],[90.97322,25.15033],[90.97321,25.15042]],[[90.96766,25.15026],[90.96786,25.15026],[90.96786,25.15017],[90.96767,25.15016],[90.96766,25.15026]],[[90.96925,25.15019],[90.96935,25.15019],[90.96936,25.14992],[90.96906,25.14991],[90.96906,25.15],[90.96896,25.15],[90.96896,25.15009],[90.96925,25.1501],[90.96925,25.15019]],[[90.97004,25.1502],[90.97014,25.1502],[90.97015,25.15011],[90.97005,25.15011],[90.97004,25.1502]],[[90.97034,25.1502],[90.97054,25.1502],[90.97054,25.15011],[90.97034,25.15011],[90.97034,25.1502]],[[90.96866,25.15009],[90.96876,25.15009],[90.96876,25.15],[90.96886,25.15],[90.96886,25.14991],[90.96866,25.14991],[90.96866,25.15009]],[[90.96995,25.15002],[90.97005,25.15002],[90.97005,25.14984],[90.96995,25.14984],[90.96995,25.15002]],[[90.97044,25.15002],[90.97074,25.15003],[90.97074,25.14994],[90.97064,25.14993],[90.97065,25.14984],[90.97045,25.14984],[90.97044,25.15002]],[[90.97213,25.15005],[90.97223,25.15005],[90.97223,25.14978],[90.97194,25.14977],[90.97193,25.14986],[90.97203,25.14986],[90.97203,25.14995],[90.97213,25.14996],[90.97213,25.15005]],[[90.96856,25.14991],[90.96866,25.14991],[90.96866,25.14982],[90.96856,25.14982],[90.96856,25.14991]],[[90.96936,25.14992],[90.96945,25.14992],[90.96946,25.14983],[90.96936,25.14983],[90.96936,25.14992]],[[90.97015,25.14993],[90.97025,25.14993],[90.97025,25.14984],[90.97015,25.14984],[90.97015,25.14993]],[[90.97183,25.14995],[90.97193,25.14995],[90.97193,25.14986],[90.97184,25.14986],[90.97183,25.14995]],[[90.96876,25.14982],[90.96886,25.14982],[90.96886,25.14973],[90.96876,25.14973],[90.96876,25.14982]],[[90.96896,25.14982],[90.96906,25.14982],[90.96906,25.14973],[90.96896,25.14973],[90.96896,25.14982]],[[90.96946,25.14983],[90.96956,25.14983],[90.96956,25.14974],[90.96946,25.14974],[90.96946,25.14983]],[[90.97253,25.14987],[90.97263,25.14987],[90.97263,25.14978],[90.97253,25.14978],[90.97253,25.14987]],[[90.96916,25.14973],[90.96926,25.14974],[90.96926,25.14965],[90.96916,25.14964],[90.96916,25.14973]],[[90.96956,25.14974],[90.96966,25.14974],[90.96966,25.14965],[90.96956,25.14965],[90.96956,25.14974]],[[90.96995,25.14974],[90.97005,25.14975],[90.97005,25.14966],[90.96995,25.14965],[90.96995,25.14974]],[[90.97124,25.14976],[90.97134,25.14976],[90.97134,25.14967],[90.97124,25.14967],[90.97124,25.14976]],[[90.96886,25.14964],[90.96896,25.14964],[90.96896,25.14955],[90.96887,25.14955],[90.96886,25.14964]],[[90.96906,25.14964],[90.96916,25.14964],[90.96916,25.14955],[90.96906,25.14955],[90.96906,25.14964]],[[90.97035,25.14966],[90.97045,25.14966],[90.97045,25.14957],[90.97035,25.14957],[90.97035,25.14966]],[[90.97095,25.14967],[90.97105,25.14967],[90.97105,25.1494],[90.97095,25.1494],[90.97095,25.14967]],[[90.97164,25.14968],[90.97174,25.14968],[90.97174,25.14959],[90.97164,25.14959],[90.97164,25.14968]],[[90.97243,25.14969],[90.97253,25.14969],[90.97254,25.14951],[90.97244,25.14951],[90.97243,25.14969]],[[90.96926,25.14955],[90.96936,25.14956],[90.96936,25.14947],[90.96926,25.14946],[90.96926,25.14955]],[[90.97214,25.14959],[90.97224,25.1496],[90.97224,25.14951],[90.97214,25.1495],[90.97214,25.14959]],[[90.96936,25.14947],[90.96946,25.14947],[90.96946,25.14938],[90.96936,25.14938],[90.96936,25.14947]],[[90.97006,25.14948],[90.97016,25.14948],[90.97016,25.14939],[90.97006,25.14939],[90.97006,25.14948]],[[90.97026,25.14948],[90.97035,25.14948],[90.97036,25.14939],[90.97026,25.14939],[90.97026,25.14948]],[[90.97164,25.1495],[90.97174,25.1495],[90.97174,25.14941],[90.97164,25.14941],[90.97164,25.1495]],[[90.97234,25.14951],[90.97244,25.14951],[90.97244,25.14942],[90.97234,25.14942],[90.97234,25.14951]],[[90.96837,25.14936],[90.96847,25.14936],[90.96847,25.14927],[90.96837,25.14927],[90.96837,25.14936]],[[90.96887,25.14937],[90.96897,25.14937],[90.96897,25.14928],[90.96907,25.14928],[90.96907,25.14919],[90.96897,25.14919],[90.96897,25.1491],[90.96867,25.1491],[90.96867,25.14919],[90.96887,25.14919],[90.96887,25.14937]],[[90.96946,25.14938],[90.96966,25.14938],[90.96966,25.14929],[90.96946,25.14929],[90.96946,25.14938]],[[90.97075,25.14939],[90.97085,25.1494],[90.97085,25.14931],[90.97095,25.14931],[90.97095,25.14922],[90.97105,25.14922],[90.97105,25.14913],[90.97096,25.14913],[90.97096,25.14904],[90.97086,25.14904],[90.97086,25.14913],[90.97076,25.14912],[90.97075,25.14939]],[[90.97184,25.14941],[90.97194,25.14941],[90.97194,25.14932],[90.97184,25.14932],[90.97184,25.14941]],[[90.97244,25.14942],[90.97254,25.14942],[90.97254,25.14933],[90.97244,25.14933],[90.97244,25.14942]],[[90.96907,25.1491],[90.96917,25.1491],[90.96917,25.14901],[90.96907,25.14901],[90.96907,25.1491]],[[90.97056,25.14903],[90.97066,25.14903],[90.97066,25.14894],[90.97056,25.14894],[90.97056,25.14903]],[[90.97076,25.14903],[90.97086,25.14904],[90.97086,25.14894],[90.97076,25.14894],[90.97076,25.14903]]]},"properties":{"id":"wetland_patch_92fb94faf6b0","date":"2026-07-24","area_km2":0.1104,"pixel_count":1104,"classification":"OPEN_WATER","interpretation_label":"HH darkening candidate","mean_delta_db":-5.6025273145001,"median_delta_db":-5.238454818725586,"hh_before":-12.438456181436777,"hh_after":-18.040983495936878,"hv_before":-19.90129319826762,"hv_after":-22.72215192430261,"delta_hh":-5.6025273145001,"delta_hv":-2.8208587260349938,"valid_fraction":0.7931314223904813,"valid_fraction_scope":"region bounding box, all four channels","vegetated_fraction":0.0,"quality_status":"PARTIAL","spatial_status":"PARTIAL","temporal_status":"PASS","temporal_overlap_fraction":0.6793478260869565,"threshold_stability":"STABLE","threshold_variation_fraction":0.19708029197080293,"evidence_state":"MODERATE","centroid":[25.150407001207395,90.97088002506534],"data_source":"NISAR","evidence_method":"Rule consistency only; no accuracy estimate or independent reference validation.","baseline_method":"PER_PIXEL_MEDIAN","baseline_observation_count":3,"baseline_observation_dates":["2026-06-18","2026-06-30","2026-07-12"],"baseline_hh_temporal_mad_db":0.8250865936279297,"baseline_scene_names":["NISAR_L2_PR_GCOV_023_069_A_014_4005_DHDH_A_20260618T232135_20260618T232210_P05023_N_F_J_001","NISAR_L2_PR_GCOV_024_069_A_014_4005_DHDH_A_20260630T232134_20260630T232209_P05023_N_F_J_001","NISAR_L2_PR_GCOV_025_069_A_014_4005_DHDH_A_20260712T232134_20260712T232208_P05023_N_F_J_001"],"contextual_land_cover":null,"distance_to_water_m":null,"context_status":"NOT_AVAILABLE","reference_validated":false}},{"type":"Feature","geometry":{"type":"Polygon","coordinates":[[[90.9941,25.13509],[90.9941,25.13491],[90.9942,25.13491],[90.9942,25.13473],[90.994,25.13473],[90.994,25.13482],[90.9939,25.13482],[90.9939,25.13463],[90.9938,25.13463],[90.99381,25.13454],[90.99371,25.13454],[90.99371,25.13445],[90.99391,25.13445],[90.99391,25.13427],[90.99401,25.13427],[90.99401,25.13446],[90.99411,25.13446],[90.9941,25.13455],[90.9943,25.13455],[90.9943,25.13446],[90.9944,25.13446],[90.9944,25.13455],[90.9945,25.13455],[90.9945,25.13464],[90.9949,25.13465],[90.99489,25.13474],[90.9944,25.13473],[90.9944,25.13482],[90.9945,25.13482],[90.99449,25.13491],[90.99459,25.13491],[90.9946,25.13482],[90.99509,25.13483],[90.99509,25.13492],[90.99519,25.13492],[90.99519,25.13501],[90.99509,25.13501],[90.99509,25.1351],[90.99499,25.1351],[90.99499,25.13501],[90.99469,25.13501],[90.99469,25.1351],[90.99429,25.13509],[90.99429,25.135],[90.9942,25.135],[90.99419,25.13509],[90.9941,25.13509]],[[90.9942,25.13473],[90.9943,25.13473],[90.9943,25.13464],[90.9942,25.13464],[90.9942,25.13473]]]},"properties":{"id":"wetland_patch_3627b9a7b557","date":"2026-07-24","area_km2":0.0051,"pixel_count":51,"classification":"OPEN_WATER","interpretation_label":"HH darkening candidate","mean_delta_db":-5.22530694101371,"median_delta_db":-4.738089561462402,"hh_before":-16.06826842064951,"hh_after":-21.29357536166322,"hv_before":-23.099448409734986,"hv_after":-23.419490141027115,"delta_hh":-5.22530694101371,"delta_hv":-0.3200417312921262,"valid_fraction":1.0,"valid_fraction_scope":"region bounding box, all four channels","vegetated_fraction":0.0,"quality_status":"PASS","spatial_status":"PARTIAL","temporal_status":"PARTIAL","temporal_overlap_fraction":0.0,"threshold_stability":"SENSITIVE","threshold_variation_fraction":0.2222222222222222,"evidence_state":"UNCERTAIN","centroid":[25.134778474977878,90.99440635433432],"data_source":"NISAR","evidence_method":"Rule consistency only; no accuracy estimate or independent reference validation.","baseline_method":"PER_PIXEL_MEDIAN","baseline_observation_count":3,"baseline_observation_dates":["2026-06-18","2026-06-30","2026-07-12"],"baseline_hh_temporal_mad_db":0.8250865936279297,"baseline_scene_names":["NISAR_L2_PR_GCOV_023_069_A_014_4005_DHDH_A_20260618T232135_20260618T232210_P05023_N_F_J_001","NISAR_L2_PR_GCOV_024_069_A_014_4005_DHDH_A_20260630T232134_20260630T232209_P05023_N_F_J_001","NISAR_L2_PR_GCOV_025_069_A_014_4005_DHDH_A_20260712T232134_20260712T232208_P05023_N_F_J_001"],"contextual_land_cover":null,"distance_to_water_m":null,"context_status":"NOT_AVAILABLE","reference_validated":false}},{"type":"Feature","geometry":{"type":"Polygon","coordinates":[[[91.00461,25.13478],[91.00461,25.13469],[91.00451,25.13469],[91.00452,25.13442],[91.00412,25.13441],[91.00412,25.13423],[91.00403,25.13423],[91.00403,25.13405],[91.00393,25.13405],[91.00393,25.13387],[91.00423,25.13387],[91.00423,25.13369],[91.00443,25.13369],[91.00443,25.13378],[91.00433,25.13378],[91.00433,25.13396],[91.00443,25.13396],[91.00443,25.13387],[91.00463,25.13388],[91.00462,25.13415],[91.00472,25.13415],[91.00472,25.13397],[91.00492,25.13397],[91.00492,25.13388],[91.00502,25.13388],[91.00502,25.13406],[91.00512,25.13406],[91.00512,25.13397],[91.00522,25.13397],[91.00522,25.13407],[91.00532,25.13407],[91.00532,25.13389],[91.00542,25.13389],[91.00542,25.13398],[91.00552,25.13398],[91.00552,25.13389],[91.00572,25.13389],[91.00572,25.13398],[91.00562,25.13398],[91.00562,25.13407],[91.00552,25.13407],[91.00551,25.13416],[91.00591,25.13416],[91.00591,25.13435],[91.00581,25.13434],[91.00581,25.13452],[91.00591,25.13453],[91.00591,25.13444],[91.0063,25.13444],[91.00631,25.13417],[91.00641,25.13417],[91.0064,25.13453],[91.0065,25.13453],[91.0065,25.13462],[91.0062,25.13462],[91.0062,25.13471],[91.006,25.13471],[91.006,25.1348],[91.0059,25.1348],[91.0059,25.13471],[91.0057,25.1347],[91.0057,25.13479],[91.0055,25.13479],[91.00551,25.13452],[91.00541,25.13452],[91.00541,25.13461],[91.00531,25.13461],[91.00531,25.13452],[91.00511,25.13452],[91.00511,25.13461],[91.00501,25.1346],[91.00501,25.13451],[91.00491,25.13451],[91.00492,25.13442],[91.00482,25.13442],[91.00481,25.13478],[91.00461,25.13478]],[[91.0056,25.1347],[91.0057,25.1347],[91.00571,25.13461],[91.00561,25.13461],[91.0056,25.1347]],[[91.00461,25.1346],[91.00471,25.1346],[91.00472,25.13451],[91.00462,25.13451],[91.00461,25.1346]],[[91.006,25.13462],[91.0061,25.13462],[91.0061,25.13453],[91.006,25.13453],[91.006,25.13462]],[[91.00472,25.13433],[91.00492,25.13433],[91.00492,25.13424],[91.00482,25.13424],[91.00482,25.13415],[91.00472,25.13415],[91.00472,25.13433]],[[91.00521,25.13434],[91.00531,25.13434],[91.00531,25.13425],[91.00522,25.13425],[91.00521,25.13434]],[[91.00551,25.13434],[91.00561,25.13434],[91.00561,25.13425],[91.00551,25.13425],[91.00551,25.13434]],[[91.00442,25.13414],[91.00452,25.13415],[91.00452,25.13406],[91.00443,25.13405],[91.00442,25.13414]],[[91.00423,25.13405],[91.00433,25.13405],[91.00433,25.13396],[91.00423,25.13396],[91.00423,25.13405]]]},"properties":{"id":"wetland_patch_2b796f6f3834","date":"2026-07-24","area_km2":0.0135,"pixel_count":135,"classification":"OPEN_WATER","interpretation_label":"HH darkening candidate","mean_delta_db":-5.203661996346933,"median_delta_db":-4.776418685913086,"hh_before":-14.838792596039948,"hh_after":-20.042454592386882,"hv_before":-23.213893508911134,"hv_after":-23.791176379168476,"delta_hh":-5.203661996346933,"delta_hv":-0.5772828702573423,"valid_fraction":1.0,"valid_fraction_scope":"region bounding box, all four channels","vegetated_fraction":0.0,"quality_status":"PASS","spatial_status":"PARTIAL","temporal_status":"PARTIAL","temporal_overlap_fraction":0.0,"threshold_stability":"SENSITIVE","threshold_variation_fraction":0.2046783625730994,"evidence_state":"UNCERTAIN","centroid":[25.134296694254246,91.00511081319414],"data_source":"NISAR","evidence_method":"Rule consistency only; no accuracy estimate or independent reference validation.","baseline_method":"PER_PIXEL_MEDIAN","baseline_observation_count":3,"baseline_observation_dates":["2026-06-18","2026-06-30","2026-07-12"],"baseline_hh_temporal_mad_db":0.8250865936279297,"baseline_scene_names":["NISAR_L2_PR_GCOV_023_069_A_014_4005_DHDH_A_20260618T232135_20260618T232210_P05023_N_F_J_001","NISAR_L2_PR_GCOV_024_069_A_014_4005_DHDH_A_20260630T232134_20260630T232209_P05023_N_F_J_001","NISAR_L2_PR_GCOV_025_069_A_014_4005_DHDH_A_20260712T232134_20260712T232208_P05023_N_F_J_001"],"contextual_land_cover":null,"distance_to_water_m":null,"context_status":"NOT_AVAILABLE","reference_validated":false}},{"type":"Feature","geometry":{"type":"Polygon","coordinates":[[[90.98432,25.1327],[90.98432,25.13261],[90.98412,25.13261],[90.98412,25.13252],[90.98402,25.13251],[90.98402,25.13242],[90.98412,25.13243],[90.98413,25.13224],[90.98403,25.13224],[90.98403,25.13215],[90.98413,25.13215],[90.98413,25.13197],[90.98403,25.13197],[90.98403,25.13188],[90.98393,25.13188],[90.98394,25.1317],[90.98404,25.1317],[90.98404,25.13161],[90.98414,25.13161],[90.98413,25.13179],[90.98423,25.13179],[90.98423,25.13189],[90.98453,25.13189],[90.98453,25.13207],[90.98462,25.13207],[90.98462,25.13216],[90.98472,25.13216],[90.98472,25.13225],[90.98492,25.13226],[90.98492,25.13235],[90.98502,25.13235],[90.98502,25.13244],[90.98511,25.13244],[90.98512,25.13235],[90.98521,25.13235],[90.98522,25.13226],[90.98551,25.13226],[90.98551,25.13235],[90.98541,25.13235],[90.98541,25.13244],[90.98521,25.13244],[90.98521,25.13253],[90.98472,25.13252],[90.98472,25.13243],[90.98462,25.13243],[90.98462,25.13252],[90.98452,25.13252],[90.98452,25.13243],[90.98442,25.13243],[90.98442,25.1327],[90.98432,25.1327]],[[90.98433,25.13207],[90.98443,25.13207],[90.98443,25.13198],[90.98433,25.13198],[90.98433,25.13207]]]},"properties":{"id":"wetland_patch_adfbddbed856","date":"2026-07-24","area_km2":0.0063,"pixel_count":63,"classification":"OPEN_WATER","interpretation_label":"HH darkening candidate","mean_delta_db":-6.621924642532591,"median_delta_db":-6.119891166687012,"hh_before":-10.488614506191677,"hh_after":-17.110539148724268,"hv_before":-18.573139417739142,"hv_after":-23.081758832174636,"delta_hh":-6.621924642532591,"delta_hv":-4.5086194144354925,"valid_fraction":1.0,"valid_fraction_scope":"region bounding box, all four channels","vegetated_fraction":0.0,"quality_status":"PASS","spatial_status":"PARTIAL","temporal_status":"PARTIAL","temporal_overlap_fraction":0.0,"threshold_stability":"SENSITIVE","threshold_variation_fraction":0.21348314606741572,"evidence_state":"UNCERTAIN","centroid":[25.13224506204456,90.984505905819],"data_source":"NISAR","evidence_method":"Rule consistency only; no accuracy estimate or independent reference validation.","baseline_method":"PER_PIXEL_MEDIAN","baseline_observation_count":3,"baseline_observation_dates":["2026-06-18","2026-06-30","2026-07-12"],"baseline_hh_temporal_mad_db":0.8250865936279297,"baseline_scene_names":["NISAR_L2_PR_GCOV_023_069_A_014_4005_DHDH_A_20260618T232135_20260618T232210_P05023_N_F_J_001","NISAR_L2_PR_GCOV_024_069_A_014_4005_DHDH_A_20260630T232134_20260630T232209_P05023_N_F_J_001","NISAR_L2_PR_GCOV_025_069_A_014_4005_DHDH_A_20260712T232134_20260712T232208_P05023_N_F_J_001"],"contextual_land_cover":null,"distance_to_water_m":null,"context_status":"NOT_AVAILABLE","reference_validated":false}},{"type":"Feature","geometry":{"type":"Polygon","coordinates":[[[91.00138,25.13248],[91.00138,25.1323],[91.00128,25.1323],[91.00128,25.13239],[91.00118,25.13239],[91.00118,25.13211],[91.00109,25.13211],[91.00109,25.13202],[91.00079,25.13202],[91.00079,25.13193],[91.00069,25.13193],[91.0007,25.13157],[91.0009,25.13157],[91.00089,25.13166],[91.00099,25.13166],[91.001,25.13148],[91.0009,25.13148],[91.0009,25.13139],[91.0007,25.13139],[91.0007,25.13121],[91.0008,25.13121],[91.0008,25.13112],[91.0009,25.13112],[91.0009,25.13103],[91.001,25.13103],[91.00101,25.13094],[91.00081,25.13094],[91.00081,25.13085],[91.00091,25.13085],[91.00091,25.13067],[91.00111,25.13067],[91.00111,25.13049],[91.00131,25.13049],[91.00131,25.1304],[91.00141,25.1304],[91.00141,25.13031],[91.00121,25.13031],[91.00121,25.1304],[91.00091,25.1304],[91.00092,25.13022],[91.00122,25.13022],[91.00122,25.13013],[91.00132,25.13013],[91.00131,25.13022],[91.00141,25.13022],[91.00142,25.13013],[91.00151,25.13013],[91.00152,25.13004],[91.00142,25.13004],[91.00142,25.12995],[91.00152,25.12995],[91.00152,25.12986],[91.00162,25.12986],[91.00162,25.12995],[91.00172,25.12996],[91.00171,25.13005],[91.00181,25.13005],[91.00181,25.12996],[91.00201,25.12996],[91.00201,25.13005],[91.00211,25.13005],[91.00211,25.12996],[91.00231,25.12996],[91.00231,25.13005],[91.00241,25.13006],[91.00241,25.12987],[91.00251,25.12988],[91.00251,25.12997],[91.00271,25.12997],[91.00271,25.13006],[91.0028,25.13006],[91.0028,25.13015],[91.0029,25.13015],[91.00289,25.13069],[91.00299,25.13069],[91.00299,25.1306],[91.00319,25.13061],[91.00319,25.13079],[91.00309,25.13079],[91.00309,25.13088],[91.00349,25.13088],[91.00348,25.13106],[91.00358,25.13106],[91.00358,25.13115],[91.00378,25.13116],[91.00378,25.13125],[91.00398,25.13125],[91.00397,25.13134],[91.00387,25.13134],[91.00387,25.13143],[91.00397,25.13143],[91.00397,25.13161],[91.00387,25.13161],[91.00387,25.1317],[91.00377,25.1317],[91.00377,25.13161],[91.00367,25.13161],[91.00367,25.13179],[91.00377,25.13179],[91.00377,25.13188],[91.00357,25.13188],[91.00357,25.13179],[91.00347,25.13178],[91.00347,25.13197],[91.00386,25.13197],[91.00386,25.13206],[91.00406,25.13206],[91.00406,25.13215],[91.00376,25.13215],[91.00376,25.13206],[91.00337,25.13205],[91.00337,25.13214],[91.00356,25.13215],[91.00356,25.13224],[91.00326,25.13223],[91.00326,25.13232],[91.00336,25.13232],[91.00336,25.13242],[91.00316,25.13241],[91.00317,25.13223],[91.00307,25.13223],[91.00307,25.13214],[91.00297,25.13214],[91.00297,25.13205],[91.00287,25.13205],[91.00287,25.13196],[91.00277,25.13196],[91.00278,25.13178],[91.00258,25.13177],[91.00258,25.13186],[91.00268,25.13186],[91.00267,25.13204],[91.00277,25.13205],[91.00277,25.13214],[91.00267,25.13214],[91.00267,25.13232],[91.00247,25.13231],[91.00247,25.13222],[91.00227,25.13222],[91.00227,25.13213],[91.00198,25.13213],[91.00198,25.13204],[91.00178,25.13203],[91.00178,25.13212],[91.00168,25.13212],[91.00168,25.13239],[91.00158,25.13239],[91.00158,25.1323],[91.00148,25.1323],[91.00148,25.13248],[91.00138,25.13248]],[[91.00148,25.13221],[91.00158,25.13221],[91.00158,25.13203],[91.00148,25.13203],[91.00148,25.13221]],[[91.00109,25.13202],[91.00119,25.13202],[91.00119,25.13193],[91.00109,25.13193],[91.00109,25.13202]],[[91.00158,25.13203],[91.00168,25.13203],[91.00168,25.13194],[91.00158,25.13194],[91.00158,25.13203]],[[91.00327,25.13205],[91.00337,25.13205],[91.00337,25.13196],[91.00327,25.13196],[91.00327,25.13205]],[[91.00119,25.13193],[91.00139,25.13194],[91.00139,25.13185],[91.00119,25.13184],[91.00119,25.13193]],[[91.00148,25.13194],[91.00158,25.13194],[91.00159,25.13185],[91.00149,25.13185],[91.00148,25.13194]],[[91.00238,25.13195],[91.00248,25.13195],[91.00248,25.13186],[91.00238,25.13186],[91.00238,25.13195]],[[91.00307,25.13196],[91.00317,25.13196],[91.00317,25.13187],[91.00307,25.13187],[91.00307,25.13196]],[[91.00109,25.13184],[91.00119,25.13184],[91.00119,25.13175],[91.00109,25.13175],[91.00109,25.13184]],[[91.00188,25.13185],[91.00208,25.13186],[91.00208,25.13177],[91.00188,25.13176],[91.00188,25.13185]],[[91.00287,25.13187],[91.00297,25.13187],[91.00297,25.13178],[91.00288,25.13178],[91.00287,25.13187]],[[91.00327,25.13187],[91.00337,25.13187],[91.00337,25.13178],[91.00347,25.13178],[91.00347,25.1316],[91.00337,25.1316],[91.00337,25.13169],[91.00327,25.13169],[91.00327,25.13187]],[[91.00149,25.13176],[91.00159,25.13176],[91.00159,25.13149],[91.00129,25.13148],[91.00129,25.13157],[91.00149,25.13158],[91.00149,25.13176]],[[91.00169,25.13176],[91.00188,25.13176],[91.00189,25.13167],[91.00169,25.13167],[91.00169,25.13176]],[[91.00297,25.13178],[91.00317,25.13178],[91.00318,25.1316],[91.00337,25.1316],[91.00338,25.13133],[91.00328,25.13133],[91.00328,25.13142],[91.00318,25.13142],[91.00318,25.13151],[91.00288,25.13151],[91.00288,25.13169],[91.00298,25.13169],[91.00297,25.13178]],[[91.00228,25.13168],[91.00248,25.13168],[91.00248,25.13159],[91.00228,25.13159],[91.00228,25.13168]],[[91.00169,25.13158],[91.00179,25.13158],[91.00179,25.13149],[91.00169,25.13149],[91.00169,25.13158]],[[91.00189,25.13158],[91.00209,25.13159],[91.00209,25.1315],[91.00189,25.13149],[91.00189,25.13158]],[[91.00248,25.13159],[91.00268,25.13159],[91.00268,25.1315],[91.00278,25.1315],[91.00278,25.13141],[91.00258,25.13141],[91.00258,25.1315],[91.00248,25.1315],[91.00248,25.13159]],[[91.00357,25.13161],[91.00367,25.13161],[91.00367,25.13152],[91.00357,25.13152],[91.00357,25.13161]],[[91.00347,25.13151],[91.00357,25.13152],[91.00358,25.13133],[91.00348,25.13133],[91.00347,25.13151]],[[91.00377,25.13152],[91.00387,25.13152],[91.00387,25.13143],[91.00377,25.13143],[91.00377,25.13152]],[[91.001,25.13139],[91.0011,25.13139],[91.0011,25.1313],[91.001,25.1313],[91.001,25.13139]],[[91.0012,25.13139],[91.0013,25.13139],[91.0013,25.1313],[91.0012,25.1313],[91.0012,25.13139]],[[91.00159,25.1314],[91.00169,25.1314],[91.00169,25.13131],[91.00159,25.13131],[91.00159,25.1314]],[[91.00179,25.1314],[91.00189,25.1314],[91.00189,25.13131],[91.00179,25.13131],[91.00179,25.1314]],[[91.00229,25.13141],[91.00249,25.13141],[91.00249,25.13132],[91.00229,25.13132],[91.00229,25.13141]],[[91.00308,25.13142],[91.00318,25.13142],[91.00318,25.13133],[91.00308,25.13133],[91.00308,25.13142]],[[91.00367,25.13143],[91.00377,25.13143],[91.00378,25.13134],[91.00368,25.13134],[91.00367,25.13143]],[[91.0013,25.1313],[91.0014,25.13131],[91.0014,25.13112],[91.0015,25.13113],[91.0015,25.13104],[91.0011,25.13103],[91.0011,25.13112],[91.0012,25.13112],[91.0012,25.13121],[91.0013,25.13121],[91.0013,25.1313]],[[91.00209,25.13131],[91.00219,25.13132],[91.00219,25.13123],[91.00209,25.13122],[91.00209,25.13131]],[[91.00268,25.13132],[91.00278,25.13132],[91.00279,25.13123],[91.00269,25.13123],[91.00268,25.13132]],[[91.0015,25.13122],[91.0016,25.13122],[91.0016,25.13113],[91.0015,25.13113],[91.0015,25.13122]],[[91.00169,25.13122],[91.00179,25.13122],[91.0018,25.13104],[91.0017,25.13104],[91.00169,25.13122]],[[91.00288,25.13124],[91.00298,25.13124],[91.00299,25.13115],[91.00289,25.13114],[91.00288,25.13124]],[[91.00308,25.13124],[91.00318,25.13124],[91.00318,25.13106],[91.00309,25.13106],[91.00308,25.13124]],[[91.00259,25.13114],[91.00269,25.13114],[91.00269,25.13105],[91.00259,25.13105],[91.00259,25.13114]],[[91.002,25.13104],[91.00209,25.13104],[91.0021,25.13086],[91.002,25.13086],[91.002,25.13104]],[[91.00249,25.13105],[91.00259,25.13105],[91.00259,25.13087],[91.00249,25.13087],[91.00249,25.13105]],[[91.00101,25.13094],[91.0012,25.13094],[91.0012,25.13085],[91.00111,25.13085],[91.00111,25.13076],[91.00101,25.13076],[91.00101,25.13094]],[[91.0013,25.13094],[91.0014,25.13094],[91.0014,25.13076],[91.00131,25.13076],[91.0013,25.13094]],[[91.00219,25.13096],[91.00229,25.13096],[91.0023,25.13087],[91.00239,25.13087],[91.0024,25.13069],[91.0022,25.13068],[91.0022,25.13059],[91.0019,25.13059],[91.0019,25.13068],[91.002,25.13068],[91.002,25.13077],[91.0022,25.13077],[91.00219,25.13096]],[[91.00299,25.13097],[91.00309,25.13097],[91.00309,25.13088],[91.00299,25.13088],[91.00299,25.13097]],[[91.00259,25.13087],[91.00269,25.13087],[91.00269,25.13078],[91.00279,25.13078],[91.00279,25.13069],[91.0026,25.13069],[91.00259,25.13087]],[[91.00279,25.13087],[91.00289,25.13087],[91.00289,25.13078],[91.00279,25.13078],[91.00279,25.13087]],[[91.00121,25.13076],[91.00131,25.13076],[91.00131,25.13067],[91.00121,25.13067],[91.00121,25.13076]],[[91.0022,25.13059],[91.0023,25.1306],[91.0023,25.13051],[91.0024,25.13051],[91.0024,25.13042],[91.0026,25.13042],[91.0026,25.13033],[91.00221,25.13032],[91.0022,25.13059]],[[91.00141,25.13049],[91.00151,25.13049],[91.00151,25.1304],[91.00141,25.1304],[91.00141,25.13049]],[[91.00161,25.13041],[91.00181,25.13041],[91.00181,25.13032],[91.00171,25.13032],[91.00171,25.13014],[91.00151,25.13013],[91.00151,25.13022],[91.00161,25.13022],[91.00161,25.13041]],[[91.00201,25.13041],[91.0021,25.13041],[91.00211,25.13023],[91.00231,25.13023],[91.00231,25.13014],[91.00191,25.13014],[91.00191,25.13023],[91.00201,25.13023],[91.00201,25.13041]],[[91.00251,25.13015],[91.0027,25.13015],[91.00271,25.13006],[91.00251,25.13006],[91.00251,25.13015]]]},"properties":{"id":"wetland_patch_35a38d52e8a7","date":"2026-07-24","area_km2":0.0486,"pixel_count":486,"classification":"OPEN_WATER","interpretation_label":"HH darkening candidate","mean_delta_db":-5.112013995402144,"median_delta_db":-4.7343058586120605,"hh_before":-15.203300831249221,"hh_after":-20.315314826651367,"hv_before":-23.21314462418419,"hv_after":-24.192866038883665,"delta_hh":-5.112013995402144,"delta_hv":-0.9797214146994759,"valid_fraction":1.0,"valid_fraction_scope":"region bounding box, all four channels","vegetated_fraction":0.0,"quality_status":"PASS","spatial_status":"PARTIAL","temporal_status":"PARTIAL","temporal_overlap_fraction":0.0,"threshold_stability":"SENSITIVE","threshold_variation_fraction":0.2077922077922078,"evidence_state":"UNCERTAIN","centroid":[25.1312347539953,91.00219303783294],"data_source":"NISAR","evidence_method":"Rule consistency only; no accuracy estimate or independent reference validation.","baseline_method":"PER_PIXEL_MEDIAN","baseline_observation_count":3,"baseline_observation_dates":["2026-06-18","2026-06-30","2026-07-12"],"baseline_hh_temporal_mad_db":0.8250865936279297,"baseline_scene_names":["NISAR_L2_PR_GCOV_023_069_A_014_4005_DHDH_A_20260618T232135_20260618T232210_P05023_N_F_J_001","NISAR_L2_PR_GCOV_024_069_A_014_4005_DHDH_A_20260630T232134_20260630T232209_P05023_N_F_J_001","NISAR_L2_PR_GCOV_025_069_A_014_4005_DHDH_A_20260712T232134_20260712T232208_P05023_N_F_J_001"],"contextual_land_cover":null,"distance_to_water_m":null,"context_status":"NOT_AVAILABLE","reference_validated":false}},{"type":"Feature","geometry":{"type":"Polygon","coordinates":[[[90.98532,25.13199],[90.98532,25.13172],[90.98513,25.13172],[90.98513,25.13127],[90.98533,25.13127],[90.98533,25.13118],[90.98523,25.13118],[90.98524,25.13109],[90.98543,25.13109],[90.98543,25.13118],[90.98553,25.13118],[90.98553,25.131],[90.98563,25.131],[90.98564,25.13091],[90.98573,25.13091],[90.98574,25.13082],[90.98583,25.13082],[90.98584,25.13073],[90.98594,25.13073],[90.98593,25.13092],[90.98623,25.13092],[90.98623,25.13119],[90.98603,25.13119],[90.98603,25.13128],[90.98622,25.13128],[90.98622,25.13137],[90.98612,25.13137],[90.98612,25.13146],[90.98602,25.13146],[90.98602,25.13155],[90.98592,25.13155],[90.98593,25.13137],[90.98573,25.13136],[90.98573,25.13127],[90.98563,25.13127],[90.98563,25.13136],[90.98553,25.13136],[90.98553,25.13145],[90.98533,25.13145],[90.98533,25.13163],[90.98543,25.13163],[90.98542,25.1319],[90.98552,25.1319],[90.98552,25.13199],[90.98532,25.13199]],[[90.98563,25.13118],[90.98573,25.13118],[90.98573,25.13109],[90.98563,25.13109],[90.98563,25.13118]],[[90.98573,25.13109],[90.98613,25.1311],[90.98613,25.13101],[90.98593,25.13101],[90.98593,25.13092],[90.98583,25.13091],[90.98583,25.131],[90.98573,25.131],[90.98573,25.13109]]]},"properties":{"id":"wetland_patch_0cab780a0652","date":"2026-07-24","area_km2":0.0054,"pixel_count":54,"classification":"OPEN_WATER","interpretation_label":"HH darkening candidate","mean_delta_db":-4.276954562575729,"median_delta_db":-3.895623207092285,"hh_before":-15.783938001703333,"hh_after":-20.06089256427906,"hv_before":-23.64858115160907,"hv_after":-23.682092843232333,"delta_hh":-4.276954562575729,"delta_hv":-0.03351169162326389,"valid_fraction":1.0,"valid_fraction_scope":"region bounding box, all four channels","vegetated_fraction":0.0,"quality_status":"PASS","spatial_status":"PARTIAL","temporal_status":"PARTIAL","temporal_overlap_fraction":0.0,"threshold_stability":"SENSITIVE","threshold_variation_fraction":0.22784810126582278,"evidence_state":"UNCERTAIN","centroid":[25.131296023129487,90.98564902510867],"data_source":"NISAR","evidence_method":"Rule consistency only; no accuracy estimate or independent reference validation.","baseline_method":"PER_PIXEL_MEDIAN","baseline_observation_count":3,"baseline_observation_dates":["2026-06-18","2026-06-30","2026-07-12"],"baseline_hh_temporal_mad_db":0.8250865936279297,"baseline_scene_names":["NISAR_L2_PR_GCOV_023_069_A_014_4005_DHDH_A_20260618T232135_20260618T232210_P05023_N_F_J_001","NISAR_L2_PR_GCOV_024_069_A_014_4005_DHDH_A_20260630T232134_20260630T232209_P05023_N_F_J_001","NISAR_L2_PR_GCOV_025_069_A_014_4005_DHDH_A_20260712T232134_20260712T232208_P05023_N_F_J_001"],"contextual_land_cover":null,"distance_to_water_m":null,"context_status":"NOT_AVAILABLE","reference_validated":false}},{"type":"Feature","geometry":{"type":"Polygon","coordinates":[[[90.99893,25.13037],[90.99893,25.13019],[90.99903,25.13019],[90.99904,25.1301],[90.99894,25.1301],[90.99894,25.13001],[90.99904,25.13001],[90.99904,25.12983],[90.99914,25.12983],[90.99914,25.12974],[90.99924,25.12974],[90.99924,25.12983],[90.99934,25.12983],[90.99934,25.12992],[90.99944,25.12992],[90.99943,25.13002],[90.99963,25.13002],[90.99963,25.12984],[90.99973,25.12984],[90.99974,25.12975],[90.99964,25.12975],[90.99964,25.12966],[90.99954,25.12966],[90.99954,25.12929],[90.99945,25.12929],[90.99945,25.1292],[90.99965,25.12921],[90.99964,25.12939],[90.99994,25.12939],[90.99994,25.12948],[90.99964,25.12948],[90.99964,25.12957],[90.99984,25.12957],[90.99984,25.12966],[90.99994,25.12966],[90.99994,25.12957],[91.00004,25.12957],[91.00003,25.12966],[91.00013,25.12966],[91.00014,25.12948],[91.00024,25.12948],[91.00023,25.12957],[91.00033,25.12958],[91.00033,25.12976],[91.00023,25.12975],[91.00023,25.13003],[91.00013,25.13002],[91.00013,25.12993],[91.00003,25.12993],[91.00003,25.13011],[90.99993,25.13011],[90.99993,25.13002],[90.99983,25.13002],[90.99983,25.12993],[90.99973,25.12993],[90.99973,25.1302],[90.99963,25.1302],[90.99963,25.13029],[90.99923,25.13028],[90.99923,25.13019],[90.99913,25.13019],[90.99913,25.13028],[90.99903,25.13028],[90.99903,25.13037],[90.99893,25.13037]],[[90.99953,25.1302],[90.99963,25.1302],[90.99963,25.13011],[90.99953,25.13011],[90.99953,25.1302]]]},"properties":{"id":"wetland_patch_0d5e5da45da7","date":"2026-07-24","area_km2":0.0067,"pixel_count":67,"classification":"OPEN_WATER","interpretation_label":"HH darkening candidate","mean_delta_db":-4.874125139037175,"median_delta_db":-4.488910675048828,"hh_before":-15.118517818735606,"hh_after":-19.99264295777278,"hv_before":-22.83173321965915,"hv_after":-24.247076461564248,"delta_hh":-4.874125139037175,"delta_hv":-1.4153432419050986,"valid_fraction":1.0,"valid_fraction_scope":"region bounding box, all four channels","vegetated_fraction":0.0,"quality_status":"PASS","spatial_status":"PARTIAL","temporal_status":"PARTIAL","temporal_overlap_fraction":0.0,"threshold_stability":"SENSITIVE","threshold_variation_fraction":0.3333333333333333,"evidence_state":"UNCERTAIN","centroid":[25.129864771489387,90.9996307086137],"data_source":"NISAR","evidence_method":"Rule consistency only; no accuracy estimate or independent reference validation.","baseline_method":"PER_PIXEL_MEDIAN","baseline_observation_count":3,"baseline_observation_dates":["2026-06-18","2026-06-30","2026-07-12"],"baseline_hh_temporal_mad_db":0.8250865936279297,"baseline_scene_names":["NISAR_L2_PR_GCOV_023_069_A_014_4005_DHDH_A_20260618T232135_20260618T232210_P05023_N_F_J_001","NISAR_L2_PR_GCOV_024_069_A_014_4005_DHDH_A_20260630T232134_20260630T232209_P05023_N_F_J_001","NISAR_L2_PR_GCOV_025_069_A_014_4005_DHDH_A_20260712T232134_20260712T232208_P05023_N_F_J_001"],"contextual_land_cover":null,"distance_to_water_m":null,"context_status":"NOT_AVAILABLE","reference_validated":false}},{"type":"Feature","geometry":{"type":"Polygon","coordinates":[[[91.01123,25.13017],[91.01124,25.1299],[91.01114,25.1299],[91.01114,25.12999],[91.01094,25.12999],[91.01094,25.1299],[91.01084,25.1299],[91.01084,25.12999],[91.01054,25.12998],[91.01054,25.13007],[91.01044,25.13007],[91.01044,25.12998],[91.01024,25.12998],[91.01024,25.13007],[91.01014,25.13007],[91.01014,25.12998],[91.00985,25.12997],[91.00985,25.12979],[91.00975,25.12979],[91.00975,25.1297],[91.00985,25.1297],[91.00985,25.12961],[91.00995,25.12962],[91.00995,25.12952],[91.00966,25.12952],[91.00966,25.12943],[91.00946,25.12943],[91.00946,25.12934],[91.00936,25.12934],[91.00936,25.12916],[91.00926,25.12915],[91.00926,25.12924],[91.00916,25.12924],[91.00916,25.12933],[91.00926,25.12933],[91.00926,25.12943],[91.00916,25.12942],[91.00916,25.1296],[91.00906,25.1296],[91.00906,25.12951],[91.00896,25.12951],[91.00896,25.12933],[91.00877,25.12933],[91.00876,25.12942],[91.00867,25.12942],[91.00867,25.12915],[91.00847,25.12914],[91.00847,25.12941],[91.00827,25.12941],[91.00827,25.12923],[91.00837,25.12923],[91.00837,25.12914],[91.00827,25.12914],[91.00827,25.12905],[91.00818,25.12905],[91.00818,25.12896],[91.00808,25.12896],[91.00807,25.12923],[91.00797,25.12923],[91.00798,25.12914],[91.00788,25.12914],[91.00788,25.12923],[91.00778,25.12922],[91.00778,25.12904],[91.00768,25.12904],[91.00768,25.12913],[91.00748,25.12913],[91.00748,25.12904],[91.00758,25.12904],[91.00758,25.12895],[91.00778,25.12895],[91.00778,25.12877],[91.00798,25.12878],[91.00798,25.12887],[91.00848,25.12887],[91.00848,25.12878],[91.00858,25.12878],[91.00858,25.12887],[91.00867,25.12888],[91.00867,25.12906],[91.00897,25.12906],[91.00897,25.12897],[91.00907,25.12897],[91.00907,25.12915],[91.00917,25.12915],[91.00917,25.12906],[91.00927,25.12906],[91.00927,25.12897],[91.00937,25.12898],[91.00937,25.12889],[91.00947,25.12889],[91.00946,25.12907],[91.00956,25.12907],[91.00956,25.12934],[91.00966,25.12934],[91.00966,25.12925],[91.00986,25.12925],[91.00986,25.12916],[91.00976,25.12916],[91.00976,25.12907],[91.00986,25.12907],[91.00986,25.12898],[91.01006,25.12898],[91.01006,25.12907],[91.01026,25.12908],[91.01026,25.12917],[91.01045,25.12917],[91.01046,25.12899],[91.01066,25.12899],[91.01066,25.1289],[91.01086,25.12891],[91.01085,25.129],[91.01105,25.129],[91.01105,25.12909],[91.01115,25.12909],[91.01114,25.12945],[91.01124,25.12945],[91.01125,25.12927],[91.01144,25.12927],[91.01144,25.12936],[91.01134,25.12936],[91.01134,25.12963],[91.01144,25.12964],[91.01144,25.12954],[91.01154,25.12955],[91.01154,25.12973],[91.01173,25.12973],[91.01173,25.12982],[91.01163,25.12982],[91.01163,25.12991],[91.01173,25.12991],[91.01173,25.13],[91.01163,25.13],[91.01163,25.13009],[91.01143,25.13009],[91.01143,25.13],[91.01133,25.12999],[91.01133,25.13018],[91.01123,25.13017]],[[91.01024,25.12989],[91.01034,25.12989],[91.01035,25.1298],[91.01025,25.1298],[91.01024,25.12989]],[[91.01064,25.1299],[91.01074,25.1299],[91.01074,25.12981],[91.01064,25.1298],[91.01064,25.1299]],[[91.01104,25.1299],[91.01114,25.1299],[91.01114,25.12981],[91.01104,25.12981],[91.01104,25.1299]],[[91.01143,25.12991],[91.01153,25.12991],[91.01153,25.12982],[91.01144,25.12982],[91.01143,25.12991]],[[91.01035,25.1298],[91.01054,25.1298],[91.01054,25.12971],[91.01035,25.12971],[91.01035,25.1298]],[[91.01015,25.12971],[91.01025,25.12971],[91.01025,25.12962],[91.01015,25.12962],[91.01015,25.12971]],[[91.01114,25.12972],[91.01124,25.12972],[91.01124,25.12954],[91.01114,25.12954],[91.01114,25.12972]],[[91.01035,25.12962],[91.01045,25.12962],[91.01045,25.12953],[91.01035,25.12953],[91.01035,25.12962]],[[91.01084,25.12963],[91.01094,25.12963],[91.01095,25.12945],[91.01105,25.12945],[91.01105,25.12918],[91.01095,25.12918],[91.01095,25.12927],[91.01085,25.12927],[91.01085,25.12945],[91.01075,25.12945],[91.01075,25.12935],[91.01065,25.12935],[91.01065,25.12953],[91.01085,25.12954],[91.01084,25.12963]],[[91.01015,25.12944],[91.01025,25.12944],[91.01025,25.12935],[91.01065,25.12935],[91.01065,25.12926],[91.00996,25.12925],[91.00996,25.12934],[91.01015,25.12935],[91.01015,25.12944]],[[91.00896,25.12933],[91.00906,25.12933],[91.00907,25.12924],[91.00897,25.12924],[91.00896,25.12933]],[[91.00887,25.12924],[91.00897,25.12924],[91.00897,25.12915],[91.00887,25.12915],[91.00887,25.12924]],[[91.01075,25.12917],[91.01085,25.12918],[91.01085,25.12909],[91.01075,25.12908],[91.01075,25.12917]],[[91.00847,25.12905],[91.00857,25.12905],[91.00857,25.12896],[91.00847,25.12896],[91.00847,25.12905]]]},"properties":{"id":"wetland_patch_c3cea40b0a2d","date":"2026-07-24","area_km2":0.022,"pixel_count":220,"classification":"OPEN_WATER","interpretation_label":"HH darkening candidate","mean_delta_db":-4.800325012613427,"median_delta_db":-4.244097709655762,"hh_before":-15.598658418249,"hh_after":-20.398983430862426,"hv_before":-23.4766930363395,"hv_after":-23.879906242544,"delta_hh":-4.800325012613427,"delta_hv":-0.4032132062045011,"valid_fraction":1.0,"valid_fraction_scope":"region bounding box, all four channels","vegetated_fraction":0.0,"quality_status":"PASS","spatial_status":"PARTIAL","temporal_status":"PARTIAL","temporal_overlap_fraction":0.02727272727272727,"threshold_stability":"SENSITIVE","threshold_variation_fraction":0.2268370607028754,"evidence_state":"UNCERTAIN","centroid":[25.12941929243743,91.00997996437263],"data_source":"NISAR","evidence_method":"Rule consistency only; no accuracy estimate or independent reference validation.","baseline_method":"PER_PIXEL_MEDIAN","baseline_observation_count":3,"baseline_observation_dates":["2026-06-18","2026-06-30","2026-07-12"],"baseline_hh_temporal_mad_db":0.8250865936279297,"baseline_scene_names":["NISAR_L2_PR_GCOV_023_069_A_014_4005_DHDH_A_20260618T232135_20260618T232210_P05023_N_F_J_001","NISAR_L2_PR_GCOV_024_069_A_014_4005_DHDH_A_20260630T232134_20260630T232209_P05023_N_F_J_001","NISAR_L2_PR_GCOV_025_069_A_014_4005_DHDH_A_20260712T232134_20260712T232208_P05023_N_F_J_001"],"contextual_land_cover":null,"distance_to_water_m":null,"context_status":"NOT_AVAILABLE","reference_validated":false}},{"type":"Feature","geometry":{"type":"Polygon","coordinates":[[[91.00033,25.12994],[91.00033,25.12985],[91.00053,25.12985],[91.00053,25.12976],[91.00063,25.12976],[91.00063,25.12967],[91.00073,25.12967],[91.00073,25.12958],[91.00083,25.12958],[91.00083,25.12922],[91.00074,25.12922],[91.00074,25.12904],[91.00084,25.12904],[91.00084,25.12895],[91.00074,25.12895],[91.00074,25.12877],[91.00084,25.12877],[91.00084,25.12886],[91.00094,25.12886],[91.00094,25.12895],[91.00104,25.12895],[91.00104,25.12886],[91.00114,25.12886],[91.00114,25.12877],[91.00124,25.12878],[91.00124,25.12896],[91.00114,25.12895],[91.00113,25.12914],[91.00123,25.12914],[91.00123,25.12932],[91.00133,25.12932],[91.00133,25.12914],[91.00153,25.12914],[91.00153,25.12923],[91.00173,25.12923],[91.00172,25.1295],[91.00162,25.1295],[91.00163,25.12941],[91.00153,25.12941],[91.00153,25.12932],[91.00143,25.12932],[91.00143,25.12941],[91.00133,25.12941],[91.00133,25.1295],[91.00152,25.1295],[91.00152,25.12959],[91.00162,25.12959],[91.00162,25.12968],[91.00142,25.12968],[91.00142,25.12959],[91.00132,25.12959],[91.00132,25.12968],[91.00122,25.12968],[91.00122,25.12977],[91.00112,25.12977],[91.00112,25.12968],[91.00103,25.12968],[91.00102,25.12977],[91.00093,25.12976],[91.00093,25.12967],[91.00083,25.12967],[91.00083,25.12976],[91.00073,25.12976],[91.00073,25.12985],[91.00082,25.12985],[91.00082,25.12994],[91.00033,25.12994]],[[91.00103,25.12959],[91.00113,25.12959],[91.00113,25.1295],[91.00103,25.12949],[91.00103,25.12959]],[[91.00103,25.1294],[91.00113,25.12941],[91.00113,25.12932],[91.00103,25.12931],[91.00103,25.1294]],[[91.00093,25.12922],[91.00103,25.12922],[91.00103,25.12913],[91.00094,25.12913],[91.00093,25.12922]]]},"properties":{"id":"wetland_patch_fc18636f547c","date":"2026-07-24","area_km2":0.0065,"pixel_count":65,"classification":"OPEN_WATER","interpretation_label":"HH darkening candidate","mean_delta_db":-4.495902927105243,"median_delta_db":-4.42109489440918,"hh_before":-15.703103549663837,"hh_after":-20.199006476769082,"hv_before":-23.577154423640323,"hv_after":-24.098085227379432,"delta_hh":-4.495902927105243,"delta_hv":-0.5209308037391076,"valid_fraction":1.0,"valid_fraction_scope":"region bounding box, all four channels","vegetated_fraction":0.0,"quality_status":"PASS","spatial_status":"PARTIAL","temporal_status":"PARTIAL","temporal_overlap_fraction":0.0,"threshold_stability":"STABLE","threshold_variation_fraction":0.1744186046511628,"evidence_state":"MODERATE","centroid":[25.129390678387264,91.00107390557952],"data_source":"NISAR","evidence_method":"Rule consistency only; no accuracy estimate or independent reference validation.","baseline_method":"PER_PIXEL_MEDIAN","baseline_observation_count":3,"baseline_observation_dates":["2026-06-18","2026-06-30","2026-07-12"],"baseline_hh_temporal_mad_db":0.8250865936279297,"baseline_scene_names":["NISAR_L2_PR_GCOV_023_069_A_014_4005_DHDH_A_20260618T232135_20260618T232210_P05023_N_F_J_001","NISAR_L2_PR_GCOV_024_069_A_014_4005_DHDH_A_20260630T232134_20260630T232209_P05023_N_F_J_001","NISAR_L2_PR_GCOV_025_069_A_014_4005_DHDH_A_20260712T232134_20260712T232208_P05023_N_F_J_001"],"contextual_land_cover":null,"distance_to_water_m":null,"context_status":"NOT_AVAILABLE","reference_validated":false}},{"type":"Feature","geometry":{"type":"Polygon","coordinates":[[[91.00318,25.12555],[91.00318,25.12528],[91.00328,25.12528],[91.00328,25.1251],[91.00308,25.1251],[91.00308,25.12501],[91.00299,25.12501],[91.00299,25.12492],[91.00328,25.12492],[91.00329,25.12474],[91.00319,25.12474],[91.00319,25.12483],[91.00309,25.12483],[91.00309,25.12474],[91.00289,25.12474],[91.00289,25.12456],[91.00299,25.12456],[91.00299,25.12465],[91.00309,25.12465],[91.00309,25.12456],[91.00319,25.12456],[91.00319,25.12447],[91.00329,25.12447],[91.00329,25.12456],[91.00339,25.12456],[91.00339,25.12465],[91.00349,25.12465],[91.00349,25.12456],[91.00359,25.12456],[91.00359,25.12465],[91.00369,25.12466],[91.00369,25.12457],[91.00379,25.12457],[91.00378,25.12475],[91.00368,25.12475],[91.00368,25.12493],[91.00378,25.12493],[91.00378,25.12502],[91.00358,25.12502],[91.00358,25.12511],[91.00368,25.12511],[91.00368,25.1252],[91.00348,25.12519],[91.00348,25.12529],[91.00368,25.12529],[91.00367,25.12547],[91.00357,25.12547],[91.00357,25.12538],[91.00328,25.12537],[91.00328,25.12546],[91.00338,25.12546],[91.00337,25.12555],[91.00318,25.12555]],[[91.00328,25.12501],[91.00338,25.12501],[91.00338,25.12492],[91.00328,25.12492],[91.00328,25.12501]],[[91.00348,25.12492],[91.00358,25.12493],[91.00358,25.12484],[91.00348,25.12483],[91.00348,25.12492]],[[91.00339,25.12483],[91.00348,25.12483],[91.00349,25.12474],[91.00339,25.12474],[91.00339,25.12483]]]},"properties":{"id":"wetland_patch_7ffae36996e2","date":"2026-07-24","area_km2":0.005,"pixel_count":50,"classification":"OPEN_WATER","interpretation_label":"HH darkening candidate","mean_delta_db":-4.771469421386719,"median_delta_db":-4.383130073547363,"hh_before":-16.013218994140626,"hh_after":-20.784688415527345,"hv_before":-23.40570827484131,"hv_after":-24.512943229675294,"delta_hh":-4.771469421386719,"delta_hv":-1.1072349548339844,"valid_fraction":1.0,"valid_fraction_scope":"region bounding box, all four channels","vegetated_fraction":0.0,"quality_status":"PASS","spatial_status":"PARTIAL","temporal_status":"PARTIAL","temporal_overlap_fraction":0.0,"threshold_stability":"SENSITIVE","threshold_variation_fraction":0.2923076923076923,"evidence_state":"UNCERTAIN","centroid":[25.124956923851855,91.0033773423311],"data_source":"NISAR","evidence_method":"Rule consistency only; no accuracy estimate or independent reference validation.","baseline_method":"PER_PIXEL_MEDIAN","baseline_observation_count":3,"baseline_observation_dates":["2026-06-18","2026-06-30","2026-07-12"],"baseline_hh_temporal_mad_db":0.8250865936279297,"baseline_scene_names":["NISAR_L2_PR_GCOV_023_069_A_014_4005_DHDH_A_20260618T232135_20260618T232210_P05023_N_F_J_001","NISAR_L2_PR_GCOV_024_069_A_014_4005_DHDH_A_20260630T232134_20260630T232209_P05023_N_F_J_001","NISAR_L2_PR_GCOV_025_069_A_014_4005_DHDH_A_20260712T232134_20260712T232208_P05023_N_F_J_001"],"contextual_land_cover":null,"distance_to_water_m":null,"context_status":"NOT_AVAILABLE","reference_validated":false}},{"type":"Feature","geometry":{"type":"Polygon","coordinates":[[[91.05772,25.12519],[91.05772,25.1251],[91.05752,25.1251],[91.05752,25.12501],[91.05743,25.12501],[91.05743,25.12483],[91.05723,25.12483],[91.05723,25.12465],[91.05703,25.12464],[91.05704,25.12455],[91.05714,25.12455],[91.05714,25.12428],[91.05694,25.12428],[91.05695,25.12392],[91.05705,25.12392],[91.05705,25.12383],[91.05695,25.12383],[91.05695,25.12374],[91.05705,25.12374],[91.05705,25.12365],[91.05725,25.12365],[91.05725,25.12356],[91.05715,25.12356],[91.05715,25.12338],[91.05725,25.12338],[91.05725,25.12347],[91.05745,25.12347],[91.05745,25.12357],[91.05755,25.12357],[91.05755,25.12366],[91.05765,25.12366],[91.05764,25.12384],[91.05754,25.12384],[91.05754,25.12375],[91.05715,25.12374],[91.05714,25.1241],[91.05734,25.12411],[91.05734,25.12402],[91.05744,25.12402],[91.05744,25.12411],[91.05754,25.12411],[91.05754,25.12393],[91.05764,25.12393],[91.05764,25.12402],[91.05774,25.12402],[91.05774,25.12411],[91.05784,25.12411],[91.05784,25.12402],[91.05814,25.12403],[91.05814,25.12394],[91.05824,25.12394],[91.05823,25.12421],[91.05843,25.12421],[91.05843,25.12439],[91.05863,25.12439],[91.05862,25.12448],[91.05843,25.12448],[91.05842,25.12457],[91.05832,25.12457],[91.05832,25.12466],[91.05822,25.12466],[91.05822,25.12475],[91.05862,25.12475],[91.05861,25.12512],[91.05851,25.12511],[91.05852,25.12493],[91.05812,25.12493],[91.05812,25.12502],[91.05832,25.12502],[91.05831,25.1252],[91.05812,25.1252],[91.05812,25.12511],[91.05802,25.12511],[91.05802,25.12502],[91.05782,25.12501],[91.05782,25.12519],[91.05772,25.12519]],[[91.05772,25.12492],[91.05782,25.12492],[91.05782,25.12483],[91.05773,25.12483],[91.05772,25.12492]],[[91.05763,25.12483],[91.05773,25.12483],[91.05773,25.12474],[91.05763,25.12474],[91.05763,25.12483]],[[91.05782,25.12483],[91.05792,25.12484],[91.05793,25.12474],[91.05783,25.12474],[91.05782,25.12483]],[[91.05733,25.12465],[91.05753,25.12465],[91.05753,25.12456],[91.05803,25.12457],[91.05803,25.1242],[91.05783,25.1242],[91.05783,25.12429],[91.05773,25.12429],[91.05773,25.12438],[91.05753,25.12438],[91.05753,25.12447],[91.05733,25.12447],[91.05733,25.12465]],[[91.05734,25.12438],[91.05744,25.12438],[91.05744,25.1242],[91.05724,25.12419],[91.05724,25.12428],[91.05734,25.12429],[91.05734,25.12438]]]},"properties":{"id":"wetland_patch_607c3505dc5b","date":"2026-07-24","area_km2":0.0141,"pixel_count":141,"classification":"OPEN_WATER","interpretation_label":"HH darkening candidate","mean_delta_db":-5.159433642177717,"median_delta_db":-4.895503997802734,"hh_before":-16.15087398907817,"hh_after":-21.31030763125589,"hv_before":-24.060193677320548,"hv_after":-24.966017919229277,"delta_hh":-5.159433642177717,"delta_hv":-0.9058242419087295,"valid_fraction":1.0,"valid_fraction_scope":"region bounding box, all four channels","vegetated_fraction":0.0,"quality_status":"PASS","spatial_status":"PARTIAL","temporal_status":"PARTIAL","temporal_overlap_fraction":0.0,"threshold_stability":"SENSITIVE","threshold_variation_fraction":0.21022727272727273,"evidence_state":"UNCERTAIN","centroid":[25.124434928386766,91.0577484813224],"data_source":"NISAR","evidence_method":"Rule consistency only; no accuracy estimate or independent reference validation.","baseline_method":"PER_PIXEL_MEDIAN","baseline_observation_count":3,"baseline_observation_dates":["2026-06-18","2026-06-30","2026-07-12"],"baseline_hh_temporal_mad_db":0.8250865936279297,"baseline_scene_names":["NISAR_L2_PR_GCOV_023_069_A_014_4005_DHDH_A_20260618T232135_20260618T232210_P05023_N_F_J_001","NISAR_L2_PR_GCOV_024_069_A_014_4005_DHDH_A_20260630T232134_20260630T232209_P05023_N_F_J_001","NISAR_L2_PR_GCOV_025_069_A_014_4005_DHDH_A_20260712T232134_20260712T232208_P05023_N_F_J_001"],"contextual_land_cover":null,"distance_to_water_m":null,"context_status":"NOT_AVAILABLE","reference_validated":false}},{"type":"Feature","geometry":{"type":"Polygon","coordinates":[[[91.06568,25.1169],[91.06569,25.11663],[91.06559,25.11663],[91.06559,25.11654],[91.06539,25.11654],[91.06539,25.11663],[91.06549,25.11663],[91.06549,25.11672],[91.06529,25.11672],[91.06529,25.11663],[91.06509,25.11662],[91.0651,25.11653],[91.06519,25.11653],[91.0652,25.11644],[91.0651,25.11644],[91.06511,25.11581],[91.0653,25.11581],[91.0653,25.1159],[91.0654,25.11591],[91.0654,25.11582],[91.0655,25.11582],[91.0655,25.11618],[91.0657,25.11618],[91.0657,25.11609],[91.0656,25.11609],[91.0656,25.11591],[91.0658,25.11591],[91.0658,25.11582],[91.066,25.11582],[91.066,25.11591],[91.0659,25.11591],[91.0659,25.116],[91.066,25.116],[91.06599,25.11609],[91.0659,25.11609],[91.06589,25.11627],[91.06609,25.11628],[91.06609,25.11646],[91.06599,25.11645],[91.06599,25.11664],[91.06589,25.11663],[91.06589,25.11654],[91.06579,25.11654],[91.06578,25.1169],[91.06568,25.1169]],[[91.06569,25.11654],[91.06579,25.11654],[91.06579,25.11645],[91.06569,25.11645],[91.06569,25.11654]],[[91.06539,25.11645],[91.06549,25.11645],[91.06549,25.11636],[91.06559,25.11636],[91.0656,25.11627],[91.0655,25.11627],[91.0655,25.11618],[91.0654,25.11618],[91.0654,25.11627],[91.0653,25.11627],[91.0653,25.11608],[91.0652,25.11608],[91.0652,25.11635],[91.0654,25.11636],[91.06539,25.11645]],[[91.06569,25.11636],[91.06579,25.11636],[91.06579,25.11627],[91.06569,25.11627],[91.06569,25.11636]]]},"properties":{"id":"wetland_patch_2f58b873c622","date":"2026-07-24","area_km2":0.0063,"pixel_count":63,"classification":"OPEN_WATER","interpretation_label":"HH darkening candidate","mean_delta_db":-4.88100038255964,"median_delta_db":-4.715826034545898,"hh_before":-17.153282089838907,"hh_after":-22.034282472398544,"hv_before":-24.37188000149197,"hv_after":-25.309640430268786,"delta_hh":-4.88100038255964,"delta_hv":-0.9377604287768168,"valid_fraction":1.0,"valid_fraction_scope":"region bounding box, all four channels","vegetated_fraction":0.0,"quality_status":"PASS","spatial_status":"PASS","temporal_status":"PARTIAL","temporal_overlap_fraction":0.23809523809523808,"threshold_stability":"SENSITIVE","threshold_variation_fraction":0.23684210526315788,"evidence_state":"MODERATE","centroid":[25.116272130978246,91.06556288953786],"data_source":"NISAR","evidence_method":"Rule consistency only; no accuracy estimate or independent reference validation.","baseline_method":"PER_PIXEL_MEDIAN","baseline_observation_count":3,"baseline_observation_dates":["2026-06-18","2026-06-30","2026-07-12"],"baseline_hh_temporal_mad_db":0.8250865936279297,"baseline_scene_names":["NISAR_L2_PR_GCOV_023_069_A_014_4005_DHDH_A_20260618T232135_20260618T232210_P05023_N_F_J_001","NISAR_L2_PR_GCOV_024_069_A_014_4005_DHDH_A_20260630T232134_20260630T232209_P05023_N_F_J_001","NISAR_L2_PR_GCOV_025_069_A_014_4005_DHDH_A_20260712T232134_20260712T232208_P05023_N_F_J_001"],"contextual_land_cover":null,"distance_to_water_m":null,"context_status":"NOT_AVAILABLE","reference_validated":false}},{"type":"Feature","geometry":{"type":"Polygon","coordinates":[[[90.99254,25.11494],[90.99255,25.11449],[90.99215,25.11448],[90.99215,25.1143],[90.99196,25.1143],[90.99196,25.11421],[90.99206,25.11421],[90.99206,25.11403],[90.99216,25.11403],[90.99216,25.11385],[90.99236,25.11385],[90.99236,25.11367],[90.99246,25.11367],[90.99246,25.11376],[90.99256,25.11376],[90.99256,25.11367],[90.99266,25.11367],[90.99266,25.11376],[90.99276,25.11377],[90.99276,25.11368],[90.99286,25.11368],[90.99286,25.11359],[90.99306,25.11359],[90.99306,25.1135],[90.99346,25.1135],[90.99345,25.11359],[90.99355,25.1136],[90.99354,25.11414],[90.99335,25.11413],[90.99335,25.11423],[90.99325,25.11422],[90.99325,25.11413],[90.99305,25.11413],[90.99305,25.11404],[90.99285,25.11404],[90.99285,25.11422],[90.99295,25.11422],[90.99295,25.11431],[90.99305,25.11431],[90.99304,25.1144],[90.99314,25.1144],[90.99314,25.11467],[90.99304,25.11467],[90.99304,25.11476],[90.99294,25.11476],[90.99294,25.11494],[90.99254,25.11494]],[[90.99275,25.11449],[90.99285,25.11449],[90.99285,25.1144],[90.99275,25.1144],[90.99275,25.11449]],[[90.99265,25.11422],[90.99275,25.11422],[90.99275,25.11413],[90.99265,25.11413],[90.99265,25.11422]],[[90.99256,25.11403],[90.99275,25.11404],[90.99275,25.11395],[90.99266,25.11394],[90.99266,25.11385],[90.99256,25.11385],[90.99256,25.11403]],[[90.99316,25.11368],[90.99335,25.11368],[90.99336,25.11359],[90.99316,25.11359],[90.99316,25.11368]]]},"properties":{"id":"wetland_patch_64c6cd5f2b90","date":"2026-07-24","area_km2":0.013,"pixel_count":130,"classification":"OPEN_WATER","interpretation_label":"HH darkening candidate","mean_delta_db":-8.268791675567627,"median_delta_db":-8.022347450256348,"hh_before":-10.085274821061354,"hh_after":-18.35406649662898,"hv_before":-19.079512691497804,"hv_after":-24.199064518855167,"delta_hh":-8.268791675567627,"delta_hv":-5.119551827357365,"valid_fraction":1.0,"valid_fraction_scope":"region bounding box, all four channels","vegetated_fraction":0.0,"quality_status":"PASS","spatial_status":"PASS","temporal_status":"PASS","temporal_overlap_fraction":0.5615384615384615,"threshold_stability":"STABLE","threshold_variation_fraction":0.087248322147651,"evidence_state":"SUPPORTED","centroid":[25.11414968555626,90.99280485066627],"data_source":"NISAR","evidence_method":"Rule consistency only; no accuracy estimate or independent reference validation.","baseline_method":"PER_PIXEL_MEDIAN","baseline_observation_count":3,"baseline_observation_dates":["2026-06-18","2026-06-30","2026-07-12"],"baseline_hh_temporal_mad_db":0.8250865936279297,"baseline_scene_names":["NISAR_L2_PR_GCOV_023_069_A_014_4005_DHDH_A_20260618T232135_20260618T232210_P05023_N_F_J_001","NISAR_L2_PR_GCOV_024_069_A_014_4005_DHDH_A_20260630T232134_20260630T232209_P05023_N_F_J_001","NISAR_L2_PR_GCOV_025_069_A_014_4005_DHDH_A_20260712T232134_20260712T232208_P05023_N_F_J_001"],"contextual_land_cover":null,"distance_to_water_m":null,"context_status":"NOT_AVAILABLE","reference_validated":false}},{"type":"Feature","geometry":{"type":"Polygon","coordinates":[[[90.9869,25.11414],[90.9869,25.11405],[90.9867,25.11404],[90.98671,25.11395],[90.9869,25.11396],[90.98691,25.11387],[90.98651,25.11386],[90.98651,25.11377],[90.98661,25.11377],[90.98661,25.11368],[90.98671,25.11368],[90.98671,25.1135],[90.98652,25.1135],[90.98651,25.11359],[90.98641,25.11359],[90.98642,25.1135],[90.98612,25.1135],[90.98612,25.1134],[90.98602,25.1134],[90.98602,25.11358],[90.98612,25.11359],[90.98612,25.11368],[90.98582,25.11367],[90.98582,25.11358],[90.98572,25.11358],[90.98572,25.11349],[90.98552,25.11349],[90.98553,25.1134],[90.98533,25.11339],[90.98533,25.11321],[90.98553,25.11322],[90.98553,25.11313],[90.98563,25.11313],[90.98562,25.1134],[90.98572,25.1134],[90.98573,25.11322],[90.98583,25.11322],[90.98582,25.11331],[90.98642,25.11332],[90.98642,25.11323],[90.98672,25.11323],[90.98672,25.11305],[90.98642,25.11305],[90.98643,25.11296],[90.98652,25.11296],[90.98653,25.11278],[90.98692,25.11278],[90.98692,25.11287],[90.98682,25.11287],[90.98682,25.11296],[90.98712,25.11297],[90.98712,25.11306],[90.98722,25.11306],[90.98722,25.11315],[90.98712,25.11315],[90.98711,25.11324],[90.98702,25.11324],[90.98701,25.11333],[90.98711,25.11333],[90.98711,25.11342],[90.98701,25.11342],[90.98701,25.11351],[90.98741,25.11351],[90.98741,25.1136],[90.9876,25.11361],[90.9876,25.1137],[90.9877,25.1137],[90.9877,25.11388],[90.9874,25.11387],[90.9874,25.11369],[90.98731,25.11369],[90.98731,25.1136],[90.98711,25.1136],[90.98711,25.11369],[90.98721,25.11369],[90.9872,25.11387],[90.9871,25.11387],[90.9871,25.11396],[90.987,25.11396],[90.987,25.11414],[90.9869,25.11414]],[[90.98681,25.11378],[90.98701,25.11378],[90.98701,25.11369],[90.98691,25.11369],[90.98691,25.1136],[90.98681,25.11359],[90.98681,25.11378]],[[90.98691,25.1136],[90.98701,25.1136],[90.98701,25.11351],[90.98691,25.11351],[90.98691,25.1136]],[[90.98672,25.11332],[90.98692,25.11333],[90.98692,25.11324],[90.98672,25.11323],[90.98672,25.11332]]]},"properties":{"id":"wetland_patch_cf3b96a66218","date":"2026-07-24","area_km2":0.0105,"pixel_count":105,"classification":"OPEN_WATER","interpretation_label":"HH darkening candidate","mean_delta_db":-5.175026430402483,"median_delta_db":-4.695339202880859,"hh_before":-14.878734270731607,"hh_after":-20.05376070113409,"hv_before":-22.595829355149043,"hv_after":-23.921140234810967,"delta_hh":-5.175026430402483,"delta_hv":-1.3253108796619233,"valid_fraction":0.9111111111111111,"valid_fraction_scope":"region bounding box, all four channels","vegetated_fraction":0.0,"quality_status":"PASS","spatial_status":"PARTIAL","temporal_status":"PARTIAL","temporal_overlap_fraction":0.0,"threshold_stability":"SENSITIVE","threshold_variation_fraction":0.2866666666666667,"evidence_state":"UNCERTAIN","centroid":[25.113435366587016,90.98662477743545],"data_source":"NISAR","evidence_method":"Rule consistency only; no accuracy estimate or independent reference validation.","baseline_method":"PER_PIXEL_MEDIAN","baseline_observation_count":3,"baseline_observation_dates":["2026-06-18","2026-06-30","2026-07-12"],"baseline_hh_temporal_mad_db":0.8250865936279297,"baseline_scene_names":["NISAR_L2_PR_GCOV_023_069_A_014_4005_DHDH_A_20260618T232135_20260618T232210_P05023_N_F_J_001","NISAR_L2_PR_GCOV_024_069_A_014_4005_DHDH_A_20260630T232134_20260630T232209_P05023_N_F_J_001","NISAR_L2_PR_GCOV_025_069_A_014_4005_DHDH_A_20260712T232134_20260712T232208_P05023_N_F_J_001"],"contextual_land_cover":null,"distance_to_water_m":null,"context_status":"NOT_AVAILABLE","reference_validated":false}},{"type":"Feature","geometry":{"type":"Polygon","coordinates":[[[90.99048,25.11355],[90.99048,25.11346],[90.99038,25.11346],[90.99038,25.11337],[90.99058,25.11338],[90.99058,25.11347],[90.99068,25.11347],[90.99068,25.11338],[90.99078,25.11338],[90.99078,25.11329],[90.99068,25.11329],[90.99068,25.1132],[90.99078,25.1132],[90.99079,25.11311],[90.99069,25.11311],[90.99069,25.11302],[90.99079,25.11302],[90.99079,25.11293],[90.99089,25.11293],[90.99089,25.11284],[90.99069,25.11283],[90.99069,25.11274],[90.99079,25.11275],[90.9908,25.11248],[90.99089,25.11248],[90.99089,25.11257],[90.99099,25.11257],[90.99099,25.11266],[90.99119,25.11266],[90.99119,25.11257],[90.99129,25.11257],[90.99129,25.11275],[90.99119,25.11275],[90.99118,25.11293],[90.99128,25.11293],[90.99128,25.11302],[90.99148,25.11303],[90.99148,25.11312],[90.99138,25.11312],[90.99138,25.11321],[90.99118,25.1132],[90.99118,25.11311],[90.99108,25.11311],[90.99108,25.1132],[90.99098,25.1132],[90.99098,25.11329],[90.99118,25.11329],[90.99118,25.11347],[90.99098,25.11347],[90.99098,25.11338],[90.99088,25.11338],[90.99088,25.11356],[90.99048,25.11355]],[[90.99088,25.1132],[90.99098,25.1132],[90.99098,25.11311],[90.99088,25.11311],[90.99088,25.1132]],[[90.99099,25.11302],[90.99108,25.11302],[90.99109,25.11293],[90.99099,25.11293],[90.99099,25.11302]]]},"properties":{"id":"wetland_patch_2d52b99d82b9","date":"2026-07-24","area_km2":0.005,"pixel_count":50,"classification":"OPEN_WATER","interpretation_label":"HH darkening candidate","mean_delta_db":-4.911364374160766,"median_delta_db":-4.417942523956299,"hh_before":-15.035338315963745,"hh_after":-19.94670269012451,"hv_before":-23.999239463806152,"hv_after":-24.06292255401611,"delta_hh":-4.911364374160766,"delta_hv":-0.06368309020996094,"valid_fraction":1.0,"valid_fraction_scope":"region bounding box, all four channels","vegetated_fraction":0.0,"quality_status":"PASS","spatial_status":"PARTIAL","temporal_status":"PARTIAL","temporal_overlap_fraction":0.0,"threshold_stability":"SENSITIVE","threshold_variation_fraction":0.23076923076923078,"evidence_state":"UNCERTAIN","centroid":[25.113064302331534,90.99095871116423],"data_source":"NISAR","evidence_method":"Rule consistency only; no accuracy estimate or independent reference validation.","baseline_method":"PER_PIXEL_MEDIAN","baseline_observation_count":3,"baseline_observation_dates":["2026-06-18","2026-06-30","2026-07-12"],"baseline_hh_temporal_mad_db":0.8250865936279297,"baseline_scene_names":["NISAR_L2_PR_GCOV_023_069_A_014_4005_DHDH_A_20260618T232135_20260618T232210_P05023_N_F_J_001","NISAR_L2_PR_GCOV_024_069_A_014_4005_DHDH_A_20260630T232134_20260630T232209_P05023_N_F_J_001","NISAR_L2_PR_GCOV_025_069_A_014_4005_DHDH_A_20260712T232134_20260712T232208_P05023_N_F_J_001"],"contextual_land_cover":null,"distance_to_water_m":null,"context_status":"NOT_AVAILABLE","reference_validated":false}},{"type":"Feature","geometry":{"type":"Polygon","coordinates":[[[90.99257,25.11295],[90.99257,25.11286],[90.99267,25.11286],[90.99267,25.11277],[90.99248,25.11277],[90.99248,25.1125],[90.99258,25.1125],[90.99258,25.11241],[90.99238,25.11241],[90.99238,25.1125],[90.99228,25.1125],[90.99228,25.11259],[90.99208,25.11258],[90.99208,25.11276],[90.99198,25.11276],[90.99198,25.11267],[90.99188,25.11267],[90.99188,25.11258],[90.99179,25.11258],[90.99179,25.11249],[90.99199,25.11249],[90.99199,25.11231],[90.99248,25.11232],[90.99249,25.11223],[90.99258,25.11223],[90.99259,25.11214],[90.99229,25.11213],[90.99229,25.11222],[90.99209,25.11222],[90.99209,25.11213],[90.99199,25.11213],[90.99199,25.11204],[90.99209,25.11204],[90.99209,25.11195],[90.9919,25.11195],[90.9919,25.11186],[90.9917,25.11186],[90.9917,25.11177],[90.9916,25.11176],[90.9916,25.11167],[90.9914,25.11167],[90.99141,25.11158],[90.99131,25.11158],[90.99131,25.11149],[90.99121,25.11149],[90.99121,25.11158],[90.99111,25.11158],[90.99111,25.11149],[90.99101,25.11149],[90.99101,25.11158],[90.99091,25.11157],[90.99091,25.11148],[90.99081,25.11148],[90.99081,25.11139],[90.99101,25.11139],[90.99101,25.1113],[90.99072,25.1113],[90.99072,25.11112],[90.99082,25.11112],[90.99082,25.11103],[90.99102,25.11103],[90.99101,25.11121],[90.99131,25.11122],[90.99132,25.11095],[90.99142,25.11095],[90.99141,25.11113],[90.99151,25.11113],[90.99152,25.11086],[90.99142,25.11086],[90.99142,25.11077],[90.99152,25.11077],[90.99152,25.11068],[90.99162,25.11068],[90.99162,25.11077],[90.99172,25.11077],[90.99172,25.1105],[90.99182,25.1105],[90.99182,25.11059],[90.99202,25.1106],[90.99202,25.11051],[90.99192,25.1105],[90.99192,25.11032],[90.99202,25.11033],[90.99202,25.11042],[90.99212,25.11042],[90.99212,25.1106],[90.99221,25.1106],[90.99221,25.11069],[90.99211,25.11069],[90.99211,25.11087],[90.99201,25.11087],[90.99201,25.11105],[90.99211,25.11105],[90.99211,25.11123],[90.99191,25.11123],[90.99191,25.11132],[90.99181,25.11132],[90.9918,25.11141],[90.9919,25.11141],[90.9919,25.11159],[90.9917,25.11158],[90.9917,25.11168],[90.9919,25.11168],[90.9919,25.11177],[90.992,25.11177],[90.992,25.11168],[90.9921,25.11168],[90.9921,25.11159],[90.9922,25.11159],[90.9922,25.11168],[90.9923,25.11168],[90.99229,25.11177],[90.99239,25.11177],[90.99239,25.11187],[90.99219,25.11186],[90.99219,25.11195],[90.99249,25.11196],[90.99249,25.11205],[90.99259,25.11205],[90.99259,25.11196],[90.99269,25.11196],[90.99269,25.11187],[90.99279,25.11187],[90.99279,25.11205],[90.99288,25.11205],[90.99289,25.11196],[90.99308,25.11196],[90.99309,25.11187],[90.99319,25.11188],[90.99319,25.11179],[90.99338,25.11179],[90.99338,25.11188],[90.99328,25.11188],[90.99328,25.11197],[90.99358,25.11197],[90.99358,25.11206],[90.99368,25.11206],[90.99368,25.11197],[90.99378,25.11197],[90.99378,25.11206],[90.99388,25.11207],[90.99387,25.11216],[90.99437,25.11216],[90.99437,25.11225],[90.99427,25.11225],[90.99427,25.11243],[90.99417,25.11243],[90.99417,25.11252],[90.99407,25.11252],[90.99407,25.11261],[90.99397,25.11261],[90.99397,25.11252],[90.99367,25.11251],[90.99367,25.11242],[90.99377,25.11243],[90.99377,25.11234],[90.99387,25.11234],[90.99387,25.11225],[90.99367,25.11224],[90.99367,25.11233],[90.99348,25.11233],[90.99347,25.11242],[90.99337,25.11242],[90.99338,25.11233],[90.99328,25.11233],[90.99328,25.11242],[90.99308,25.11242],[90.99307,25.11269],[90.99327,25.11269],[90.99327,25.1126],[90.99337,25.1126],[90.99337,25.11278],[90.99317,25.11278],[90.99317,25.11287],[90.99297,25.11287],[90.99297,25.11278],[90.99287,25.11277],[90.99287,25.11286],[90.99277,25.11286],[90.99277,25.11295],[90.99257,25.11295]],[[90.99258,25.11268],[90.99268,25.11268],[90.99268,25.11259],[90.99258,25.11259],[90.99258,25.11268]],[[90.99278,25.1125],[90.99288,25.1125],[90.99288,25.11241],[90.99278,25.11241],[90.99278,25.1125]],[[90.99258,25.11241],[90.99268,25.11241],[90.99268,25.11232],[90.99258,25.11232],[90.99258,25.11241]],[[90.99288,25.11241],[90.99298,25.11241],[90.99298,25.11232],[90.99288,25.11232],[90.99288,25.11241]],[[90.99278,25.11232],[90.99288,25.11232],[90.99288,25.11223],[90.99308,25.11224],[90.99308,25.11215],[90.99278,25.11214],[90.99278,25.11232]],[[90.99328,25.11224],[90.99358,25.11224],[90.99358,25.11215],[90.99328,25.11215],[90.99328,25.11224]],[[90.99141,25.11149],[90.99151,25.11149],[90.99151,25.1114],[90.99141,25.1114],[90.99141,25.11149]],[[90.99131,25.1114],[90.99141,25.1114],[90.99141,25.11131],[90.99131,25.11131],[90.99131,25.1114]],[[90.99161,25.1114],[90.99171,25.1114],[90.99171,25.11131],[90.99181,25.11132],[90.99181,25.11095],[90.99171,25.11095],[90.99171,25.11122],[90.99161,25.11122],[90.99161,25.1114]],[[90.99141,25.11131],[90.99151,25.11131],[90.99151,25.11122],[90.99141,25.11122],[90.99141,25.11131]],[[90.99191,25.11114],[90.99201,25.11114],[90.99201,25.11105],[90.99191,25.11105],[90.99191,25.11114]],[[90.99181,25.11095],[90.99191,25.11096],[90.99191,25.11087],[90.99181,25.11086],[90.99181,25.11095]],[[90.99191,25.11078],[90.99201,25.11078],[90.99201,25.11069],[90.99192,25.11069],[90.99191,25.11078]]]},"properties":{"id":"wetland_patch_1bd7b86419fc","date":"2026-07-24","area_km2":0.0233,"pixel_count":233,"classification":"OPEN_WATER","interpretation_label":"HH darkening candidate","mean_delta_db":-4.836282967497862,"median_delta_db":-4.509769439697266,"hh_before":-15.542390802899144,"hh_after":-20.378673770397008,"hv_before":-23.46425616383041,"hv_after":-24.426744682082802,"delta_hh":-4.836282967497862,"delta_hv":-0.9624885182523932,"valid_fraction":1.0,"valid_fraction_scope":"region bounding box, all four channels","vegetated_fraction":0.0,"quality_status":"PASS","spatial_status":"PARTIAL","temporal_status":"PARTIAL","temporal_overlap_fraction":0.0,"threshold_stability":"SENSITIVE","threshold_variation_fraction":0.25572519083969464,"evidence_state":"UNCERTAIN","centroid":[25.111864375517783,90.99241539782149],"data_source":"NISAR","evidence_method":"Rule consistency only; no accuracy estimate or independent reference validation.","baseline_method":"PER_PIXEL_MEDIAN","baseline_observation_count":3,"baseline_observation_dates":["2026-06-18","2026-06-30","2026-07-12"],"baseline_hh_temporal_mad_db":0.8250865936279297,"baseline_scene_names":["NISAR_L2_PR_GCOV_023_069_A_014_4005_DHDH_A_20260618T232135_20260618T232210_P05023_N_F_J_001","NISAR_L2_PR_GCOV_024_069_A_014_4005_DHDH_A_20260630T232134_20260630T232209_P05023_N_F_J_001","NISAR_L2_PR_GCOV_025_069_A_014_4005_DHDH_A_20260712T232134_20260712T232208_P05023_N_F_J_001"],"contextual_land_cover":null,"distance_to_water_m":null,"context_status":"NOT_AVAILABLE","reference_validated":false}},{"type":"Feature","geometry":{"type":"Polygon","coordinates":[[[90.98534,25.11249],[90.98535,25.11231],[90.98554,25.11231],[90.98555,25.11222],[90.98535,25.11222],[90.98535,25.11213],[90.98525,25.11213],[90.98526,25.11177],[90.98516,25.11177],[90.98516,25.11168],[90.98526,25.11168],[90.98526,25.11159],[90.98516,25.11159],[90.98517,25.11104],[90.98527,25.11105],[90.98527,25.11114],[90.98536,25.11114],[90.98536,25.11132],[90.98546,25.11132],[90.98546,25.11123],[90.98556,25.11123],[90.98556,25.11114],[90.98596,25.11115],[90.98596,25.11124],[90.98606,25.11124],[90.98605,25.11142],[90.98625,25.11142],[90.98625,25.1116],[90.98615,25.1116],[90.98615,25.11151],[90.98605,25.11151],[90.98605,25.1116],[90.98595,25.1116],[90.98595,25.11178],[90.98625,25.11178],[90.98624,25.11187],[90.98605,25.11187],[90.98605,25.11196],[90.98644,25.11196],[90.98644,25.11215],[90.98634,25.11214],[90.98634,25.11223],[90.98624,25.11223],[90.98624,25.11214],[90.98614,25.11214],[90.98614,25.11223],[90.98594,25.11223],[90.98594,25.11214],[90.98604,25.11214],[90.98604,25.11205],[90.98594,25.11205],[90.98595,25.11196],[90.98585,25.11196],[90.98585,25.11205],[90.98575,25.11205],[90.98574,25.11214],[90.98565,25.11213],[90.98564,25.1125],[90.98534,25.11249]],[[90.98535,25.11213],[90.98545,25.11213],[90.98545,25.11204],[90.98535,25.11204],[90.98535,25.11213]],[[90.98535,25.11186],[90.98575,25.11187],[90.98575,25.11168],[90.98565,25.11168],[90.98566,25.1115],[90.98546,25.1115],[90.98546,25.11159],[90.98536,25.11159],[90.98535,25.11186]],[[90.98585,25.1116],[90.98595,25.1116],[90.98595,25.11151],[90.98585,25.11151],[90.98585,25.1116]],[[90.98526,25.1115],[90.98546,25.1115],[90.98546,25.11141],[90.98526,25.11141],[90.98526,25.1115]],[[90.98566,25.11132],[90.98586,25.11133],[90.98586,25.11123],[90.98566,25.11123],[90.98566,25.11132]]]},"properties":{"id":"wetland_patch_915bb19b6799","date":"2026-07-24","area_km2":0.0092,"pixel_count":92,"classification":"OPEN_WATER","interpretation_label":"HH darkening candidate","mean_delta_db":-4.749383594678796,"median_delta_db":-4.402085304260254,"hh_before":-15.492045786069786,"hh_after":-20.24142938074858,"hv_before":-22.999304667763088,"hv_after":-24.23189447237098,"delta_hh":-4.749383594678796,"delta_hv":-1.232589804607889,"valid_fraction":1.0,"valid_fraction_scope":"region bounding box, all four channels","vegetated_fraction":0.0,"quality_status":"PASS","spatial_status":"PARTIAL","temporal_status":"PARTIAL","temporal_overlap_fraction":0.0,"threshold_stability":"SENSITIVE","threshold_variation_fraction":0.25,"evidence_state":"UNCERTAIN","centroid":[25.1117428714989,90.98570270312693],"data_source":"NISAR","evidence_method":"Rule consistency only; no accuracy estimate or independent reference validation.","baseline_method":"PER_PIXEL_MEDIAN","baseline_observation_count":3,"baseline_observation_dates":["2026-06-18","2026-06-30","2026-07-12"],"baseline_hh_temporal_mad_db":0.8250865936279297,"baseline_scene_names":["NISAR_L2_PR_GCOV_023_069_A_014_4005_DHDH_A_20260618T232135_20260618T232210_P05023_N_F_J_001","NISAR_L2_PR_GCOV_024_069_A_014_4005_DHDH_A_20260630T232134_20260630T232209_P05023_N_F_J_001","NISAR_L2_PR_GCOV_025_069_A_014_4005_DHDH_A_20260712T232134_20260712T232208_P05023_N_F_J_001"],"contextual_land_cover":null,"distance_to_water_m":null,"context_status":"NOT_AVAILABLE","reference_validated":false}},{"type":"Feature","geometry":{"type":"Polygon","coordinates":[[[90.98921,25.11236],[90.98922,25.112],[90.98932,25.112],[90.98932,25.11191],[90.98912,25.11191],[90.98912,25.11182],[90.98932,25.11182],[90.98932,25.11164],[90.98942,25.11164],[90.98942,25.11155],[90.98922,25.11155],[90.98923,25.11137],[90.98933,25.11137],[90.98933,25.1111],[90.98943,25.1111],[90.98943,25.11101],[90.98874,25.111],[90.98874,25.11091],[90.98884,25.11091],[90.98884,25.11073],[90.98894,25.11073],[90.98894,25.11083],[90.98914,25.11083],[90.98914,25.11092],[90.98933,25.11092],[90.98934,25.11083],[90.98943,25.11083],[90.98943,25.11092],[90.98963,25.11092],[90.98963,25.11102],[90.98983,25.11102],[90.98983,25.11111],[90.98963,25.11111],[90.98963,25.11129],[90.98953,25.11128],[90.98952,25.11137],[90.98962,25.11138],[90.98962,25.11147],[90.98952,25.11147],[90.98952,25.11183],[90.98972,25.11183],[90.98971,25.11192],[90.98962,25.11192],[90.98961,25.11201],[90.99011,25.11201],[90.99011,25.1121],[90.99021,25.11211],[90.9902,25.11238],[90.9901,25.11238],[90.9901,25.11229],[90.98971,25.11228],[90.98971,25.1121],[90.98951,25.1121],[90.98951,25.11219],[90.98931,25.11218],[90.98931,25.11236],[90.98921,25.11236]],[[90.98981,25.11219],[90.99011,25.1122],[90.99011,25.1121],[90.98981,25.1121],[90.98981,25.11219]]]},"properties":{"id":"wetland_patch_2d4f5cadb595","date":"2026-07-24","area_km2":0.0069,"pixel_count":69,"classification":"OPEN_WATER","interpretation_label":"HH darkening candidate","mean_delta_db":-4.585727746935858,"median_delta_db":-4.060807228088379,"hh_before":-15.93757032311481,"hh_after":-20.523298070050668,"hv_before":-23.907684602599215,"hv_after":-24.255593286044355,"delta_hh":-4.585727746935858,"delta_hv":-0.34790868344514264,"valid_fraction":1.0,"valid_fraction_scope":"region bounding box, all four channels","vegetated_fraction":0.0,"quality_status":"PASS","spatial_status":"PARTIAL","temporal_status":"PARTIAL","temporal_overlap_fraction":0.0,"threshold_stability":"SENSITIVE","threshold_variation_fraction":0.3263888888888889,"evidence_state":"UNCERTAIN","centroid":[25.11159581563523,90.98947025701452],"data_source":"NISAR","evidence_method":"Rule consistency only; no accuracy estimate or independent reference validation.","baseline_method":"PER_PIXEL_MEDIAN","baseline_observation_count":3,"baseline_observation_dates":["2026-06-18","2026-06-30","2026-07-12"],"baseline_hh_temporal_mad_db":0.8250865936279297,"baseline_scene_names":["NISAR_L2_PR_GCOV_023_069_A_014_4005_DHDH_A_20260618T232135_20260618T232210_P05023_N_F_J_001","NISAR_L2_PR_GCOV_024_069_A_014_4005_DHDH_A_20260630T232134_20260630T232209_P05023_N_F_J_001","NISAR_L2_PR_GCOV_025_069_A_014_4005_DHDH_A_20260712T232134_20260712T232208_P05023_N_F_J_001"],"contextual_land_cover":null,"distance_to_water_m":null,"context_status":"NOT_AVAILABLE","reference_validated":false}},{"type":"Feature","geometry":{"type":"Polygon","coordinates":[[[90.99556,25.11245],[90.99556,25.11227],[90.99526,25.11226],[90.99526,25.11236],[90.99506,25.11235],[90.99506,25.11226],[90.99467,25.11226],[90.99467,25.11208],[90.99477,25.11208],[90.99477,25.1119],[90.99457,25.11189],[90.99457,25.11198],[90.99437,25.11198],[90.99438,25.1118],[90.99428,25.1118],[90.99428,25.11171],[90.99438,25.11171],[90.99438,25.11153],[90.99448,25.11153],[90.99448,25.1118],[90.99467,25.11181],[90.99468,25.11172],[90.99477,25.11172],[90.99478,25.11163],[90.99458,25.11162],[90.99458,25.11144],[90.99428,25.11144],[90.99428,25.11135],[90.99448,25.11135],[90.99448,25.11126],[90.99468,25.11126],[90.99468,25.11144],[90.99488,25.11145],[90.99487,25.11163],[90.99497,25.11163],[90.99497,25.11172],[90.99507,25.11172],[90.99507,25.11181],[90.99497,25.11181],[90.99497,25.1119],[90.99487,25.1119],[90.99487,25.11199],[90.99497,25.11199],[90.99497,25.11208],[90.99487,25.11208],[90.99487,25.11217],[90.99506,25.11217],[90.99507,25.11199],[90.99546,25.112],[90.99547,25.11191],[90.99556,25.11191],[90.99556,25.11209],[90.99576,25.11209],[90.99576,25.11218],[90.99566,25.11218],[90.99566,25.11227],[90.99576,25.11227],[90.99576,25.11236],[90.99566,25.11236],[90.99565,25.11245],[90.99556,25.11245]]]},"properties":{"id":"wetland_patch_928cd625d5ac","date":"2026-07-24","area_km2":0.0063,"pixel_count":63,"classification":"OPEN_WATER","interpretation_label":"HH darkening candidate","mean_delta_db":-4.778208808293418,"median_delta_db":-4.549175262451172,"hh_before":-15.440375933571467,"hh_after":-20.218584741864884,"hv_before":-23.365176760961138,"hv_after":-24.444829395839147,"delta_hh":-4.778208808293418,"delta_hv":-1.0796526348780071,"valid_fraction":1.0,"valid_fraction_scope":"region bounding box, all four channels","vegetated_fraction":0.0,"quality_status":"PASS","spatial_status":"PARTIAL","temporal_status":"PARTIAL","temporal_overlap_fraction":0.0,"threshold_stability":"SENSITIVE","threshold_variation_fraction":0.32222222222222224,"evidence_state":"UNCERTAIN","centroid":[25.111916209648886,90.99495586018298],"data_source":"NISAR","evidence_method":"Rule consistency only; no accuracy estimate or independent reference validation.","baseline_method":"PER_PIXEL_MEDIAN","baseline_observation_count":3,"baseline_observation_dates":["2026-06-18","2026-06-30","2026-07-12"],"baseline_hh_temporal_mad_db":0.8250865936279297,"baseline_scene_names":["NISAR_L2_PR_GCOV_023_069_A_014_4005_DHDH_A_20260618T232135_20260618T232210_P05023_N_F_J_001","NISAR_L2_PR_GCOV_024_069_A_014_4005_DHDH_A_20260630T232134_20260630T232209_P05023_N_F_J_001","NISAR_L2_PR_GCOV_025_069_A_014_4005_DHDH_A_20260712T232134_20260712T232208_P05023_N_F_J_001"],"contextual_land_cover":null,"distance_to_water_m":null,"context_status":"NOT_AVAILABLE","reference_validated":false}},{"type":"Feature","geometry":{"type":"Polygon","coordinates":[[[90.99348,25.11188],[90.99348,25.11179],[90.99338,25.11179],[90.99339,25.1117],[90.99349,25.1117],[90.99349,25.11161],[90.99329,25.11161],[90.99329,25.1117],[90.99319,25.1117],[90.99319,25.11161],[90.99309,25.1116],[90.99309,25.11178],[90.99299,25.11178],[90.99299,25.11169],[90.99289,25.11169],[90.99289,25.1116],[90.99269,25.1116],[90.9927,25.11142],[90.9929,25.11142],[90.99289,25.11151],[90.99319,25.11151],[90.99319,25.11133],[90.99329,25.11134],[90.9933,25.11116],[90.9932,25.11115],[90.9932,25.11106],[90.9934,25.11107],[90.9934,25.11116],[90.99349,25.11116],[90.9935,25.11107],[90.99359,25.11107],[90.99359,25.11116],[90.99369,25.11116],[90.99369,25.11107],[90.99389,25.11107],[90.9939,25.11089],[90.99399,25.11089],[90.99399,25.11116],[90.99389,25.11116],[90.99389,25.11125],[90.99369,25.11125],[90.99369,25.11134],[90.99379,25.11134],[90.99379,25.11143],[90.99369,25.11143],[90.99368,25.1117],[90.99358,25.1117],[90.99358,25.11179],[90.99368,25.11179],[90.99368,25.11188],[90.99348,25.11188]],[[90.99339,25.11134],[90.99349,25.11134],[90.99349,25.11125],[90.99339,25.11125],[90.99339,25.11134]]]},"properties":{"id":"wetland_patch_e73ddde6e338","date":"2026-07-24","area_km2":0.005,"pixel_count":50,"classification":"OPEN_WATER","interpretation_label":"HH darkening candidate","mean_delta_db":-4.807163372039795,"median_delta_db":-4.447884559631348,"hh_before":-14.606699981689452,"hh_after":-19.413863353729248,"hv_before":-23.28446002960205,"hv_after":-24.657026863098146,"delta_hh":-4.807163372039795,"delta_hv":-1.3725668334960937,"valid_fraction":1.0,"valid_fraction_scope":"region bounding box, all four channels","vegetated_fraction":0.0,"quality_status":"PASS","spatial_status":"PARTIAL","temporal_status":"PARTIAL","temporal_overlap_fraction":0.0,"threshold_stability":"SENSITIVE","threshold_variation_fraction":0.2857142857142857,"evidence_state":"UNCERTAIN","centroid":[25.111422115952035,90.9934166932106],"data_source":"NISAR","evidence_method":"Rule consistency only; no accuracy estimate or independent reference validation.","baseline_method":"PER_PIXEL_MEDIAN","baseline_observation_count":3,"baseline_observation_dates":["2026-06-18","2026-06-30","2026-07-12"],"baseline_hh_temporal_mad_db":0.8250865936279297,"baseline_scene_names":["NISAR_L2_PR_GCOV_023_069_A_014_4005_DHDH_A_20260618T232135_20260618T232210_P05023_N_F_J_001","NISAR_L2_PR_GCOV_024_069_A_014_4005_DHDH_A_20260630T232134_20260630T232209_P05023_N_F_J_001","NISAR_L2_PR_GCOV_025_069_A_014_4005_DHDH_A_20260712T232134_20260712T232208_P05023_N_F_J_001"],"contextual_land_cover":null,"distance_to_water_m":null,"context_status":"NOT_AVAILABLE","reference_validated":false}},{"type":"Feature","geometry":{"type":"Polygon","coordinates":[[[90.99051,25.11166],[90.99051,25.11148],[90.99032,25.11148],[90.99032,25.11139],[90.99012,25.11138],[90.99012,25.11111],[90.99002,25.11111],[90.99003,25.11102],[90.98993,25.11102],[90.98993,25.11093],[90.99003,25.11093],[90.99003,25.11084],[90.99023,25.11084],[90.99023,25.11075],[90.99013,25.11075],[90.99013,25.11066],[90.99023,25.11066],[90.99023,25.11048],[90.99033,25.11048],[90.99033,25.11039],[90.99063,25.1104],[90.99063,25.11031],[90.99073,25.11031],[90.99073,25.11049],[90.99103,25.11049],[90.99103,25.1104],[90.99113,25.1104],[90.99112,25.11058],[90.99093,25.11058],[90.99092,25.11067],[90.99102,25.11067],[90.99102,25.11076],[90.99112,25.11076],[90.99112,25.11067],[90.99122,25.11068],[90.99122,25.11059],[90.99132,25.11059],[90.99132,25.1105],[90.99142,25.1105],[90.99142,25.11068],[90.99132,25.11068],[90.99132,25.11077],[90.99122,25.11077],[90.99122,25.11086],[90.99112,25.11085],[90.99112,25.11095],[90.99122,25.11095],[90.99121,25.11113],[90.99112,25.11113],[90.99112,25.11104],[90.99102,25.11103],[90.99102,25.11085],[90.99092,25.11085],[90.99092,25.11076],[90.99082,25.11076],[90.99082,25.11085],[90.99062,25.11085],[90.99063,25.11076],[90.99072,25.11076],[90.99073,25.11067],[90.99043,25.11066],[90.99043,25.11076],[90.99033,25.11075],[90.99033,25.11093],[90.99042,25.11094],[90.99042,25.11103],[90.99032,25.11102],[90.99032,25.11121],[90.99042,25.11121],[90.99042,25.1113],[90.99072,25.1113],[90.99071,25.11139],[90.99062,25.11139],[90.99061,25.11166],[90.99051,25.11166]],[[90.99012,25.11111],[90.99022,25.11111],[90.99022,25.11102],[90.99013,25.11102],[90.99012,25.11111]],[[90.99033,25.11057],[90.99063,25.11058],[90.99063,25.11049],[90.99033,25.11048],[90.99033,25.11057]]]},"properties":{"id":"wetland_patch_f1d6f7c881f7","date":"2026-07-24","area_km2":0.0066,"pixel_count":66,"classification":"OPEN_WATER","interpretation_label":"HH darkening candidate","mean_delta_db":-4.498034361637,"median_delta_db":-4.247572898864746,"hh_before":-15.662664066661488,"hh_after":-20.16069842829849,"hv_before":-23.560606667489715,"hv_after":-23.90581613598448,"delta_hh":-4.498034361637,"delta_hv":-0.3452094684947621,"valid_fraction":1.0,"valid_fraction_scope":"region bounding box, all four channels","vegetated_fraction":0.0,"quality_status":"PASS","spatial_status":"PARTIAL","temporal_status":"PARTIAL","temporal_overlap_fraction":0.0,"threshold_stability":"SENSITIVE","threshold_variation_fraction":0.3435114503816794,"evidence_state":"UNCERTAIN","centroid":[25.11087379666091,90.9906056850393],"data_source":"NISAR","evidence_method":"Rule consistency only; no accuracy estimate or independent reference validation.","baseline_method":"PER_PIXEL_MEDIAN","baseline_observation_count":3,"baseline_observation_dates":["2026-06-18","2026-06-30","2026-07-12"],"baseline_hh_temporal_mad_db":0.8250865936279297,"baseline_scene_names":["NISAR_L2_PR_GCOV_023_069_A_014_4005_DHDH_A_20260618T232135_20260618T232210_P05023_N_F_J_001","NISAR_L2_PR_GCOV_024_069_A_014_4005_DHDH_A_20260630T232134_20260630T232209_P05023_N_F_J_001","NISAR_L2_PR_GCOV_025_069_A_014_4005_DHDH_A_20260712T232134_20260712T232208_P05023_N_F_J_001"],"contextual_land_cover":null,"distance_to_water_m":null,"context_status":"NOT_AVAILABLE","reference_validated":false}},{"type":"Feature","geometry":{"type":"Polygon","coordinates":[[[91.01163,25.11176],[91.01163,25.11167],[91.01173,25.11167],[91.01173,25.11149],[91.01143,25.11149],[91.01143,25.11158],[91.01133,25.11158],[91.01134,25.11149],[91.01124,25.11149],[91.01124,25.11122],[91.01164,25.11122],[91.01164,25.11113],[91.01134,25.11113],[91.01134,25.11095],[91.01125,25.11095],[91.01124,25.11113],[91.01114,25.11112],[91.01114,25.11103],[91.01105,25.11103],[91.01105,25.11094],[91.01115,25.11094],[91.01115,25.11076],[91.01095,25.11076],[91.01095,25.11058],[91.01105,25.11058],[91.01105,25.11067],[91.01125,25.11067],[91.01125,25.11058],[91.01135,25.11059],[91.01135,25.11068],[91.01175,25.11068],[91.01175,25.11059],[91.01185,25.11059],[91.01184,25.11077],[91.01194,25.11077],[91.01194,25.11068],[91.01214,25.11069],[91.01214,25.11051],[91.01224,25.11051],[91.01224,25.11087],[91.01184,25.11086],[91.01184,25.11095],[91.01194,25.11095],[91.01194,25.11105],[91.01204,25.11105],[91.01203,25.11123],[91.01184,25.11122],[91.01183,25.11131],[91.01174,25.11131],[91.01173,25.1114],[91.01193,25.11141],[91.01193,25.11159],[91.01203,25.11159],[91.01203,25.1115],[91.01213,25.1115],[91.01213,25.11168],[91.01183,25.11168],[91.01183,25.11177],[91.01163,25.11176]],[[91.01174,25.11113],[91.01184,25.11113],[91.01184,25.11104],[91.01174,25.11104],[91.01174,25.11113]],[[91.01134,25.11095],[91.01144,25.11095],[91.01145,25.11077],[91.01125,25.11077],[91.01125,25.11086],[91.01135,25.11086],[91.01134,25.11095]],[[91.01154,25.11095],[91.01164,25.11095],[91.01164,25.11086],[91.01154,25.11086],[91.01154,25.11095]]]},"properties":{"id":"wetland_patch_44c91f3ca650","date":"2026-07-24","area_km2":0.0078,"pixel_count":78,"classification":"OPEN_WATER","interpretation_label":"HH darkening candidate","mean_delta_db":-4.823208649953206,"median_delta_db":-4.412249565124512,"hh_before":-15.815404574076334,"hh_after":-20.63861322402954,"hv_before":-23.80671984110123,"hv_after":-24.025148782974636,"delta_hh":-4.823208649953206,"delta_hv":-0.2184289418734037,"valid_fraction":1.0,"valid_fraction_scope":"region bounding box, all four channels","vegetated_fraction":0.0,"quality_status":"PASS","spatial_status":"PARTIAL","temporal_status":"PARTIAL","temporal_overlap_fraction":0.0,"threshold_stability":"STABLE","threshold_variation_fraction":0.17346938775510204,"evidence_state":"MODERATE","centroid":[25.111083944145534,91.0116347740329],"data_source":"NISAR","evidence_method":"Rule consistency only; no accuracy estimate or independent reference validation.","baseline_method":"PER_PIXEL_MEDIAN","baseline_observation_count":3,"baseline_observation_dates":["2026-06-18","2026-06-30","2026-07-12"],"baseline_hh_temporal_mad_db":0.8250865936279297,"baseline_scene_names":["NISAR_L2_PR_GCOV_023_069_A_014_4005_DHDH_A_20260618T232135_20260618T232210_P05023_N_F_J_001","NISAR_L2_PR_GCOV_024_069_A_014_4005_DHDH_A_20260630T232134_20260630T232209_P05023_N_F_J_001","NISAR_L2_PR_GCOV_025_069_A_014_4005_DHDH_A_20260712T232134_20260712T232208_P05023_N_F_J_001"],"contextual_land_cover":null,"distance_to_water_m":null,"context_status":"NOT_AVAILABLE","reference_validated":false}},{"type":"Feature","geometry":{"type":"Polygon","coordinates":[[[91.05482,25.10782],[91.05483,25.10755],[91.05493,25.10755],[91.05493,25.10746],[91.05473,25.10746],[91.05473,25.10764],[91.05463,25.10764],[91.05463,25.10755],[91.05443,25.10755],[91.05443,25.10764],[91.05413,25.10763],[91.05413,25.10754],[91.05393,25.10754],[91.05394,25.10745],[91.05413,25.10745],[91.05414,25.10736],[91.05394,25.10736],[91.05394,25.10727],[91.05384,25.10727],[91.05383,25.10754],[91.05374,25.10754],[91.05374,25.10727],[91.05364,25.10727],[91.05364,25.10718],[91.05354,25.10717],[91.05354,25.10726],[91.05344,25.10726],[91.05344,25.10735],[91.05334,25.10735],[91.05334,25.10717],[91.05344,25.10717],[91.05345,25.10708],[91.05335,25.10708],[91.05335,25.10699],[91.05365,25.10699],[91.05365,25.1069],[91.05375,25.10691],[91.05375,25.10682],[91.05385,25.10682],[91.05385,25.10655],[91.05395,25.10655],[91.05395,25.10673],[91.05405,25.10673],[91.05404,25.10682],[91.05395,25.10682],[91.05394,25.10691],[91.05404,25.10691],[91.05404,25.107],[91.05424,25.107],[91.05424,25.10691],[91.05434,25.10691],[91.05434,25.10673],[91.05444,25.10673],[91.05444,25.10691],[91.05474,25.10692],[91.05473,25.10719],[91.05503,25.10719],[91.05503,25.1071],[91.05483,25.1071],[91.05484,25.10665],[91.05494,25.10665],[91.05494,25.10656],[91.05514,25.10656],[91.05514,25.10629],[91.05524,25.10629],[91.05524,25.10656],[91.05534,25.10657],[91.05534,25.10648],[91.05544,25.10648],[91.05544,25.10657],[91.05554,25.10657],[91.05553,25.10684],[91.05563,25.10684],[91.05563,25.10702],[91.05573,25.10702],[91.05573,25.10711],[91.05582,25.10711],[91.05582,25.1072],[91.05553,25.1072],[91.05552,25.10729],[91.05543,25.10729],[91.05542,25.10738],[91.05572,25.10738],[91.05572,25.10747],[91.05582,25.10747],[91.05582,25.10738],[91.05592,25.10739],[91.05591,25.10784],[91.05581,25.10784],[91.05582,25.10766],[91.05572,25.10765],[91.05572,25.10756],[91.05542,25.10756],[91.05542,25.10747],[91.05532,25.10747],[91.05532,25.10756],[91.05512,25.10756],[91.05512,25.10747],[91.05503,25.10746],[91.05502,25.10764],[91.05492,25.10764],[91.05492,25.10773],[91.05502,25.10773],[91.05502,25.10783],[91.05482,25.10782]],[[91.05433,25.10755],[91.05443,25.10755],[91.05443,25.10737],[91.05433,25.10736],[91.05433,25.10755]],[[91.05522,25.10747],[91.05532,25.10747],[91.05532,25.10738],[91.05523,25.10738],[91.05522,25.10747]],[[91.05443,25.10737],[91.05453,25.10737],[91.05453,25.10728],[91.05443,25.10728],[91.05443,25.10737]],[[91.05414,25.10727],[91.05424,25.10727],[91.05424,25.10718],[91.05414,25.10718],[91.05414,25.10727]],[[91.05424,25.10718],[91.05434,25.10718],[91.05434,25.10709],[91.05444,25.1071],[91.05444,25.10701],[91.05424,25.107],[91.05424,25.10718]],[[91.05384,25.10709],[91.05394,25.10709],[91.05394,25.107],[91.05384,25.107],[91.05384,25.10709]],[[91.05523,25.10683],[91.05533,25.10684],[91.05533,25.10675],[91.05524,25.10674],[91.05523,25.10683]]]},"properties":{"id":"wetland_patch_b73af626fd6c","date":"2026-07-24","area_km2":0.0177,"pixel_count":177,"classification":"OPEN_WATER","interpretation_label":"HH darkening candidate","mean_delta_db":-5.2605903916439765,"median_delta_db":-4.920352935791016,"hh_before":-16.166139618825103,"hh_after":-21.426730010469083,"hv_before":-24.698792678488175,"hv_after":-25.321903552039196,"delta_hh":-5.2605903916439765,"delta_hv":-0.6231108735510185,"valid_fraction":1.0,"valid_fraction_scope":"region bounding box, all four channels","vegetated_fraction":0.0,"quality_status":"PASS","spatial_status":"PARTIAL","temporal_status":"PARTIAL","temporal_overlap_fraction":0.0903954802259887,"threshold_stability":"SENSITIVE","threshold_variation_fraction":0.2317596566523605,"evidence_state":"UNCERTAIN","centroid":[25.107145158120073,91.05475720482646],"data_source":"NISAR","evidence_method":"Rule consistency only; no accuracy estimate or independent reference validation.","baseline_method":"PER_PIXEL_MEDIAN","baseline_observation_count":3,"baseline_observation_dates":["2026-06-18","2026-06-30","2026-07-12"],"baseline_hh_temporal_mad_db":0.8250865936279297,"baseline_scene_names":["NISAR_L2_PR_GCOV_023_069_A_014_4005_DHDH_A_20260618T232135_20260618T232210_P05023_N_F_J_001","NISAR_L2_PR_GCOV_024_069_A_014_4005_DHDH_A_20260630T232134_20260630T232209_P05023_N_F_J_001","NISAR_L2_PR_GCOV_025_069_A_014_4005_DHDH_A_20260712T232134_20260712T232208_P05023_N_F_J_001"],"contextual_land_cover":null,"distance_to_water_m":null,"context_status":"NOT_AVAILABLE","reference_validated":false}},{"type":"Feature","geometry":{"type":"Polygon","coordinates":[[[91.04432,25.10705],[91.04433,25.10678],[91.04423,25.10678],[91.04423,25.10651],[91.04433,25.10651],[91.04433,25.10642],[91.04394,25.10642],[91.04394,25.10651],[91.04404,25.10651],[91.04403,25.1066],[91.04394,25.1066],[91.04393,25.10669],[91.04403,25.10669],[91.04403,25.10687],[91.04393,25.10687],[91.04393,25.10678],[91.04383,25.10678],[91.04384,25.1065],[91.04364,25.1065],[91.04364,25.10659],[91.04354,25.10659],[91.04354,25.10623],[91.04374,25.10623],[91.04374,25.10614],[91.04384,25.10614],[91.04384,25.10605],[91.04394,25.10605],[91.04395,25.10578],[91.04415,25.10579],[91.04414,25.10588],[91.04444,25.10588],[91.04444,25.10606],[91.04434,25.10606],[91.04434,25.10597],[91.04424,25.10597],[91.04424,25.10624],[91.04414,25.10624],[91.04414,25.10615],[91.04404,25.10615],[91.04404,25.10633],[91.04434,25.10633],[91.04434,25.10615],[91.04444,25.10615],[91.04443,25.10651],[91.04463,25.10651],[91.04463,25.10661],[91.04453,25.1066],[91.04453,25.10669],[91.04473,25.1067],[91.04473,25.10679],[91.04463,25.10679],[91.04462,25.10688],[91.04443,25.10687],[91.04442,25.10696],[91.04452,25.10696],[91.04452,25.10706],[91.04432,25.10705]],[[91.04433,25.10678],[91.04443,25.10678],[91.04443,25.1066],[91.04433,25.1066],[91.04433,25.10678]]]},"properties":{"id":"wetland_patch_295b1233ddb6","date":"2026-07-24","area_km2":0.0063,"pixel_count":63,"classification":"OPEN_WATER","interpretation_label":"HH darkening candidate","mean_delta_db":-4.978865532647996,"median_delta_db":-4.252703666687012,"hh_before":-14.952055022830056,"hh_after":-19.93092055547805,"hv_before":-23.9314510103256,"hv_after":-24.80594992259192,"delta_hh":-4.978865532647996,"delta_hv":-0.8744989122663226,"valid_fraction":1.0,"valid_fraction_scope":"region bounding box, all four channels","vegetated_fraction":0.0,"quality_status":"PASS","spatial_status":"PARTIAL","temporal_status":"PARTIAL","temporal_overlap_fraction":0.0,"threshold_stability":"SENSITIVE","threshold_variation_fraction":0.27058823529411763,"evidence_state":"UNCERTAIN","centroid":[25.106388417817,91.04411224942008],"data_source":"NISAR","evidence_method":"Rule consistency only; no accuracy estimate or independent reference validation.","baseline_method":"PER_PIXEL_MEDIAN","baseline_observation_count":3,"baseline_observation_dates":["2026-06-18","2026-06-30","2026-07-12"],"baseline_hh_temporal_mad_db":0.8250865936279297,"baseline_scene_names":["NISAR_L2_PR_GCOV_023_069_A_014_4005_DHDH_A_20260618T232135_20260618T232210_P05023_N_F_J_001","NISAR_L2_PR_GCOV_024_069_A_014_4005_DHDH_A_20260630T232134_20260630T232209_P05023_N_F_J_001","NISAR_L2_PR_GCOV_025_069_A_014_4005_DHDH_A_20260712T232134_20260712T232208_P05023_N_F_J_001"],"contextual_land_cover":null,"distance_to_water_m":null,"context_status":"NOT_AVAILABLE","reference_validated":false}},{"type":"Feature","geometry":{"type":"Polygon","coordinates":[[[91.037,25.1065],[91.037,25.10641],[91.0368,25.10641],[91.0368,25.10632],[91.0367,25.10632],[91.0367,25.10641],[91.0365,25.10641],[91.0365,25.10632],[91.0366,25.10632],[91.03661,25.10614],[91.03651,25.10614],[91.03651,25.10605],[91.03671,25.10605],[91.0367,25.10614],[91.0368,25.10614],[91.03681,25.10596],[91.03691,25.10596],[91.0369,25.10614],[91.037,25.10614],[91.037,25.10632],[91.0371,25.10633],[91.0371,25.10596],[91.0372,25.10597],[91.03721,25.10569],[91.03731,25.1057],[91.03731,25.10579],[91.0375,25.10579],[91.0375,25.1057],[91.0377,25.1057],[91.0377,25.10561],[91.0378,25.10561],[91.0378,25.1057],[91.0379,25.1057],[91.0379,25.10552],[91.0381,25.10553],[91.0381,25.10571],[91.038,25.10571],[91.038,25.1058],[91.0381,25.1058],[91.0381,25.10589],[91.0379,25.10588],[91.0379,25.10579],[91.0378,25.10579],[91.0378,25.10606],[91.0376,25.10606],[91.0376,25.10597],[91.0375,25.10597],[91.0375,25.10606],[91.0374,25.10606],[91.0374,25.10615],[91.0376,25.10615],[91.03759,25.10633],[91.03769,25.10633],[91.03769,25.10642],[91.03749,25.10642],[91.03749,25.10633],[91.0372,25.10633],[91.0372,25.10642],[91.0371,25.10642],[91.0371,25.10651],[91.037,25.1065]],[[91.0368,25.10632],[91.0369,25.10632],[91.0369,25.10623],[91.0368,25.10623],[91.0368,25.10632]],[[91.0373,25.10624],[91.0374,25.10624],[91.0374,25.10615],[91.0373,25.10615],[91.0373,25.10624]],[[91.0373,25.10606],[91.0374,25.10606],[91.0374,25.10588],[91.0373,25.10588],[91.0373,25.10606]],[[91.0375,25.10588],[91.0377,25.10588],[91.0377,25.10579],[91.0375,25.10579],[91.0375,25.10588]]]},"properties":{"id":"wetland_patch_339138867574","date":"2026-07-24","area_km2":0.0059,"pixel_count":59,"classification":"OPEN_WATER","interpretation_label":"HH darkening candidate","mean_delta_db":-4.763507600558007,"median_delta_db":-4.446550369262695,"hh_before":-15.604147975727663,"hh_after":-20.36765557628567,"hv_before":-23.62093249822067,"hv_after":-24.688508825787043,"delta_hh":-4.763507600558007,"delta_hv":-1.0675763275663732,"valid_fraction":0.8011363636363636,"valid_fraction_scope":"region bounding box, all four channels","vegetated_fraction":0.0,"quality_status":"PARTIAL","spatial_status":"PARTIAL","temporal_status":"PARTIAL","temporal_overlap_fraction":0.0,"threshold_stability":"SENSITIVE","threshold_variation_fraction":0.2716049382716049,"evidence_state":"UNCERTAIN","centroid":[25.106051933811333,91.03732693900994],"data_source":"NISAR","evidence_method":"Rule consistency only; no accuracy estimate or independent reference validation.","baseline_method":"PER_PIXEL_MEDIAN","baseline_observation_count":3,"baseline_observation_dates":["2026-06-18","2026-06-30","2026-07-12"],"baseline_hh_temporal_mad_db":0.8250865936279297,"baseline_scene_names":["NISAR_L2_PR_GCOV_023_069_A_014_4005_DHDH_A_20260618T232135_20260618T232210_P05023_N_F_J_001","NISAR_L2_PR_GCOV_024_069_A_014_4005_DHDH_A_20260630T232134_20260630T232209_P05023_N_F_J_001","NISAR_L2_PR_GCOV_025_069_A_014_4005_DHDH_A_20260712T232134_20260712T232208_P05023_N_F_J_001"],"contextual_land_cover":null,"distance_to_water_m":null,"context_status":"NOT_AVAILABLE","reference_validated":false}},{"type":"Feature","geometry":{"type":"Polygon","coordinates":[[[91.04881,25.10567],[91.04882,25.10522],[91.04862,25.10521],[91.04862,25.10512],[91.04892,25.10513],[91.04892,25.10495],[91.04862,25.10494],[91.04862,25.10503],[91.04852,25.10503],[91.04852,25.10476],[91.04833,25.10476],[91.04833,25.10467],[91.04843,25.10467],[91.04843,25.10458],[91.04853,25.10458],[91.04853,25.10467],[91.04872,25.10467],[91.04872,25.10476],[91.04892,25.10477],[91.04893,25.1045],[91.04873,25.10449],[91.04873,25.10458],[91.04863,25.10458],[91.04863,25.1044],[91.04843,25.1044],[91.04843,25.10431],[91.04853,25.10431],[91.04853,25.10422],[91.04843,25.10422],[91.04844,25.10395],[91.04884,25.10395],[91.04884,25.10386],[91.04903,25.10386],[91.04903,25.10395],[91.04913,25.10396],[91.04913,25.10405],[91.04903,25.10405],[91.04903,25.10414],[91.04893,25.10413],[91.04893,25.10431],[91.04903,25.10432],[91.04903,25.10423],[91.04923,25.10423],[91.04923,25.10432],[91.04913,25.10432],[91.04913,25.10441],[91.04922,25.10441],[91.04922,25.10459],[91.04902,25.10459],[91.04902,25.10468],[91.04922,25.10468],[91.04922,25.10477],[91.04912,25.10477],[91.04912,25.10486],[91.04922,25.10486],[91.04922,25.10495],[91.04912,25.10495],[91.04912,25.10504],[91.04902,25.10504],[91.04901,25.10522],[91.04921,25.10522],[91.04921,25.10531],[91.04931,25.10531],[91.04931,25.1054],[91.04941,25.1054],[91.04941,25.10549],[91.0495,25.1055],[91.0495,25.10559],[91.04931,25.10558],[91.04931,25.10549],[91.04921,25.10549],[91.04921,25.1054],[91.04911,25.1054],[91.04911,25.10549],[91.04901,25.10549],[91.04901,25.10558],[91.04891,25.10558],[91.04891,25.10567],[91.04881,25.10567]],[[91.04901,25.1054],[91.04911,25.1054],[91.04911,25.10531],[91.04901,25.10531],[91.04901,25.1054]],[[91.04853,25.10422],[91.04863,25.10422],[91.04863,25.10413],[91.04873,25.10413],[91.04873,25.10422],[91.04883,25.10422],[91.04883,25.10404],[91.04854,25.10404],[91.04853,25.10422]]]},"properties":{"id":"wetland_patch_9af5a4c12c04","date":"2026-07-24","area_km2":0.0086,"pixel_count":86,"classification":"OPEN_WATER","interpretation_label":"HH darkening candidate","mean_delta_db":-5.247925597567891,"median_delta_db":-4.7239601612091064,"hh_before":-14.962230754453083,"hh_after":-20.210156352020974,"hv_before":-23.607856972273005,"hv_after":-24.419705779053444,"delta_hh":-5.247925597567891,"delta_hv":-0.8118488067804381,"valid_fraction":1.0,"valid_fraction_scope":"region bounding box, all four channels","vegetated_fraction":0.0,"quality_status":"PASS","spatial_status":"PARTIAL","temporal_status":"PARTIAL","temporal_overlap_fraction":0.0,"threshold_stability":"SENSITIVE","threshold_variation_fraction":0.2601626016260163,"evidence_state":"UNCERTAIN","centroid":[25.10471185368641,91.04888080640423],"data_source":"NISAR","evidence_method":"Rule consistency only; no accuracy estimate or independent reference validation.","baseline_method":"PER_PIXEL_MEDIAN","baseline_observation_count":3,"baseline_observation_dates":["2026-06-18","2026-06-30","2026-07-12"],"baseline_hh_temporal_mad_db":0.8250865936279297,"baseline_scene_names":["NISAR_L2_PR_GCOV_023_069_A_014_4005_DHDH_A_20260618T232135_20260618T232210_P05023_N_F_J_001","NISAR_L2_PR_GCOV_024_069_A_014_4005_DHDH_A_20260630T232134_20260630T232209_P05023_N_F_J_001","NISAR_L2_PR_GCOV_025_069_A_014_4005_DHDH_A_20260712T232134_20260712T232208_P05023_N_F_J_001"],"contextual_land_cover":null,"distance_to_water_m":null,"context_status":"NOT_AVAILABLE","reference_validated":false}},{"type":"Feature","geometry":{"type":"Polygon","coordinates":[[[91.04683,25.10546],[91.04683,25.1051],[91.04693,25.1051],[91.04694,25.10483],[91.04704,25.10483],[91.04704,25.10474],[91.04674,25.10474],[91.04674,25.10492],[91.04654,25.10492],[91.04654,25.10482],[91.04664,25.10483],[91.04664,25.10465],[91.04684,25.10465],[91.04684,25.10456],[91.04694,25.10456],[91.04694,25.10438],[91.04685,25.10438],[91.04685,25.10429],[91.04665,25.10428],[91.04665,25.10419],[91.04645,25.10419],[91.04646,25.10392],[91.04656,25.10392],[91.04655,25.10401],[91.04665,25.10401],[91.04665,25.1041],[91.04675,25.10411],[91.04675,25.10402],[91.04685,25.10402],[91.04685,25.10411],[91.04695,25.10411],[91.04695,25.10402],[91.04705,25.10402],[91.04705,25.10411],[91.04715,25.10411],[91.04714,25.10429],[91.04705,25.10429],[91.04704,25.10447],[91.04734,25.10447],[91.04734,25.10438],[91.04744,25.10439],[91.04744,25.10457],[91.04734,25.10456],[91.04734,25.10475],[91.04724,25.10474],[91.04723,25.10483],[91.04714,25.10483],[91.04713,25.1051],[91.04723,25.1051],[91.04723,25.1052],[91.04713,25.10519],[91.04713,25.10528],[91.04723,25.10529],[91.04723,25.10538],[91.04693,25.10537],[91.04693,25.10546],[91.04683,25.10546]]]},"properties":{"id":"wetland_patch_83323fa30e70","date":"2026-07-24","area_km2":0.0061,"pixel_count":61,"classification":"OPEN_WATER","interpretation_label":"HH darkening candidate","mean_delta_db":-5.787045697696874,"median_delta_db":-5.491105079650879,"hh_before":-14.95421570637187,"hh_after":-20.741261404068744,"hv_before":-23.99080901849465,"hv_after":-24.836811675400032,"delta_hh":-5.787045697696874,"delta_hv":-0.8460026569053775,"valid_fraction":1.0,"valid_fraction_scope":"region bounding box, all four channels","vegetated_fraction":0.0,"quality_status":"PASS","spatial_status":"PARTIAL","temporal_status":"PARTIAL","temporal_overlap_fraction":0.32786885245901637,"threshold_stability":"SENSITIVE","threshold_variation_fraction":0.2857142857142857,"evidence_state":"UNCERTAIN","centroid":[25.10464613171314,91.04696075755716],"data_source":"NISAR","evidence_method":"Rule consistency only; no accuracy estimate or independent reference validation.","baseline_method":"PER_PIXEL_MEDIAN","baseline_observation_count":3,"baseline_observation_dates":["2026-06-18","2026-06-30","2026-07-12"],"baseline_hh_temporal_mad_db":0.8250865936279297,"baseline_scene_names":["NISAR_L2_PR_GCOV_023_069_A_014_4005_DHDH_A_20260618T232135_20260618T232210_P05023_N_F_J_001","NISAR_L2_PR_GCOV_024_069_A_014_4005_DHDH_A_20260630T232134_20260630T232209_P05023_N_F_J_001","NISAR_L2_PR_GCOV_025_069_A_014_4005_DHDH_A_20260712T232134_20260712T232208_P05023_N_F_J_001"],"contextual_land_cover":null,"distance_to_water_m":null,"context_status":"NOT_AVAILABLE","reference_validated":false}},{"type":"Feature","geometry":{"type":"Polygon","coordinates":[[[91.10732,25.10453],[91.10733,25.10435],[91.10742,25.10435],[91.10743,25.10426],[91.10733,25.10426],[91.10733,25.10417],[91.10743,25.10417],[91.10743,25.10408],[91.10723,25.10408],[91.10723,25.10399],[91.10743,25.10399],[91.10743,25.1039],[91.10713,25.1039],[91.10713,25.10399],[91.10693,25.10398],[91.10694,25.10389],[91.10703,25.10389],[91.10704,25.1038],[91.10723,25.10381],[91.10724,25.10372],[91.10734,25.10372],[91.10734,25.10363],[91.10694,25.10362],[91.10694,25.10371],[91.10684,25.10371],[91.10684,25.10353],[91.10694,25.10353],[91.10694,25.10344],[91.10714,25.10344],[91.10714,25.10353],[91.10734,25.10354],[91.10734,25.10336],[91.10704,25.10335],[91.10704,25.10326],[91.10695,25.10326],[91.10695,25.10317],[91.10724,25.10317],[91.10725,25.10308],[91.10705,25.10308],[91.10705,25.1029],[91.10715,25.1029],[91.10715,25.10281],[91.10695,25.10281],[91.10695,25.10272],[91.10705,25.10272],[91.10706,25.10227],[91.10716,25.10227],[91.10716,25.10209],[91.10726,25.10209],[91.10726,25.10236],[91.10716,25.10236],[91.10715,25.10254],[91.10725,25.10254],[91.10725,25.1029],[91.10735,25.10291],[91.10734,25.10318],[91.10744,25.10318],[91.10744,25.10336],[91.10754,25.10336],[91.10754,25.10345],[91.10744,25.10345],[91.10743,25.10372],[91.10763,25.10372],[91.10763,25.10381],[91.10753,25.10381],[91.10753,25.1039],[91.10763,25.1039],[91.10763,25.10408],[91.10753,25.10408],[91.10752,25.10444],[91.10742,25.10444],[91.10742,25.10453],[91.10732,25.10453]]]},"properties":{"id":"wetland_patch_e7aeda1d8edb","date":"2026-07-24","area_km2":0.0067,"pixel_count":67,"classification":"OPEN_WATER","interpretation_label":"HH darkening candidate","mean_delta_db":-4.835564328663385,"median_delta_db":-4.325281143188477,"hh_before":-13.566977728658648,"hh_after":-18.402542057322034,"hv_before":-23.672352918938024,"hv_after":-24.50119340241845,"delta_hh":-4.835564328663385,"delta_hv":-0.828840483480425,"valid_fraction":1.0,"valid_fraction_scope":"region bounding box, all four channels","vegetated_fraction":0.0,"quality_status":"PASS","spatial_status":"PARTIAL","temporal_status":"PASS","temporal_overlap_fraction":0.7164179104477612,"threshold_stability":"SENSITIVE","threshold_variation_fraction":0.25510204081632654,"evidence_state":"MODERATE","centroid":[25.103410017257232,91.10725322703894],"data_source":"NISAR","evidence_method":"Rule consistency only; no accuracy estimate or independent reference validation.","baseline_method":"PER_PIXEL_MEDIAN","baseline_observation_count":3,"baseline_observation_dates":["2026-06-18","2026-06-30","2026-07-12"],"baseline_hh_temporal_mad_db":0.8250865936279297,"baseline_scene_names":["NISAR_L2_PR_GCOV_023_069_A_014_4005_DHDH_A_20260618T232135_20260618T232210_P05023_N_F_J_001","NISAR_L2_PR_GCOV_024_069_A_014_4005_DHDH_A_20260630T232134_20260630T232209_P05023_N_F_J_001","NISAR_L2_PR_GCOV_025_069_A_014_4005_DHDH_A_20260712T232134_20260712T232208_P05023_N_F_J_001"],"contextual_land_cover":null,"distance_to_water_m":null,"context_status":"NOT_AVAILABLE","reference_validated":false}}]}