{"type":"FeatureCollection","features":[{"type":"Feature","geometry":{"type":"Polygon","coordinates":[[[91.0221,25.17555],[91.0221,25.17546],[91.02191,25.17545],[91.02191,25.17518],[91.02181,25.17518],[91.02181,25.17509],[91.02201,25.17509],[91.02201,25.17537],[91.02211,25.17537],[91.02211,25.1751],[91.02221,25.1751],[91.02221,25.17519],[91.02241,25.17519],[91.02241,25.1751],[91.02231,25.1751],[91.02231,25.17483],[91.02221,25.17483],[91.02221,25.17492],[91.02211,25.17492],[91.02212,25.17464],[91.02202,25.17464],[91.02202,25.17455],[91.02192,25.17455],[91.02192,25.17446],[91.02182,25.17446],[91.02182,25.17437],[91.02202,25.17437],[91.02202,25.17446],[91.02212,25.17446],[91.02212,25.17455],[91.02232,25.17456],[91.02231,25.17474],[91.02241,25.17474],[91.02241,25.17465],[91.02261,25.17465],[91.02261,25.17474],[91.02281,25.17474],[91.02281,25.17465],[91.02291,25.17465],[91.02291,25.17484],[91.02301,25.17484],[91.02301,25.17475],[91.02311,25.17475],[91.02311,25.17457],[91.02321,25.17457],[91.02321,25.17475],[91.0234,25.17475],[91.02341,25.17466],[91.0237,25.17467],[91.0237,25.17476],[91.0236,25.17475],[91.0236,25.17484],[91.0235,25.17484],[91.0235,25.17493],[91.0236,25.17494],[91.0236,25.17512],[91.0233,25.17511],[91.0233,25.17529],[91.023,25.17529],[91.023,25.17538],[91.0229,25.17538],[91.0229,25.1752],[91.0227,25.17519],[91.0227,25.17528],[91.0226,25.17528],[91.0226,25.17537],[91.0227,25.17537],[91.0227,25.17555],[91.0226,25.17555],[91.0226,25.17546],[91.0225,25.17546],[91.0225,25.17537],[91.0224,25.17537],[91.0224,25.17555],[91.0223,25.17555],[91.0223,25.17537],[91.0222,25.17537],[91.0222,25.17555],[91.0221,25.17555]],[[91.0225,25.17528],[91.0226,25.17528],[91.0226,25.17519],[91.0225,25.17519],[91.0225,25.17528]],[[91.0231,25.1752],[91.0232,25.1752],[91.0232,25.17502],[91.0233,25.17502],[91.0233,25.17493],[91.0232,25.17493],[91.0232,25.17484],[91.02301,25.17484],[91.02301,25.17493],[91.0231,25.17493],[91.0231,25.1752]],[[91.02261,25.1751],[91.0227,25.1751],[91.02271,25.17501],[91.02261,25.17501],[91.02261,25.1751]],[[91.0228,25.1751],[91.0229,25.17511],[91.0229,25.17502],[91.02281,25.17501],[91.0228,25.1751]],[[91.02251,25.17501],[91.02261,25.17501],[91.02261,25.17492],[91.02281,25.17492],[91.02281,25.17483],[91.02251,25.17483],[91.02251,25.17501]]]},"properties":{"id":"wetland_patch_af0182404a23","date":"2026-07-12","area_km2":0.0096,"pixel_count":96,"classification":"OPEN_WATER","interpretation_label":"HH darkening candidate","mean_delta_db":-4.883682914078236,"median_delta_db":-4.6684770584106445,"hh_before":-11.261072990794977,"hh_after":-16.14475590487321,"hv_before":-18.278404752413433,"hv_after":-20.629744907220203,"delta_hh":-4.883682914078236,"delta_hv":-2.3513401548067727,"valid_fraction":1.0,"valid_fraction_scope":"region bounding box, all four channels","vegetated_fraction":0.0,"quality_status":"PASS","spatial_status":"PARTIAL","temporal_status":"PARTIAL","temporal_overlap_fraction":0.4270833333333333,"threshold_stability":"SENSITIVE","threshold_variation_fraction":0.23357664233576642,"evidence_state":"UNCERTAIN","centroid":[25.17500275346569,91.02268669806135],"data_source":"NISAR","evidence_method":"Rule consistency only; no accuracy estimate or independent reference validation.","baseline_method":"PER_PIXEL_MEDIAN","baseline_observation_count":2,"baseline_observation_dates":["2026-06-18","2026-06-30"],"baseline_hh_temporal_mad_db":1.0022087097167969,"baseline_scene_names":["NISAR_L2_PR_GCOV_023_069_A_014_4005_DHDH_A_20260618T232135_20260618T232210_P05023_N_F_J_001","NISAR_L2_PR_GCOV_024_069_A_014_4005_DHDH_A_20260630T232134_20260630T232209_P05023_N_F_J_001"],"contextual_land_cover":null,"distance_to_water_m":null,"context_status":"NOT_AVAILABLE","reference_validated":false}},{"type":"Feature","geometry":{"type":"Polygon","coordinates":[[[91.01766,25.17395],[91.01767,25.17377],[91.01757,25.17377],[91.01757,25.1735],[91.01747,25.1735],[91.01747,25.17377],[91.01737,25.17377],[91.01737,25.17359],[91.01727,25.17359],[91.01727,25.17377],[91.01707,25.17376],[91.01708,25.17349],[91.01737,25.1735],[91.01738,25.17341],[91.01747,25.17341],[91.01748,25.17332],[91.01738,25.17332],[91.01738,25.17323],[91.01728,25.17323],[91.01728,25.17314],[91.01768,25.17314],[91.01768,25.17323],[91.01777,25.17323],[91.01778,25.17314],[91.01788,25.17314],[91.01788,25.17305],[91.01798,25.17305],[91.01798,25.17296],[91.01788,25.17296],[91.01788,25.17287],[91.01778,25.17287],[91.01778,25.17278],[91.01768,25.17278],[91.01768,25.17287],[91.01738,25.17287],[91.01738,25.17296],[91.01728,25.17295],[91.01728,25.17286],[91.01719,25.17286],[91.01718,25.17295],[91.01709,25.17295],[91.01709,25.17286],[91.01699,25.17286],[91.01699,25.17295],[91.01659,25.17295],[91.01659,25.17286],[91.01679,25.17286],[91.01679,25.17277],[91.01709,25.17277],[91.01709,25.17268],[91.01699,25.17268],[91.01699,25.17259],[91.01749,25.1726],[91.01749,25.17269],[91.01778,25.17269],[91.01779,25.17233],[91.01789,25.17233],[91.01789,25.17206],[91.01819,25.17206],[91.01819,25.17215],[91.01809,25.17215],[91.01809,25.17224],[91.01799,25.17224],[91.01799,25.17242],[91.01789,25.17242],[91.01789,25.17251],[91.01798,25.17251],[91.01798,25.1726],[91.01838,25.17261],[91.01838,25.1727],[91.01828,25.1727],[91.01828,25.17288],[91.01838,25.17288],[91.01837,25.17306],[91.01827,25.17306],[91.01828,25.17297],[91.01808,25.17297],[91.01807,25.17333],[91.01797,25.17333],[91.01797,25.17323],[91.01787,25.17323],[91.01787,25.17341],[91.01777,25.17341],[91.01777,25.1735],[91.01767,25.1735],[91.01767,25.17359],[91.01777,25.17359],[91.01776,25.17395],[91.01766,25.17395]],[[91.01767,25.17341],[91.01777,25.17341],[91.01777,25.17332],[91.01767,25.17332],[91.01767,25.17341]],[[91.01808,25.17288],[91.01818,25.17288],[91.01818,25.17279],[91.01808,25.17278],[91.01808,25.17288]],[[91.01719,25.17277],[91.01729,25.17277],[91.01729,25.17268],[91.01719,25.17268],[91.01719,25.17277]],[[91.01788,25.17269],[91.01798,25.17269],[91.01798,25.1726],[91.01788,25.1726],[91.01788,25.17269]]]},"properties":{"id":"wetland_patch_5eac52946984","date":"2026-07-12","area_km2":0.0097,"pixel_count":97,"classification":"OPEN_WATER","interpretation_label":"HH darkening candidate","mean_delta_db":-4.635399582459755,"median_delta_db":-4.249240875244141,"hh_before":-12.928593016162361,"hh_after":-17.563992598622114,"hv_before":-20.10676104752059,"hv_after":-21.956477823945665,"delta_hh":-4.635399582459755,"delta_hv":-1.8497167764250766,"valid_fraction":1.0,"valid_fraction_scope":"region bounding box, all four channels","vegetated_fraction":0.0,"quality_status":"PASS","spatial_status":"PARTIAL","temporal_status":"PARTIAL","temporal_overlap_fraction":0.0,"threshold_stability":"SENSITIVE","threshold_variation_fraction":0.2594594594594595,"evidence_state":"UNCERTAIN","centroid":[25.172998980597466,91.01763192101511],"data_source":"NISAR","evidence_method":"Rule consistency only; no accuracy estimate or independent reference validation.","baseline_method":"PER_PIXEL_MEDIAN","baseline_observation_count":2,"baseline_observation_dates":["2026-06-18","2026-06-30"],"baseline_hh_temporal_mad_db":1.0022087097167969,"baseline_scene_names":["NISAR_L2_PR_GCOV_023_069_A_014_4005_DHDH_A_20260618T232135_20260618T232210_P05023_N_F_J_001","NISAR_L2_PR_GCOV_024_069_A_014_4005_DHDH_A_20260630T232134_20260630T232209_P05023_N_F_J_001"],"contextual_land_cover":null,"distance_to_water_m":null,"context_status":"NOT_AVAILABLE","reference_validated":false}},{"type":"Feature","geometry":{"type":"Polygon","coordinates":[[[91.01221,25.17379],[91.01222,25.17352],[91.01202,25.17352],[91.01202,25.17343],[91.01222,25.17343],[91.01222,25.17334],[91.01232,25.17334],[91.01232,25.17343],[91.01251,25.17343],[91.01252,25.17316],[91.01232,25.17316],[91.01232,25.17307],[91.01222,25.17307],[91.01223,25.1728],[91.01213,25.1728],[91.01213,25.17252],[91.01223,25.17253],[91.01223,25.17235],[91.01233,25.17235],[91.01233,25.17253],[91.01243,25.17253],[91.01243,25.17262],[91.01233,25.17262],[91.01233,25.1728],[91.01252,25.1728],[91.01252,25.17298],[91.01242,25.17298],[91.01242,25.17307],[91.01262,25.17307],[91.01262,25.17298],[91.01282,25.17299],[91.01282,25.1728],[91.01322,25.17281],[91.01322,25.1729],[91.01292,25.1729],[91.01292,25.17299],[91.01302,25.17299],[91.01302,25.17308],[91.01292,25.17308],[91.01291,25.17326],[91.01281,25.17326],[91.01281,25.17344],[91.01291,25.17344],[91.01291,25.17353],[91.01301,25.17353],[91.01301,25.17344],[91.01311,25.17344],[91.01311,25.17362],[91.01281,25.17362],[91.01281,25.17371],[91.01261,25.1737],[91.01261,25.17361],[91.01231,25.17361],[91.01231,25.1737],[91.01241,25.1737],[91.01241,25.17379],[91.01221,25.17379]],[[91.01271,25.17353],[91.01281,25.17353],[91.01281,25.17344],[91.01271,25.17344],[91.01271,25.17353]],[[91.01261,25.17343],[91.01271,25.17344],[91.01271,25.17334],[91.01261,25.17334],[91.01261,25.17343]],[[91.01272,25.17316],[91.01282,25.17317],[91.01282,25.17308],[91.01272,25.17307],[91.01272,25.17316]],[[91.01232,25.17298],[91.01242,25.17298],[91.01242,25.17289],[91.01232,25.17289],[91.01232,25.17298]]]},"properties":{"id":"wetland_patch_ce6ef15429d7","date":"2026-07-12","area_km2":0.0063,"pixel_count":63,"classification":"OPEN_WATER","interpretation_label":"HH darkening candidate","mean_delta_db":-4.73865286509196,"median_delta_db":-4.481463432312012,"hh_before":-12.211953541589162,"hh_after":-16.95060640668112,"hv_before":-19.69947251819429,"hv_after":-22.025550024850027,"delta_hh":-4.73865286509196,"delta_hv":-2.3260775066557384,"valid_fraction":1.0,"valid_fraction_scope":"region bounding box, all four channels","vegetated_fraction":0.0,"quality_status":"PASS","spatial_status":"PARTIAL","temporal_status":"PARTIAL","temporal_overlap_fraction":0.0,"threshold_stability":"SENSITIVE","threshold_variation_fraction":0.20481927710843373,"evidence_state":"UNCERTAIN","centroid":[25.17318582801343,91.01255821688069],"data_source":"NISAR","evidence_method":"Rule consistency only; no accuracy estimate or independent reference validation.","baseline_method":"PER_PIXEL_MEDIAN","baseline_observation_count":2,"baseline_observation_dates":["2026-06-18","2026-06-30"],"baseline_hh_temporal_mad_db":1.0022087097167969,"baseline_scene_names":["NISAR_L2_PR_GCOV_023_069_A_014_4005_DHDH_A_20260618T232135_20260618T232210_P05023_N_F_J_001","NISAR_L2_PR_GCOV_024_069_A_014_4005_DHDH_A_20260630T232134_20260630T232209_P05023_N_F_J_001"],"contextual_land_cover":null,"distance_to_water_m":null,"context_status":"NOT_AVAILABLE","reference_validated":false}},{"type":"Feature","geometry":{"type":"Polygon","coordinates":[[[91.00895,25.17329],[91.00895,25.1732],[91.00875,25.1732],[91.00875,25.17293],[91.00855,25.17293],[91.00856,25.17284],[91.00846,25.17284],[91.00846,25.17293],[91.00836,25.17293],[91.00836,25.17283],[91.00816,25.17283],[91.00816,25.17274],[91.00836,25.17274],[91.00836,25.17256],[91.00846,25.17257],[91.00846,25.17238],[91.00836,25.17238],[91.00837,25.17229],[91.00847,25.17229],[91.00847,25.1722],[91.00857,25.17221],[91.00857,25.17184],[91.00877,25.17185],[91.00877,25.17194],[91.00867,25.17194],[91.00867,25.17203],[91.00877,25.17203],[91.00877,25.17212],[91.00896,25.17212],[91.00896,25.17221],[91.00886,25.17221],[91.00886,25.1723],[91.00876,25.1723],[91.00876,25.17239],[91.00866,25.17239],[91.00866,25.17248],[91.00856,25.17248],[91.00856,25.17266],[91.00866,25.17266],[91.00866,25.17257],[91.00876,25.17257],[91.00876,25.17266],[91.00886,25.17266],[91.00886,25.17248],[91.00906,25.17248],[91.00906,25.17239],[91.00916,25.17239],[91.00916,25.1723],[91.00926,25.17231],[91.00926,25.1724],[91.00936,25.1724],[91.00936,25.17231],[91.00946,25.17231],[91.00945,25.17249],[91.00985,25.17249],[91.00985,25.17258],[91.00975,25.17258],[91.00975,25.17276],[91.00965,25.17276],[91.00965,25.17258],[91.00955,25.17258],[91.00955,25.17267],[91.00935,25.17267],[91.00935,25.17276],[91.00925,25.17276],[91.00925,25.17294],[91.00905,25.17293],[91.00905,25.17302],[91.00915,25.17303],[91.00915,25.17312],[91.00905,25.17311],[91.00904,25.1733],[91.00895,25.17329]],[[91.00885,25.17275],[91.00895,25.17275],[91.00896,25.17266],[91.00886,25.17266],[91.00885,25.17275]],[[91.00915,25.17276],[91.00925,25.17276],[91.00925,25.17267],[91.00915,25.17267],[91.00915,25.17276]],[[91.00925,25.17258],[91.00945,25.17258],[91.00945,25.17249],[91.00926,25.17249],[91.00925,25.17258]],[[91.00866,25.1723],[91.00876,25.1723],[91.00876,25.17221],[91.00867,25.17221],[91.00866,25.1723]]]},"properties":{"id":"wetland_patch_0d689dd3d580","date":"2026-07-12","area_km2":0.0083,"pixel_count":83,"classification":"OPEN_WATER","interpretation_label":"HH darkening candidate","mean_delta_db":-4.661260834659439,"median_delta_db":-4.210100173950195,"hh_before":-12.750415756041745,"hh_after":-17.411676590701184,"hv_before":-20.42803107112287,"hv_after":-21.761600827596272,"delta_hh":-4.661260834659439,"delta_hv":-1.3335697564734035,"valid_fraction":1.0,"valid_fraction_scope":"region bounding box, all four channels","vegetated_fraction":0.0,"quality_status":"PASS","spatial_status":"PARTIAL","temporal_status":"PARTIAL","temporal_overlap_fraction":0.0,"threshold_stability":"SENSITIVE","threshold_variation_fraction":0.2789115646258503,"evidence_state":"UNCERTAIN","centroid":[25.17262310712962,91.00890642249743],"data_source":"NISAR","evidence_method":"Rule consistency only; no accuracy estimate or independent reference validation.","baseline_method":"PER_PIXEL_MEDIAN","baseline_observation_count":2,"baseline_observation_dates":["2026-06-18","2026-06-30"],"baseline_hh_temporal_mad_db":1.0022087097167969,"baseline_scene_names":["NISAR_L2_PR_GCOV_023_069_A_014_4005_DHDH_A_20260618T232135_20260618T232210_P05023_N_F_J_001","NISAR_L2_PR_GCOV_024_069_A_014_4005_DHDH_A_20260630T232134_20260630T232209_P05023_N_F_J_001"],"contextual_land_cover":null,"distance_to_water_m":null,"context_status":"NOT_AVAILABLE","reference_validated":false}},{"type":"Feature","geometry":{"type":"Polygon","coordinates":[[[91.00359,25.17313],[91.00359,25.17304],[91.00349,25.17304],[91.00349,25.17295],[91.0033,25.17295],[91.00329,25.17304],[91.0031,25.17303],[91.0031,25.17294],[91.0028,25.17294],[91.0028,25.17267],[91.00271,25.17267],[91.00271,25.1724],[91.00281,25.1724],[91.00281,25.17222],[91.00271,25.17222],[91.00271,25.17231],[91.00261,25.17231],[91.00261,25.17222],[91.00232,25.17221],[91.00232,25.17212],[91.00271,25.17213],[91.00272,25.17204],[91.00262,25.17204],[91.00262,25.17185],[91.00252,25.17185],[91.00252,25.17176],[91.00242,25.17176],[91.00242,25.17167],[91.00252,25.17167],[91.00253,25.17158],[91.00262,25.17158],[91.00262,25.17167],[91.00282,25.17168],[91.00282,25.17177],[91.00272,25.17177],[91.00272,25.17186],[91.00302,25.17186],[91.00302,25.17177],[91.00312,25.17177],[91.00312,25.17168],[91.00322,25.17168],[91.00322,25.17177],[91.00341,25.17178],[91.00342,25.17168],[91.00332,25.17168],[91.00332,25.17159],[91.00342,25.17159],[91.00342,25.1715],[91.00352,25.17151],[91.00352,25.17169],[91.00371,25.17169],[91.00371,25.17187],[91.00331,25.17186],[91.00331,25.17195],[91.00341,25.17196],[91.00341,25.17205],[91.00351,25.17205],[91.00351,25.17196],[91.00371,25.17196],[91.00371,25.17205],[91.00361,25.17205],[91.0036,25.17232],[91.00351,25.17232],[91.00351,25.17214],[91.00341,25.17214],[91.00341,25.17223],[91.00321,25.17222],[91.00321,25.17231],[91.00341,25.17232],[91.0034,25.17241],[91.00331,25.17241],[91.0033,25.1725],[91.0034,25.1725],[91.0034,25.17268],[91.0035,25.17268],[91.0035,25.17277],[91.0036,25.17277],[91.0036,25.17259],[91.0035,25.17259],[91.0035,25.17241],[91.0036,25.17241],[91.0036,25.1725],[91.0037,25.1725],[91.00371,25.17214],[91.0039,25.17214],[91.0039,25.17223],[91.0038,25.17223],[91.0038,25.17241],[91.0039,25.17241],[91.0039,25.1725],[91.0038,25.1725],[91.0038,25.17259],[91.0037,25.17259],[91.0037,25.17268],[91.0038,25.17268],[91.0038,25.17277],[91.00389,25.17277],[91.00389,25.17286],[91.00369,25.17286],[91.00369,25.17313],[91.00359,25.17313]],[[91.0032,25.17295],[91.0033,25.17295],[91.0033,25.17277],[91.0032,25.17277],[91.0032,25.17295]],[[91.00349,25.17295],[91.00359,25.17295],[91.0036,25.17286],[91.0035,25.17286],[91.00349,25.17295]],[[91.003,25.17285],[91.0031,25.17285],[91.0031,25.17276],[91.003,25.17276],[91.003,25.17285]],[[91.0031,25.17276],[91.0032,25.17277],[91.0032,25.17268],[91.0033,25.17268],[91.0033,25.17259],[91.0032,25.17258],[91.0032,25.17249],[91.00311,25.17249],[91.0031,25.17258],[91.003,25.17258],[91.003,25.17267],[91.0031,25.17267],[91.0031,25.17276]],[[91.00301,25.17249],[91.00311,25.17249],[91.00311,25.1724],[91.00301,25.1724],[91.00301,25.17249]],[[91.00291,25.17231],[91.00301,25.17231],[91.00301,25.17222],[91.00291,25.17222],[91.00291,25.17231]],[[91.00291,25.17213],[91.00301,25.17213],[91.00301,25.17204],[91.00291,25.17204],[91.00291,25.17213]],[[91.00282,25.17204],[91.00291,25.17204],[91.00292,25.17195],[91.00282,25.17195],[91.00282,25.17204]],[[91.00302,25.17195],[91.00311,25.17195],[91.00312,25.17186],[91.00302,25.17186],[91.00302,25.17195]]]},"properties":{"id":"wetland_patch_674b88605c3d","date":"2026-07-12","area_km2":0.0122,"pixel_count":122,"classification":"OPEN_WATER","interpretation_label":"HH darkening candidate","mean_delta_db":-4.639636754989624,"median_delta_db":-4.099486827850342,"hh_before":-11.620455464378733,"hh_after":-16.260092219368357,"hv_before":-19.999575302249095,"hv_after":-21.12311698569626,"delta_hh":-4.639636754989624,"delta_hv":-1.1235416834471657,"valid_fraction":0.90625,"valid_fraction_scope":"region bounding box, all four channels","vegetated_fraction":0.0,"quality_status":"PASS","spatial_status":"PARTIAL","temporal_status":"PARTIAL","temporal_overlap_fraction":0.0,"threshold_stability":"SENSITIVE","threshold_variation_fraction":0.2692307692307692,"evidence_state":"UNCERTAIN","centroid":[25.172306459604695,91.00318975308734],"data_source":"NISAR","evidence_method":"Rule consistency only; no accuracy estimate or independent reference validation.","baseline_method":"PER_PIXEL_MEDIAN","baseline_observation_count":2,"baseline_observation_dates":["2026-06-18","2026-06-30"],"baseline_hh_temporal_mad_db":1.0022087097167969,"baseline_scene_names":["NISAR_L2_PR_GCOV_023_069_A_014_4005_DHDH_A_20260618T232135_20260618T232210_P05023_N_F_J_001","NISAR_L2_PR_GCOV_024_069_A_014_4005_DHDH_A_20260630T232134_20260630T232209_P05023_N_F_J_001"],"contextual_land_cover":null,"distance_to_water_m":null,"context_status":"NOT_AVAILABLE","reference_validated":false}},{"type":"Feature","geometry":{"type":"Polygon","coordinates":[[[91.01351,25.17308],[91.01351,25.1729],[91.01361,25.17291],[91.01362,25.17282],[91.01381,25.17282],[91.01382,25.17255],[91.01392,25.17255],[91.01392,25.17237],[91.01382,25.17237],[91.01382,25.17246],[91.01372,25.17246],[91.01372,25.17237],[91.01362,25.17236],[91.01362,25.17245],[91.01332,25.17245],[91.01333,25.17236],[91.01352,25.17236],[91.01353,25.17218],[91.01363,25.17218],[91.01363,25.17209],[91.01343,25.17209],[91.01343,25.172],[91.01323,25.172],[91.01323,25.17191],[91.01343,25.17191],[91.01343,25.17182],[91.01353,25.17182],[91.01353,25.172],[91.01373,25.172],[91.01372,25.17218],[91.01392,25.17219],[91.01392,25.1721],[91.01422,25.1721],[91.01422,25.17237],[91.01412,25.17237],[91.01412,25.17246],[91.01422,25.17246],[91.01421,25.17255],[91.01431,25.17255],[91.01431,25.17264],[91.01451,25.17265],[91.01451,25.17274],[91.01421,25.17273],[91.01421,25.17282],[91.01411,25.17282],[91.01411,25.17291],[91.01401,25.17291],[91.01401,25.173],[91.01391,25.173],[91.01391,25.17291],[91.01381,25.17291],[91.01381,25.173],[91.01371,25.173],[91.01371,25.17309],[91.01351,25.17308]],[[91.01401,25.17264],[91.01411,25.17264],[91.01412,25.17255],[91.01402,25.17255],[91.01401,25.17264]],[[91.01402,25.17228],[91.01412,25.17228],[91.01412,25.17219],[91.01402,25.17219],[91.01402,25.17228]]]},"properties":{"id":"wetland_patch_ef279ef9efeb","date":"2026-07-12","area_km2":0.0059,"pixel_count":59,"classification":"OPEN_WATER","interpretation_label":"HH darkening candidate","mean_delta_db":-4.83822979361324,"median_delta_db":-4.80718994140625,"hh_before":-13.105686317055913,"hh_after":-17.943916110669154,"hv_before":-20.357874757152494,"hv_after":-21.616991560337908,"delta_hh":-4.83822979361324,"delta_hv":-1.2591168031854145,"valid_fraction":1.0,"valid_fraction_scope":"region bounding box, all four channels","vegetated_fraction":0.0,"quality_status":"PASS","spatial_status":"PARTIAL","temporal_status":"PARTIAL","temporal_overlap_fraction":0.0,"threshold_stability":"SENSITIVE","threshold_variation_fraction":0.25742574257425743,"evidence_state":"UNCERTAIN","centroid":[25.17248425252149,91.01386022605303],"data_source":"NISAR","evidence_method":"Rule consistency only; no accuracy estimate or independent reference validation.","baseline_method":"PER_PIXEL_MEDIAN","baseline_observation_count":2,"baseline_observation_dates":["2026-06-18","2026-06-30"],"baseline_hh_temporal_mad_db":1.0022087097167969,"baseline_scene_names":["NISAR_L2_PR_GCOV_023_069_A_014_4005_DHDH_A_20260618T232135_20260618T232210_P05023_N_F_J_001","NISAR_L2_PR_GCOV_024_069_A_014_4005_DHDH_A_20260630T232134_20260630T232209_P05023_N_F_J_001"],"contextual_land_cover":null,"distance_to_water_m":null,"context_status":"NOT_AVAILABLE","reference_validated":false}},{"type":"Feature","geometry":{"type":"Polygon","coordinates":[[[91.00201,25.17266],[91.00201,25.17257],[91.00162,25.17256],[91.00162,25.17247],[91.00172,25.17247],[91.00172,25.17202],[91.00153,25.17202],[91.00153,25.17193],[91.00133,25.17193],[91.00133,25.17166],[91.00143,25.17166],[91.00143,25.17175],[91.00153,25.17175],[91.00153,25.17184],[91.00173,25.17184],[91.00173,25.17175],[91.00163,25.17175],[91.00163,25.17166],[91.00173,25.17166],[91.00173,25.17157],[91.00183,25.17157],[91.00182,25.17193],[91.00192,25.17194],[91.00192,25.17212],[91.00182,25.17211],[91.00182,25.17221],[91.00192,25.17221],[91.00192,25.1723],[91.00202,25.1723],[91.00202,25.17221],[91.00212,25.17221],[91.00212,25.17212],[91.00202,25.17212],[91.00202,25.17185],[91.00212,25.17185],[91.00213,25.17167],[91.00203,25.17167],[91.00203,25.17176],[91.00193,25.17176],[91.00193,25.17148],[91.00203,25.17149],[91.00203,25.17158],[91.00243,25.17158],[91.00242,25.17167],[91.00223,25.17167],[91.00222,25.17176],[91.00232,25.17176],[91.00232,25.17185],[91.00242,25.17185],[91.00242,25.17194],[91.00222,25.17194],[91.00222,25.1723],[91.00212,25.1723],[91.00212,25.17239],[91.00182,25.17239],[91.00182,25.17248],[91.00211,25.17248],[91.00211,25.17257],[91.00231,25.17257],[91.00231,25.17266],[91.00201,25.17266]]]},"properties":{"id":"wetland_patch_5eb54a55dc23","date":"2026-07-12","area_km2":0.0055,"pixel_count":55,"classification":"OPEN_WATER","interpretation_label":"HH darkening candidate","mean_delta_db":-4.714690867337313,"median_delta_db":-4.751666069030762,"hh_before":-12.177067652615634,"hh_after":-16.891758519952948,"hv_before":-19.79674897627397,"hv_after":-20.86876730485396,"delta_hh":-4.714690867337313,"delta_hv":-1.0720183285799894,"valid_fraction":0.9440559440559441,"valid_fraction_scope":"region bounding box, all four channels","vegetated_fraction":0.0,"quality_status":"PASS","spatial_status":"PARTIAL","temporal_status":"PARTIAL","temporal_overlap_fraction":0.0,"threshold_stability":"SENSITIVE","threshold_variation_fraction":0.30952380952380953,"evidence_state":"UNCERTAIN","centroid":[25.172028357313717,91.00191988854313],"data_source":"NISAR","evidence_method":"Rule consistency only; no accuracy estimate or independent reference validation.","baseline_method":"PER_PIXEL_MEDIAN","baseline_observation_count":2,"baseline_observation_dates":["2026-06-18","2026-06-30"],"baseline_hh_temporal_mad_db":1.0022087097167969,"baseline_scene_names":["NISAR_L2_PR_GCOV_023_069_A_014_4005_DHDH_A_20260618T232135_20260618T232210_P05023_N_F_J_001","NISAR_L2_PR_GCOV_024_069_A_014_4005_DHDH_A_20260630T232134_20260630T232209_P05023_N_F_J_001"],"contextual_land_cover":null,"distance_to_water_m":null,"context_status":"NOT_AVAILABLE","reference_validated":false}},{"type":"Feature","geometry":{"type":"Polygon","coordinates":[[[91.01014,25.17277],[91.01015,25.17259],[91.01005,25.17259],[91.01005,25.17223],[91.01015,25.17223],[91.01015,25.17214],[91.01006,25.17214],[91.01006,25.17205],[91.01016,25.17205],[91.01016,25.17196],[91.01006,25.17196],[91.01006,25.17186],[91.01016,25.17187],[91.01016,25.17178],[91.00986,25.17177],[91.00986,25.17186],[91.00976,25.17186],[91.00977,25.1715],[91.00987,25.1715],[91.00987,25.17159],[91.01016,25.1716],[91.01016,25.17169],[91.01026,25.17169],[91.01026,25.1716],[91.01036,25.1716],[91.01036,25.17151],[91.01026,25.17151],[91.01027,25.17142],[91.01036,25.17142],[91.01037,25.17124],[91.01057,25.17124],[91.01056,25.17133],[91.01066,25.17133],[91.01066,25.17169],[91.01046,25.17169],[91.01046,25.17178],[91.01036,25.17178],[91.01036,25.17187],[91.01056,25.17187],[91.01055,25.17196],[91.01036,25.17196],[91.01035,25.17205],[91.01055,25.17205],[91.01055,25.17214],[91.01045,25.17214],[91.01045,25.17241],[91.01055,25.17241],[91.01055,25.17232],[91.01065,25.17232],[91.01065,25.17241],[91.01074,25.17242],[91.01074,25.1726],[91.01064,25.17259],[91.01064,25.1725],[91.01045,25.1725],[91.01044,25.17259],[91.01054,25.17259],[91.01054,25.17268],[91.01034,25.17268],[91.01034,25.17277],[91.01014,25.17277]],[[91.01025,25.17241],[91.01035,25.17241],[91.01035,25.17232],[91.01025,25.17232],[91.01025,25.17241]],[[91.01025,25.17214],[91.01035,25.17214],[91.01035,25.17205],[91.01025,25.17205],[91.01025,25.17214]]]},"properties":{"id":"wetland_patch_4519d47503ea","date":"2026-07-12","area_km2":0.0071,"pixel_count":71,"classification":"OPEN_WATER","interpretation_label":"HH darkening candidate","mean_delta_db":-4.526105934465435,"median_delta_db":-3.9138660430908203,"hh_before":-12.159294517946915,"hh_after":-16.68540045241235,"hv_before":-20.641265600499974,"hv_after":-21.601143420582087,"delta_hh":-4.526105934465435,"delta_hv":-0.9598778200821138,"valid_fraction":1.0,"valid_fraction_scope":"region bounding box, all four channels","vegetated_fraction":0.0,"quality_status":"PASS","spatial_status":"PARTIAL","temporal_status":"PARTIAL","temporal_overlap_fraction":0.0,"threshold_stability":"SENSITIVE","threshold_variation_fraction":0.32,"evidence_state":"UNCERTAIN","centroid":[25.172005950106758,91.01029964247117],"data_source":"NISAR","evidence_method":"Rule consistency only; no accuracy estimate or independent reference validation.","baseline_method":"PER_PIXEL_MEDIAN","baseline_observation_count":2,"baseline_observation_dates":["2026-06-18","2026-06-30"],"baseline_hh_temporal_mad_db":1.0022087097167969,"baseline_scene_names":["NISAR_L2_PR_GCOV_023_069_A_014_4005_DHDH_A_20260618T232135_20260618T232210_P05023_N_F_J_001","NISAR_L2_PR_GCOV_024_069_A_014_4005_DHDH_A_20260630T232134_20260630T232209_P05023_N_F_J_001"],"contextual_land_cover":null,"distance_to_water_m":null,"context_status":"NOT_AVAILABLE","reference_validated":false}},{"type":"Feature","geometry":{"type":"Polygon","coordinates":[[[91.01867,25.17288],[91.01867,25.17279],[91.01858,25.17279],[91.01858,25.1727],[91.01848,25.1727],[91.01848,25.17261],[91.01838,25.17261],[91.01838,25.17243],[91.01828,25.17243],[91.01828,25.17252],[91.01808,25.17251],[91.01809,25.17233],[91.01819,25.17233],[91.01819,25.17215],[91.01829,25.17216],[91.01829,25.17207],[91.01819,25.17206],[91.01819,25.17197],[91.01799,25.17197],[91.018,25.17179],[91.0181,25.17179],[91.0181,25.1717],[91.018,25.1717],[91.018,25.17161],[91.0179,25.17161],[91.0179,25.17143],[91.0181,25.17143],[91.0181,25.17161],[91.0182,25.17161],[91.0182,25.1717],[91.0183,25.1717],[91.0183,25.17161],[91.0184,25.17162],[91.01839,25.17171],[91.01849,25.17171],[91.01849,25.1718],[91.01859,25.1718],[91.01859,25.17171],[91.01869,25.17171],[91.01869,25.17162],[91.01859,25.17162],[91.0186,25.17153],[91.0187,25.17153],[91.0187,25.17144],[91.0186,25.17144],[91.0186,25.17117],[91.0188,25.17117],[91.0188,25.17135],[91.0189,25.17135],[91.0189,25.17144],[91.01899,25.17144],[91.01899,25.17153],[91.01919,25.17154],[91.01919,25.17163],[91.01929,25.17163],[91.01929,25.17172],[91.01919,25.17172],[91.01919,25.17181],[91.01948,25.17181],[91.01948,25.17199],[91.01958,25.17199],[91.01958,25.17181],[91.01978,25.17181],[91.01978,25.17218],[91.01958,25.17217],[91.01958,25.17208],[91.01918,25.17208],[91.01918,25.17217],[91.01908,25.17217],[91.01908,25.17208],[91.01898,25.17207],[91.01898,25.17217],[91.01878,25.17216],[91.01878,25.17225],[91.01888,25.17225],[91.01887,25.17271],[91.01897,25.17271],[91.01897,25.1728],[91.01887,25.1728],[91.01887,25.17289],[91.01867,25.17288]],[[91.01858,25.1727],[91.01868,25.1727],[91.01868,25.17261],[91.01858,25.17261],[91.01858,25.1727]],[[91.01839,25.17216],[91.01869,25.17216],[91.01869,25.17207],[91.01839,25.17207],[91.01839,25.17216]],[[91.01859,25.17198],[91.01869,25.17198],[91.01869,25.17189],[91.01859,25.17189],[91.01859,25.17198]],[[91.01879,25.17198],[91.01889,25.17198],[91.01889,25.17189],[91.01879,25.17189],[91.01879,25.17198]],[[91.01899,25.17198],[91.01908,25.17199],[91.01909,25.17181],[91.01899,25.1718],[91.01899,25.17198]],[[91.01889,25.1718],[91.01899,25.1718],[91.01899,25.17171],[91.01889,25.17171],[91.01889,25.1718]],[[91.01899,25.17171],[91.01909,25.17172],[91.01909,25.17162],[91.01899,25.17162],[91.01899,25.17171]]]},"properties":{"id":"wetland_patch_afbb00200476","date":"2026-07-12","area_km2":0.0132,"pixel_count":132,"classification":"OPEN_WATER","interpretation_label":"HH darkening candidate","mean_delta_db":-5.041790740056471,"median_delta_db":-4.669693470001221,"hh_before":-13.422845430446394,"hh_after":-18.464636170502864,"hv_before":-20.31353320497455,"hv_after":-22.24776736172763,"delta_hh":-5.041790740056471,"delta_hv":-1.9342341567530776,"valid_fraction":1.0,"valid_fraction_scope":"region bounding box, all four channels","vegetated_fraction":0.0,"quality_status":"PASS","spatial_status":"PARTIAL","temporal_status":"PARTIAL","temporal_overlap_fraction":0.0,"threshold_stability":"SENSITIVE","threshold_variation_fraction":0.23348017621145375,"evidence_state":"UNCERTAIN","centroid":[25.172011204745946,91.01872952987821],"data_source":"NISAR","evidence_method":"Rule consistency only; no accuracy estimate or independent reference validation.","baseline_method":"PER_PIXEL_MEDIAN","baseline_observation_count":2,"baseline_observation_dates":["2026-06-18","2026-06-30"],"baseline_hh_temporal_mad_db":1.0022087097167969,"baseline_scene_names":["NISAR_L2_PR_GCOV_023_069_A_014_4005_DHDH_A_20260618T232135_20260618T232210_P05023_N_F_J_001","NISAR_L2_PR_GCOV_024_069_A_014_4005_DHDH_A_20260630T232134_20260630T232209_P05023_N_F_J_001"],"contextual_land_cover":null,"distance_to_water_m":null,"context_status":"NOT_AVAILABLE","reference_validated":false}},{"type":"Feature","geometry":{"type":"Polygon","coordinates":[[[91.00092,25.17237],[91.00093,25.17228],[91.00063,25.17228],[91.00063,25.17219],[91.00073,25.17219],[91.00073,25.17201],[91.00083,25.17201],[91.00083,25.17192],[91.00073,25.17192],[91.00074,25.17183],[91.00064,25.17183],[91.00064,25.17174],[91.00044,25.17174],[91.00044,25.17192],[91.00054,25.17192],[91.00053,25.17201],[91.00043,25.17201],[91.00043,25.1721],[91.00053,25.1721],[91.00053,25.17219],[91.00033,25.17219],[91.00034,25.172],[91.00014,25.172],[91.00014,25.17209],[91.00004,25.17209],[91.00004,25.172],[90.99964,25.172],[90.99964,25.1719],[90.99954,25.1719],[90.99955,25.17172],[90.99935,25.17172],[90.99935,25.17181],[90.99925,25.17181],[90.99925,25.17163],[90.99905,25.17163],[90.99905,25.17172],[90.99875,25.17171],[90.99875,25.17162],[90.99846,25.17162],[90.99846,25.17144],[90.99856,25.17144],[90.99856,25.17153],[90.99866,25.17153],[90.99866,25.17135],[90.99886,25.17135],[90.99886,25.17099],[90.99906,25.17099],[90.99906,25.17108],[90.99916,25.17109],[90.99916,25.17118],[90.99896,25.17117],[90.99896,25.17135],[90.99945,25.17136],[90.99945,25.17145],[90.99955,25.17145],[90.99955,25.17154],[90.99945,25.17154],[90.99945,25.17163],[90.99985,25.17164],[90.99985,25.17155],[90.99995,25.17155],[90.99994,25.17164],[91.00004,25.17164],[91.00005,25.17155],[91.00014,25.17155],[91.00014,25.17164],[91.00024,25.17164],[91.00024,25.17155],[91.00034,25.17155],[91.00034,25.17164],[91.00044,25.17164],[91.00044,25.17155],[91.00064,25.17156],[91.00064,25.17147],[91.00074,25.17147],[91.00075,25.1712],[91.00104,25.1712],[91.00104,25.17111],[91.00114,25.17111],[91.00114,25.1712],[91.00124,25.1712],[91.00124,25.17129],[91.00134,25.1713],[91.00134,25.17112],[91.00144,25.17112],[91.00144,25.17121],[91.00164,25.17121],[91.00164,25.1713],[91.00154,25.1713],[91.00154,25.17139],[91.00134,25.17139],[91.00134,25.17148],[91.00084,25.17147],[91.00084,25.17156],[91.00114,25.17156],[91.00114,25.17165],[91.00123,25.17166],[91.00123,25.17175],[91.00113,25.17174],[91.00113,25.17183],[91.00123,25.17184],[91.00123,25.17193],[91.00093,25.17192],[91.00093,25.1721],[91.00103,25.1721],[91.00103,25.17201],[91.00113,25.17202],[91.00113,25.17211],[91.00123,25.17211],[91.00122,25.17229],[91.00103,25.17228],[91.00102,25.17237],[91.00092,25.17237]],[[90.99964,25.1719],[90.99974,25.17191],[90.99975,25.17173],[90.99965,25.17172],[90.99964,25.1719]],[[91.00024,25.17191],[91.00034,25.17191],[91.00034,25.17182],[91.00024,25.17182],[91.00024,25.17191]],[[91.00083,25.17183],[91.00103,25.17183],[91.00104,25.17165],[91.00094,25.17165],[91.00094,25.17174],[91.00084,25.17174],[91.00083,25.17183]],[[90.99925,25.17163],[90.99935,25.17163],[90.99935,25.17154],[90.99925,25.17154],[90.99925,25.17163]],[[91.00084,25.17138],[91.00094,25.17138],[91.00094,25.17129],[91.00084,25.17129],[91.00084,25.17138]],[[91.00114,25.17138],[91.00124,25.17138],[91.00124,25.17129],[91.00114,25.17129],[91.00114,25.17138]]]},"properties":{"id":"wetland_patch_e7cab42013b3","date":"2026-07-12","area_km2":0.0143,"pixel_count":143,"classification":"OPEN_WATER","interpretation_label":"HH darkening candidate","mean_delta_db":-5.108094565518252,"median_delta_db":-4.833586692810059,"hh_before":-11.453717348458884,"hh_after":-16.561811913977134,"hv_before":-19.310382416198305,"hv_after":-20.91078534826532,"delta_hh":-5.108094565518252,"delta_hv":-1.6004029320670174,"valid_fraction":0.7666666666666667,"valid_fraction_scope":"region bounding box, all four channels","vegetated_fraction":0.0,"quality_status":"PARTIAL","spatial_status":"PARTIAL","temporal_status":"PARTIAL","temporal_overlap_fraction":0.0,"threshold_stability":"SENSITIVE","threshold_variation_fraction":0.2420091324200913,"evidence_state":"UNCERTAIN","centroid":[25.17166219007728,91.00016138489232],"data_source":"NISAR","evidence_method":"Rule consistency only; no accuracy estimate or independent reference validation.","baseline_method":"PER_PIXEL_MEDIAN","baseline_observation_count":2,"baseline_observation_dates":["2026-06-18","2026-06-30"],"baseline_hh_temporal_mad_db":1.0022087097167969,"baseline_scene_names":["NISAR_L2_PR_GCOV_023_069_A_014_4005_DHDH_A_20260618T232135_20260618T232210_P05023_N_F_J_001","NISAR_L2_PR_GCOV_024_069_A_014_4005_DHDH_A_20260630T232134_20260630T232209_P05023_N_F_J_001"],"contextual_land_cover":null,"distance_to_water_m":null,"context_status":"NOT_AVAILABLE","reference_validated":false}},{"type":"Feature","geometry":{"type":"Polygon","coordinates":[[[91.02255,25.17248],[91.02255,25.17239],[91.02245,25.17239],[91.02245,25.1723],[91.02215,25.1723],[91.02216,25.17221],[91.02196,25.1722],[91.02196,25.1723],[91.02186,25.17229],[91.02186,25.1722],[91.02176,25.1722],[91.02176,25.17193],[91.02166,25.17193],[91.02167,25.17166],[91.02177,25.17166],[91.02177,25.17184],[91.02186,25.17184],[91.02187,25.17166],[91.02207,25.17166],[91.02207,25.17157],[91.02217,25.17158],[91.02216,25.17167],[91.02226,25.17167],[91.02227,25.17158],[91.02236,25.17158],[91.02237,25.17149],[91.02217,25.17149],[91.02217,25.1714],[91.02237,25.1714],[91.02237,25.17122],[91.02227,25.17122],[91.02227,25.17131],[91.02197,25.1713],[91.02198,25.17094],[91.02218,25.17094],[91.02218,25.17067],[91.02208,25.17067],[91.02208,25.17085],[91.02188,25.17085],[91.02188,25.17067],[91.02178,25.17067],[91.02178,25.17094],[91.02168,25.17094],[91.02168,25.17085],[91.02158,25.17085],[91.02158,25.17076],[91.02168,25.17076],[91.02169,25.17067],[91.02159,25.17067],[91.02159,25.17057],[91.02139,25.17057],[91.02139,25.17039],[91.02129,25.17039],[91.02129,25.17057],[91.02109,25.17057],[91.02109,25.17066],[91.02099,25.17066],[91.02099,25.17075],[91.02069,25.17074],[91.02069,25.17083],[91.02089,25.17084],[91.02088,25.17111],[91.02108,25.17111],[91.02108,25.17102],[91.02138,25.17102],[91.02138,25.17093],[91.02158,25.17094],[91.02158,25.17103],[91.02168,25.17103],[91.02168,25.17112],[91.02128,25.17111],[91.02128,25.17129],[91.02138,25.17129],[91.02137,25.17147],[91.02128,25.17147],[91.02127,25.17156],[91.02108,25.17156],[91.02108,25.17147],[91.02098,25.17147],[91.02097,25.17183],[91.02127,25.17183],[91.02127,25.17174],[91.02147,25.17175],[91.02147,25.17184],[91.02137,25.17184],[91.02137,25.17193],[91.02127,25.17192],[91.02127,25.17202],[91.02117,25.17201],[91.02117,25.17192],[91.02107,25.17192],[91.02107,25.17201],[91.02097,25.17201],[91.02097,25.17192],[91.02087,25.17192],[91.02087,25.17174],[91.02078,25.17174],[91.02077,25.17192],[91.02028,25.17191],[91.02028,25.17182],[91.02048,25.17182],[91.02048,25.17164],[91.02058,25.17164],[91.02058,25.17183],[91.02067,25.17183],[91.02068,25.17156],[91.02038,25.17155],[91.02038,25.17146],[91.02068,25.17147],[91.02068,25.17129],[91.02058,25.17128],[91.02059,25.1711],[91.02049,25.1711],[91.02049,25.17083],[91.02029,25.17083],[91.0203,25.17074],[91.02039,25.17074],[91.0204,25.17065],[91.0202,25.17065],[91.02019,25.17083],[91.02,25.17082],[91.02,25.17073],[91.0199,25.17073],[91.0199,25.17064],[91.0198,25.17064],[91.0198,25.17055],[91.02,25.17055],[91.02,25.17046],[91.0202,25.17047],[91.0202,25.17056],[91.0203,25.17056],[91.0203,25.17047],[91.0204,25.17047],[91.0204,25.17038],[91.0205,25.17038],[91.0205,25.17056],[91.0206,25.17056],[91.0206,25.1702],[91.0207,25.1702],[91.0207,25.17038],[91.0208,25.17038],[91.0208,25.17029],[91.021,25.1703],[91.021,25.17021],[91.0213,25.17021],[91.02129,25.1703],[91.02139,25.1703],[91.02139,25.17021],[91.02159,25.17021],[91.02159,25.17039],[91.02169,25.1704],[91.02169,25.17013],[91.02199,25.17013],[91.02199,25.17004],[91.02209,25.17004],[91.02209,25.17013],[91.02219,25.17013],[91.02219,25.17022],[91.02229,25.17022],[91.02229,25.17013],[91.02249,25.17014],[91.02249,25.17005],[91.02259,25.17005],[91.02259,25.17014],[91.02269,25.17014],[91.02268,25.17032],[91.02239,25.17031],[91.02238,25.17041],[91.02228,25.1704],[91.02228,25.17049],[91.02248,25.1705],[91.02248,25.17041],[91.02308,25.17041],[91.02308,25.1705],[91.02318,25.17051],[91.02317,25.1706],[91.02308,25.17059],[91.02307,25.17069],[91.02297,25.17068],[91.02298,25.17059],[91.02288,25.17059],[91.02288,25.17068],[91.02278,25.17068],[91.02278,25.1705],[91.02258,25.1705],[91.02258,25.17059],[91.02248,25.17059],[91.02248,25.17077],[91.02238,25.17077],[91.02238,25.17068],[91.02228,25.17067],[91.02228,25.17095],[91.02247,25.17095],[91.02248,25.17086],[91.02257,25.17086],[91.02258,25.17077],[91.02277,25.17077],[91.02277,25.17086],[91.02297,25.17086],[91.02297,25.17095],[91.02307,25.17096],[91.02307,25.17078],[91.02327,25.17078],[91.02327,25.17087],[91.02337,25.17087],[91.02337,25.17105],[91.02346,25.17105],[91.02346,25.17132],[91.02336,25.17132],[91.02336,25.17141],[91.02346,25.17141],[91.02346,25.1715],[91.02356,25.1715],[91.02355,25.17159],[91.02346,25.17159],[91.02345,25.17186],[91.02365,25.17187],[91.02365,25.17205],[91.02345,25.17204],[91.02344,25.17231],[91.02325,25.17231],[91.02325,25.17222],[91.02315,25.17222],[91.02315,25.17213],[91.02305,25.17213],[91.02305,25.17222],[91.02295,25.17222],[91.02295,25.17213],[91.02285,25.17213],[91.02285,25.17204],[91.02256,25.17203],[91.02255,25.17212],[91.02275,25.17213],[91.02275,25.17222],[91.02255,25.17221],[91.02255,25.1723],[91.02265,25.1723],[91.02265,25.17248],[91.02255,25.17248]],[[91.02226,25.17221],[91.02235,25.17221],[91.02236,25.17212],[91.02246,25.17212],[91.02246,25.17203],[91.02256,25.17203],[91.02256,25.17194],[91.02285,25.17195],[91.02286,25.17186],[91.02246,25.17185],[91.02246,25.17176],[91.02266,25.17176],[91.02266,25.17167],[91.02236,25.17167],[91.02236,25.17176],[91.02226,25.17176],[91.02226,25.17185],[91.02206,25.17185],[91.02206,25.17175],[91.02197,25.17175],[91.02196,25.17211],[91.02226,25.17212],[91.02226,25.17221]],[[91.02325,25.17213],[91.02335,25.17213],[91.02335,25.17204],[91.02325,25.17204],[91.02325,25.17213]],[[91.02305,25.17204],[91.02315,25.17204],[91.02315,25.17195],[91.02345,25.17195],[91.02345,25.17186],[91.02305,25.17186],[91.02306,25.17177],[91.02296,25.17177],[91.02295,25.17195],[91.02305,25.17195],[91.02305,25.17204]],[[91.02325,25.17177],[91.02335,25.17177],[91.02336,25.1715],[91.02306,25.1715],[91.02306,25.17141],[91.02326,25.17141],[91.02326,25.17123],[91.02336,25.17123],[91.02336,25.17114],[91.02326,25.17114],[91.02327,25.17105],[91.02317,25.17105],[91.02317,25.17114],[91.02307,25.17114],[91.02306,25.17123],[91.02287,25.17122],[91.02287,25.17095],[91.02267,25.17095],[91.02267,25.17086],[91.02257,25.17086],[91.02257,25.17104],[91.02267,25.17104],[91.02267,25.17113],[91.02277,25.17113],[91.02277,25.17122],[91.02267,25.17122],[91.02267,25.17131],[91.02296,25.17132],[91.02296,25.1715],[91.02286,25.17149],[91.02286,25.17159],[91.02316,25.17159],[91.02316,25.17168],[91.02326,25.17168],[91.02325,25.17177]],[[91.02078,25.17156],[91.02088,25.17156],[91.02088,25.17147],[91.02078,25.17147],[91.02078,25.17156]],[[91.02246,25.17158],[91.02256,25.17158],[91.02257,25.17131],[91.02247,25.17131],[91.02246,25.17158]],[[91.02266,25.17158],[91.02276,25.17158],[91.02276,25.1714],[91.02267,25.1714],[91.02266,25.17158]],[[91.02108,25.17138],[91.02118,25.17138],[91.02118,25.17111],[91.02108,25.17111],[91.02108,25.17138]],[[91.02088,25.17129],[91.02098,25.17129],[91.02098,25.1712],[91.02088,25.1712],[91.02088,25.17129]],[[91.02237,25.17122],[91.02247,25.17122],[91.02247,25.17113],[91.02237,25.17113],[91.02237,25.17122]],[[91.02069,25.1711],[91.02079,25.17111],[91.02079,25.17102],[91.02069,25.17101],[91.02069,25.1711]],[[91.02297,25.17114],[91.02307,25.17114],[91.02307,25.17105],[91.02297,25.17104],[91.02297,25.17114]],[[91.02059,25.17101],[91.02069,25.17101],[91.02069,25.17083],[91.02059,25.17083],[91.02059,25.17101]],[[91.02059,25.17074],[91.02069,25.17074],[91.02069,25.17065],[91.02059,25.17065],[91.02059,25.17074]],[[91.02,25.17064],[91.0201,25.17065],[91.0201,25.17056],[91.02,25.17055],[91.02,25.17064]],[[91.02069,25.17065],[91.02089,25.17066],[91.02089,25.17057],[91.02099,25.17057],[91.02099,25.17048],[91.0208,25.17047],[91.02079,25.17056],[91.02069,25.17056],[91.02069,25.17065]],[[91.02188,25.17067],[91.02198,25.17067],[91.02198,25.17058],[91.02188,25.17058],[91.02188,25.17067]],[[91.02198,25.17058],[91.02218,25.17058],[91.02218,25.17049],[91.02208,25.17049],[91.02209,25.1704],[91.02189,25.1704],[91.02189,25.17049],[91.02199,25.17049],[91.02198,25.17058]]]},"properties":{"id":"wetland_patch_84089994a0fe","date":"2026-07-12","area_km2":0.0363,"pixel_count":363,"classification":"OPEN_WATER","interpretation_label":"HH darkening candidate","mean_delta_db":-4.808608321775746,"median_delta_db":-4.478585243225098,"hh_before":-13.201062855313303,"hh_after":-18.00967117708905,"hv_before":-20.62159904500998,"hv_after":-21.98029320561853,"delta_hh":-4.808608321775746,"delta_hv":-1.3586941606085492,"valid_fraction":1.0,"valid_fraction_scope":"region bounding box, all four channels","vegetated_fraction":0.0,"quality_status":"PASS","spatial_status":"PARTIAL","temporal_status":"PARTIAL","temporal_overlap_fraction":0.03856749311294766,"threshold_stability":"SENSITIVE","threshold_variation_fraction":0.288695652173913,"evidence_state":"UNCERTAIN","centroid":[25.171152886537776,91.02192909875434],"data_source":"NISAR","evidence_method":"Rule consistency only; no accuracy estimate or independent reference validation.","baseline_method":"PER_PIXEL_MEDIAN","baseline_observation_count":2,"baseline_observation_dates":["2026-06-18","2026-06-30"],"baseline_hh_temporal_mad_db":1.0022087097167969,"baseline_scene_names":["NISAR_L2_PR_GCOV_023_069_A_014_4005_DHDH_A_20260618T232135_20260618T232210_P05023_N_F_J_001","NISAR_L2_PR_GCOV_024_069_A_014_4005_DHDH_A_20260630T232134_20260630T232209_P05023_N_F_J_001"],"contextual_land_cover":null,"distance_to_water_m":null,"context_status":"NOT_AVAILABLE","reference_validated":false}},{"type":"Feature","geometry":{"type":"Polygon","coordinates":[[[91.00322,25.17159],[91.00322,25.17141],[91.00312,25.17141],[91.00312,25.17132],[91.00303,25.17132],[91.00303,25.17123],[91.00313,25.17123],[91.00313,25.17114],[91.00323,25.17114],[91.00323,25.17105],[91.00333,25.17105],[91.00333,25.17096],[91.00313,25.17096],[91.00313,25.17087],[91.00303,25.17087],[91.00304,25.17069],[91.00294,25.17069],[91.00293,25.17087],[91.00283,25.17086],[91.00284,25.17068],[91.00274,25.17068],[91.00274,25.17059],[91.00294,25.1706],[91.00294,25.17041],[91.00284,25.17041],[91.00284,25.17032],[91.00314,25.17033],[91.00314,25.17051],[91.00304,25.17051],[91.00304,25.1706],[91.00343,25.1706],[91.00344,25.17051],[91.00353,25.17051],[91.00353,25.17069],[91.00373,25.1707],[91.00373,25.17061],[91.00383,25.17061],[91.00383,25.17079],[91.00373,25.17079],[91.00373,25.17088],[91.00363,25.17088],[91.00363,25.17097],[91.00373,25.17097],[91.00372,25.17115],[91.00402,25.17115],[91.00402,25.17124],[91.00372,25.17124],[91.00372,25.17133],[91.00362,25.17133],[91.00362,25.17142],[91.00352,25.17142],[91.00352,25.17133],[91.00332,25.17132],[91.00332,25.17159],[91.00322,25.17159]],[[91.00342,25.17114],[91.00362,25.17115],[91.00362,25.17106],[91.00343,25.17105],[91.00342,25.17114]],[[91.00313,25.17078],[91.00323,25.17078],[91.00323,25.17069],[91.00313,25.17069],[91.00313,25.17078]]]},"properties":{"id":"wetland_patch_501422722cda","date":"2026-07-12","area_km2":0.0065,"pixel_count":65,"classification":"OPEN_WATER","interpretation_label":"HH darkening candidate","mean_delta_db":-5.087970762986403,"median_delta_db":-4.664800643920898,"hh_before":-11.880253212268537,"hh_after":-16.96822397525494,"hv_before":-19.275855189103346,"hv_after":-20.93850024296687,"delta_hh":-5.087970762986403,"delta_hv":-1.6626450538635253,"valid_fraction":1.0,"valid_fraction_scope":"region bounding box, all four channels","vegetated_fraction":0.0,"quality_status":"PASS","spatial_status":"PARTIAL","temporal_status":"PARTIAL","temporal_overlap_fraction":0.0,"threshold_stability":"SENSITIVE","threshold_variation_fraction":0.2909090909090909,"evidence_state":"UNCERTAIN","centroid":[25.170925112663102,91.00334995042519],"data_source":"NISAR","evidence_method":"Rule consistency only; no accuracy estimate or independent reference validation.","baseline_method":"PER_PIXEL_MEDIAN","baseline_observation_count":2,"baseline_observation_dates":["2026-06-18","2026-06-30"],"baseline_hh_temporal_mad_db":1.0022087097167969,"baseline_scene_names":["NISAR_L2_PR_GCOV_023_069_A_014_4005_DHDH_A_20260618T232135_20260618T232210_P05023_N_F_J_001","NISAR_L2_PR_GCOV_024_069_A_014_4005_DHDH_A_20260630T232134_20260630T232209_P05023_N_F_J_001"],"contextual_land_cover":null,"distance_to_water_m":null,"context_status":"NOT_AVAILABLE","reference_validated":false}},{"type":"Feature","geometry":{"type":"Polygon","coordinates":[[[91.01443,25.17174],[91.01443,25.17138],[91.01433,25.17138],[91.01433,25.17129],[91.01443,25.17129],[91.01444,25.17102],[91.01454,25.17102],[91.01454,25.17093],[91.01444,25.17093],[91.01444,25.17084],[91.01434,25.17084],[91.01434,25.17093],[91.01424,25.17093],[91.01424,25.17075],[91.01414,25.17075],[91.01415,25.17066],[91.01434,25.17066],[91.01435,25.17048],[91.01445,25.17048],[91.01445,25.1703],[91.01425,25.1703],[91.01425,25.17021],[91.01405,25.1702],[91.01406,25.17002],[91.01416,25.17002],[91.01416,25.16984],[91.01406,25.16984],[91.01406,25.16975],[91.01416,25.16975],[91.01416,25.16966],[91.01396,25.16966],[91.01396,25.16975],[91.01386,25.16975],[91.01386,25.16984],[91.01376,25.16984],[91.01376,25.16993],[91.01356,25.16993],[91.01357,25.16966],[91.01377,25.16966],[91.01377,25.16957],[91.01347,25.16956],[91.01347,25.16947],[91.01377,25.16948],[91.01377,25.16939],[91.01387,25.16939],[91.01387,25.1693],[91.01377,25.1693],[91.01377,25.16921],[91.01367,25.16921],[91.01368,25.16911],[91.01387,25.16912],[91.01388,25.16894],[91.01407,25.16894],[91.01408,25.16885],[91.01447,25.16885],[91.01447,25.16894],[91.01437,25.16894],[91.01437,25.16903],[91.01447,25.16904],[91.01447,25.16913],[91.01457,25.16913],[91.01457,25.16895],[91.01467,25.16895],[91.01467,25.16913],[91.01477,25.16913],[91.01476,25.16922],[91.01526,25.16923],[91.01526,25.16932],[91.01516,25.16932],[91.01516,25.16941],[91.01506,25.1694],[91.01505,25.16968],[91.01486,25.16967],[91.01486,25.16976],[91.01515,25.16977],[91.01515,25.16995],[91.01495,25.16994],[91.01495,25.17012],[91.01505,25.17013],[91.01504,25.17031],[91.01514,25.17031],[91.01514,25.1704],[91.01524,25.1704],[91.01524,25.17049],[91.01514,25.17049],[91.01514,25.17085],[91.01504,25.17085],[91.01504,25.17076],[91.01494,25.17076],[91.01493,25.17103],[91.01503,25.17103],[91.01503,25.17094],[91.01513,25.17094],[91.01513,25.17103],[91.01533,25.17103],[91.01533,25.17094],[91.01553,25.17095],[91.01553,25.17085],[91.01563,25.17086],[91.01563,25.17104],[91.01553,25.17104],[91.01553,25.17113],[91.01533,25.17112],[91.01533,25.17121],[91.01513,25.17121],[91.01513,25.17112],[91.01503,25.17112],[91.01503,25.17148],[91.01493,25.17148],[91.01493,25.17157],[91.01483,25.17157],[91.01482,25.17166],[91.01463,25.17166],[91.01462,25.17175],[91.01443,25.17174]],[[91.01473,25.17148],[91.01483,25.17148],[91.01483,25.17139],[91.01473,25.17139],[91.01473,25.17148]],[[91.01483,25.17139],[91.01493,25.17139],[91.01493,25.17112],[91.01483,25.17112],[91.01483,25.17121],[91.01473,25.17121],[91.01473,25.17112],[91.01463,25.17111],[91.01463,25.17129],[91.01483,25.1713],[91.01483,25.17139]],[[91.01444,25.17084],[91.01454,25.17084],[91.01454,25.17075],[91.01474,25.17075],[91.01474,25.17066],[91.01494,25.17067],[91.01494,25.17049],[91.01484,25.17048],[91.01484,25.17057],[91.01464,25.17057],[91.01464,25.17066],[91.01454,25.17066],[91.01454,25.17057],[91.01445,25.17057],[91.01444,25.17084]],[[91.01475,25.17039],[91.01484,25.17039],[91.01485,25.1703],[91.01495,25.17031],[91.01495,25.17022],[91.01475,25.17021],[91.01475,25.17012],[91.01465,25.17012],[91.01465,25.1703],[91.01475,25.1703],[91.01475,25.17039]],[[91.01445,25.17021],[91.01455,25.17021],[91.01455,25.17012],[91.01445,25.17012],[91.01445,25.17021]],[[91.01416,25.17011],[91.01425,25.17012],[91.01426,25.17003],[91.01416,25.17002],[91.01416,25.17011]],[[91.01445,25.17003],[91.01455,25.17003],[91.01456,25.16985],[91.01466,25.16985],[91.01466,25.16976],[91.01436,25.16976],[91.01436,25.16985],[91.01446,25.16985],[91.01445,25.17003]],[[91.01475,25.16994],[91.01485,25.16994],[91.01485,25.16985],[91.01475,25.16985],[91.01475,25.16994]],[[91.01386,25.16966],[91.01396,25.16966],[91.01397,25.16957],[91.01387,25.16957],[91.01386,25.16966]],[[91.01476,25.16958],[91.01486,25.16958],[91.01486,25.16949],[91.01476,25.16949],[91.01476,25.16958]],[[91.01417,25.16948],[91.01446,25.16949],[91.01446,25.1694],[91.01427,25.16939],[91.01427,25.1693],[91.01417,25.1693],[91.01417,25.16948]],[[91.01486,25.16949],[91.01496,25.16949],[91.01496,25.1694],[91.01486,25.1694],[91.01486,25.16949]],[[91.01397,25.16939],[91.01407,25.16939],[91.01407,25.16912],[91.01397,25.16912],[91.01397,25.16921],[91.01387,25.16921],[91.01387,25.1693],[91.01397,25.1693],[91.01397,25.16939]],[[91.01456,25.1694],[91.01466,25.1694],[91.01467,25.16922],[91.01457,25.16922],[91.01456,25.1694]],[[91.01476,25.1694],[91.01486,25.1694],[91.01486,25.16931],[91.01476,25.16931],[91.01476,25.1694]],[[91.01417,25.16921],[91.01437,25.16921],[91.01437,25.16912],[91.01417,25.16912],[91.01417,25.16921]]]},"properties":{"id":"wetland_patch_20ae4d68aa30","date":"2026-07-12","area_km2":0.0238,"pixel_count":238,"classification":"OPEN_WATER","interpretation_label":"HH darkening candidate","mean_delta_db":-5.202207070438802,"median_delta_db":-4.892297267913818,"hh_before":-12.394649050816769,"hh_after":-17.59685612125557,"hv_before":-19.79710136141096,"hv_after":-21.63314523216055,"delta_hh":-5.202207070438802,"delta_hv":-1.8360438707495939,"valid_fraction":1.0,"valid_fraction_scope":"region bounding box, all four channels","vegetated_fraction":0.0,"quality_status":"PASS","spatial_status":"PARTIAL","temporal_status":"PARTIAL","temporal_overlap_fraction":0.0,"threshold_stability":"SENSITIVE","threshold_variation_fraction":0.21739130434782608,"evidence_state":"UNCERTAIN","centroid":[25.170139813776842,91.0145572500126],"data_source":"NISAR","evidence_method":"Rule consistency only; no accuracy estimate or independent reference validation.","baseline_method":"PER_PIXEL_MEDIAN","baseline_observation_count":2,"baseline_observation_dates":["2026-06-18","2026-06-30"],"baseline_hh_temporal_mad_db":1.0022087097167969,"baseline_scene_names":["NISAR_L2_PR_GCOV_023_069_A_014_4005_DHDH_A_20260618T232135_20260618T232210_P05023_N_F_J_001","NISAR_L2_PR_GCOV_024_069_A_014_4005_DHDH_A_20260630T232134_20260630T232209_P05023_N_F_J_001"],"contextual_land_cover":null,"distance_to_water_m":null,"context_status":"NOT_AVAILABLE","reference_validated":false}},{"type":"Feature","geometry":{"type":"Polygon","coordinates":[[[91.01791,25.17107],[91.01792,25.17062],[91.01782,25.17061],[91.01782,25.17071],[91.01772,25.1707],[91.01771,25.17097],[91.01761,25.17097],[91.01761,25.17088],[91.01742,25.17088],[91.01742,25.17079],[91.01762,25.17079],[91.01762,25.1707],[91.01752,25.1707],[91.01752,25.17043],[91.01732,25.17043],[91.01733,25.17034],[91.01723,25.17034],[91.01723,25.17025],[91.01733,25.17025],[91.01733,25.17016],[91.01743,25.17016],[91.01743,25.17025],[91.01753,25.17025],[91.01753,25.17016],[91.01763,25.17016],[91.01763,25.17007],[91.01773,25.17007],[91.01773,25.16989],[91.01783,25.16989],[91.01782,25.17016],[91.01792,25.17016],[91.01793,25.16989],[91.01813,25.1699],[91.01812,25.16999],[91.01842,25.16999],[91.01842,25.17026],[91.01852,25.17026],[91.01852,25.17017],[91.01862,25.17017],[91.01862,25.17026],[91.01872,25.17027],[91.01872,25.17018],[91.01892,25.17018],[91.01892,25.17009],[91.01902,25.17009],[91.01902,25.17],[91.01912,25.17],[91.01912,25.16991],[91.01922,25.16991],[91.01921,25.17018],[91.01931,25.17018],[91.01931,25.17027],[91.01921,25.17027],[91.01921,25.17045],[91.01911,25.17045],[91.01911,25.17027],[91.01901,25.17027],[91.01901,25.17036],[91.01881,25.17036],[91.01881,25.17054],[91.01891,25.17054],[91.0189,25.1709],[91.0188,25.1709],[91.01881,25.17081],[91.01871,25.17081],[91.01871,25.17072],[91.01861,25.17072],[91.01861,25.17054],[91.01871,25.17054],[91.01871,25.17036],[91.01862,25.17035],[91.01861,25.17044],[91.01832,25.17044],[91.01831,25.17053],[91.01822,25.17053],[91.01821,25.17062],[91.01851,25.17062],[91.01851,25.17089],[91.01841,25.17089],[91.01841,25.1708],[91.01821,25.1708],[91.01821,25.17089],[91.01811,25.17089],[91.01811,25.1708],[91.01801,25.1708],[91.01801,25.17107],[91.01791,25.17107]],[[91.01792,25.17053],[91.01802,25.17053],[91.01802,25.17044],[91.01812,25.17044],[91.01812,25.17035],[91.01792,25.17035],[91.01792,25.17026],[91.01762,25.17025],[91.01762,25.17034],[91.01772,25.17034],[91.01772,25.17043],[91.01792,25.17044],[91.01792,25.17053]],[[91.01752,25.17043],[91.01762,25.17043],[91.01762,25.17034],[91.01752,25.17034],[91.01752,25.17043]],[[91.01812,25.17035],[91.01822,25.17035],[91.01822,25.17008],[91.01802,25.17008],[91.01802,25.17017],[91.01812,25.17017],[91.01812,25.17035]]]},"properties":{"id":"wetland_patch_608dd3c8d33a","date":"2026-07-12","area_km2":0.011,"pixel_count":110,"classification":"OPEN_WATER","interpretation_label":"HH darkening candidate","mean_delta_db":-5.1548914345827965,"median_delta_db":-4.851473331451416,"hh_before":-12.988871682773937,"hh_after":-18.143763117356734,"hv_before":-20.734130625291304,"hv_after":-22.206970466266977,"delta_hh":-5.1548914345827965,"delta_hv":-1.4728398409756747,"valid_fraction":1.0,"valid_fraction_scope":"region bounding box, all four channels","vegetated_fraction":0.0,"quality_status":"PASS","spatial_status":"PARTIAL","temporal_status":"PARTIAL","temporal_overlap_fraction":0.08181818181818182,"threshold_stability":"SENSITIVE","threshold_variation_fraction":0.275,"evidence_state":"UNCERTAIN","centroid":[25.17042005190569,91.01822890659571],"data_source":"NISAR","evidence_method":"Rule consistency only; no accuracy estimate or independent reference validation.","baseline_method":"PER_PIXEL_MEDIAN","baseline_observation_count":2,"baseline_observation_dates":["2026-06-18","2026-06-30"],"baseline_hh_temporal_mad_db":1.0022087097167969,"baseline_scene_names":["NISAR_L2_PR_GCOV_023_069_A_014_4005_DHDH_A_20260618T232135_20260618T232210_P05023_N_F_J_001","NISAR_L2_PR_GCOV_024_069_A_014_4005_DHDH_A_20260630T232134_20260630T232209_P05023_N_F_J_001"],"contextual_land_cover":null,"distance_to_water_m":null,"context_status":"NOT_AVAILABLE","reference_validated":false}},{"type":"Feature","geometry":{"type":"Polygon","coordinates":[[[91.01197,25.17027],[91.01197,25.17018],[91.01177,25.17017],[91.01178,25.16999],[91.01158,25.16999],[91.01158,25.16981],[91.01148,25.16981],[91.01148,25.16999],[91.01118,25.16998],[91.01118,25.16989],[91.01128,25.1699],[91.01128,25.1698],[91.01108,25.1698],[91.01108,25.16989],[91.01098,25.16989],[91.01098,25.16998],[91.01088,25.16998],[91.01089,25.1698],[91.01079,25.1698],[91.01079,25.16971],[91.01128,25.16971],[91.01129,25.16962],[91.01119,25.16962],[91.01119,25.16953],[91.01139,25.16954],[91.01139,25.16935],[91.01149,25.16936],[91.01149,25.16927],[91.01169,25.16927],[91.01169,25.16918],[91.01179,25.16918],[91.01179,25.169],[91.01169,25.169],[91.01169,25.16891],[91.01199,25.16891],[91.01199,25.169],[91.01219,25.169],[91.01219,25.16891],[91.01229,25.16892],[91.01229,25.16901],[91.01239,25.16901],[91.01238,25.16928],[91.01258,25.16928],[91.01258,25.16955],[91.01278,25.16955],[91.01277,25.16964],[91.01267,25.16964],[91.01267,25.16973],[91.01247,25.16973],[91.01248,25.16964],[91.01228,25.16964],[91.01228,25.16973],[91.01218,25.16973],[91.01218,25.16964],[91.01178,25.16963],[91.01178,25.16972],[91.01168,25.16972],[91.01168,25.1699],[91.01188,25.1699],[91.01187,25.17008],[91.01207,25.17009],[91.01207,25.17027],[91.01197,25.17027]],[[91.01148,25.16972],[91.01168,25.16972],[91.01168,25.16963],[91.01148,25.16963],[91.01148,25.16972]],[[91.01198,25.16954],[91.01208,25.16954],[91.01208,25.16945],[91.01198,25.16945],[91.01198,25.16954]],[[91.01238,25.16955],[91.01248,25.16955],[91.01248,25.16937],[91.01238,25.16937],[91.01238,25.16928],[91.01228,25.16928],[91.01228,25.16946],[91.01238,25.16946],[91.01238,25.16955]],[[91.01169,25.16945],[91.01179,25.16945],[91.01179,25.16927],[91.01169,25.16927],[91.01169,25.16945]],[[91.01188,25.16945],[91.01198,25.16945],[91.01199,25.16918],[91.01189,25.16918],[91.01188,25.16945]]]},"properties":{"id":"wetland_patch_d50fe0fb6d9d","date":"2026-07-12","area_km2":0.0096,"pixel_count":96,"classification":"OPEN_WATER","interpretation_label":"HH darkening candidate","mean_delta_db":-4.860706215103467,"median_delta_db":-4.580640077590942,"hh_before":-10.67106997470061,"hh_after":-15.531776189804077,"hv_before":-18.395004391670227,"hv_after":-20.169125994046528,"delta_hh":-4.860706215103467,"delta_hv":-1.774121602376302,"valid_fraction":1.0,"valid_fraction_scope":"region bounding box, all four channels","vegetated_fraction":0.0,"quality_status":"PASS","spatial_status":"PARTIAL","temporal_status":"PARTIAL","temporal_overlap_fraction":0.0,"threshold_stability":"SENSITIVE","threshold_variation_fraction":0.27848101265822783,"evidence_state":"UNCERTAIN","centroid":[25.16952000287373,91.01184387606081],"data_source":"NISAR","evidence_method":"Rule consistency only; no accuracy estimate or independent reference validation.","baseline_method":"PER_PIXEL_MEDIAN","baseline_observation_count":2,"baseline_observation_dates":["2026-06-18","2026-06-30"],"baseline_hh_temporal_mad_db":1.0022087097167969,"baseline_scene_names":["NISAR_L2_PR_GCOV_023_069_A_014_4005_DHDH_A_20260618T232135_20260618T232210_P05023_N_F_J_001","NISAR_L2_PR_GCOV_024_069_A_014_4005_DHDH_A_20260630T232134_20260630T232209_P05023_N_F_J_001"],"contextual_land_cover":null,"distance_to_water_m":null,"context_status":"NOT_AVAILABLE","reference_validated":false}},{"type":"Feature","geometry":{"type":"Polygon","coordinates":[[[91.01595,25.16942],[91.01595,25.16933],[91.01585,25.16932],[91.01586,25.16923],[91.01576,25.16923],[91.01576,25.16914],[91.01566,25.16914],[91.01566,25.16896],[91.01556,25.16896],[91.01556,25.16887],[91.01537,25.16887],[91.01537,25.16869],[91.01547,25.16869],[91.01547,25.16878],[91.01566,25.16878],[91.01567,25.16869],[91.01586,25.16869],[91.01587,25.1686],[91.01597,25.1686],[91.01597,25.16851],[91.01616,25.16852],[91.01616,25.16879],[91.01626,25.16879],[91.01626,25.16897],[91.01636,25.16897],[91.01636,25.16861],[91.01626,25.16861],[91.01627,25.16834],[91.01637,25.16834],[91.01637,25.16825],[91.01647,25.16825],[91.01646,25.16843],[91.01656,25.16843],[91.01656,25.1687],[91.01646,25.1687],[91.01645,25.16906],[91.01655,25.16906],[91.01655,25.16897],[91.01665,25.16897],[91.01665,25.16888],[91.01715,25.16889],[91.01715,25.16898],[91.01745,25.16898],[91.01745,25.16908],[91.01735,25.16907],[91.01734,25.16925],[91.01724,25.16925],[91.01724,25.16934],[91.01734,25.16934],[91.01734,25.16943],[91.01714,25.16943],[91.01714,25.16934],[91.01704,25.16934],[91.01705,25.16916],[91.01685,25.16916],[91.01685,25.16925],[91.01655,25.16924],[91.01655,25.16933],[91.01665,25.16934],[91.01665,25.16943],[91.01625,25.16942],[91.01625,25.16924],[91.01635,25.16924],[91.01635,25.16906],[91.01626,25.16906],[91.01625,25.16915],[91.01606,25.16915],[91.01605,25.16933],[91.01615,25.16933],[91.01615,25.16942],[91.01595,25.16942]],[[91.01645,25.16924],[91.01655,25.16924],[91.01655,25.16915],[91.01645,25.16915],[91.01645,25.16924]],[[91.01576,25.16905],[91.01596,25.16906],[91.01596,25.16896],[91.01576,25.16896],[91.01576,25.16905]],[[91.01665,25.16906],[91.01675,25.16907],[91.01675,25.16898],[91.01665,25.16897],[91.01665,25.16906]],[[91.01566,25.16896],[91.01576,25.16896],[91.01576,25.16887],[91.01566,25.16887],[91.01566,25.16896]],[[91.01596,25.16869],[91.01606,25.1687],[91.01606,25.16861],[91.01597,25.1686],[91.01596,25.16869]]]},"properties":{"id":"wetland_patch_b531a83c0e53","date":"2026-07-12","area_km2":0.0099,"pixel_count":99,"classification":"OPEN_WATER","interpretation_label":"HH darkening candidate","mean_delta_db":-5.160408260846379,"median_delta_db":-4.886518478393555,"hh_before":-12.366340791336214,"hh_after":-17.52674905218259,"hv_before":-19.46026149903885,"hv_after":-21.623264832930133,"delta_hh":-5.160408260846379,"delta_hv":-2.163003333891281,"valid_fraction":1.0,"valid_fraction_scope":"region bounding box, all four channels","vegetated_fraction":0.0,"quality_status":"PASS","spatial_status":"PARTIAL","temporal_status":"PARTIAL","temporal_overlap_fraction":0.36363636363636365,"threshold_stability":"SENSITIVE","threshold_variation_fraction":0.20588235294117646,"evidence_state":"UNCERTAIN","centroid":[25.16897477793267,91.01638638360183],"data_source":"NISAR","evidence_method":"Rule consistency only; no accuracy estimate or independent reference validation.","baseline_method":"PER_PIXEL_MEDIAN","baseline_observation_count":2,"baseline_observation_dates":["2026-06-18","2026-06-30"],"baseline_hh_temporal_mad_db":1.0022087097167969,"baseline_scene_names":["NISAR_L2_PR_GCOV_023_069_A_014_4005_DHDH_A_20260618T232135_20260618T232210_P05023_N_F_J_001","NISAR_L2_PR_GCOV_024_069_A_014_4005_DHDH_A_20260630T232134_20260630T232209_P05023_N_F_J_001"],"contextual_land_cover":null,"distance_to_water_m":null,"context_status":"NOT_AVAILABLE","reference_validated":false}},{"type":"Feature","geometry":{"type":"Polygon","coordinates":[[[91.01656,25.16879],[91.01656,25.1687],[91.01666,25.1687],[91.01666,25.16834],[91.01656,25.16834],[91.01657,25.16825],[91.01647,25.16825],[91.01647,25.16816],[91.01657,25.16816],[91.01657,25.16807],[91.01677,25.16807],[91.01677,25.16816],[91.01686,25.16816],[91.01686,25.16825],[91.01696,25.16826],[91.01696,25.16817],[91.01726,25.16817],[91.01726,25.16853],[91.01735,25.16853],[91.01736,25.16844],[91.01746,25.16844],[91.01746,25.16835],[91.01766,25.16836],[91.01766,25.16827],[91.01756,25.16826],[91.01756,25.16817],[91.01776,25.16818],[91.01776,25.16809],[91.01786,25.16809],[91.01786,25.16818],[91.01796,25.16818],[91.01795,25.16827],[91.01786,25.16827],[91.01785,25.16854],[91.01775,25.16854],[91.01775,25.16872],[91.01765,25.16872],[91.01765,25.16863],[91.01716,25.16862],[91.01716,25.16844],[91.01706,25.16844],[91.01705,25.16871],[91.01715,25.16871],[91.01715,25.1688],[91.01685,25.1688],[91.01686,25.16871],[91.01676,25.1687],[91.01676,25.1688],[91.01656,25.16879]],[[91.01676,25.16861],[91.01686,25.16862],[91.01686,25.16853],[91.01676,25.16852],[91.01676,25.16861]],[[91.01765,25.16854],[91.01775,25.16854],[91.01775,25.16845],[91.01765,25.16845],[91.01765,25.16854]],[[91.01666,25.16834],[91.01676,25.16834],[91.01676,25.16825],[91.01667,25.16825],[91.01666,25.16834]]]},"properties":{"id":"wetland_patch_d02406791d93","date":"2026-07-12","area_km2":0.006,"pixel_count":60,"classification":"OPEN_WATER","interpretation_label":"HH darkening candidate","mean_delta_db":-5.26586168607076,"median_delta_db":-4.9772210121154785,"hh_before":-13.270726664861042,"hh_after":-18.536588350931805,"hv_before":-19.356289847691855,"hv_after":-22.546707248687746,"delta_hh":-5.26586168607076,"delta_hv":-3.1904174009958903,"valid_fraction":1.0,"valid_fraction_scope":"region bounding box, all four channels","vegetated_fraction":0.0,"quality_status":"PASS","spatial_status":"PASS","temporal_status":"PARTIAL","temporal_overlap_fraction":0.4666666666666667,"threshold_stability":"SENSITIVE","threshold_variation_fraction":0.23684210526315788,"evidence_state":"MODERATE","centroid":[25.16842884224839,91.01715822646449],"data_source":"NISAR","evidence_method":"Rule consistency only; no accuracy estimate or independent reference validation.","baseline_method":"PER_PIXEL_MEDIAN","baseline_observation_count":2,"baseline_observation_dates":["2026-06-18","2026-06-30"],"baseline_hh_temporal_mad_db":1.0022087097167969,"baseline_scene_names":["NISAR_L2_PR_GCOV_023_069_A_014_4005_DHDH_A_20260618T232135_20260618T232210_P05023_N_F_J_001","NISAR_L2_PR_GCOV_024_069_A_014_4005_DHDH_A_20260630T232134_20260630T232209_P05023_N_F_J_001"],"contextual_land_cover":null,"distance_to_water_m":null,"context_status":"NOT_AVAILABLE","reference_validated":false}},{"type":"Feature","geometry":{"type":"Polygon","coordinates":[[[90.99107,25.16818],[90.99108,25.168],[90.99088,25.16799],[90.99088,25.1679],[90.99078,25.1679],[90.99078,25.16781],[90.99058,25.16781],[90.99059,25.16772],[90.99009,25.16771],[90.99009,25.1678],[90.98999,25.1678],[90.98999,25.16771],[90.98979,25.16771],[90.98979,25.16762],[90.9896,25.16762],[90.9896,25.16744],[90.9895,25.16743],[90.9895,25.16752],[90.9894,25.16752],[90.9894,25.16734],[90.9892,25.16734],[90.9892,25.16725],[90.98911,25.16725],[90.9891,25.16734],[90.989,25.16734],[90.98901,25.16716],[90.98891,25.16716],[90.98891,25.16725],[90.98881,25.16724],[90.98881,25.16715],[90.98871,25.16715],[90.98871,25.16706],[90.98851,25.16706],[90.98851,25.16697],[90.98842,25.16697],[90.98842,25.16688],[90.98832,25.16688],[90.98832,25.16679],[90.98812,25.16678],[90.98812,25.16669],[90.98792,25.16669],[90.98793,25.1666],[90.98783,25.1666],[90.98783,25.16651],[90.98763,25.16651],[90.98763,25.16642],[90.98753,25.16641],[90.98753,25.16632],[90.98734,25.16632],[90.98734,25.16623],[90.98724,25.16623],[90.98724,25.16614],[90.98704,25.16614],[90.98704,25.16605],[90.98694,25.16605],[90.98694,25.16596],[90.98675,25.16595],[90.98675,25.16577],[90.98655,25.16577],[90.98655,25.16568],[90.98705,25.16569],[90.98705,25.1656],[90.98725,25.1656],[90.98725,25.16569],[90.98735,25.16569],[90.98734,25.16587],[90.98744,25.16587],[90.98744,25.16578],[90.98754,25.16578],[90.98754,25.16569],[90.98744,25.16569],[90.98745,25.1656],[90.98735,25.1656],[90.98735,25.16551],[90.98705,25.16551],[90.98706,25.16514],[90.98696,25.16514],[90.98695,25.16532],[90.98686,25.16532],[90.98686,25.16523],[90.98666,25.16523],[90.98666,25.16532],[90.98656,25.16532],[90.98656,25.16523],[90.98646,25.16523],[90.98646,25.16514],[90.98656,25.16514],[90.98656,25.16505],[90.98646,25.16505],[90.98646,25.16496],[90.98666,25.16496],[90.98666,25.16514],[90.98676,25.16514],[90.98676,25.16496],[90.98686,25.16496],[90.98686,25.16478],[90.98696,25.16478],[90.98696,25.16487],[90.98726,25.16488],[90.98726,25.1647],[90.98746,25.1647],[90.98746,25.16461],[90.98736,25.16461],[90.98736,25.16452],[90.98727,25.16452],[90.98727,25.16433],[90.98737,25.16434],[90.98737,25.16443],[90.98756,25.16443],[90.98757,25.16434],[90.98747,25.16434],[90.98747,25.16425],[90.98767,25.16425],[90.98767,25.16434],[90.98786,25.16434],[90.98786,25.16425],[90.98806,25.16426],[90.98807,25.16407],[90.98817,25.16408],[90.98816,25.16417],[90.98826,25.16417],[90.98826,25.16408],[90.98856,25.16408],[90.98856,25.16399],[90.98886,25.164],[90.98886,25.16409],[90.98896,25.16409],[90.98896,25.16427],[90.98886,25.16427],[90.98886,25.16436],[90.98876,25.16435],[90.98875,25.16454],[90.98895,25.16454],[90.98895,25.16463],[90.98885,25.16463],[90.98885,25.16472],[90.98895,25.16472],[90.98895,25.16481],[90.98905,25.16481],[90.98904,25.1649],[90.98914,25.1649],[90.98915,25.16463],[90.98925,25.16463],[90.98925,25.16472],[90.98935,25.16472],[90.98935,25.16454],[90.98945,25.16454],[90.98945,25.16445],[90.98935,25.16445],[90.98935,25.16436],[90.98955,25.16437],[90.98955,25.16419],[90.98965,25.16419],[90.98965,25.16428],[90.98975,25.16428],[90.98975,25.16419],[90.98985,25.16419],[90.98985,25.16401],[90.98965,25.16401],[90.98965,25.1641],[90.98955,25.16409],[90.98956,25.16364],[90.98966,25.16364],[90.98966,25.16383],[90.98986,25.16383],[90.98986,25.16347],[90.98996,25.16347],[90.98996,25.16338],[90.99006,25.16338],[90.99006,25.16347],[90.99016,25.16347],[90.99016,25.1632],[90.99046,25.1632],[90.99046,25.16302],[90.99056,25.16303],[90.99056,25.16312],[90.99066,25.16312],[90.99066,25.1633],[90.99056,25.1633],[90.99056,25.16339],[90.99046,25.16338],[90.99046,25.16348],[90.99026,25.16347],[90.99026,25.16356],[90.99036,25.16356],[90.99035,25.16365],[90.99045,25.16366],[90.99045,25.16375],[90.99055,25.16375],[90.99055,25.16384],[90.99075,25.16384],[90.99075,25.16393],[90.99055,25.16393],[90.99055,25.16402],[90.99075,25.16402],[90.99074,25.16411],[90.99084,25.16411],[90.99085,25.16384],[90.99095,25.16384],[90.99094,25.16429],[90.99104,25.1643],[90.99104,25.16448],[90.99094,25.16447],[90.99094,25.16438],[90.99084,25.16438],[90.99084,25.16456],[90.99113,25.16457],[90.99113,25.16466],[90.99103,25.16466],[90.99103,25.16475],[90.99093,25.16475],[90.99093,25.16484],[90.99083,25.16483],[90.99083,25.16474],[90.99063,25.16474],[90.99063,25.16483],[90.99053,25.16483],[90.99053,25.16492],[90.99033,25.16492],[90.99034,25.16483],[90.99014,25.16483],[90.99013,25.1651],[90.99023,25.1651],[90.99023,25.16519],[90.99013,25.16519],[90.99013,25.16537],[90.99023,25.16537],[90.99023,25.16528],[90.99033,25.16528],[90.99033,25.16537],[90.99052,25.16537],[90.99052,25.16546],[90.99062,25.16546],[90.99062,25.16555],[90.99072,25.16556],[90.99072,25.16546],[90.99082,25.16547],[90.99082,25.16565],[90.99102,25.16565],[90.99101,25.16574],[90.99111,25.16574],[90.99111,25.16583],[90.99121,25.16583],[90.99121,25.16574],[90.99141,25.16575],[90.99141,25.16593],[90.99161,25.16593],[90.9916,25.16611],[90.9917,25.16611],[90.9917,25.1662],[90.9918,25.1662],[90.9918,25.16629],[90.9919,25.16629],[90.99189,25.16656],[90.99179,25.16656],[90.99179,25.16665],[90.99159,25.16665],[90.99159,25.16674],[90.99149,25.16674],[90.99149,25.16683],[90.99139,25.16683],[90.99139,25.16692],[90.99149,25.16692],[90.99149,25.16701],[90.99169,25.16701],[90.99169,25.1671],[90.99159,25.1671],[90.99158,25.16728],[90.99168,25.16728],[90.99168,25.16737],[90.99148,25.16737],[90.99149,25.16728],[90.99129,25.16728],[90.99128,25.16746],[90.99138,25.16746],[90.99138,25.16791],[90.99128,25.16791],[90.99128,25.168],[90.99118,25.168],[90.99117,25.16818],[90.99107,25.16818]],[[90.99118,25.16791],[90.99128,25.16791],[90.99128,25.16782],[90.99118,25.16782],[90.99118,25.16791]],[[90.99069,25.16745],[90.99079,25.16745],[90.99079,25.16736],[90.99069,25.16736],[90.99069,25.16745]],[[90.9901,25.16735],[90.99019,25.16735],[90.9902,25.16726],[90.9901,25.16726],[90.9901,25.16735]],[[90.9902,25.16708],[90.9904,25.16709],[90.9904,25.167],[90.9902,25.16699],[90.9902,25.16708]],[[90.99079,25.16709],[90.99099,25.16709],[90.99099,25.167],[90.99109,25.167],[90.99109,25.16691],[90.9909,25.16691],[90.9909,25.16682],[90.9908,25.16682],[90.99079,25.16709]],[[90.9909,25.16682],[90.991,25.16682],[90.991,25.16673],[90.9909,25.16673],[90.9909,25.16682]],[[90.98822,25.16669],[90.98832,25.1667],[90.98832,25.16661],[90.98822,25.1666],[90.98822,25.16669]],[[90.9908,25.16673],[90.9909,25.16673],[90.9909,25.16664],[90.9908,25.16664],[90.9908,25.16673]],[[90.9911,25.16673],[90.9912,25.16674],[90.9912,25.16655],[90.9911,25.16655],[90.9911,25.16673]],[[90.9914,25.16674],[90.99149,25.16674],[90.9915,25.16656],[90.9914,25.16656],[90.9914,25.16674]],[[90.98852,25.16661],[90.98862,25.16661],[90.98862,25.16652],[90.98852,25.16652],[90.98852,25.16661]],[[90.98882,25.16661],[90.98892,25.16661],[90.98892,25.16634],[90.98882,25.16634],[90.98882,25.16661]],[[90.9907,25.16655],[90.9908,25.16655],[90.9908,25.16646],[90.991,25.16646],[90.991,25.16655],[90.9911,25.16655],[90.9911,25.16637],[90.99071,25.16637],[90.9907,25.16655]],[[90.9912,25.16655],[90.9913,25.16656],[90.9913,25.16638],[90.9915,25.16638],[90.9915,25.1662],[90.9914,25.1662],[90.99141,25.16611],[90.99121,25.1661],[90.9912,25.16655]],[[90.9916,25.16656],[90.9917,25.16656],[90.9917,25.16647],[90.9916,25.16647],[90.9916,25.16656]],[[90.9915,25.16647],[90.9916,25.16647],[90.9916,25.16638],[90.9915,25.16638],[90.9915,25.16647]],[[90.98892,25.16634],[90.98902,25.16634],[90.98902,25.16625],[90.98892,25.16625],[90.98892,25.16634]],[[90.98813,25.16624],[90.98823,25.16624],[90.98823,25.16606],[90.98813,25.16606],[90.98813,25.16624]],[[90.98744,25.16614],[90.98754,25.16614],[90.98754,25.16605],[90.98744,25.16605],[90.98744,25.16614]],[[90.98863,25.16616],[90.98873,25.16616],[90.98873,25.16607],[90.98863,25.16607],[90.98863,25.16616]],[[90.98883,25.16616],[90.98892,25.16616],[90.98893,25.16607],[90.98883,25.16607],[90.98883,25.16616]],[[90.98704,25.16605],[90.98714,25.16605],[90.98714,25.16596],[90.98704,25.16596],[90.98704,25.16605]],[[90.98764,25.16605],[90.98774,25.16606],[90.98774,25.16597],[90.98764,25.16596],[90.98764,25.16605]],[[90.98893,25.16607],[90.98903,25.16607],[90.98903,25.16589],[90.98893,25.16589],[90.98893,25.16607]],[[90.98774,25.16597],[90.98784,25.16597],[90.98784,25.16588],[90.98774,25.16588],[90.98774,25.16597]],[[90.99121,25.16601],[90.99131,25.16601],[90.99131,25.16592],[90.99121,25.16592],[90.99121,25.16601]],[[90.98903,25.16589],[90.98913,25.16589],[90.98913,25.1658],[90.98903,25.1658],[90.98903,25.16589]],[[90.98715,25.16578],[90.98724,25.16578],[90.98725,25.16569],[90.98715,25.16569],[90.98715,25.16578]],[[90.98794,25.16579],[90.98804,25.16579],[90.98804,25.1657],[90.98794,25.1657],[90.98794,25.16579]],[[90.98923,25.16581],[90.98943,25.16581],[90.98943,25.16572],[90.98923,25.16572],[90.98923,25.16581]],[[90.98764,25.16569],[90.98774,25.1657],[90.98774,25.1656],[90.98764,25.1656],[90.98764,25.16569]],[[90.98844,25.1657],[90.98854,25.16571],[90.98854,25.16562],[90.98844,25.16561],[90.98844,25.1657]],[[90.98863,25.16571],[90.98873,25.16571],[90.98874,25.16553],[90.98854,25.16553],[90.98854,25.16562],[90.98864,25.16562],[90.98863,25.16571]],[[90.99062,25.16573],[90.99072,25.16574],[90.99072,25.16565],[90.99062,25.16564],[90.99062,25.16573]],[[90.98715,25.16542],[90.98735,25.16542],[90.98735,25.16533],[90.98715,25.16533],[90.98715,25.16542]],[[90.98775,25.16542],[90.98785,25.16543],[90.98785,25.16534],[90.98775,25.16533],[90.98775,25.16542]],[[90.98735,25.16533],[90.98755,25.16533],[90.98755,25.16524],[90.98735,25.16524],[90.98735,25.16533]],[[90.98785,25.16534],[90.98795,25.16534],[90.98795,25.16525],[90.98815,25.16525],[90.98815,25.16516],[90.98825,25.16516],[90.98825,25.16507],[90.98845,25.16507],[90.98845,25.16498],[90.98835,25.16498],[90.98835,25.16489],[90.98875,25.1649],[90.98875,25.16481],[90.98845,25.1648],[90.98845,25.16471],[90.98816,25.16471],[90.98815,25.1648],[90.98805,25.1648],[90.98805,25.16489],[90.98815,25.16489],[90.98815,25.16507],[90.98775,25.16506],[90.98775,25.16515],[90.98765,25.16515],[90.98765,25.16524],[90.98785,25.16525],[90.98785,25.16534]],[[90.98864,25.16535],[90.98884,25.16535],[90.98884,25.16526],[90.98864,25.16526],[90.98864,25.16535]],[[90.98725,25.16524],[90.98735,25.16524],[90.98735,25.16515],[90.98726,25.16515],[90.98725,25.16524]],[[90.98825,25.16525],[90.98834,25.16525],[90.98835,25.16516],[90.98825,25.16516],[90.98825,25.16525]],[[90.98844,25.16525],[90.98854,25.16525],[90.98854,25.16516],[90.98845,25.16516],[90.98844,25.16525]],[[90.98914,25.16526],[90.98924,25.16526],[90.98924,25.1649],[90.98914,25.1649],[90.98914,25.16508],[90.98904,25.16508],[90.98904,25.16517],[90.98914,25.16517],[90.98914,25.16526]],[[90.98716,25.16515],[90.98726,25.16515],[90.98726,25.16506],[90.98716,25.16506],[90.98716,25.16515]],[[90.98745,25.16515],[90.98755,25.16515],[90.98755,25.16506],[90.98745,25.16506],[90.98745,25.16515]],[[90.98854,25.16516],[90.98874,25.16517],[90.98874,25.16508],[90.98855,25.16507],[90.98854,25.16516]],[[90.98696,25.16505],[90.98716,25.16506],[90.98716,25.16497],[90.98696,25.16496],[90.98696,25.16505]],[[90.98736,25.16506],[90.98745,25.16506],[90.98746,25.16497],[90.98736,25.16497],[90.98736,25.16506]],[[90.98944,25.16509],[90.98954,25.16509],[90.98954,25.165],[90.98944,25.165],[90.98944,25.16509]],[[90.98785,25.16497],[90.98795,25.16498],[90.98796,25.16471],[90.98806,25.16471],[90.98806,25.16462],[90.98796,25.16461],[90.98796,25.16452],[90.98766,25.16452],[90.98766,25.16461],[90.98756,25.16461],[90.98756,25.1647],[90.98746,25.1647],[90.98746,25.16479],[90.98766,25.16479],[90.98766,25.1647],[90.98786,25.1647],[90.98785,25.16497]],[[90.98884,25.16499],[90.98904,25.16499],[90.98904,25.1649],[90.98885,25.1649],[90.98884,25.16499]],[[90.98934,25.16481],[90.98944,25.16482],[90.98944,25.16473],[90.98935,25.16472],[90.98934,25.16481]],[[90.99004,25.16482],[90.99014,25.16483],[90.99014,25.16473],[90.99004,25.16473],[90.99004,25.16482]],[[90.98954,25.16473],[90.98974,25.16473],[90.98974,25.16464],[90.98954,25.16464],[90.98954,25.16473]],[[90.98994,25.16464],[90.99004,25.16464],[90.99004,25.16455],[90.98994,25.16455],[90.98994,25.16464]],[[90.98806,25.16453],[90.98816,25.16453],[90.98816,25.16444],[90.98806,25.16444],[90.98806,25.16453]],[[90.99064,25.16456],[90.99074,25.16456],[90.99074,25.16438],[90.99064,25.16438],[90.99064,25.16456]],[[90.98786,25.16443],[90.98796,25.16443],[90.98796,25.16434],[90.98786,25.16434],[90.98786,25.16443]],[[90.98965,25.16446],[90.98975,25.16446],[90.98975,25.16437],[90.98965,25.16437],[90.98965,25.16446]],[[90.99044,25.16447],[90.99054,25.16447],[90.99054,25.16438],[90.99044,25.16438],[90.99044,25.16447]],[[90.98806,25.16435],[90.98816,25.16435],[90.98816,25.16426],[90.98806,25.16426],[90.98806,25.16435]],[[90.98826,25.16435],[90.98836,25.16435],[90.98836,25.16417],[90.98826,25.16417],[90.98826,25.16435]],[[90.98876,25.16426],[90.98886,25.16427],[90.98886,25.16418],[90.98876,25.16417],[90.98876,25.16426]],[[90.99054,25.16429],[90.99064,25.16429],[90.99064,25.1642],[90.99074,25.1642],[90.99074,25.16411],[90.99055,25.16411],[90.99054,25.16429]],[[90.99025,25.16374],[90.99035,25.16374],[90.99035,25.16365],[90.99026,25.16365],[90.99025,25.16374]]]},"properties":{"id":"wetland_patch_2b3ff93828c2","date":"2026-07-12","area_km2":0.13,"pixel_count":1300,"classification":"OPEN_WATER","interpretation_label":"HH darkening candidate","mean_delta_db":-6.415001823443633,"median_delta_db":-6.1223530769348145,"hh_before":-10.892373175437633,"hh_after":-17.307374998881265,"hv_before":-18.080608228536754,"hv_after":-21.740103436249953,"delta_hh":-6.415001823443633,"delta_hv":-3.6594952077132006,"valid_fraction":0.8220095693779904,"valid_fraction_scope":"region bounding box, all four channels","vegetated_fraction":0.0,"quality_status":"PARTIAL","spatial_status":"PARTIAL","temporal_status":"PARTIAL","temporal_overlap_fraction":0.2907692307692308,"threshold_stability":"STABLE","threshold_variation_fraction":0.13934426229508196,"evidence_state":"UNCERTAIN","centroid":[25.165811822241928,90.98946648999738],"data_source":"NISAR","evidence_method":"Rule consistency only; no accuracy estimate or independent reference validation.","baseline_method":"PER_PIXEL_MEDIAN","baseline_observation_count":2,"baseline_observation_dates":["2026-06-18","2026-06-30"],"baseline_hh_temporal_mad_db":1.0022087097167969,"baseline_scene_names":["NISAR_L2_PR_GCOV_023_069_A_014_4005_DHDH_A_20260618T232135_20260618T232210_P05023_N_F_J_001","NISAR_L2_PR_GCOV_024_069_A_014_4005_DHDH_A_20260630T232134_20260630T232209_P05023_N_F_J_001"],"contextual_land_cover":null,"distance_to_water_m":null,"context_status":"NOT_AVAILABLE","reference_validated":false}},{"type":"Feature","geometry":{"type":"Polygon","coordinates":[[[90.99317,25.16739],[90.99317,25.16721],[90.99307,25.16721],[90.99308,25.16703],[90.99298,25.16703],[90.99298,25.16685],[90.99288,25.16685],[90.99288,25.16676],[90.99298,25.16676],[90.99298,25.16667],[90.99288,25.16667],[90.99289,25.1664],[90.99299,25.1664],[90.99299,25.16649],[90.99309,25.16649],[90.99308,25.16658],[90.99338,25.16658],[90.99339,25.16622],[90.99349,25.16622],[90.99348,25.16641],[90.99368,25.16641],[90.99368,25.1665],[90.99388,25.1665],[90.99388,25.16641],[90.99398,25.16641],[90.99398,25.1665],[90.99408,25.1665],[90.99408,25.16659],[90.99398,25.16659],[90.99398,25.16668],[90.99388,25.16668],[90.99388,25.16659],[90.99358,25.16659],[90.99358,25.16668],[90.99368,25.16668],[90.99368,25.16677],[90.99378,25.16677],[90.99377,25.16686],[90.99397,25.16686],[90.99397,25.16695],[90.99357,25.16695],[90.99357,25.16704],[90.99337,25.16704],[90.99337,25.16713],[90.99347,25.16713],[90.99347,25.16731],[90.99357,25.16731],[90.99357,25.16722],[90.99377,25.16722],[90.99377,25.16731],[90.99367,25.16731],[90.99367,25.1674],[90.99337,25.1674],[90.99337,25.16731],[90.99327,25.1673],[90.99327,25.1674],[90.99317,25.16739]],[[90.99317,25.16721],[90.99327,25.16721],[90.99327,25.16703],[90.99318,25.16703],[90.99317,25.16721]],[[90.99328,25.16694],[90.99347,25.16695],[90.99348,25.16686],[90.99328,25.16685],[90.99328,25.16694]]]},"properties":{"id":"wetland_patch_ab915bc0a8a4","date":"2026-07-12","area_km2":0.0068,"pixel_count":68,"classification":"OPEN_WATER","interpretation_label":"HH darkening candidate","mean_delta_db":-5.263231833191479,"median_delta_db":-4.8802878856658936,"hh_before":-10.366337925195694,"hh_after":-15.629569758387174,"hv_before":-18.655606936005984,"hv_after":-20.463299919577207,"delta_hh":-5.263231833191479,"delta_hv":-1.8076929835712208,"valid_fraction":1.0,"valid_fraction_scope":"region bounding box, all four channels","vegetated_fraction":0.0,"quality_status":"PASS","spatial_status":"PARTIAL","temporal_status":"PARTIAL","temporal_overlap_fraction":0.0,"threshold_stability":"STABLE","threshold_variation_fraction":0.18292682926829268,"evidence_state":"MODERATE","centroid":[25.166818137272593,90.99340100534832],"data_source":"NISAR","evidence_method":"Rule consistency only; no accuracy estimate or independent reference validation.","baseline_method":"PER_PIXEL_MEDIAN","baseline_observation_count":2,"baseline_observation_dates":["2026-06-18","2026-06-30"],"baseline_hh_temporal_mad_db":1.0022087097167969,"baseline_scene_names":["NISAR_L2_PR_GCOV_023_069_A_014_4005_DHDH_A_20260618T232135_20260618T232210_P05023_N_F_J_001","NISAR_L2_PR_GCOV_024_069_A_014_4005_DHDH_A_20260630T232134_20260630T232209_P05023_N_F_J_001"],"contextual_land_cover":null,"distance_to_water_m":null,"context_status":"NOT_AVAILABLE","reference_validated":false}},{"type":"Feature","geometry":{"type":"Polygon","coordinates":[[[91.01181,25.16765],[91.01182,25.16746],[91.01142,25.16746],[91.01142,25.16728],[91.01132,25.16728],[91.01133,25.16719],[91.01152,25.16719],[91.01153,25.16701],[91.01133,25.16701],[91.01133,25.16692],[91.01123,25.16692],[91.01123,25.16673],[91.01133,25.16674],[91.01133,25.16683],[91.01143,25.16683],[91.01143,25.16665],[91.01153,25.16665],[91.01153,25.16692],[91.01173,25.16692],[91.01173,25.16701],[91.01182,25.16701],[91.01183,25.16683],[91.01193,25.16683],[91.01193,25.16674],[91.01203,25.16675],[91.01203,25.16666],[91.01193,25.16665],[91.01193,25.16656],[91.01213,25.16657],[91.01213,25.16684],[91.01203,25.16684],[91.01202,25.16702],[91.01212,25.16702],[91.01212,25.1672],[91.01192,25.1672],[91.01192,25.16729],[91.01202,25.16729],[91.01202,25.16747],[91.01192,25.16747],[91.01191,25.16765],[91.01181,25.16765]],[[91.01182,25.16719],[91.01192,25.1672],[91.01192,25.16711],[91.01182,25.1671],[91.01182,25.16719]]]},"properties":{"id":"wetland_patch_9c36f11c116c","date":"2026-07-12","area_km2":0.005,"pixel_count":50,"classification":"OPEN_WATER","interpretation_label":"HH darkening candidate","mean_delta_db":-4.404125194549561,"median_delta_db":-4.275684833526611,"hh_before":-10.596283321380616,"hh_after":-15.000408515930175,"hv_before":-19.36625455856323,"hv_after":-19.72838649749756,"delta_hh":-4.404125194549561,"delta_hv":-0.36213193893432616,"valid_fraction":1.0,"valid_fraction_scope":"region bounding box, all four channels","vegetated_fraction":0.0,"quality_status":"PASS","spatial_status":"PARTIAL","temporal_status":"PARTIAL","temporal_overlap_fraction":0.0,"threshold_stability":"SENSITIVE","threshold_variation_fraction":0.2982456140350877,"evidence_state":"UNCERTAIN","centroid":[25.167100898850784,91.01172994631582],"data_source":"NISAR","evidence_method":"Rule consistency only; no accuracy estimate or independent reference validation.","baseline_method":"PER_PIXEL_MEDIAN","baseline_observation_count":2,"baseline_observation_dates":["2026-06-18","2026-06-30"],"baseline_hh_temporal_mad_db":1.0022087097167969,"baseline_scene_names":["NISAR_L2_PR_GCOV_023_069_A_014_4005_DHDH_A_20260618T232135_20260618T232210_P05023_N_F_J_001","NISAR_L2_PR_GCOV_024_069_A_014_4005_DHDH_A_20260630T232134_20260630T232209_P05023_N_F_J_001"],"contextual_land_cover":null,"distance_to_water_m":null,"context_status":"NOT_AVAILABLE","reference_validated":false}},{"type":"Feature","geometry":{"type":"Polygon","coordinates":[[[90.99309,25.16604],[90.9931,25.16577],[90.9929,25.16577],[90.9929,25.16586],[90.9928,25.16585],[90.9928,25.16567],[90.9929,25.16567],[90.9929,25.16549],[90.9928,25.16549],[90.9928,25.16558],[90.9927,25.16558],[90.99271,25.1654],[90.99281,25.1654],[90.99281,25.16522],[90.99271,25.16522],[90.99271,25.16513],[90.99251,25.16513],[90.99251,25.16522],[90.99231,25.16522],[90.99231,25.16531],[90.99221,25.1653],[90.99221,25.16521],[90.99202,25.16521],[90.99202,25.16503],[90.99212,25.16503],[90.99212,25.16512],[90.99241,25.16513],[90.99242,25.16495],[90.99252,25.16495],[90.99252,25.16486],[90.99232,25.16485],[90.99232,25.16476],[90.99242,25.16477],[90.99242,25.16468],[90.99282,25.16468],[90.99282,25.16477],[90.99301,25.16477],[90.99302,25.16468],[90.99312,25.16468],[90.99311,25.16487],[90.99321,25.16487],[90.99321,25.16496],[90.99301,25.16495],[90.99301,25.16513],[90.99311,25.16514],[90.99311,25.16523],[90.9933,25.16523],[90.99331,25.16514],[90.99341,25.16514],[90.99341,25.16505],[90.9938,25.16506],[90.9938,25.16497],[90.9939,25.16497],[90.9939,25.16506],[90.994,25.16506],[90.994,25.16515],[90.9941,25.16515],[90.9941,25.16497],[90.9943,25.16497],[90.9943,25.16488],[90.9941,25.16488],[90.99411,25.1647],[90.99401,25.1647],[90.99401,25.16479],[90.99391,25.16479],[90.99391,25.1647],[90.99381,25.16469],[90.99381,25.1646],[90.99391,25.16461],[90.99391,25.16442],[90.99401,25.16443],[90.99401,25.16452],[90.99411,25.16452],[90.99411,25.16461],[90.99431,25.16461],[90.99431,25.16452],[90.99441,25.16452],[90.99441,25.16461],[90.9945,25.16461],[90.9945,25.1647],[90.9944,25.1647],[90.9944,25.16488],[90.9946,25.16489],[90.9946,25.16498],[90.9945,25.16497],[90.9945,25.16515],[90.9944,25.16515],[90.99439,25.16533],[90.9942,25.16533],[90.99419,25.16542],[90.99409,25.16542],[90.99409,25.16569],[90.99379,25.16569],[90.99379,25.16578],[90.99419,25.16578],[90.99419,25.16596],[90.99409,25.16596],[90.99409,25.16587],[90.99389,25.16587],[90.99389,25.16596],[90.99369,25.16596],[90.99369,25.16587],[90.99349,25.16586],[90.99349,25.16595],[90.99319,25.16595],[90.99319,25.16604],[90.99309,25.16604]],[[90.9932,25.16577],[90.9933,25.16577],[90.9933,25.16568],[90.9932,25.16568],[90.9932,25.16577]],[[90.99349,25.16577],[90.99369,25.16578],[90.99369,25.16569],[90.99379,25.16569],[90.99379,25.1656],[90.9936,25.16559],[90.99359,25.16568],[90.9935,25.16568],[90.99349,25.16577]],[[90.993,25.16559],[90.9931,25.16559],[90.9931,25.1655],[90.993,25.1655],[90.993,25.16559]],[[90.9935,25.16559],[90.9936,25.16559],[90.9936,25.1655],[90.9935,25.1655],[90.9935,25.16559]],[[90.9936,25.16523],[90.9937,25.16523],[90.9937,25.16514],[90.9936,25.16514],[90.9936,25.16523]],[[90.9942,25.16515],[90.9944,25.16515],[90.9944,25.16506],[90.9942,25.16506],[90.9942,25.16515]],[[90.99251,25.16504],[90.99261,25.16504],[90.99261,25.16495],[90.99252,25.16495],[90.99251,25.16504]],[[90.99271,25.16495],[90.99281,25.16495],[90.99281,25.16486],[90.99272,25.16486],[90.99271,25.16495]],[[90.9942,25.16479],[90.9943,25.16479],[90.99431,25.1647],[90.99421,25.1647],[90.9942,25.16479]]]},"properties":{"id":"wetland_patch_571b88b329fe","date":"2026-07-12","area_km2":0.0176,"pixel_count":176,"classification":"OPEN_WATER","interpretation_label":"HH darkening candidate","mean_delta_db":-5.67473653703928,"median_delta_db":-5.492358684539795,"hh_before":-9.537524956871163,"hh_after":-15.212261493910443,"hv_before":-18.25856290622191,"hv_after":-20.767536851492796,"delta_hh":-5.67473653703928,"delta_hv":-2.5089739452708852,"valid_fraction":1.0,"valid_fraction_scope":"region bounding box, all four channels","vegetated_fraction":0.0,"quality_status":"PASS","spatial_status":"PARTIAL","temporal_status":"PARTIAL","temporal_overlap_fraction":0.0,"threshold_stability":"STABLE","threshold_variation_fraction":0.18672199170124482,"evidence_state":"MODERATE","centroid":[25.165265233089137,90.9934363409329],"data_source":"NISAR","evidence_method":"Rule consistency only; no accuracy estimate or independent reference validation.","baseline_method":"PER_PIXEL_MEDIAN","baseline_observation_count":2,"baseline_observation_dates":["2026-06-18","2026-06-30"],"baseline_hh_temporal_mad_db":1.0022087097167969,"baseline_scene_names":["NISAR_L2_PR_GCOV_023_069_A_014_4005_DHDH_A_20260618T232135_20260618T232210_P05023_N_F_J_001","NISAR_L2_PR_GCOV_024_069_A_014_4005_DHDH_A_20260630T232134_20260630T232209_P05023_N_F_J_001"],"contextual_land_cover":null,"distance_to_water_m":null,"context_status":"NOT_AVAILABLE","reference_validated":false}},{"type":"Feature","geometry":{"type":"Polygon","coordinates":[[[91.00093,25.16605],[91.00093,25.16587],[91.00103,25.16588],[91.00103,25.16579],[91.00093,25.16578],[91.00094,25.1656],[91.00084,25.1656],[91.00084,25.16551],[91.00074,25.16551],[91.00074,25.16542],[91.00084,25.16542],[91.00084,25.16524],[91.00094,25.16524],[91.00094,25.16533],[91.00104,25.16533],[91.00104,25.16542],[91.00114,25.16543],[91.00114,25.16552],[91.00104,25.16551],[91.00104,25.1656],[91.00123,25.16561],[91.00124,25.16525],[91.00144,25.16525],[91.00144,25.16543],[91.00134,25.16543],[91.00133,25.16552],[91.00163,25.16552],[91.00163,25.16543],[91.00153,25.16543],[91.00154,25.16534],[91.00183,25.16534],[91.00183,25.16543],[91.00173,25.16543],[91.00173,25.16552],[91.00203,25.16553],[91.00203,25.16544],[91.00213,25.16544],[91.00213,25.16562],[91.00193,25.16562],[91.00193,25.16571],[91.00173,25.1657],[91.00173,25.16588],[91.00182,25.16589],[91.00182,25.16598],[91.00162,25.16597],[91.00163,25.16579],[91.00153,25.16579],[91.00153,25.1657],[91.00143,25.1657],[91.00143,25.16579],[91.00133,25.16579],[91.00133,25.16606],[91.00093,25.16605]],[[91.00113,25.16597],[91.00123,25.16597],[91.00123,25.16588],[91.00113,25.16588],[91.00113,25.16597]],[[91.00113,25.16579],[91.00123,25.16579],[91.00123,25.1657],[91.00113,25.1657],[91.00113,25.16579]]]},"properties":{"id":"wetland_patch_1238f4ddac43","date":"2026-07-12","area_km2":0.0057,"pixel_count":57,"classification":"OPEN_WATER","interpretation_label":"HH darkening candidate","mean_delta_db":-5.432461353770473,"median_delta_db":-5.295063018798828,"hh_before":-11.77173890565571,"hh_after":-17.204200259426184,"hv_before":-19.03418579436185,"hv_after":-22.299937432272394,"delta_hh":-5.432461353770473,"delta_hv":-3.2657516379105416,"valid_fraction":1.0,"valid_fraction_scope":"region bounding box, all four channels","vegetated_fraction":0.0,"quality_status":"PASS","spatial_status":"PARTIAL","temporal_status":"PARTIAL","temporal_overlap_fraction":0.0,"threshold_stability":"STABLE","threshold_variation_fraction":0.14492753623188406,"evidence_state":"MODERATE","centroid":[25.16563352160743,91.00136469206201],"data_source":"NISAR","evidence_method":"Rule consistency only; no accuracy estimate or independent reference validation.","baseline_method":"PER_PIXEL_MEDIAN","baseline_observation_count":2,"baseline_observation_dates":["2026-06-18","2026-06-30"],"baseline_hh_temporal_mad_db":1.0022087097167969,"baseline_scene_names":["NISAR_L2_PR_GCOV_023_069_A_014_4005_DHDH_A_20260618T232135_20260618T232210_P05023_N_F_J_001","NISAR_L2_PR_GCOV_024_069_A_014_4005_DHDH_A_20260630T232134_20260630T232209_P05023_N_F_J_001"],"contextual_land_cover":null,"distance_to_water_m":null,"context_status":"NOT_AVAILABLE","reference_validated":false}},{"type":"Feature","geometry":{"type":"Polygon","coordinates":[[[90.98571,25.16287],[90.98571,25.16278],[90.98561,25.16278],[90.98561,25.16269],[90.98531,25.16268],[90.98531,25.16259],[90.98551,25.1626],[90.98551,25.16251],[90.98561,25.16251],[90.98561,25.1626],[90.98591,25.1626],[90.98591,25.16251],[90.98581,25.16251],[90.98581,25.16242],[90.98551,25.16242],[90.98552,25.16232],[90.98562,25.16233],[90.98562,25.16224],[90.98572,25.16224],[90.98572,25.16215],[90.98552,25.16214],[90.98552,25.16205],[90.98562,25.16206],[90.98562,25.16197],[90.98552,25.16196],[90.98552,25.16187],[90.98572,25.16188],[90.98572,25.16179],[90.98592,25.16179],[90.98592,25.16206],[90.98602,25.16206],[90.98601,25.16215],[90.98592,25.16215],[90.98591,25.16224],[90.98601,25.16224],[90.98601,25.16242],[90.98611,25.16242],[90.98611,25.16224],[90.98621,25.16224],[90.98621,25.16215],[90.98631,25.16216],[90.98631,25.16243],[90.98621,25.16242],[90.98621,25.16251],[90.98631,25.16252],[90.9863,25.16261],[90.9864,25.16261],[90.9864,25.1627],[90.9862,25.1627],[90.98621,25.16261],[90.98601,25.1626],[90.98601,25.16269],[90.98591,25.16269],[90.9859,25.16287],[90.98571,25.16287]]]},"properties":{"id":"wetland_patch_5870fe8d2c43","date":"2026-07-12","area_km2":0.0053,"pixel_count":53,"classification":"OPEN_WATER","interpretation_label":"HH darkening candidate","mean_delta_db":-4.6041718069112525,"median_delta_db":-4.020496368408203,"hh_before":-11.673738416635766,"hh_after":-16.277910223547018,"hv_before":-19.55894085146346,"hv_after":-20.788451014824634,"delta_hh":-4.6041718069112525,"delta_hv":-1.2295101633611716,"valid_fraction":1.0,"valid_fraction_scope":"region bounding box, all four channels","vegetated_fraction":0.0,"quality_status":"PASS","spatial_status":"PARTIAL","temporal_status":"PARTIAL","temporal_overlap_fraction":0.0,"threshold_stability":"SENSITIVE","threshold_variation_fraction":0.28169014084507044,"evidence_state":"UNCERTAIN","centroid":[25.162361004918758,90.98586072015861],"data_source":"NISAR","evidence_method":"Rule consistency only; no accuracy estimate or independent reference validation.","baseline_method":"PER_PIXEL_MEDIAN","baseline_observation_count":2,"baseline_observation_dates":["2026-06-18","2026-06-30"],"baseline_hh_temporal_mad_db":1.0022087097167969,"baseline_scene_names":["NISAR_L2_PR_GCOV_023_069_A_014_4005_DHDH_A_20260618T232135_20260618T232210_P05023_N_F_J_001","NISAR_L2_PR_GCOV_024_069_A_014_4005_DHDH_A_20260630T232134_20260630T232209_P05023_N_F_J_001"],"contextual_land_cover":null,"distance_to_water_m":null,"context_status":"NOT_AVAILABLE","reference_validated":false}},{"type":"Feature","geometry":{"type":"Polygon","coordinates":[[[90.98819,25.16245],[90.98819,25.16236],[90.988,25.16236],[90.988,25.16227],[90.9882,25.16227],[90.9882,25.16218],[90.9881,25.16218],[90.9881,25.16209],[90.9883,25.16209],[90.9883,25.162],[90.9884,25.162],[90.9884,25.16209],[90.9885,25.16209],[90.98849,25.16218],[90.98869,25.16219],[90.9887,25.16201],[90.9886,25.16201],[90.9886,25.16192],[90.9885,25.16191],[90.9885,25.16182],[90.9886,25.16183],[90.9886,25.16164],[90.9887,25.16165],[90.9887,25.16174],[90.989,25.16174],[90.989,25.16138],[90.9891,25.16138],[90.9891,25.16156],[90.9892,25.16156],[90.9892,25.16165],[90.9893,25.16165],[90.98929,25.16174],[90.9892,25.16174],[90.98919,25.16183],[90.98929,25.16183],[90.98929,25.16192],[90.98959,25.16193],[90.98959,25.16202],[90.98949,25.16202],[90.98949,25.16211],[90.98939,25.16211],[90.98939,25.16202],[90.98919,25.16201],[90.98919,25.1621],[90.98909,25.1621],[90.98909,25.16183],[90.9888,25.16183],[90.9888,25.16192],[90.9889,25.16192],[90.98889,25.16201],[90.98879,25.16201],[90.98879,25.16219],[90.98899,25.16219],[90.98899,25.16237],[90.98889,25.16237],[90.98889,25.16228],[90.98849,25.16228],[90.98849,25.16237],[90.98829,25.16236],[90.98829,25.16245],[90.98819,25.16245]]]},"properties":{"id":"wetland_patch_b5a59e8f4419","date":"2026-07-12","area_km2":0.0051,"pixel_count":51,"classification":"OPEN_WATER","interpretation_label":"HH darkening candidate","mean_delta_db":-4.66785997502944,"median_delta_db":-4.208600044250488,"hh_before":-11.288344897475897,"hh_after":-15.956204872505337,"hv_before":-19.428498773013843,"hv_after":-20.196634199105056,"delta_hh":-4.66785997502944,"delta_hv":-0.7681354260912129,"valid_fraction":1.0,"valid_fraction_scope":"region bounding box, all four channels","vegetated_fraction":0.0,"quality_status":"PASS","spatial_status":"PARTIAL","temporal_status":"PARTIAL","temporal_overlap_fraction":0.0,"threshold_stability":"SENSITIVE","threshold_variation_fraction":0.35443037974683544,"evidence_state":"UNCERTAIN","centroid":[25.16199659576542,90.98878008563128],"data_source":"NISAR","evidence_method":"Rule consistency only; no accuracy estimate or independent reference validation.","baseline_method":"PER_PIXEL_MEDIAN","baseline_observation_count":2,"baseline_observation_dates":["2026-06-18","2026-06-30"],"baseline_hh_temporal_mad_db":1.0022087097167969,"baseline_scene_names":["NISAR_L2_PR_GCOV_023_069_A_014_4005_DHDH_A_20260618T232135_20260618T232210_P05023_N_F_J_001","NISAR_L2_PR_GCOV_024_069_A_014_4005_DHDH_A_20260630T232134_20260630T232209_P05023_N_F_J_001"],"contextual_land_cover":null,"distance_to_water_m":null,"context_status":"NOT_AVAILABLE","reference_validated":false}},{"type":"Feature","geometry":{"type":"Polygon","coordinates":[[[91.09055,25.16272],[91.09056,25.16254],[91.09046,25.16254],[91.09046,25.16218],[91.09036,25.16218],[91.09037,25.16209],[91.09027,25.16209],[91.09027,25.16182],[91.08997,25.16181],[91.08997,25.16199],[91.08987,25.16199],[91.08987,25.16181],[91.08968,25.16181],[91.08968,25.16172],[91.08958,25.16172],[91.08958,25.16163],[91.08998,25.16163],[91.08998,25.16154],[91.09018,25.16155],[91.09018,25.16137],[91.09008,25.16136],[91.09008,25.16118],[91.08998,25.16118],[91.08999,25.16091],[91.08989,25.16091],[91.08989,25.16082],[91.08979,25.16082],[91.08979,25.16073],[91.08989,25.16073],[91.08989,25.16064],[91.09009,25.16064],[91.09009,25.16055],[91.08999,25.16055],[91.08999,25.16046],[91.09009,25.16046],[91.09009,25.16037],[91.09,25.16037],[91.09,25.16019],[91.0901,25.16019],[91.0901,25.16028],[91.0902,25.16028],[91.0902,25.16019],[91.0903,25.16019],[91.0903,25.1601],[91.0904,25.1601],[91.09039,25.16019],[91.09049,25.1602],[91.0905,25.16011],[91.09069,25.16011],[91.0907,25.16002],[91.09089,25.16002],[91.09089,25.16011],[91.09079,25.16011],[91.09079,25.16029],[91.09089,25.16029],[91.09089,25.16038],[91.09079,25.16038],[91.09079,25.16056],[91.09069,25.16056],[91.09069,25.16065],[91.09059,25.16065],[91.09058,25.16074],[91.09049,25.16074],[91.09048,25.16092],[91.09038,25.16092],[91.09038,25.16101],[91.09028,25.16101],[91.09028,25.16092],[91.09019,25.16091],[91.09018,25.161],[91.09008,25.161],[91.09008,25.16109],[91.09048,25.1611],[91.09048,25.16119],[91.09058,25.16119],[91.09058,25.16128],[91.09068,25.16128],[91.09067,25.16137],[91.09048,25.16137],[91.09048,25.16128],[91.09038,25.16128],[91.09038,25.16119],[91.09028,25.16119],[91.09027,25.16155],[91.09037,25.16155],[91.09038,25.16146],[91.09057,25.16146],[91.09057,25.16155],[91.09077,25.16155],[91.09077,25.16164],[91.09087,25.16164],[91.09087,25.16155],[91.09107,25.16156],[91.09107,25.16165],[91.09097,25.16165],[91.09096,25.16183],[91.09067,25.16182],[91.09067,25.16191],[91.09057,25.16191],[91.09056,25.16209],[91.09096,25.1621],[91.09096,25.16228],[91.09086,25.16228],[91.09085,25.16255],[91.09095,25.16255],[91.09095,25.16264],[91.09085,25.16264],[91.09085,25.16273],[91.09075,25.16273],[91.09075,25.16264],[91.09065,25.16264],[91.09065,25.16273],[91.09055,25.16272]],[[91.09056,25.16254],[91.09066,25.16254],[91.09066,25.16245],[91.09076,25.16246],[91.09076,25.16237],[91.09056,25.16236],[91.09056,25.16254]],[[91.09017,25.16173],[91.09057,25.16173],[91.09057,25.16155],[91.09047,25.16155],[91.09047,25.16164],[91.09017,25.16164],[91.09017,25.16173]],[[91.08999,25.16082],[91.09019,25.16082],[91.09019,25.16064],[91.09009,25.16064],[91.09009,25.16073],[91.08999,25.16073],[91.08999,25.16082]],[[91.09049,25.16065],[91.09059,25.16065],[91.09059,25.16047],[91.09069,25.16047],[91.09069,25.16038],[91.09049,25.16038],[91.09049,25.16065]],[[91.09019,25.16055],[91.09029,25.16055],[91.09029,25.16037],[91.09019,25.16037],[91.09019,25.16055]]]},"properties":{"id":"wetland_patch_2bf670089687","date":"2026-07-12","area_km2":0.0145,"pixel_count":145,"classification":"OPEN_WATER","interpretation_label":"HH darkening candidate","mean_delta_db":-4.878600219200397,"median_delta_db":-4.436378479003906,"hh_before":-14.566591920523807,"hh_after":-19.445192139724206,"hv_before":-23.705439547834725,"hv_after":-23.47507401828108,"delta_hh":-4.878600219200397,"delta_hv":0.2303655295536436,"valid_fraction":1.0,"valid_fraction_scope":"region bounding box, all four channels","vegetated_fraction":0.0,"quality_status":"PASS","spatial_status":"PARTIAL","temporal_status":"PARTIAL","temporal_overlap_fraction":0.0,"threshold_stability":"SENSITIVE","threshold_variation_fraction":0.29385964912280704,"evidence_state":"UNCERTAIN","centroid":[25.161316755479778,91.09040726798823],"data_source":"NISAR","evidence_method":"Rule consistency only; no accuracy estimate or independent reference validation.","baseline_method":"PER_PIXEL_MEDIAN","baseline_observation_count":2,"baseline_observation_dates":["2026-06-18","2026-06-30"],"baseline_hh_temporal_mad_db":1.0022087097167969,"baseline_scene_names":["NISAR_L2_PR_GCOV_023_069_A_014_4005_DHDH_A_20260618T232135_20260618T232210_P05023_N_F_J_001","NISAR_L2_PR_GCOV_024_069_A_014_4005_DHDH_A_20260630T232134_20260630T232209_P05023_N_F_J_001"],"contextual_land_cover":null,"distance_to_water_m":null,"context_status":"NOT_AVAILABLE","reference_validated":false}},{"type":"Feature","geometry":{"type":"Polygon","coordinates":[[[90.97891,25.15971],[90.97892,25.15953],[90.97882,25.15953],[90.97882,25.15934],[90.97872,25.15934],[90.97872,25.15925],[90.97892,25.15926],[90.97892,25.15917],[90.97862,25.15916],[90.97863,25.15907],[90.97873,25.15907],[90.97873,25.15889],[90.97903,25.1589],[90.97903,25.15844],[90.97923,25.15845],[90.97923,25.15854],[90.97913,25.15854],[90.97913,25.15863],[90.97933,25.15863],[90.97933,25.15872],[90.97943,25.15872],[90.97942,25.15881],[90.97952,25.15881],[90.97952,25.15872],[90.97972,25.15873],[90.97972,25.15882],[90.97962,25.15881],[90.97962,25.1589],[90.97972,25.15891],[90.97972,25.159],[90.97982,25.159],[90.97982,25.15891],[90.98002,25.15891],[90.98001,25.15909],[90.97992,25.15909],[90.97991,25.15918],[90.98001,25.15918],[90.98001,25.15927],[90.98011,25.15927],[90.98011,25.15936],[90.97971,25.15936],[90.97971,25.15927],[90.97952,25.15926],[90.97951,25.15935],[90.97942,25.15935],[90.97941,25.15953],[90.97961,25.15954],[90.97961,25.15945],[90.97971,25.15945],[90.97971,25.15963],[90.97961,25.15963],[90.97961,25.15972],[90.97951,25.15972],[90.97951,25.15963],[90.97941,25.15962],[90.97941,25.15971],[90.97931,25.15971],[90.97931,25.15962],[90.97921,25.15962],[90.97921,25.15971],[90.97911,25.15971],[90.97911,25.15962],[90.97901,25.15962],[90.97901,25.15971],[90.97891,25.15971]],[[90.97921,25.15953],[90.97931,25.15953],[90.97931,25.15944],[90.97922,25.15944],[90.97921,25.15953]],[[90.97892,25.15935],[90.97922,25.15935],[90.97922,25.15926],[90.97892,25.15926],[90.97892,25.15935]],[[90.97942,25.15926],[90.97952,25.15926],[90.97952,25.15917],[90.97942,25.15917],[90.97942,25.15926]],[[90.97971,25.15927],[90.97981,25.15927],[90.97981,25.15918],[90.97972,25.15918],[90.97971,25.15927]],[[90.97902,25.15908],[90.97922,25.15908],[90.97922,25.15899],[90.97902,25.15899],[90.97902,25.15908]],[[90.97952,25.15908],[90.97962,25.15908],[90.97962,25.15899],[90.97952,25.15899],[90.97952,25.15908]]]},"properties":{"id":"wetland_patch_7e1268e5159a","date":"2026-07-12","area_km2":0.0095,"pixel_count":95,"classification":"OPEN_WATER","interpretation_label":"HH darkening candidate","mean_delta_db":-5.133192087474622,"median_delta_db":-4.678471565246582,"hh_before":-11.6229147810685,"hh_after":-16.756106868543124,"hv_before":-19.446485629834626,"hv_after":-21.317536444413033,"delta_hh":-5.133192087474622,"delta_hv":-1.8710508145784077,"valid_fraction":0.9523809523809523,"valid_fraction_scope":"region bounding box, all four channels","vegetated_fraction":0.0,"quality_status":"PASS","spatial_status":"PARTIAL","temporal_status":"PARTIAL","temporal_overlap_fraction":0.0,"threshold_stability":"STABLE","threshold_variation_fraction":0.184,"evidence_state":"MODERATE","centroid":[25.159146801723914,90.97931788477663],"data_source":"NISAR","evidence_method":"Rule consistency only; no accuracy estimate or independent reference validation.","baseline_method":"PER_PIXEL_MEDIAN","baseline_observation_count":2,"baseline_observation_dates":["2026-06-18","2026-06-30"],"baseline_hh_temporal_mad_db":1.0022087097167969,"baseline_scene_names":["NISAR_L2_PR_GCOV_023_069_A_014_4005_DHDH_A_20260618T232135_20260618T232210_P05023_N_F_J_001","NISAR_L2_PR_GCOV_024_069_A_014_4005_DHDH_A_20260630T232134_20260630T232209_P05023_N_F_J_001"],"contextual_land_cover":null,"distance_to_water_m":null,"context_status":"NOT_AVAILABLE","reference_validated":false}},{"type":"Feature","geometry":{"type":"Polygon","coordinates":[[[90.98536,25.1598],[90.98536,25.15952],[90.98526,25.15952],[90.98527,25.15934],[90.98517,25.15934],[90.98517,25.15943],[90.98467,25.15942],[90.98467,25.15933],[90.98487,25.15934],[90.98488,25.15907],[90.98507,25.15907],[90.98508,25.15898],[90.98498,25.15898],[90.98498,25.15889],[90.98508,25.15889],[90.98508,25.1588],[90.98518,25.1588],[90.98518,25.15871],[90.98528,25.15871],[90.98528,25.15862],[90.98538,25.15862],[90.98538,25.1588],[90.98547,25.1588],[90.98548,25.15862],[90.98617,25.15863],[90.98617,25.15899],[90.98607,25.15899],[90.98606,25.15926],[90.98586,25.15926],[90.98586,25.15935],[90.98566,25.15935],[90.98567,25.15926],[90.98557,25.15926],[90.98556,25.15935],[90.98537,25.15934],[90.98537,25.15943],[90.98546,25.15944],[90.98546,25.15953],[90.98556,25.15953],[90.98556,25.15962],[90.98546,25.15962],[90.98546,25.15971],[90.98556,25.15971],[90.98556,25.1598],[90.98536,25.1598]],[[90.98507,25.15934],[90.98517,25.15934],[90.98517,25.15925],[90.98507,25.15925],[90.98507,25.15934]],[[90.98567,25.15926],[90.98576,25.15926],[90.98577,25.15917],[90.98567,25.15917],[90.98567,25.15926]],[[90.98527,25.15907],[90.98547,25.15907],[90.98547,25.15898],[90.98537,25.15898],[90.98537,25.15889],[90.98518,25.15889],[90.98517,25.15898],[90.98527,25.15898],[90.98527,25.15907]],[[90.98557,25.15908],[90.98567,25.15908],[90.98567,25.15899],[90.98557,25.15899],[90.98557,25.15908]],[[90.98577,25.15908],[90.98587,25.15908],[90.98587,25.15899],[90.98577,25.15899],[90.98577,25.15908]],[[90.98577,25.1589],[90.98587,25.1589],[90.98587,25.15872],[90.98577,25.15872],[90.98577,25.1589]]]},"properties":{"id":"wetland_patch_510238270f3f","date":"2026-07-12","area_km2":0.0086,"pixel_count":86,"classification":"OPEN_WATER","interpretation_label":"HH darkening candidate","mean_delta_db":-5.678713543470516,"median_delta_db":-5.395073890686035,"hh_before":-11.617395855659662,"hh_after":-17.296109399130177,"hv_before":-19.052554197089616,"hv_after":-21.876697850781817,"delta_hh":-5.678713543470516,"delta_hv":-2.824143653692201,"valid_fraction":1.0,"valid_fraction_scope":"region bounding box, all four channels","vegetated_fraction":0.0,"quality_status":"PASS","spatial_status":"PARTIAL","temporal_status":"PARTIAL","temporal_overlap_fraction":0.0,"threshold_stability":"STABLE","threshold_variation_fraction":0.15254237288135594,"evidence_state":"MODERATE","centroid":[25.159072783277452,90.98550948263761],"data_source":"NISAR","evidence_method":"Rule consistency only; no accuracy estimate or independent reference validation.","baseline_method":"PER_PIXEL_MEDIAN","baseline_observation_count":2,"baseline_observation_dates":["2026-06-18","2026-06-30"],"baseline_hh_temporal_mad_db":1.0022087097167969,"baseline_scene_names":["NISAR_L2_PR_GCOV_023_069_A_014_4005_DHDH_A_20260618T232135_20260618T232210_P05023_N_F_J_001","NISAR_L2_PR_GCOV_024_069_A_014_4005_DHDH_A_20260630T232134_20260630T232209_P05023_N_F_J_001"],"contextual_land_cover":null,"distance_to_water_m":null,"context_status":"NOT_AVAILABLE","reference_validated":false}},{"type":"Feature","geometry":{"type":"Polygon","coordinates":[[[90.97953,25.15854],[90.97953,25.15845],[90.97933,25.15845],[90.97933,25.15836],[90.97913,25.15836],[90.97914,25.15827],[90.97923,25.15827],[90.97924,25.158],[90.97914,25.158],[90.97914,25.1579],[90.97924,25.15791],[90.97924,25.15773],[90.97934,25.15773],[90.97934,25.15764],[90.97925,25.15764],[90.97925,25.15755],[90.97875,25.15754],[90.97875,25.15745],[90.97895,25.15745],[90.97896,25.15709],[90.97886,25.15709],[90.97886,25.15682],[90.97896,25.15682],[90.97896,25.15673],[90.97886,25.15673],[90.97886,25.15664],[90.97906,25.15664],[90.97906,25.15673],[90.97916,25.15673],[90.97915,25.15709],[90.97925,25.15709],[90.97926,25.157],[90.97935,25.157],[90.97935,25.15719],[90.97945,25.15719],[90.97945,25.15701],[90.97955,25.15701],[90.97955,25.1571],[90.97965,25.1571],[90.97965,25.15719],[90.97975,25.15719],[90.97975,25.1571],[90.97985,25.1571],[90.97985,25.15719],[90.97995,25.15719],[90.97995,25.15683],[90.97975,25.15683],[90.97976,25.15674],[90.98005,25.15674],[90.98004,25.15747],[90.98014,25.15747],[90.98014,25.15738],[90.98024,25.15738],[90.98024,25.15729],[90.98034,25.15729],[90.98034,25.15711],[90.98044,25.15711],[90.98044,25.15738],[90.98054,25.15738],[90.98054,25.15729],[90.98064,25.15729],[90.98064,25.1572],[90.98074,25.1572],[90.98074,25.15748],[90.98064,25.15747],[90.98063,25.15756],[90.98073,25.15757],[90.98073,25.15766],[90.98083,25.15766],[90.98083,25.15757],[90.98093,25.15757],[90.98093,25.15766],[90.98103,25.15766],[90.98103,25.15775],[90.98083,25.15775],[90.98083,25.15784],[90.98073,25.15784],[90.98073,25.15793],[90.98083,25.15793],[90.98083,25.15802],[90.98033,25.15801],[90.98033,25.1581],[90.98043,25.1581],[90.98042,25.15828],[90.98052,25.15828],[90.98053,25.15819],[90.98062,25.1582],[90.98063,25.15811],[90.98073,25.15811],[90.98072,25.15829],[90.98062,25.15829],[90.98062,25.15838],[90.98072,25.15838],[90.98072,25.15847],[90.98062,25.15847],[90.98062,25.15856],[90.98032,25.15855],[90.98032,25.15846],[90.98003,25.15846],[90.98002,25.15855],[90.97992,25.15855],[90.97993,25.15828],[90.98003,25.15828],[90.98003,25.15837],[90.98032,25.15837],[90.98033,25.15819],[90.98023,25.15819],[90.98023,25.1581],[90.98013,25.1581],[90.98013,25.15801],[90.98023,25.15801],[90.98023,25.15792],[90.98003,25.15792],[90.98004,25.15765],[90.97984,25.15764],[90.97984,25.15782],[90.97964,25.15782],[90.97964,25.158],[90.97983,25.158],[90.97983,25.15819],[90.97973,25.15818],[90.97973,25.15827],[90.97983,25.15828],[90.97983,25.15837],[90.97973,25.15836],[90.97973,25.15845],[90.97963,25.15845],[90.97963,25.15854],[90.97953,25.15854]],[[90.97933,25.15836],[90.97943,25.15836],[90.97943,25.15818],[90.97934,25.15818],[90.97933,25.15836]],[[90.98033,25.15792],[90.98053,25.15792],[90.98054,25.15747],[90.98034,25.15747],[90.98034,25.15756],[90.98024,25.15756],[90.98023,25.15783],[90.98033,25.15783],[90.98033,25.15792]],[[90.97944,25.15773],[90.97954,25.15773],[90.97954,25.15764],[90.97964,25.15764],[90.97964,25.15755],[90.97954,25.15755],[90.97955,25.15737],[90.97945,25.15737],[90.97944,25.15773]],[[90.98063,25.15774],[90.98073,25.15775],[90.98073,25.15766],[90.98063,25.15765],[90.98063,25.15774]],[[90.97974,25.15764],[90.97984,25.15764],[90.97984,25.15755],[90.97994,25.15755],[90.97994,25.15737],[90.97984,25.15737],[90.97985,25.15728],[90.97975,25.15728],[90.97974,25.15746],[90.97964,25.15746],[90.97964,25.15755],[90.97974,25.15755],[90.97974,25.15764]],[[90.97905,25.15745],[90.97915,25.15745],[90.97915,25.15736],[90.97905,25.15736],[90.97905,25.15745]],[[90.97905,25.15727],[90.97915,25.15727],[90.97915,25.15709],[90.97906,25.15709],[90.97905,25.15727]],[[90.97925,25.15727],[90.97935,25.15728],[90.97935,25.15719],[90.97925,25.15718],[90.97925,25.15727]],[[90.97896,25.15691],[90.97906,25.15691],[90.97906,25.15682],[90.97896,25.15682],[90.97896,25.15691]]]},"properties":{"id":"wetland_patch_362027c1758a","date":"2026-07-12","area_km2":0.0181,"pixel_count":181,"classification":"OPEN_WATER","interpretation_label":"HH darkening candidate","mean_delta_db":-4.730755719032077,"median_delta_db":-4.494574546813965,"hh_before":-11.066486327029065,"hh_after":-15.797242046061141,"hv_before":-18.85667207623055,"hv_after":-20.658396117595018,"delta_hh":-4.730755719032077,"delta_hv":-1.8017240413644695,"valid_fraction":1.0,"valid_fraction_scope":"region bounding box, all four channels","vegetated_fraction":0.0,"quality_status":"PASS","spatial_status":"PARTIAL","temporal_status":"PARTIAL","temporal_overlap_fraction":0.0,"threshold_stability":"SENSITIVE","threshold_variation_fraction":0.2767527675276753,"evidence_state":"UNCERTAIN","centroid":[25.157680971653303,90.97982501719622],"data_source":"NISAR","evidence_method":"Rule consistency only; no accuracy estimate or independent reference validation.","baseline_method":"PER_PIXEL_MEDIAN","baseline_observation_count":2,"baseline_observation_dates":["2026-06-18","2026-06-30"],"baseline_hh_temporal_mad_db":1.0022087097167969,"baseline_scene_names":["NISAR_L2_PR_GCOV_023_069_A_014_4005_DHDH_A_20260618T232135_20260618T232210_P05023_N_F_J_001","NISAR_L2_PR_GCOV_024_069_A_014_4005_DHDH_A_20260630T232134_20260630T232209_P05023_N_F_J_001"],"contextual_land_cover":null,"distance_to_water_m":null,"context_status":"NOT_AVAILABLE","reference_validated":false}},{"type":"Feature","geometry":{"type":"Polygon","coordinates":[[[91.103,25.15945],[91.10301,25.15936],[91.1031,25.15936],[91.10311,25.15918],[91.10301,25.15918],[91.10301,25.15927],[91.10281,25.15927],[91.10281,25.15918],[91.10271,25.15918],[91.10271,25.15927],[91.10261,25.15927],[91.10261,25.15936],[91.10251,25.15936],[91.10251,25.15918],[91.10261,25.15918],[91.10261,25.15909],[91.10271,25.15909],[91.10271,25.159],[91.10251,25.159],[91.10252,25.15882],[91.10232,25.15881],[91.10232,25.15872],[91.10242,25.15872],[91.10242,25.15863],[91.10252,25.15864],[91.10252,25.15854],[91.10242,25.15854],[91.10243,25.15836],[91.10233,25.15836],[91.10233,25.15827],[91.10203,25.15827],[91.10203,25.15809],[91.10233,25.15809],[91.10233,25.15818],[91.10243,25.15818],[91.10243,25.15791],[91.10263,25.15791],[91.10263,25.158],[91.10273,25.15801],[91.10273,25.15792],[91.10283,25.15792],[91.10283,25.15783],[91.10293,25.15783],[91.10293,25.15792],[91.10323,25.15792],[91.10323,25.15783],[91.10313,25.15783],[91.10313,25.15774],[91.10323,25.15774],[91.10323,25.15765],[91.10343,25.15765],[91.10343,25.15756],[91.10353,25.15756],[91.10353,25.1572],[91.10373,25.15721],[91.10373,25.1573],[91.10363,25.1573],[91.10363,25.15748],[91.10373,25.15748],[91.10373,25.15766],[91.10383,25.15766],[91.10382,25.15775],[91.10372,25.15775],[91.10372,25.15784],[91.10362,25.15784],[91.10362,25.15793],[91.10372,25.15793],[91.10372,25.15802],[91.10382,25.15802],[91.10382,25.15793],[91.10392,25.15793],[91.10392,25.15802],[91.10412,25.15802],[91.10412,25.15811],[91.10431,25.15812],[91.10432,25.15794],[91.10452,25.15794],[91.10452,25.15785],[91.10442,25.15785],[91.10442,25.15776],[91.10412,25.15775],[91.10412,25.15766],[91.10422,25.15766],[91.10422,25.15757],[91.10412,25.15757],[91.10413,25.15748],[91.10403,25.15748],[91.10403,25.15739],[91.10393,25.15739],[91.10393,25.15748],[91.10383,25.15748],[91.10383,25.15721],[91.10393,25.15721],[91.10393,25.1573],[91.10413,25.1573],[91.10413,25.15739],[91.10452,25.1574],[91.10452,25.15758],[91.10432,25.15757],[91.10432,25.15767],[91.10452,25.15767],[91.10452,25.15776],[91.10472,25.15776],[91.10471,25.15785],[91.10491,25.15785],[91.10491,25.15794],[91.10511,25.15795],[91.10511,25.15777],[91.10501,25.15776],[91.10502,25.15767],[91.10511,25.15768],[91.10512,25.15731],[91.10492,25.15731],[91.10492,25.15722],[91.10502,25.15722],[91.10502,25.15704],[91.10493,25.15704],[91.10493,25.15695],[91.10532,25.15696],[91.10532,25.15714],[91.10542,25.15714],[91.10542,25.15732],[91.10552,25.15732],[91.10552,25.15714],[91.10562,25.15714],[91.10562,25.15705],[91.10552,25.15705],[91.10552,25.15696],[91.10562,25.15696],[91.10562,25.15687],[91.10552,25.15687],[91.10553,25.15678],[91.10543,25.15678],[91.10542,25.15687],[91.10533,25.15687],[91.10533,25.15678],[91.10523,25.15677],[91.10523,25.15668],[91.10513,25.15668],[91.10513,25.15677],[91.10493,25.15677],[91.10493,25.15668],[91.10503,25.15668],[91.10503,25.1565],[91.10523,25.1565],[91.10523,25.15659],[91.10533,25.15659],[91.10533,25.1565],[91.10553,25.15651],[91.10553,25.15642],[91.10533,25.15641],[91.10533,25.15632],[91.10553,25.15633],[91.10553,25.15624],[91.10543,25.15623],[91.10544,25.15614],[91.10563,25.15615],[91.10563,25.15633],[91.10573,25.15633],[91.10573,25.15642],[91.10563,25.15642],[91.10563,25.15651],[91.10573,25.15651],[91.10573,25.1566],[91.10583,25.1566],[91.10583,25.15624],[91.10593,25.15624],[91.10593,25.15615],[91.10583,25.15615],[91.10583,25.15606],[91.10593,25.15606],[91.10594,25.15588],[91.10584,25.15588],[91.10584,25.15579],[91.10564,25.15579],[91.10564,25.15552],[91.10574,25.15552],[91.10574,25.15543],[91.10594,25.15543],[91.10595,25.15525],[91.10604,25.15525],[91.10604,25.15552],[91.10594,25.15552],[91.10594,25.15561],[91.10604,25.15561],[91.10604,25.1557],[91.10594,25.1557],[91.10594,25.15579],[91.10604,25.15579],[91.10603,25.15606],[91.10613,25.15606],[91.10613,25.15597],[91.10623,25.15597],[91.10623,25.15579],[91.10614,25.15579],[91.10614,25.15561],[91.10624,25.15561],[91.10624,25.1557],[91.10634,25.1557],[91.10633,25.15589],[91.10643,25.15589],[91.10643,25.15598],[91.10653,25.15598],[91.10653,25.15589],[91.10663,25.15589],[91.10663,25.15598],[91.10673,25.15598],[91.10673,25.1558],[91.10683,25.1558],[91.10683,25.15589],[91.10703,25.15589],[91.10703,25.15598],[91.10722,25.15599],[91.10722,25.15608],[91.10742,25.15608],[91.10742,25.15617],[91.10772,25.15617],[91.10771,25.15635],[91.10791,25.15636],[91.10791,25.15645],[91.10801,25.15645],[91.10801,25.15654],[91.10791,25.15654],[91.10791,25.15663],[91.10781,25.15663],[91.10781,25.15672],[91.10761,25.15671],[91.1076,25.15698],[91.10751,25.15698],[91.1075,25.15707],[91.10741,25.15707],[91.10741,25.15698],[91.10731,25.15698],[91.10731,25.15707],[91.10721,25.15707],[91.10721,25.15716],[91.1075,25.15716],[91.1075,25.15725],[91.1073,25.15725],[91.1073,25.15734],[91.1072,25.15734],[91.1072,25.15725],[91.1071,25.15725],[91.10711,25.15716],[91.10701,25.15716],[91.10701,25.15725],[91.10691,25.15725],[91.10691,25.15734],[91.10681,25.15734],[91.1068,25.15743],[91.107,25.15743],[91.107,25.15752],[91.1071,25.15752],[91.1071,25.15761],[91.1072,25.15761],[91.1072,25.1577],[91.1068,25.1577],[91.1068,25.15779],[91.1067,25.15779],[91.1067,25.15788],[91.1066,25.15787],[91.1066,25.15778],[91.1063,25.15778],[91.1063,25.15787],[91.1062,25.15787],[91.1062,25.15778],[91.1061,25.15778],[91.1061,25.15787],[91.1059,25.15787],[91.1059,25.15805],[91.1056,25.15804],[91.1056,25.15813],[91.1054,25.15813],[91.10541,25.15804],[91.10511,25.15804],[91.10511,25.15813],[91.10501,25.15813],[91.10501,25.15803],[91.10471,25.15803],[91.10471,25.15812],[91.10461,25.15812],[91.10461,25.15821],[91.10451,25.15821],[91.10451,25.1583],[91.10441,25.1583],[91.10441,25.15821],[91.10421,25.15821],[91.10421,25.1583],[91.10431,25.1583],[91.10431,25.15839],[91.10411,25.15838],[91.10411,25.15875],[91.10401,25.15874],[91.10401,25.15865],[91.10371,25.15865],[91.10371,25.15883],[91.10381,25.15883],[91.10381,25.15874],[91.10391,25.15874],[91.10391,25.15883],[91.10401,25.15883],[91.104,25.15892],[91.1041,25.15893],[91.1041,25.1592],[91.1038,25.15919],[91.1038,25.15928],[91.1037,25.15928],[91.1037,25.15937],[91.1036,25.15937],[91.1036,25.15928],[91.1035,25.15928],[91.1035,25.15937],[91.1034,25.15937],[91.1034,25.15928],[91.10321,25.15928],[91.1032,25.15946],[91.103,25.15945]],[[91.10331,25.15919],[91.1034,25.15919],[91.10341,25.1591],[91.10351,25.1591],[91.1035,25.15919],[91.1036,25.15919],[91.1036,25.1591],[91.1037,25.1591],[91.10371,25.15892],[91.10351,25.15892],[91.10351,25.15883],[91.10361,25.15883],[91.10361,25.15865],[91.10351,25.15865],[91.10351,25.15874],[91.10331,25.15874],[91.10331,25.15865],[91.10341,25.15865],[91.10342,25.15838],[91.10332,25.15837],[91.10332,25.15855],[91.10322,25.15855],[91.10321,25.15864],[91.10312,25.15864],[91.10311,25.15873],[91.10302,25.15873],[91.10301,25.15882],[91.10321,25.15882],[91.10321,25.1591],[91.10331,25.1591],[91.10331,25.15919]],[[91.10301,25.15909],[91.10311,25.15909],[91.10311,25.159],[91.10301,25.159],[91.10301,25.15909]],[[91.1039,25.1591],[91.104,25.15911],[91.104,25.15902],[91.1039,25.15901],[91.1039,25.1591]],[[91.10271,25.15891],[91.10281,25.15891],[91.10282,25.15882],[91.10291,25.15882],[91.10292,25.15873],[91.10282,25.15873],[91.10282,25.15864],[91.10272,25.15864],[91.10272,25.15873],[91.10262,25.15873],[91.10262,25.15882],[91.10272,25.15882],[91.10271,25.15891]],[[91.10252,25.15873],[91.10262,25.15873],[91.10262,25.15864],[91.10252,25.15864],[91.10252,25.15873]],[[91.10262,25.15855],[91.10272,25.15855],[91.10272,25.15837],[91.10262,25.15837],[91.10262,25.15855]],[[91.10282,25.15855],[91.10302,25.15855],[91.10302,25.15846],[91.10282,25.15846],[91.10282,25.15855]],[[91.10381,25.15856],[91.10391,25.15856],[91.10391,25.15847],[91.10381,25.15847],[91.10381,25.15856]],[[91.10361,25.15847],[91.10371,25.15847],[91.10371,25.15838],[91.10362,25.15838],[91.10361,25.15847]],[[91.10352,25.15838],[91.10362,25.15838],[91.10362,25.15829],[91.10352,25.15829],[91.10352,25.15838]],[[91.10391,25.15838],[91.10401,25.15838],[91.10402,25.1582],[91.10392,25.1582],[91.10392,25.15811],[91.10382,25.15811],[91.10382,25.15829],[91.10391,25.15829],[91.10391,25.15838]],[[91.10292,25.15828],[91.10302,25.15828],[91.10302,25.15819],[91.10292,25.15819],[91.10292,25.15828]],[[91.10322,25.15828],[91.10352,25.15829],[91.10352,25.1582],[91.10342,25.1582],[91.10342,25.1581],[91.10332,25.1581],[91.10332,25.15819],[91.10322,25.15819],[91.10322,25.15828]],[[91.10302,25.15819],[91.10322,25.15819],[91.10322,25.1581],[91.10312,25.1581],[91.10313,25.15801],[91.10303,25.15801],[91.10302,25.15819]],[[91.10273,25.1581],[91.10293,25.1581],[91.10293,25.15801],[91.10273,25.15801],[91.10273,25.1581]],[[91.10551,25.15804],[91.1056,25.15804],[91.10561,25.15795],[91.10571,25.15795],[91.10571,25.15786],[91.10551,25.15786],[91.10551,25.15804]],[[91.10531,25.15795],[91.10541,25.15795],[91.10541,25.15786],[91.10531,25.15786],[91.10531,25.15795]],[[91.10333,25.15783],[91.10352,25.15784],[91.10353,25.15775],[91.10333,25.15774],[91.10333,25.15783]],[[91.10353,25.15775],[91.10363,25.15775],[91.10363,25.15766],[91.10353,25.15765],[91.10353,25.15775]],[[91.10561,25.15768],[91.10581,25.15768],[91.10581,25.15759],[91.10561,25.15759],[91.10561,25.15768]],[[91.10591,25.15769],[91.10601,25.15769],[91.10601,25.1576],[91.10611,25.1576],[91.10611,25.15742],[91.10641,25.15742],[91.10641,25.15751],[91.10631,25.15751],[91.10631,25.1576],[91.10641,25.1576],[91.1064,25.15769],[91.1065,25.15769],[91.1065,25.1576],[91.1067,25.15761],[91.10671,25.15742],[91.10661,25.15742],[91.10661,25.15733],[91.10651,25.15733],[91.10651,25.15724],[91.10621,25.15724],[91.10621,25.15733],[91.10601,25.15733],[91.10601,25.15742],[91.10591,25.15741],[91.10591,25.1575],[91.10581,25.1575],[91.10581,25.15759],[91.10591,25.1576],[91.10591,25.15769]],[[91.10541,25.15759],[91.10551,25.15759],[91.10551,25.1575],[91.10561,25.1575],[91.10561,25.15741],[91.10581,25.15741],[91.10581,25.15732],[91.10552,25.15732],[91.10552,25.15741],[91.10532,25.15741],[91.10532,25.1575],[91.10541,25.1575],[91.10541,25.15759]],[[91.10522,25.15741],[91.10532,25.15741],[91.10532,25.15732],[91.10522,25.15732],[91.10522,25.15741]],[[91.10581,25.15732],[91.10591,25.15732],[91.10591,25.15723],[91.10582,25.15723],[91.10581,25.15732]],[[91.10522,25.15723],[91.10532,25.15723],[91.10532,25.15714],[91.10522,25.15713],[91.10522,25.15723]],[[91.10512,25.15713],[91.10522,25.15713],[91.10522,25.15704],[91.10512,25.15704],[91.10512,25.15713]],[[91.10572,25.15714],[91.10592,25.15714],[91.10592,25.15705],[91.10572,25.15705],[91.10572,25.15714]],[[91.10631,25.15715],[91.10651,25.15715],[91.10651,25.15697],[91.10632,25.15697],[91.10631,25.15715]],[[91.10671,25.15715],[91.10691,25.15716],[91.10691,25.15707],[91.10671,25.15706],[91.10671,25.15715]],[[91.10691,25.15707],[91.10701,25.15707],[91.10701,25.15698],[91.10691,25.15698],[91.10691,25.15707]],[[91.10572,25.15696],[91.10582,25.15696],[91.10582,25.15687],[91.10572,25.15687],[91.10572,25.15696]],[[91.10651,25.15697],[91.10661,25.15697],[91.10661,25.15688],[91.10652,25.15688],[91.10651,25.15697]],[[91.10721,25.15698],[91.10731,25.15698],[91.10731,25.1568],[91.10701,25.1568],[91.10701,25.15689],[91.10721,25.15689],[91.10721,25.15698]],[[91.10562,25.15687],[91.10572,25.15687],[91.10572,25.15678],[91.10562,25.15678],[91.10562,25.15687]],[[91.10602,25.15687],[91.10612,25.15688],[91.10612,25.15679],[91.10622,25.15679],[91.10622,25.1567],[91.10642,25.1567],[91.10642,25.15688],[91.10652,25.15688],[91.10652,25.15661],[91.10642,25.15661],[91.10642,25.15652],[91.10662,25.15652],[91.10662,25.15661],[91.10672,25.15661],[91.10672,25.15652],[91.10682,25.15652],[91.10682,25.15643],[91.10702,25.15644],[91.10702,25.15626],[91.10692,25.15625],[91.10692,25.15616],[91.10682,25.15616],[91.10683,25.15607],[91.10673,25.15607],[91.10672,25.15634],[91.10662,25.15634],[91.10662,25.15625],[91.10643,25.15625],[91.10642,25.15643],[91.10622,25.15643],[91.10622,25.15661],[91.10612,25.1566],[91.10612,25.1567],[91.10592,25.15669],[91.10592,25.15678],[91.10602,25.15678],[91.10602,25.15687]],[[91.10671,25.15688],[91.10681,25.15688],[91.10681,25.15679],[91.10672,25.15679],[91.10671,25.15688]],[[91.10691,25.1568],[91.10701,25.1568],[91.10702,25.15662],[91.10711,25.15662],[91.10712,25.15653],[91.10682,25.15652],[91.10682,25.1567],[91.10691,25.15671],[91.10691,25.1568]],[[91.10751,25.15671],[91.10761,25.15671],[91.10761,25.15662],[91.10751,25.15662],[91.10751,25.15671]],[[91.10731,25.15662],[91.10741,25.15662],[91.10741,25.15653],[91.10731,25.15653],[91.10731,25.15662]],[[91.10761,25.15662],[91.10771,25.15663],[91.10771,25.15653],[91.10761,25.15653],[91.10761,25.15662]],[[91.10712,25.15653],[91.10731,25.15653],[91.10732,25.15635],[91.10722,25.15635],[91.10722,25.15644],[91.10712,25.15644],[91.10712,25.15653]],[[91.10593,25.15642],[91.10613,25.15642],[91.10613,25.15633],[91.10633,25.15634],[91.10633,25.15625],[91.10603,25.15624],[91.10603,25.15633],[91.10593,25.15633],[91.10593,25.15642]],[[91.10741,25.15644],[91.10751,25.15644],[91.10752,25.15635],[91.10742,25.15635],[91.10741,25.15644]],[[91.10702,25.15626],[91.10712,25.15626],[91.10712,25.15617],[91.10702,25.15616],[91.10702,25.15626]],[[91.10722,25.15626],[91.10732,25.15626],[91.10732,25.15617],[91.10722,25.15617],[91.10722,25.15626]],[[91.10623,25.15615],[91.10643,25.15616],[91.10643,25.15607],[91.10623,25.15606],[91.10623,25.15615]],[[91.10574,25.1557],[91.10584,25.1557],[91.10584,25.15561],[91.10574,25.15561],[91.10574,25.1557]]]},"properties":{"id":"wetland_patch_ddd647429fa7","date":"2026-07-12","area_km2":0.0624,"pixel_count":624,"classification":"OPEN_WATER","interpretation_label":"HH darkening candidate","mean_delta_db":-4.730926363896101,"median_delta_db":-4.3128509521484375,"hh_before":-15.16831309061784,"hh_after":-19.899239454513943,"hv_before":-23.93535272891705,"hv_after":-23.497853468625973,"delta_hh":-4.730926363896101,"delta_hv":0.4374992602910751,"valid_fraction":1.0,"valid_fraction_scope":"region bounding box, all four channels","vegetated_fraction":0.0,"quality_status":"PASS","spatial_status":"PARTIAL","temporal_status":"PARTIAL","temporal_overlap_fraction":0.0,"threshold_stability":"SENSITIVE","threshold_variation_fraction":0.27335907335907333,"evidence_state":"UNCERTAIN","centroid":[25.157480175652587,91.10511389507363],"data_source":"NISAR","evidence_method":"Rule consistency only; no accuracy estimate or independent reference validation.","baseline_method":"PER_PIXEL_MEDIAN","baseline_observation_count":2,"baseline_observation_dates":["2026-06-18","2026-06-30"],"baseline_hh_temporal_mad_db":1.0022087097167969,"baseline_scene_names":["NISAR_L2_PR_GCOV_023_069_A_014_4005_DHDH_A_20260618T232135_20260618T232210_P05023_N_F_J_001","NISAR_L2_PR_GCOV_024_069_A_014_4005_DHDH_A_20260630T232134_20260630T232209_P05023_N_F_J_001"],"contextual_land_cover":null,"distance_to_water_m":null,"context_status":"NOT_AVAILABLE","reference_validated":false}},{"type":"Feature","geometry":{"type":"Polygon","coordinates":[[[90.97848,25.156],[90.97848,25.15582],[90.97828,25.15582],[90.97828,25.15591],[90.97818,25.15591],[90.97819,25.15573],[90.97799,25.15572],[90.97799,25.15563],[90.97789,25.15563],[90.97789,25.15554],[90.97799,25.15554],[90.97799,25.15545],[90.97809,25.15545],[90.97809,25.15536],[90.97799,25.15536],[90.978,25.15518],[90.9781,25.15518],[90.97809,25.15527],[90.97829,25.15528],[90.97829,25.15519],[90.97839,25.15519],[90.9784,25.15492],[90.9785,25.15492],[90.9785,25.15474],[90.9783,25.15473],[90.9783,25.15464],[90.9785,25.15465],[90.9785,25.15456],[90.9786,25.15456],[90.9786,25.15483],[90.9787,25.15483],[90.97869,25.15501],[90.97859,25.15501],[90.97859,25.15519],[90.97849,25.15519],[90.97849,25.15537],[90.97859,25.15537],[90.97859,25.15546],[90.97839,25.15546],[90.97839,25.15555],[90.97888,25.15555],[90.97888,25.15582],[90.97858,25.15582],[90.97858,25.156],[90.97848,25.156]],[[90.97848,25.15573],[90.97878,25.15573],[90.97878,25.15564],[90.97848,25.15564],[90.97848,25.15573]],[[90.97809,25.15563],[90.97819,25.15563],[90.97819,25.15554],[90.97809,25.15554],[90.97809,25.15563]]]},"properties":{"id":"wetland_patch_ba3d9e77beb9","date":"2026-07-12","area_km2":0.0056,"pixel_count":56,"classification":"OPEN_WATER","interpretation_label":"HH darkening candidate","mean_delta_db":-4.916488366467612,"median_delta_db":-4.207860469818115,"hh_before":-9.695519600595746,"hh_after":-14.61200796706336,"hv_before":-17.74456533363887,"hv_after":-19.628702333995275,"delta_hh":-4.916488366467612,"delta_hv":-1.8841370003564017,"valid_fraction":1.0,"valid_fraction_scope":"region bounding box, all four channels","vegetated_fraction":0.0,"quality_status":"PASS","spatial_status":"PARTIAL","temporal_status":"PARTIAL","temporal_overlap_fraction":0.0,"threshold_stability":"STABLE","threshold_variation_fraction":0.15714285714285714,"evidence_state":"MODERATE","centroid":[25.15539930380681,90.97840176500857],"data_source":"NISAR","evidence_method":"Rule consistency only; no accuracy estimate or independent reference validation.","baseline_method":"PER_PIXEL_MEDIAN","baseline_observation_count":2,"baseline_observation_dates":["2026-06-18","2026-06-30"],"baseline_hh_temporal_mad_db":1.0022087097167969,"baseline_scene_names":["NISAR_L2_PR_GCOV_023_069_A_014_4005_DHDH_A_20260618T232135_20260618T232210_P05023_N_F_J_001","NISAR_L2_PR_GCOV_024_069_A_014_4005_DHDH_A_20260630T232134_20260630T232209_P05023_N_F_J_001"],"contextual_land_cover":null,"distance_to_water_m":null,"context_status":"NOT_AVAILABLE","reference_validated":false}},{"type":"Feature","geometry":{"type":"Polygon","coordinates":[[[90.98017,25.15566],[90.98017,25.15557],[90.97997,25.15557],[90.97998,25.15548],[90.98007,25.15548],[90.98008,25.15539],[90.98027,25.15539],[90.98028,25.1553],[90.98018,25.1553],[90.98018,25.15521],[90.98028,25.15521],[90.98028,25.15503],[90.98018,25.15503],[90.98018,25.15512],[90.98008,25.15512],[90.98008,25.15494],[90.97998,25.15494],[90.97999,25.15458],[90.97969,25.15457],[90.97969,25.15448],[90.97989,25.15448],[90.97989,25.15439],[90.97999,25.1544],[90.97999,25.15449],[90.98049,25.15449],[90.98049,25.1544],[90.98079,25.15441],[90.98078,25.1545],[90.98098,25.1545],[90.98098,25.15468],[90.98088,25.15468],[90.98088,25.15459],[90.98068,25.15459],[90.98069,25.1545],[90.98059,25.15449],[90.98058,25.15467],[90.98048,25.15467],[90.98048,25.15476],[90.98038,25.15476],[90.98038,25.15494],[90.98048,25.15494],[90.98048,25.15521],[90.98038,25.15521],[90.98037,25.15557],[90.98027,25.15557],[90.98027,25.15566],[90.98017,25.15566]],[[90.98008,25.15485],[90.98028,25.15485],[90.98028,25.15476],[90.98038,25.15476],[90.98039,25.15458],[90.98019,25.15458],[90.98019,25.15476],[90.98009,25.15476],[90.98008,25.15485]]]},"properties":{"id":"wetland_patch_62e441a39e85","date":"2026-07-12","area_km2":0.005,"pixel_count":50,"classification":"OPEN_WATER","interpretation_label":"HH darkening candidate","mean_delta_db":-5.243176145553589,"median_delta_db":-4.997862815856934,"hh_before":-9.729329233169556,"hh_after":-14.972505378723145,"hv_before":-17.76332160949707,"hv_after":-19.367767391204833,"delta_hh":-5.243176145553589,"delta_hv":-1.6044457817077638,"valid_fraction":1.0,"valid_fraction_scope":"region bounding box, all four channels","vegetated_fraction":0.0,"quality_status":"PASS","spatial_status":"PARTIAL","temporal_status":"PARTIAL","temporal_overlap_fraction":0.02,"threshold_stability":"STABLE","threshold_variation_fraction":0.17142857142857143,"evidence_state":"MODERATE","centroid":[25.15488192431488,90.98029230214364],"data_source":"NISAR","evidence_method":"Rule consistency only; no accuracy estimate or independent reference validation.","baseline_method":"PER_PIXEL_MEDIAN","baseline_observation_count":2,"baseline_observation_dates":["2026-06-18","2026-06-30"],"baseline_hh_temporal_mad_db":1.0022087097167969,"baseline_scene_names":["NISAR_L2_PR_GCOV_023_069_A_014_4005_DHDH_A_20260618T232135_20260618T232210_P05023_N_F_J_001","NISAR_L2_PR_GCOV_024_069_A_014_4005_DHDH_A_20260630T232134_20260630T232209_P05023_N_F_J_001"],"contextual_land_cover":null,"distance_to_water_m":null,"context_status":"NOT_AVAILABLE","reference_validated":false}},{"type":"Feature","geometry":{"type":"Polygon","coordinates":[[[90.97521,25.1555],[90.97522,25.15532],[90.97502,25.15532],[90.97502,25.15523],[90.97472,25.15523],[90.97473,25.15487],[90.97493,25.15487],[90.97492,25.15514],[90.97502,25.15514],[90.97502,25.15496],[90.97512,25.15496],[90.97513,25.15478],[90.97523,25.15478],[90.97523,25.15469],[90.97513,25.15469],[90.97513,25.15451],[90.97523,25.15451],[90.97523,25.15433],[90.97543,25.15433],[90.97543,25.15424],[90.97553,25.15424],[90.97553,25.15433],[90.97573,25.15434],[90.97573,25.15443],[90.97553,25.15443],[90.97553,25.15461],[90.97543,25.1546],[90.97543,25.15469],[90.97562,25.1547],[90.97562,25.15479],[90.97582,25.15479],[90.97582,25.15497],[90.97572,25.15497],[90.97572,25.15488],[90.97552,25.15488],[90.97552,25.15506],[90.97562,25.15506],[90.97562,25.15515],[90.97572,25.15515],[90.97571,25.15533],[90.97551,25.15533],[90.97552,25.15515],[90.97542,25.15515],[90.97542,25.15533],[90.97532,25.15532],[90.97531,25.15542],[90.97541,25.15542],[90.97541,25.15551],[90.97521,25.1555]],[[90.97522,25.15487],[90.97532,25.15487],[90.97532,25.15478],[90.97523,25.15478],[90.97522,25.15487]]]},"properties":{"id":"wetland_patch_33922a20c9dc","date":"2026-07-12","area_km2":0.0066,"pixel_count":66,"classification":"OPEN_WATER","interpretation_label":"HH darkening candidate","mean_delta_db":-5.139090617497762,"median_delta_db":-4.182699680328369,"hh_before":-10.325439619295524,"hh_after":-15.464530236793287,"hv_before":-17.996123891888242,"hv_after":-21.55795059782086,"delta_hh":-5.139090617497762,"delta_hv":-3.561826705932617,"valid_fraction":0.961038961038961,"valid_fraction_scope":"region bounding box, all four channels","vegetated_fraction":0.0,"quality_status":"PASS","spatial_status":"PARTIAL","temporal_status":"PARTIAL","temporal_overlap_fraction":0.0,"threshold_stability":"SENSITIVE","threshold_variation_fraction":0.2441860465116279,"evidence_state":"UNCERTAIN","centroid":[25.154918465659556,90.97530156646229],"data_source":"NISAR","evidence_method":"Rule consistency only; no accuracy estimate or independent reference validation.","baseline_method":"PER_PIXEL_MEDIAN","baseline_observation_count":2,"baseline_observation_dates":["2026-06-18","2026-06-30"],"baseline_hh_temporal_mad_db":1.0022087097167969,"baseline_scene_names":["NISAR_L2_PR_GCOV_023_069_A_014_4005_DHDH_A_20260618T232135_20260618T232210_P05023_N_F_J_001","NISAR_L2_PR_GCOV_024_069_A_014_4005_DHDH_A_20260630T232134_20260630T232209_P05023_N_F_J_001"],"contextual_land_cover":null,"distance_to_water_m":null,"context_status":"NOT_AVAILABLE","reference_validated":false}},{"type":"Feature","geometry":{"type":"Polygon","coordinates":[[[90.97641,25.15507],[90.97641,25.15498],[90.97631,25.15498],[90.97631,25.15489],[90.97622,25.15489],[90.97622,25.1548],[90.97602,25.15479],[90.97602,25.1547],[90.97622,25.15471],[90.97622,25.15452],[90.97612,25.15452],[90.97613,25.15434],[90.97632,25.15435],[90.97633,25.15426],[90.97642,25.15426],[90.97642,25.15435],[90.97652,25.15435],[90.97653,25.15417],[90.97662,25.15417],[90.97662,25.15426],[90.97682,25.15426],[90.97682,25.15417],[90.97692,25.15417],[90.97692,25.15426],[90.97722,25.15427],[90.97721,25.15472],[90.97711,25.15472],[90.97711,25.15463],[90.97682,25.15462],[90.97681,25.15498],[90.97671,25.15498],[90.97672,25.15453],[90.97662,25.15453],[90.97662,25.15444],[90.97652,25.15444],[90.97652,25.15453],[90.97642,25.15453],[90.97642,25.15462],[90.97632,25.15462],[90.97632,25.15471],[90.97642,25.15471],[90.97641,25.15489],[90.97651,25.15489],[90.97651,25.1548],[90.97661,25.1548],[90.97661,25.15498],[90.97651,25.15498],[90.97651,25.15507],[90.97641,25.15507]],[[90.97632,25.15453],[90.97642,25.15453],[90.97642,25.15444],[90.97632,25.15444],[90.97632,25.15453]],[[90.97662,25.15444],[90.97672,25.15444],[90.97672,25.15435],[90.97662,25.15435],[90.97662,25.15444]],[[90.97682,25.15444],[90.97712,25.15445],[90.97712,25.15436],[90.97682,25.15435],[90.97682,25.15444]]]},"properties":{"id":"wetland_patch_debd78840c52","date":"2026-07-12","area_km2":0.005,"pixel_count":50,"classification":"OPEN_WATER","interpretation_label":"HH darkening candidate","mean_delta_db":-4.811071701049805,"median_delta_db":-4.358847141265869,"hh_before":-9.997807950973511,"hh_after":-14.808879652023315,"hv_before":-18.546076164245605,"hv_after":-19.30148935317993,"delta_hh":-4.811071701049805,"delta_hv":-0.7554131889343262,"valid_fraction":1.0,"valid_fraction_scope":"region bounding box, all four channels","vegetated_fraction":0.0,"quality_status":"PASS","spatial_status":"PARTIAL","temporal_status":"PARTIAL","temporal_overlap_fraction":0.0,"threshold_stability":"SENSITIVE","threshold_variation_fraction":0.20634920634920634,"evidence_state":"UNCERTAIN","centroid":[25.154559421065706,90.97663973480908],"data_source":"NISAR","evidence_method":"Rule consistency only; no accuracy estimate or independent reference validation.","baseline_method":"PER_PIXEL_MEDIAN","baseline_observation_count":2,"baseline_observation_dates":["2026-06-18","2026-06-30"],"baseline_hh_temporal_mad_db":1.0022087097167969,"baseline_scene_names":["NISAR_L2_PR_GCOV_023_069_A_014_4005_DHDH_A_20260618T232135_20260618T232210_P05023_N_F_J_001","NISAR_L2_PR_GCOV_024_069_A_014_4005_DHDH_A_20260630T232134_20260630T232209_P05023_N_F_J_001"],"contextual_land_cover":null,"distance_to_water_m":null,"context_status":"NOT_AVAILABLE","reference_validated":false}},{"type":"Feature","geometry":{"type":"Polygon","coordinates":[[[91.10394,25.1564],[91.10395,25.15622],[91.10375,25.15621],[91.10375,25.15612],[91.10415,25.15613],[91.10415,25.15604],[91.10405,25.15604],[91.10405,25.15595],[91.10395,25.15595],[91.10395,25.15604],[91.10385,25.15603],[91.10385,25.15594],[91.10375,25.15594],[91.10375,25.15585],[91.10346,25.15585],[91.10346,25.15576],[91.10376,25.15576],[91.10376,25.15567],[91.10366,25.15567],[91.10366,25.15549],[91.10396,25.15549],[91.10396,25.1554],[91.10416,25.15541],[91.10416,25.1555],[91.10406,25.1555],[91.10405,25.15568],[91.10396,25.15567],[91.10395,25.15576],[91.10405,25.15577],[91.10405,25.15586],[91.10415,25.15586],[91.10415,25.15595],[91.10435,25.15595],[91.10435,25.15604],[91.10464,25.15604],[91.10465,25.15595],[91.10474,25.15596],[91.10474,25.15605],[91.10484,25.15605],[91.10484,25.15614],[91.10444,25.15613],[91.10444,25.15622],[91.10464,25.15622],[91.10464,25.15631],[91.10454,25.15631],[91.10454,25.1564],[91.10414,25.1564],[91.10414,25.15631],[91.10404,25.15631],[91.10404,25.1564],[91.10394,25.1564]],[[91.10424,25.15631],[91.10434,25.15631],[91.10434,25.15622],[91.10424,25.15622],[91.10424,25.15631]]]},"properties":{"id":"wetland_patch_78358a214b62","date":"2026-07-12","area_km2":0.0052,"pixel_count":52,"classification":"OPEN_WATER","interpretation_label":"HH darkening candidate","mean_delta_db":-4.449379370762752,"median_delta_db":-4.3112077713012695,"hh_before":-16.029213245098408,"hh_after":-20.47859261586116,"hv_before":-24.39452127309946,"hv_after":-24.091568763439472,"delta_hh":-4.449379370762752,"delta_hv":0.3029525096599872,"valid_fraction":1.0,"valid_fraction_scope":"region bounding box, all four channels","vegetated_fraction":0.0,"quality_status":"PASS","spatial_status":"PARTIAL","temporal_status":"PARTIAL","temporal_overlap_fraction":0.0,"threshold_stability":"SENSITIVE","threshold_variation_fraction":0.2692307692307692,"evidence_state":"UNCERTAIN","centroid":[25.155973056106895,91.10410493304711],"data_source":"NISAR","evidence_method":"Rule consistency only; no accuracy estimate or independent reference validation.","baseline_method":"PER_PIXEL_MEDIAN","baseline_observation_count":2,"baseline_observation_dates":["2026-06-18","2026-06-30"],"baseline_hh_temporal_mad_db":1.0022087097167969,"baseline_scene_names":["NISAR_L2_PR_GCOV_023_069_A_014_4005_DHDH_A_20260618T232135_20260618T232210_P05023_N_F_J_001","NISAR_L2_PR_GCOV_024_069_A_014_4005_DHDH_A_20260630T232134_20260630T232209_P05023_N_F_J_001"],"contextual_land_cover":null,"distance_to_water_m":null,"context_status":"NOT_AVAILABLE","reference_validated":false}},{"type":"Feature","geometry":{"type":"Polygon","coordinates":[[[91.10663,25.15571],[91.10664,25.15553],[91.10644,25.15553],[91.10644,25.15544],[91.10634,25.15543],[91.10634,25.15552],[91.10624,25.15552],[91.10624,25.15516],[91.10615,25.15516],[91.10615,25.15507],[91.10625,25.15507],[91.10625,25.15489],[91.10615,25.15489],[91.10615,25.1548],[91.10635,25.1548],[91.10635,25.15471],[91.10645,25.15471],[91.10645,25.15462],[91.10655,25.15462],[91.10655,25.15453],[91.10665,25.15454],[91.10665,25.15472],[91.10675,25.15472],[91.10675,25.15463],[91.10685,25.15463],[91.10684,25.15481],[91.10675,25.15481],[91.10674,25.1549],[91.10704,25.1549],[91.10704,25.15481],[91.10714,25.15481],[91.10715,25.15454],[91.10725,25.15454],[91.10725,25.15445],[91.10715,25.15445],[91.10715,25.15427],[91.10725,25.15427],[91.10725,25.15436],[91.10735,25.15436],[91.10735,25.15445],[91.10745,25.15446],[91.10745,25.15436],[91.10755,25.15437],[91.10755,25.1541],[91.10765,25.1541],[91.10765,25.15401],[91.10785,25.15401],[91.10785,25.1541],[91.10775,25.1541],[91.10775,25.15419],[91.10765,25.15419],[91.10765,25.15428],[91.10775,25.15428],[91.10774,25.15437],[91.10784,25.15437],[91.10784,25.15455],[91.10794,25.15455],[91.10794,25.15446],[91.10804,25.15446],[91.10805,25.1541],[91.10824,25.1541],[91.10825,25.15401],[91.10795,25.15401],[91.10795,25.15374],[91.10805,25.15374],[91.10805,25.15383],[91.10815,25.15383],[91.10815,25.15392],[91.10835,25.15392],[91.10834,25.1542],[91.10814,25.15419],[91.10814,25.15446],[91.10824,25.15447],[91.10824,25.15456],[91.10814,25.15455],[91.10814,25.15464],[91.10804,25.15464],[91.10804,25.15473],[91.10823,25.15474],[91.10823,25.15483],[91.10833,25.15483],[91.10833,25.15492],[91.10853,25.15492],[91.10853,25.15501],[91.10863,25.15501],[91.10862,25.15519],[91.10853,25.15519],[91.10853,25.1551],[91.10833,25.1551],[91.10833,25.15501],[91.10823,25.15501],[91.10823,25.1551],[91.10813,25.1551],[91.10813,25.15519],[91.10803,25.15518],[91.10803,25.15527],[91.10793,25.15527],[91.10793,25.15518],[91.10783,25.15518],[91.10783,25.15545],[91.10793,25.15545],[91.10792,25.15554],[91.10773,25.15554],[91.10773,25.15536],[91.10763,25.15536],[91.10763,25.15545],[91.10733,25.15545],[91.10733,25.15536],[91.10723,25.15536],[91.10723,25.15526],[91.10714,25.15526],[91.10713,25.15544],[91.10723,25.15545],[91.10723,25.15554],[91.10693,25.15553],[91.10693,25.15562],[91.10683,25.15562],[91.10683,25.15571],[91.10663,25.15571]],[[91.10654,25.15544],[91.10664,25.15544],[91.10664,25.15517],[91.10674,25.15517],[91.10674,25.15499],[91.10654,25.15499],[91.10655,25.15489],[91.10645,25.15489],[91.10645,25.15498],[91.10635,25.15498],[91.10634,25.15507],[91.10654,25.15508],[91.10654,25.15544]],[[91.10693,25.15544],[91.10703,25.15544],[91.10704,25.15526],[91.10694,25.15526],[91.10694,25.15517],[91.10684,25.15517],[91.10684,25.15535],[91.10694,25.15535],[91.10693,25.15544]],[[91.10634,25.15534],[91.10644,25.15534],[91.10644,25.15525],[91.10634,25.15525],[91.10634,25.15534]],[[91.10733,25.15536],[91.10743,25.15536],[91.10743,25.15527],[91.10733,25.15527],[91.10733,25.15536]],[[91.10763,25.15527],[91.10773,25.15527],[91.10773,25.15518],[91.10763,25.15518],[91.10763,25.15527]],[[91.10694,25.15517],[91.10704,25.15517],[91.10704,25.15499],[91.10694,25.15499],[91.10694,25.15517]],[[91.10734,25.15518],[91.10743,25.15518],[91.10744,25.15509],[91.10734,25.15509],[91.10734,25.15518]],[[91.10714,25.15508],[91.10724,25.15508],[91.10724,25.15499],[91.10714,25.15499],[91.10714,25.15508]],[[91.10753,25.15509],[91.10763,25.15509],[91.10764,25.15491],[91.10784,25.15491],[91.10784,25.15482],[91.10744,25.15482],[91.10744,25.15473],[91.10734,25.15472],[91.10734,25.155],[91.10754,25.155],[91.10753,25.15509]],[[91.10773,25.15509],[91.10793,25.15509],[91.10793,25.155],[91.10803,25.155],[91.10803,25.15491],[91.10784,25.15491],[91.10783,25.155],[91.10773,25.155],[91.10773,25.15509]],[[91.10813,25.15501],[91.10823,25.15501],[91.10823,25.15492],[91.10813,25.15492],[91.10813,25.15501]],[[91.10655,25.15489],[91.10665,25.1549],[91.10665,25.15481],[91.10655,25.1548],[91.10655,25.15489]],[[91.10754,25.15473],[91.10774,25.15473],[91.10774,25.15446],[91.10764,25.15446],[91.10764,25.15455],[91.10744,25.15455],[91.10744,25.15464],[91.10754,25.15464],[91.10754,25.15473]],[[91.10784,25.15473],[91.10794,25.15473],[91.10794,25.15464],[91.10784,25.15464],[91.10784,25.15473]]]},"properties":{"id":"wetland_patch_762c9ad9128a","date":"2026-07-12","area_km2":0.0179,"pixel_count":179,"classification":"OPEN_WATER","interpretation_label":"HH darkening candidate","mean_delta_db":-4.709398813087847,"median_delta_db":-4.358367919921875,"hh_before":-15.527534335685177,"hh_after":-20.236933148773023,"hv_before":-23.98829542192001,"hv_after":-24.27441947553411,"delta_hh":-4.709398813087847,"delta_hv":-0.2861240536140996,"valid_fraction":1.0,"valid_fraction_scope":"region bounding box, all four channels","vegetated_fraction":0.0,"quality_status":"PASS","spatial_status":"PARTIAL","temporal_status":"PARTIAL","temporal_overlap_fraction":0.0,"threshold_stability":"SENSITIVE","threshold_variation_fraction":0.2579505300353357,"evidence_state":"UNCERTAIN","centroid":[25.15490196910668,91.10735296569415],"data_source":"NISAR","evidence_method":"Rule consistency only; no accuracy estimate or independent reference validation.","baseline_method":"PER_PIXEL_MEDIAN","baseline_observation_count":2,"baseline_observation_dates":["2026-06-18","2026-06-30"],"baseline_hh_temporal_mad_db":1.0022087097167969,"baseline_scene_names":["NISAR_L2_PR_GCOV_023_069_A_014_4005_DHDH_A_20260618T232135_20260618T232210_P05023_N_F_J_001","NISAR_L2_PR_GCOV_024_069_A_014_4005_DHDH_A_20260630T232134_20260630T232209_P05023_N_F_J_001"],"contextual_land_cover":null,"distance_to_water_m":null,"context_status":"NOT_AVAILABLE","reference_validated":false}},{"type":"Feature","geometry":{"type":"Polygon","coordinates":[[[90.9707,25.15237],[90.9707,25.15228],[90.97051,25.15228],[90.97051,25.15219],[90.97041,25.15219],[90.97041,25.1521],[90.97031,25.1521],[90.97031,25.15201],[90.97021,25.15201],[90.97021,25.15191],[90.97002,25.15191],[90.97002,25.15182],[90.96992,25.15182],[90.96992,25.15173],[90.96982,25.15173],[90.96982,25.15164],[90.96972,25.15164],[90.96972,25.15155],[90.96963,25.15155],[90.96963,25.15146],[90.96943,25.15145],[90.96943,25.15136],[90.96933,25.15136],[90.96933,25.15127],[90.96923,25.15127],[90.96924,25.15118],[90.96904,25.15118],[90.96904,25.15109],[90.96894,25.15108],[90.96894,25.15099],[90.96884,25.15099],[90.96884,25.1509],[90.96864,25.1509],[90.96865,25.15081],[90.96815,25.1508],[90.96815,25.15071],[90.96776,25.15071],[90.96776,25.15062],[90.96736,25.15061],[90.96736,25.15052],[90.96756,25.15052],[90.96756,25.15043],[90.96766,25.15044],[90.96766,25.15035],[90.96756,25.15034],[90.96756,25.15025],[90.96747,25.15025],[90.96747,25.15016],[90.96776,25.15017],[90.96776,25.15026],[90.96786,25.15026],[90.96786,25.15035],[90.96796,25.15035],[90.96796,25.15017],[90.96786,25.15017],[90.96787,25.14999],[90.96777,25.14999],[90.96777,25.15008],[90.96737,25.15007],[90.96737,25.15016],[90.96727,25.15016],[90.96727,25.15034],[90.96717,25.15034],[90.96716,25.15052],[90.96706,25.15052],[90.96707,25.15043],[90.96667,25.15042],[90.96667,25.15033],[90.96637,25.15033],[90.96637,25.15024],[90.96608,25.15023],[90.96608,25.15014],[90.96618,25.15014],[90.96618,25.15005],[90.96628,25.15006],[90.96628,25.14997],[90.96638,25.14997],[90.96638,25.14988],[90.96648,25.14988],[90.96648,25.14979],[90.96658,25.14979],[90.96658,25.1497],[90.96668,25.1497],[90.96668,25.14997],[90.96707,25.14998],[90.96707,25.14989],[90.96737,25.14989],[90.96737,25.14998],[90.96747,25.14998],[90.96747,25.14989],[90.96797,25.1499],[90.96797,25.14981],[90.96767,25.1498],[90.96767,25.14971],[90.96757,25.14971],[90.96757,25.14962],[90.96767,25.14962],[90.96768,25.14953],[90.96777,25.14953],[90.96777,25.14962],[90.96797,25.14963],[90.96797,25.14972],[90.96807,25.14972],[90.96807,25.14963],[90.96827,25.14963],[90.96827,25.14945],[90.96807,25.14945],[90.96808,25.14936],[90.96827,25.14936],[90.96828,25.14918],[90.96838,25.14918],[90.96837,25.14936],[90.96847,25.14936],[90.96847,25.14918],[90.96867,25.14919],[90.96867,25.1491],[90.96887,25.1491],[90.96887,25.14901],[90.96897,25.14901],[90.96897,25.1491],[90.96907,25.1491],[90.96907,25.14901],[90.96917,25.14901],[90.96917,25.14919],[90.96907,25.14919],[90.96907,25.14937],[90.96917,25.14937],[90.96917,25.14928],[90.96927,25.14928],[90.96927,25.1491],[90.96937,25.1491],[90.96937,25.14901],[90.96967,25.14902],[90.96967,25.14911],[90.96977,25.14911],[90.96976,25.1492],[90.96996,25.1492],[90.96996,25.14911],[90.97006,25.14911],[90.97006,25.1492],[90.97046,25.14921],[90.97046,25.14903],[90.97056,25.14903],[90.97056,25.14921],[90.97076,25.14921],[90.97076,25.14912],[90.97066,25.14912],[90.97066,25.14894],[90.97076,25.14894],[90.97076,25.14903],[90.97086,25.14904],[90.97085,25.14922],[90.97095,25.14922],[90.97095,25.14931],[90.97105,25.14931],[90.97105,25.14949],[90.97125,25.14949],[90.97125,25.1494],[90.97115,25.1494],[90.97115,25.14931],[90.97145,25.14931],[90.97145,25.14922],[90.97155,25.14923],[90.97155,25.14941],[90.97164,25.14941],[90.97165,25.14932],[90.97204,25.14932],[90.97204,25.14923],[90.97214,25.14923],[90.97214,25.14959],[90.97273,25.1496],[90.97273,25.14951],[90.97303,25.14952],[90.97303,25.1497],[90.97313,25.1497],[90.97313,25.14979],[90.97323,25.14979],[90.97323,25.1497],[90.97333,25.1497],[90.97332,25.14988],[90.97322,25.14988],[90.97322,25.14997],[90.97332,25.14997],[90.97332,25.15006],[90.97322,25.15006],[90.97322,25.15015],[90.97342,25.15015],[90.97342,25.15024],[90.97332,25.15024],[90.97332,25.15033],[90.97351,25.15034],[90.97351,25.15043],[90.97331,25.15042],[90.97331,25.15051],[90.97321,25.15051],[90.97322,25.15033],[90.97312,25.15033],[90.97311,25.1506],[90.97351,25.15061],[90.97351,25.1507],[90.97341,25.15069],[90.97341,25.15079],[90.97331,25.15078],[90.97331,25.15069],[90.97321,25.15069],[90.97321,25.15078],[90.97311,25.15078],[90.97311,25.15087],[90.97301,25.15087],[90.97301,25.1506],[90.97282,25.1506],[90.97282,25.15051],[90.97262,25.1505],[90.97262,25.15068],[90.97252,25.15068],[90.97251,25.15077],[90.97271,25.15078],[90.97271,25.15114],[90.97281,25.15114],[90.97281,25.15105],[90.97291,25.15105],[90.97291,25.15096],[90.97301,25.15096],[90.97301,25.15105],[90.9732,25.15105],[90.9732,25.15114],[90.9733,25.15114],[90.97331,25.15087],[90.97341,25.15088],[90.9734,25.15106],[90.9736,25.15106],[90.9736,25.15133],[90.9737,25.15133],[90.97369,25.15142],[90.9736,25.15142],[90.97359,25.15151],[90.97369,25.15151],[90.97369,25.15169],[90.97379,25.15169],[90.97379,25.15151],[90.97399,25.15152],[90.97399,25.15161],[90.97389,25.1516],[90.97389,25.15169],[90.97409,25.1517],[90.97409,25.15161],[90.97419,25.15161],[90.97419,25.15134],[90.97449,25.15134],[90.97449,25.15152],[90.97468,25.15152],[90.97468,25.15162],[90.97458,25.15161],[90.97458,25.15179],[90.97468,25.1518],[90.97468,25.15198],[90.97458,25.15197],[90.97457,25.15216],[90.97428,25.15215],[90.97428,25.15224],[90.97408,25.15224],[90.97408,25.15206],[90.97388,25.15206],[90.97388,25.15197],[90.97378,25.15196],[90.97379,25.15187],[90.97389,25.15187],[90.97389,25.15178],[90.97369,25.15178],[90.97369,25.15196],[90.97359,25.15196],[90.97358,25.15205],[90.97349,25.15205],[90.97348,25.15214],[90.97338,25.15214],[90.97339,25.15205],[90.97329,25.15205],[90.97329,25.15214],[90.97319,25.15214],[90.97318,25.15232],[90.97289,25.15231],[90.97289,25.15222],[90.97299,25.15222],[90.97299,25.15213],[90.97289,25.15213],[90.97289,25.15195],[90.97259,25.15195],[90.9726,25.15186],[90.9725,25.15186],[90.97249,25.15213],[90.97239,25.15213],[90.97239,25.15204],[90.9723,25.15203],[90.97229,25.15212],[90.9721,25.15212],[90.9721,25.15203],[90.972,25.15203],[90.972,25.15212],[90.9718,25.15212],[90.9718,25.15203],[90.9719,25.15203],[90.9719,25.15194],[90.9721,25.15194],[90.9721,25.15185],[90.9722,25.15185],[90.9722,25.15176],[90.9723,25.15176],[90.9723,25.15167],[90.9721,25.15167],[90.9721,25.15158],[90.9723,25.15158],[90.97231,25.15131],[90.97211,25.15131],[90.97211,25.15122],[90.97231,25.15122],[90.97231,25.15113],[90.97261,25.15114],[90.97261,25.15105],[90.97231,25.15104],[90.97231,25.15095],[90.97221,25.15095],[90.97222,25.15086],[90.97232,25.15086],[90.97232,25.15077],[90.97222,25.15077],[90.97222,25.15068],[90.97232,25.15068],[90.97232,25.15032],[90.97222,25.15032],[90.97222,25.1505],[90.97202,25.1505],[90.97203,25.15041],[90.97212,25.15041],[90.97213,25.15023],[90.97203,25.15022],[90.97203,25.15004],[90.97193,25.15004],[90.97193,25.15013],[90.97183,25.15013],[90.97183,25.15004],[90.97163,25.15004],[90.97164,25.14995],[90.97154,25.14995],[90.97154,25.15004],[90.97134,25.15003],[90.97134,25.15012],[90.97124,25.15012],[90.97123,25.1503],[90.97113,25.1503],[90.97114,25.15021],[90.97104,25.15021],[90.97103,25.1503],[90.97094,25.1503],[90.97093,25.15039],[90.97113,25.15039],[90.97113,25.15057],[90.97123,25.15057],[90.97123,25.15067],[90.97133,25.15067],[90.97132,25.15085],[90.97142,25.15085],[90.97142,25.15094],[90.97132,25.15094],[90.97132,25.15121],[90.97152,25.15121],[90.97151,25.1513],[90.97132,25.1513],[90.97131,25.15139],[90.97161,25.15139],[90.97161,25.15148],[90.97151,25.15148],[90.97151,25.15157],[90.97121,25.15157],[90.97121,25.15166],[90.97111,25.15166],[90.97111,25.15157],[90.97082,25.15156],[90.97081,25.15183],[90.97121,25.15184],[90.97121,25.15193],[90.97131,25.15193],[90.9713,25.15202],[90.97111,25.15202],[90.9711,25.15211],[90.97101,25.15211],[90.971,25.1522],[90.9709,25.1522],[90.9709,25.15229],[90.971,25.15229],[90.971,25.15238],[90.9707,25.15237]],[[90.97071,25.1521],[90.97101,25.15211],[90.97101,25.15202],[90.97071,25.15201],[90.97071,25.1521]],[[90.97418,25.15206],[90.97428,25.15206],[90.97428,25.15188],[90.97418,25.15188],[90.97418,25.15206]],[[90.97031,25.15192],[90.97041,25.15192],[90.97041,25.15183],[90.97032,25.15183],[90.97031,25.15192]],[[90.9722,25.15194],[90.9724,25.15194],[90.9724,25.15185],[90.9722,25.15185],[90.9722,25.15194]],[[90.97289,25.15195],[90.97299,25.15195],[90.97299,25.15186],[90.97289,25.15186],[90.97289,25.15195]],[[90.97319,25.15196],[90.97339,25.15196],[90.97339,25.15187],[90.97319,25.15187],[90.97319,25.15196]],[[90.97438,25.15197],[90.97448,25.15197],[90.97448,25.15179],[90.97438,25.15179],[90.97438,25.15197]],[[90.97041,25.15183],[90.97051,25.15183],[90.97052,25.15165],[90.97042,25.15165],[90.97041,25.15183]],[[90.97002,25.15173],[90.97022,25.15173],[90.97022,25.15164],[90.97002,25.15164],[90.97002,25.15173]],[[90.9728,25.15177],[90.9729,25.15177],[90.9729,25.15168],[90.9728,25.15168],[90.9728,25.15177]],[[90.97418,25.15179],[90.97438,25.15179],[90.97438,25.1517],[90.97419,25.1517],[90.97418,25.15179]],[[90.9725,25.15168],[90.9726,25.15168],[90.9726,25.15159],[90.9725,25.15159],[90.9725,25.15168]],[[90.96992,25.15155],[90.97002,25.15155],[90.97002,25.15146],[90.96992,25.15146],[90.96992,25.15155]],[[90.9728,25.15159],[90.9729,25.15159],[90.9729,25.15132],[90.9728,25.15132],[90.9728,25.15123],[90.97271,25.15123],[90.9727,25.15141],[90.9728,25.15141],[90.9728,25.15159]],[[90.97439,25.15161],[90.97448,25.15161],[90.97449,25.15152],[90.97439,25.15152],[90.97439,25.15161]],[[90.9731,25.1515],[90.9732,25.1515],[90.9732,25.15141],[90.9731,25.15141],[90.9731,25.1515]],[[90.96943,25.15136],[90.96953,25.15136],[90.96953,25.15127],[90.96943,25.15127],[90.96943,25.15136]],[[90.96983,25.15137],[90.96993,25.15137],[90.96993,25.15128],[90.96983,25.15128],[90.96983,25.15137]],[[90.97241,25.1514],[90.9725,25.1514],[90.97251,25.15131],[90.97241,25.15131],[90.97241,25.1514]],[[90.973,25.15141],[90.9731,25.15141],[90.9731,25.15132],[90.973,25.15132],[90.973,25.15141]],[[90.96973,25.15128],[90.96983,25.15128],[90.96983,25.15119],[90.96973,25.15119],[90.96973,25.15128]],[[90.97052,25.15129],[90.97062,25.15129],[90.97062,25.1512],[90.97052,25.1512],[90.97052,25.15129]],[[90.96943,25.15109],[90.96953,25.15109],[90.96954,25.151],[90.96944,25.151],[90.96943,25.15109]],[[90.96983,25.1511],[90.96993,25.1511],[90.96993,25.15101],[90.96983,25.15101],[90.96983,25.1511]],[[90.97112,25.15111],[90.97122,25.15112],[90.97122,25.15103],[90.97112,25.15102],[90.97112,25.15111]],[[90.96954,25.151],[90.96973,25.15101],[90.96974,25.15092],[90.96983,25.15092],[90.96984,25.15083],[90.96974,25.15083],[90.96974,25.15064],[90.96964,25.15064],[90.96964,25.15055],[90.96954,25.15055],[90.96954,25.15046],[90.96945,25.15046],[90.96944,25.15073],[90.96964,25.15073],[90.96964,25.15091],[90.96954,25.15091],[90.96954,25.151]],[[90.97043,25.15102],[90.97053,25.15102],[90.97053,25.15084],[90.97043,25.15083],[90.97043,25.15102]],[[90.96815,25.15071],[90.96825,25.15071],[90.96825,25.15062],[90.96815,25.15062],[90.96815,25.15071]],[[90.96984,25.15074],[90.96994,25.15074],[90.96994,25.15065],[90.96984,25.15065],[90.96984,25.15074]],[[90.96825,25.15053],[90.96835,25.15054],[90.96835,25.15045],[90.96826,25.15044],[90.96825,25.15053]],[[90.96994,25.15056],[90.97004,25.15056],[90.97004,25.15047],[90.96994,25.15047],[90.96994,25.15056]],[[90.96974,25.15046],[90.96984,25.15047],[90.96984,25.15038],[90.96974,25.15037],[90.96974,25.15046]],[[90.97282,25.15051],[90.97302,25.15051],[90.97302,25.15042],[90.97292,25.15042],[90.97292,25.15033],[90.97282,25.15033],[90.97282,25.15051]],[[90.96855,25.15036],[90.96865,25.15036],[90.96866,25.15027],[90.96856,25.15027],[90.96855,25.15036]],[[90.96984,25.15038],[90.96994,25.15038],[90.96994,25.15029],[90.96985,25.15028],[90.96984,25.15038]],[[90.97024,25.15038],[90.97034,25.15038],[90.97034,25.15029],[90.97024,25.15029],[90.97024,25.15038]],[[90.96647,25.15024],[90.96657,25.15024],[90.96657,25.15015],[90.96648,25.15015],[90.96647,25.15024]],[[90.96816,25.15026],[90.96846,25.15027],[90.96846,25.15018],[90.96816,25.15017],[90.96816,25.15026]],[[90.97064,25.1503],[90.97074,25.1503],[90.97074,25.15021],[90.97064,25.15021],[90.97064,25.1503]],[[90.97252,25.15032],[90.97262,25.15032],[90.97262,25.15023],[90.97252,25.15023],[90.97252,25.15032]],[[90.97292,25.15033],[90.97302,25.15033],[90.97302,25.15024],[90.97292,25.15024],[90.97292,25.15033]],[[90.97213,25.15023],[90.97242,25.15023],[90.97243,25.15014],[90.97253,25.15014],[90.97253,25.14996],[90.97243,25.14996],[90.97243,25.15005],[90.97233,25.15005],[90.97233,25.15014],[90.97213,25.15014],[90.97213,25.15023]],[[90.97282,25.15024],[90.97292,25.15024],[90.97292,25.15015],[90.97282,25.15015],[90.97282,25.15024]],[[90.96806,25.15008],[90.96816,25.15008],[90.96816,25.14999],[90.96806,25.14999],[90.96806,25.15008]],[[90.96866,25.15009],[90.96876,25.15009],[90.96876,25.15],[90.96866,25.15],[90.96866,25.15009]],[[90.96896,25.15009],[90.96915,25.15009],[90.96916,25.15],[90.96896,25.15],[90.96896,25.15009]],[[90.96955,25.1501],[90.96965,25.1501],[90.96965,25.14992],[90.96955,25.14992],[90.96956,25.14983],[90.96946,25.14983],[90.96946,25.14974],[90.96956,25.14974],[90.96956,25.14965],[90.96946,25.14965],[90.96946,25.14947],[90.96907,25.14946],[90.96906,25.14955],[90.96926,25.14955],[90.96926,25.14965],[90.96936,25.14965],[90.96936,25.14983],[90.96926,25.14983],[90.96925,25.15001],[90.96955,25.15001],[90.96955,25.1501]],[[90.97084,25.15012],[90.97094,25.15012],[90.97094,25.15003],[90.97084,25.15003],[90.97084,25.15012]],[[90.97292,25.15015],[90.97302,25.15015],[90.97302,25.15006],[90.97312,25.15006],[90.97312,25.14988],[90.97303,25.14988],[90.97302,25.14997],[90.97292,25.14997],[90.97293,25.14988],[90.97283,25.14987],[90.97282,25.15005],[90.97292,25.15006],[90.97292,25.15015]],[[90.96648,25.14997],[90.96658,25.14997],[90.96658,25.14988],[90.96648,25.14988],[90.96648,25.14997]],[[90.97054,25.15002],[90.97064,25.15003],[90.97064,25.14993],[90.97055,25.14993],[90.97054,25.15002]],[[90.96866,25.14991],[90.96876,25.14991],[90.96876,25.14982],[90.96886,25.14982],[90.96886,25.14973],[90.96896,25.14973],[90.96896,25.14955],[90.96887,25.14955],[90.96887,25.14937],[90.96877,25.14937],[90.96877,25.14955],[90.96857,25.14955],[90.96857,25.14964],[90.96847,25.14963],[90.96847,25.14972],[90.96866,25.14973],[90.96866,25.14991]],[[90.96985,25.14992],[90.97005,25.14993],[90.97005,25.14984],[90.96985,25.14983],[90.96985,25.14992]],[[90.97144,25.14995],[90.97154,25.14995],[90.97154,25.14986],[90.97144,25.14986],[90.97144,25.14995]],[[90.97193,25.14995],[90.97203,25.14995],[90.97203,25.14986],[90.97193,25.14986],[90.97193,25.14995]],[[90.97253,25.14996],[90.97273,25.14996],[90.97273,25.14978],[90.97263,25.14978],[90.97263,25.14969],[90.97243,25.14969],[90.97243,25.14978],[90.97253,25.14978],[90.97253,25.14996]],[[90.96896,25.14982],[90.96926,25.14983],[90.96926,25.14974],[90.96896,25.14973],[90.96896,25.14982]],[[90.96965,25.14983],[90.96975,25.14983],[90.96975,25.14974],[90.96966,25.14974],[90.96965,25.14983]],[[90.97134,25.14985],[90.97144,25.14986],[90.97144,25.14977],[90.97134,25.14976],[90.97134,25.14985]],[[90.97203,25.14986],[90.97213,25.14986],[90.97213,25.14977],[90.97204,25.14977],[90.97203,25.14986]],[[90.96975,25.14974],[90.96985,25.14974],[90.96986,25.14965],[90.96976,25.14965],[90.96975,25.14974]],[[90.97045,25.14975],[90.97065,25.14975],[90.97065,25.14966],[90.97055,25.14966],[90.97055,25.14957],[90.97045,25.14957],[90.97045,25.14939],[90.97036,25.14939],[90.97036,25.1493],[90.97026,25.1493],[90.97026,25.14939],[90.97016,25.14939],[90.97016,25.14948],[90.97035,25.14948],[90.97035,25.14966],[90.97045,25.14966],[90.97045,25.14975]],[[90.96956,25.14965],[90.96976,25.14965],[90.96976,25.14956],[90.96966,25.14956],[90.96966,25.14947],[90.96956,25.14947],[90.96956,25.14965]],[[90.97085,25.14958],[90.97095,25.14958],[90.97095,25.14949],[90.97085,25.14949],[90.97085,25.14958]],[[90.97144,25.14958],[90.97154,25.14959],[90.97154,25.1495],[90.97144,25.14949],[90.97144,25.14958]],[[90.97135,25.14949],[90.97144,25.14949],[90.97145,25.1494],[90.97135,25.1494],[90.97135,25.14949]],[[90.97194,25.1495],[90.97204,25.1495],[90.97204,25.14941],[90.97194,25.14941],[90.97194,25.1495]],[[90.96857,25.14936],[90.96867,25.14937],[90.96867,25.14928],[90.96857,25.14927],[90.96857,25.14936]],[[90.96927,25.14937],[90.96946,25.14938],[90.96946,25.14929],[90.96927,25.14928],[90.96927,25.14937]],[[90.97075,25.14939],[90.97085,25.1494],[90.97085,25.14931],[90.97075,25.1493],[90.97075,25.14939]],[[90.96947,25.1492],[90.96957,25.1492],[90.96957,25.14911],[90.96947,25.14911],[90.96947,25.1492]]]},"properties":{"id":"wetland_patch_8f1dcb7d436a","date":"2026-07-12","area_km2":0.1239,"pixel_count":1239,"classification":"OPEN_WATER","interpretation_label":"HH darkening candidate","mean_delta_db":-5.937460819302883,"median_delta_db":-5.587338447570801,"hh_before":-10.799123323762291,"hh_after":-16.736584143065176,"hv_before":-18.65692598575349,"hv_after":-21.694174445570237,"delta_hh":-5.937460819302883,"delta_hv":-3.0372484598167486,"valid_fraction":0.7912885662431942,"valid_fraction_scope":"region bounding box, all four channels","vegetated_fraction":0.0,"quality_status":"PARTIAL","spatial_status":"PARTIAL","temporal_status":"PARTIAL","temporal_overlap_fraction":0.1275221953188055,"threshold_stability":"STABLE","threshold_variation_fraction":0.16010498687664043,"evidence_state":"UNCERTAIN","centroid":[25.150565024954794,90.97062301128348],"data_source":"NISAR","evidence_method":"Rule consistency only; no accuracy estimate or independent reference validation.","baseline_method":"PER_PIXEL_MEDIAN","baseline_observation_count":2,"baseline_observation_dates":["2026-06-18","2026-06-30"],"baseline_hh_temporal_mad_db":1.0022087097167969,"baseline_scene_names":["NISAR_L2_PR_GCOV_023_069_A_014_4005_DHDH_A_20260618T232135_20260618T232210_P05023_N_F_J_001","NISAR_L2_PR_GCOV_024_069_A_014_4005_DHDH_A_20260630T232134_20260630T232209_P05023_N_F_J_001"],"contextual_land_cover":null,"distance_to_water_m":null,"context_status":"NOT_AVAILABLE","reference_validated":false}},{"type":"Feature","geometry":{"type":"Polygon","coordinates":[[[91.11073,25.15377],[91.11073,25.15368],[91.11063,25.15368],[91.11063,25.15359],[91.11093,25.1536],[91.11093,25.15351],[91.11054,25.1535],[91.11054,25.15341],[91.11073,25.15341],[91.11074,25.15332],[91.11064,25.15332],[91.11064,25.15323],[91.11054,25.15323],[91.11054,25.15314],[91.11064,25.15314],[91.11064,25.15305],[91.11084,25.15305],[91.11084,25.15296],[91.11104,25.15297],[91.11104,25.15306],[91.11114,25.15306],[91.11114,25.15279],[91.11144,25.15279],[91.11144,25.1527],[91.11154,25.1527],[91.11154,25.15261],[91.11164,25.15261],[91.11164,25.15279],[91.11154,25.15279],[91.11154,25.15288],[91.11124,25.15288],[91.11124,25.15297],[91.11173,25.15298],[91.11173,25.15316],[91.11163,25.15315],[91.11163,25.15333],[91.11153,25.15333],[91.11153,25.15324],[91.11143,25.15324],[91.11143,25.15315],[91.11133,25.15315],[91.11133,25.15333],[91.11123,25.15333],[91.11123,25.15324],[91.11104,25.15324],[91.11104,25.15315],[91.11094,25.15315],[91.11093,25.15342],[91.11133,25.15342],[91.11133,25.15351],[91.11123,25.15351],[91.11123,25.1536],[91.11103,25.1536],[91.11103,25.15369],[91.11093,25.15369],[91.11093,25.15378],[91.11073,25.15377]],[[91.11074,25.15323],[91.11084,25.15323],[91.11084,25.15314],[91.11074,25.15314],[91.11074,25.15323]]]},"properties":{"id":"wetland_patch_00cbe2c69caf","date":"2026-07-12","area_km2":0.0059,"pixel_count":59,"classification":"OPEN_WATER","interpretation_label":"HH darkening candidate","mean_delta_db":-5.178241131669384,"median_delta_db":-4.671710968017578,"hh_before":-14.495715011984615,"hh_after":-19.673956143654,"hv_before":-24.023262832124356,"hv_after":-24.421255079366393,"delta_hh":-5.178241131669384,"delta_hv":-0.3979922472420385,"valid_fraction":1.0,"valid_fraction_scope":"region bounding box, all four channels","vegetated_fraction":0.0,"quality_status":"PASS","spatial_status":"PARTIAL","temporal_status":"PARTIAL","temporal_overlap_fraction":0.05084745762711865,"threshold_stability":"SENSITIVE","threshold_variation_fraction":0.25882352941176473,"evidence_state":"UNCERTAIN","centroid":[25.15321590284021,91.11112023230183],"data_source":"NISAR","evidence_method":"Rule consistency only; no accuracy estimate or independent reference validation.","baseline_method":"PER_PIXEL_MEDIAN","baseline_observation_count":2,"baseline_observation_dates":["2026-06-18","2026-06-30"],"baseline_hh_temporal_mad_db":1.0022087097167969,"baseline_scene_names":["NISAR_L2_PR_GCOV_023_069_A_014_4005_DHDH_A_20260618T232135_20260618T232210_P05023_N_F_J_001","NISAR_L2_PR_GCOV_024_069_A_014_4005_DHDH_A_20260630T232134_20260630T232209_P05023_N_F_J_001"],"contextual_land_cover":null,"distance_to_water_m":null,"context_status":"NOT_AVAILABLE","reference_validated":false}},{"type":"Feature","geometry":{"type":"Polygon","coordinates":[[[90.96598,25.15014],[90.96599,25.14978],[90.96608,25.14978],[90.96609,25.14969],[90.96599,25.14969],[90.96599,25.14942],[90.96609,25.14942],[90.96609,25.14933],[90.96589,25.14933],[90.9659,25.14924],[90.96599,25.14924],[90.966,25.14888],[90.9664,25.14888],[90.9664,25.14897],[90.96669,25.14898],[90.96669,25.14907],[90.96679,25.14907],[90.96679,25.14916],[90.96649,25.14916],[90.96649,25.14925],[90.96639,25.14924],[90.96639,25.14915],[90.96629,25.14915],[90.96629,25.14933],[90.96649,25.14934],[90.96649,25.14952],[90.96639,25.14952],[90.96638,25.1497],[90.96619,25.14969],[90.96618,25.14978],[90.96628,25.14978],[90.96628,25.14997],[90.96608,25.14996],[90.96608,25.15014],[90.96598,25.15014]],[[90.96609,25.14933],[90.96619,25.14933],[90.96619,25.14915],[90.9661,25.14915],[90.96609,25.14933]],[[90.9661,25.14906],[90.9662,25.14906],[90.9662,25.14897],[90.9661,25.14897],[90.9661,25.14906]]]},"properties":{"id":"wetland_patch_2b5f48f1189d","date":"2026-07-12","area_km2":0.005,"pixel_count":50,"classification":"OPEN_WATER","interpretation_label":"HH darkening candidate","mean_delta_db":-4.328717441558838,"median_delta_db":-4.257678985595703,"hh_before":-13.562762470245362,"hh_after":-17.8914799118042,"hv_before":-20.421254959106445,"hv_after":-22.177963790893553,"delta_hh":-4.328717441558838,"delta_hv":-1.7567088317871093,"valid_fraction":1.0,"valid_fraction_scope":"region bounding box, all four channels","vegetated_fraction":0.0,"quality_status":"PASS","spatial_status":"PARTIAL","temporal_status":"PASS","temporal_overlap_fraction":0.92,"threshold_stability":"SENSITIVE","threshold_variation_fraction":0.2948717948717949,"evidence_state":"MODERATE","centroid":[25.14937790305632,90.96624003223458],"data_source":"NISAR","evidence_method":"Rule consistency only; no accuracy estimate or independent reference validation.","baseline_method":"PER_PIXEL_MEDIAN","baseline_observation_count":2,"baseline_observation_dates":["2026-06-18","2026-06-30"],"baseline_hh_temporal_mad_db":1.0022087097167969,"baseline_scene_names":["NISAR_L2_PR_GCOV_023_069_A_014_4005_DHDH_A_20260618T232135_20260618T232210_P05023_N_F_J_001","NISAR_L2_PR_GCOV_024_069_A_014_4005_DHDH_A_20260630T232134_20260630T232209_P05023_N_F_J_001"],"contextual_land_cover":null,"distance_to_water_m":null,"context_status":"NOT_AVAILABLE","reference_validated":false}},{"type":"Feature","geometry":{"type":"Polygon","coordinates":[[[91.11188,25.15009],[91.11188,25.14982],[91.11198,25.14982],[91.11198,25.14973],[91.11208,25.14973],[91.11208,25.14964],[91.11228,25.14964],[91.11228,25.14937],[91.11219,25.14937],[91.11219,25.1491],[91.11229,25.1491],[91.11229,25.14928],[91.11239,25.14928],[91.11238,25.14955],[91.11248,25.14955],[91.11248,25.14946],[91.11258,25.14947],[91.11259,25.1491],[91.11269,25.14911],[91.11268,25.14929],[91.11288,25.14929],[91.11288,25.14938],[91.11298,25.14938],[91.11298,25.14929],[91.11308,25.14929],[91.11308,25.14938],[91.11328,25.14938],[91.11327,25.14965],[91.11357,25.14966],[91.11357,25.14984],[91.11347,25.14984],[91.11347,25.15002],[91.11317,25.15001],[91.11317,25.14974],[91.11307,25.14974],[91.11307,25.14983],[91.11297,25.14983],[91.11297,25.15001],[91.11257,25.15001],[91.11257,25.1501],[91.11247,25.1501],[91.11247,25.14992],[91.11208,25.14991],[91.11208,25.15009],[91.11188,25.15009]],[[91.11257,25.14992],[91.11277,25.14992],[91.11277,25.14983],[91.11258,25.14983],[91.11257,25.14992]],[[91.11218,25.14982],[91.11228,25.14982],[91.11228,25.14973],[91.11218,25.14973],[91.11218,25.14982]],[[91.11228,25.14973],[91.11238,25.14973],[91.11238,25.14964],[91.11228,25.14964],[91.11228,25.14973]],[[91.11248,25.14973],[91.11278,25.14974],[91.11278,25.14956],[91.11258,25.14956],[91.11258,25.14965],[91.11248,25.14964],[91.11248,25.14973]],[[91.11297,25.14965],[91.11307,25.14965],[91.11308,25.14947],[91.11298,25.14947],[91.11297,25.14965]],[[91.11278,25.14947],[91.11288,25.14947],[91.11288,25.14938],[91.11278,25.14938],[91.11278,25.14947]]]},"properties":{"id":"wetland_patch_86e71c02bec3","date":"2026-07-12","area_km2":0.0082,"pixel_count":82,"classification":"OPEN_WATER","interpretation_label":"HH darkening candidate","mean_delta_db":-4.783675030964177,"median_delta_db":-4.487586975097656,"hh_before":-15.403075450804176,"hh_after":-20.186750481768353,"hv_before":-24.360270988650438,"hv_after":-24.101989932176544,"delta_hh":-4.783675030964177,"delta_hv":0.2582810564738948,"valid_fraction":1.0,"valid_fraction_scope":"region bounding box, all four channels","vegetated_fraction":0.0,"quality_status":"PASS","spatial_status":"PARTIAL","temporal_status":"PARTIAL","temporal_overlap_fraction":0.0,"threshold_stability":"SENSITIVE","threshold_variation_fraction":0.29245283018867924,"evidence_state":"UNCERTAIN","centroid":[25.1496816286941,91.11272872548945],"data_source":"NISAR","evidence_method":"Rule consistency only; no accuracy estimate or independent reference validation.","baseline_method":"PER_PIXEL_MEDIAN","baseline_observation_count":2,"baseline_observation_dates":["2026-06-18","2026-06-30"],"baseline_hh_temporal_mad_db":1.0022087097167969,"baseline_scene_names":["NISAR_L2_PR_GCOV_023_069_A_014_4005_DHDH_A_20260618T232135_20260618T232210_P05023_N_F_J_001","NISAR_L2_PR_GCOV_024_069_A_014_4005_DHDH_A_20260630T232134_20260630T232209_P05023_N_F_J_001"],"contextual_land_cover":null,"distance_to_water_m":null,"context_status":"NOT_AVAILABLE","reference_validated":false}},{"type":"Feature","geometry":{"type":"Polygon","coordinates":[[[91.10682,25.14993],[91.10683,25.14939],[91.10673,25.14939],[91.10673,25.14957],[91.10663,25.14957],[91.10663,25.14939],[91.10653,25.14939],[91.10653,25.1493],[91.10683,25.1493],[91.10683,25.14921],[91.10693,25.14921],[91.10693,25.14903],[91.10683,25.14903],[91.10683,25.14912],[91.10664,25.14912],[91.10664,25.14903],[91.10654,25.14903],[91.10654,25.14894],[91.10644,25.14894],[91.10644,25.14885],[91.10664,25.14885],[91.10664,25.14876],[91.10674,25.14876],[91.10674,25.14885],[91.10684,25.14885],[91.10684,25.14858],[91.10674,25.14858],[91.10674,25.14849],[91.10694,25.14849],[91.10694,25.1484],[91.10714,25.1484],[91.10714,25.14831],[91.10724,25.14831],[91.10724,25.14822],[91.10734,25.14822],[91.10734,25.14831],[91.10764,25.14832],[91.10764,25.14841],[91.10774,25.14841],[91.10774,25.1485],[91.10783,25.1485],[91.10783,25.14859],[91.10803,25.14859],[91.10803,25.14868],[91.10823,25.14869],[91.10823,25.14878],[91.10833,25.14878],[91.10832,25.14896],[91.10842,25.14896],[91.10842,25.14914],[91.10832,25.14914],[91.10832,25.14905],[91.10802,25.14905],[91.10802,25.14914],[91.10773,25.14913],[91.10772,25.14922],[91.10782,25.14922],[91.10782,25.1494],[91.10802,25.14941],[91.10802,25.14932],[91.10822,25.14932],[91.10822,25.14941],[91.10812,25.14941],[91.10812,25.1495],[91.10802,25.1495],[91.10802,25.14959],[91.10792,25.14959],[91.10792,25.1495],[91.10772,25.14949],[91.10772,25.1494],[91.10762,25.1494],[91.10762,25.14949],[91.10752,25.14949],[91.10752,25.1494],[91.10733,25.1494],[91.10732,25.14949],[91.10742,25.14949],[91.10742,25.14958],[91.10722,25.14958],[91.10722,25.14976],[91.10712,25.14976],[91.10712,25.14958],[91.10693,25.14957],[91.10692,25.14993],[91.10682,25.14993]],[[91.10693,25.14948],[91.10722,25.14949],[91.10723,25.1494],[91.10733,25.1494],[91.10733,25.14931],[91.10743,25.14931],[91.10743,25.14922],[91.10713,25.14921],[91.10713,25.14931],[91.10693,25.1493],[91.10693,25.14948]],[[91.10752,25.14931],[91.10762,25.14931],[91.10763,25.14922],[91.10753,25.14922],[91.10752,25.14931]],[[91.10763,25.14913],[91.10773,25.14913],[91.10773,25.14904],[91.10763,25.14904],[91.10763,25.14913]],[[91.10703,25.14894],[91.10713,25.14894],[91.10714,25.14876],[91.10704,25.14876],[91.10703,25.14894]],[[91.10733,25.14895],[91.10743,25.14895],[91.10743,25.14877],[91.10733,25.14877],[91.10733,25.14895]],[[91.10773,25.14895],[91.10783,25.14895],[91.10783,25.14886],[91.10773,25.14886],[91.10773,25.14895]],[[91.10803,25.14896],[91.10813,25.14896],[91.10813,25.14887],[91.10803,25.14887],[91.10803,25.14896]],[[91.10783,25.14886],[91.10793,25.14886],[91.10793,25.14877],[91.10783,25.14877],[91.10783,25.14886]],[[91.10714,25.14876],[91.10724,25.14876],[91.10724,25.14858],[91.10714,25.14858],[91.10714,25.14876]],[[91.10744,25.14868],[91.10753,25.14868],[91.10754,25.14859],[91.10764,25.14859],[91.10764,25.1485],[91.10744,25.1485],[91.10744,25.14868]]]},"properties":{"id":"wetland_patch_9a240319a6d0","date":"2026-07-12","area_km2":0.0153,"pixel_count":153,"classification":"OPEN_WATER","interpretation_label":"HH darkening candidate","mean_delta_db":-4.971285829357073,"median_delta_db":-4.469690322875977,"hh_before":-15.240788350697436,"hh_after":-20.212074180054508,"hv_before":-24.120658936843373,"hv_after":-23.93107012206433,"delta_hh":-4.971285829357073,"delta_hv":0.18958881477904477,"valid_fraction":0.9078947368421053,"valid_fraction_scope":"region bounding box, all four channels","vegetated_fraction":0.0,"quality_status":"PASS","spatial_status":"PARTIAL","temporal_status":"PARTIAL","temporal_overlap_fraction":0.0,"threshold_stability":"SENSITIVE","threshold_variation_fraction":0.20918367346938777,"evidence_state":"UNCERTAIN","centroid":[25.14897600157001,91.10738772258603],"data_source":"NISAR","evidence_method":"Rule consistency only; no accuracy estimate or independent reference validation.","baseline_method":"PER_PIXEL_MEDIAN","baseline_observation_count":2,"baseline_observation_dates":["2026-06-18","2026-06-30"],"baseline_hh_temporal_mad_db":1.0022087097167969,"baseline_scene_names":["NISAR_L2_PR_GCOV_023_069_A_014_4005_DHDH_A_20260618T232135_20260618T232210_P05023_N_F_J_001","NISAR_L2_PR_GCOV_024_069_A_014_4005_DHDH_A_20260630T232134_20260630T232209_P05023_N_F_J_001"],"contextual_land_cover":null,"distance_to_water_m":null,"context_status":"NOT_AVAILABLE","reference_validated":false}},{"type":"Feature","geometry":{"type":"Polygon","coordinates":[[[91.10565,25.14865],[91.10565,25.14856],[91.10555,25.14856],[91.10555,25.14847],[91.10545,25.14847],[91.10546,25.14838],[91.10565,25.14838],[91.10566,25.14829],[91.10585,25.1483],[91.10586,25.14821],[91.10566,25.1482],[91.10566,25.14811],[91.10546,25.14811],[91.10546,25.14802],[91.10536,25.14802],[91.10536,25.14793],[91.10526,25.14793],[91.10527,25.14784],[91.10517,25.14784],[91.10517,25.14793],[91.10497,25.14792],[91.10497,25.14783],[91.10507,25.14783],[91.10507,25.14765],[91.10497,25.14765],[91.10497,25.14747],[91.10468,25.14747],[91.10468,25.14756],[91.10477,25.14756],[91.10477,25.14765],[91.10458,25.14765],[91.10457,25.14774],[91.10447,25.14774],[91.10448,25.14747],[91.10418,25.14746],[91.10418,25.14737],[91.10448,25.14738],[91.10448,25.14729],[91.10438,25.14728],[91.10438,25.14719],[91.10428,25.14719],[91.10429,25.1471],[91.10448,25.1471],[91.10449,25.14692],[91.10429,25.14692],[91.10429,25.14683],[91.10399,25.14683],[91.10399,25.14674],[91.10389,25.14674],[91.1039,25.14665],[91.1037,25.14664],[91.1037,25.14637],[91.1039,25.14638],[91.1039,25.14647],[91.1043,25.14647],[91.1043,25.14638],[91.1042,25.14638],[91.1042,25.14629],[91.1041,25.14629],[91.1041,25.14611],[91.1042,25.14611],[91.1042,25.1462],[91.1043,25.1462],[91.1043,25.14602],[91.1041,25.14602],[91.10411,25.14593],[91.10381,25.14592],[91.10381,25.14583],[91.10401,25.14583],[91.10401,25.14565],[91.10391,25.14565],[91.10391,25.14556],[91.10371,25.14556],[91.10371,25.14565],[91.10361,25.14565],[91.10361,25.14574],[91.10351,25.14574],[91.10351,25.14565],[91.10342,25.14565],[91.10341,25.14574],[91.10322,25.14573],[91.10322,25.14564],[91.10332,25.14565],[91.10332,25.14556],[91.10362,25.14556],[91.10362,25.14547],[91.10372,25.14547],[91.10372,25.14529],[91.10382,25.14529],[91.10382,25.14511],[91.10392,25.14511],[91.10392,25.14484],[91.10402,25.14484],[91.10403,25.14466],[91.10413,25.14466],[91.10412,25.14484],[91.10422,25.14484],[91.10422,25.14475],[91.10432,25.14476],[91.10432,25.14467],[91.10452,25.14467],[91.10453,25.1444],[91.10443,25.1444],[91.10443,25.14422],[91.10453,25.14422],[91.10453,25.14431],[91.10463,25.14431],[91.10463,25.14404],[91.10473,25.14404],[91.10473,25.14413],[91.10483,25.14413],[91.10483,25.14404],[91.10493,25.14404],[91.10493,25.14395],[91.10473,25.14395],[91.10473,25.14386],[91.10493,25.14386],[91.10493,25.14377],[91.10503,25.14377],[91.10503,25.14395],[91.10513,25.14395],[91.10513,25.14386],[91.10523,25.14386],[91.10523,25.14404],[91.10513,25.14404],[91.10512,25.14422],[91.10522,25.14423],[91.10522,25.14459],[91.10532,25.14459],[91.10532,25.14468],[91.10522,25.14468],[91.10521,25.14504],[91.10541,25.14504],[91.10541,25.14495],[91.10561,25.14495],[91.10561,25.14504],[91.10551,25.14504],[91.10551,25.14522],[91.1056,25.14522],[91.1056,25.1454],[91.1055,25.1454],[91.1055,25.14549],[91.1056,25.14549],[91.10559,25.14586],[91.10569,25.14586],[91.10569,25.14613],[91.10559,25.14613],[91.10559,25.14604],[91.10549,25.14603],[91.1055,25.14585],[91.1054,25.14585],[91.10539,25.14621],[91.10529,25.14621],[91.10529,25.1463],[91.10539,25.1463],[91.10538,25.14666],[91.10528,25.14666],[91.10528,25.14675],[91.10538,25.14676],[91.10538,25.14694],[91.10528,25.14693],[91.10528,25.14711],[91.10548,25.14712],[91.10548,25.14694],[91.10558,25.14694],[91.10558,25.14676],[91.10568,25.14676],[91.10568,25.14685],[91.10578,25.14685],[91.10577,25.14712],[91.10558,25.14712],[91.10557,25.14721],[91.10577,25.14721],[91.10577,25.1473],[91.10587,25.1473],[91.10587,25.14739],[91.10577,25.14739],[91.10577,25.14748],[91.10567,25.14748],[91.10567,25.14739],[91.10557,25.14739],[91.10557,25.1473],[91.10547,25.1473],[91.10547,25.14739],[91.10537,25.14739],[91.10537,25.14757],[91.10547,25.14757],[91.10547,25.14766],[91.10557,25.14766],[91.10557,25.14775],[91.10547,25.14775],[91.10546,25.14793],[91.10576,25.14793],[91.10576,25.14802],[91.10586,25.14803],[91.10586,25.14812],[91.10596,25.14812],[91.10595,25.14821],[91.10605,25.14821],[91.10605,25.1483],[91.10615,25.1483],[91.10615,25.14848],[91.10625,25.14848],[91.10625,25.14857],[91.10585,25.14857],[91.10585,25.14866],[91.10565,25.14865]],[[91.10575,25.14857],[91.10585,25.14857],[91.10585,25.14848],[91.10575,25.14848],[91.10575,25.14857]],[[91.10585,25.14839],[91.10595,25.14839],[91.10595,25.1483],[91.10585,25.1483],[91.10585,25.14839]],[[91.10517,25.14775],[91.10527,25.14775],[91.10527,25.14766],[91.10537,25.14766],[91.10537,25.14757],[91.10527,25.14757],[91.10527,25.14739],[91.10517,25.14738],[91.10517,25.14747],[91.10507,25.14747],[91.10507,25.14756],[91.10517,25.14756],[91.10517,25.14775]],[[91.10458,25.14747],[91.10468,25.14747],[91.10468,25.14738],[91.10458,25.14738],[91.10458,25.14747]],[[91.10498,25.1472],[91.10518,25.1472],[91.10518,25.14711],[91.10508,25.14711],[91.10508,25.14693],[91.10498,25.14693],[91.10498,25.1472]],[[91.10468,25.14702],[91.10478,25.14702],[91.10478,25.14693],[91.10469,25.14693],[91.10468,25.14702]],[[91.10449,25.14692],[91.10469,25.14693],[91.10469,25.14684],[91.10449,25.14683],[91.10449,25.14692]],[[91.10478,25.14693],[91.10488,25.14693],[91.10489,25.14684],[91.10479,25.14684],[91.10478,25.14693]],[[91.10439,25.14683],[91.10449,25.14683],[91.10449,25.14674],[91.10459,25.14674],[91.10459,25.14665],[91.10469,25.14666],[91.10469,25.14648],[91.10439,25.14647],[91.10439,25.14665],[91.10419,25.14665],[91.10419,25.14674],[91.10439,25.14674],[91.10439,25.14683]],[[91.10498,25.14684],[91.10508,25.14684],[91.10508,25.14675],[91.10499,25.14675],[91.10498,25.14684]],[[91.10399,25.14674],[91.10409,25.14674],[91.10409,25.14665],[91.104,25.14665],[91.10399,25.14674]],[[91.10489,25.14666],[91.10509,25.14666],[91.10509,25.14657],[91.10489,25.14657],[91.10489,25.14666]],[[91.1038,25.14655],[91.1039,25.14656],[91.1039,25.14647],[91.1038,25.14646],[91.1038,25.14655]],[[91.1045,25.14638],[91.10459,25.14638],[91.1046,25.14629],[91.1045,25.14629],[91.1045,25.14638]],[[91.1045,25.1462],[91.1047,25.1462],[91.1047,25.14602],[91.1046,25.14602],[91.1046,25.14611],[91.1045,25.14611],[91.1045,25.1462]],[[91.1048,25.14612],[91.1049,25.14612],[91.1049,25.14603],[91.1048,25.14603],[91.1048,25.14612]],[[91.1044,25.14602],[91.1045,25.14602],[91.1045,25.14584],[91.1044,25.14584],[91.1044,25.14602]],[[91.1042,25.14593],[91.1043,25.14593],[91.10431,25.14584],[91.1044,25.14584],[91.10441,25.14575],[91.10451,25.14575],[91.10451,25.14566],[91.10441,25.14566],[91.10441,25.14557],[91.10431,25.14557],[91.10431,25.14566],[91.10411,25.14566],[91.10411,25.14584],[91.10421,25.14584],[91.1042,25.14593]],[[91.105,25.14594],[91.1051,25.14594],[91.1051,25.14585],[91.105,25.14585],[91.105,25.14594]],[[91.1046,25.14584],[91.1047,25.14584],[91.1047,25.14575],[91.1046,25.14575],[91.1046,25.14584]],[[91.1049,25.14585],[91.105,25.14585],[91.105,25.14576],[91.1049,25.14576],[91.1049,25.14585]],[[91.1048,25.14575],[91.1049,25.14576],[91.1049,25.14567],[91.1048,25.14566],[91.1048,25.14575]],[[91.1051,25.14576],[91.1052,25.14576],[91.1052,25.14567],[91.1051,25.14567],[91.1051,25.14576]],[[91.1054,25.14576],[91.1055,25.14576],[91.1055,25.14567],[91.1054,25.14567],[91.1054,25.14576]],[[91.105,25.14567],[91.1051,25.14567],[91.10511,25.1454],[91.10501,25.1454],[91.10501,25.14522],[91.10491,25.14521],[91.1049,25.14558],[91.105,25.14558],[91.105,25.14567]],[[91.10391,25.14556],[91.10421,25.14557],[91.10421,25.14548],[91.10451,25.14548],[91.10451,25.14539],[91.10441,25.14539],[91.10442,25.14512],[91.10461,25.14512],[91.10462,25.14503],[91.10432,25.14503],[91.10432,25.14494],[91.10422,25.14493],[91.10422,25.14512],[91.10412,25.14511],[91.10411,25.14538],[91.10392,25.14538],[91.10391,25.14556]],[[91.1053,25.14558],[91.1054,25.14558],[91.1054,25.14549],[91.1053,25.14549],[91.1053,25.14558]],[[91.10451,25.14539],[91.10461,25.14539],[91.10461,25.1453],[91.10451,25.1453],[91.10451,25.14539]],[[91.10461,25.1453],[91.10471,25.1453],[91.10471,25.14521],[91.10461,25.14521],[91.10461,25.1453]],[[91.10531,25.14531],[91.1054,25.14531],[91.10541,25.14522],[91.10531,25.14522],[91.10531,25.14531]],[[91.10481,25.14521],[91.10491,25.14521],[91.10491,25.14512],[91.10481,25.14512],[91.10481,25.14521]],[[91.10491,25.14512],[91.10501,25.14513],[91.10501,25.14494],[91.10491,25.14494],[91.10491,25.14512]],[[91.10402,25.14502],[91.10412,25.14502],[91.10412,25.14493],[91.10402,25.14493],[91.10402,25.14502]],[[91.10432,25.14494],[91.10452,25.14494],[91.10452,25.14485],[91.10432,25.14485],[91.10432,25.14494]],[[91.10462,25.14494],[91.10472,25.14494],[91.10472,25.14485],[91.10462,25.14485],[91.10462,25.14494]],[[91.10472,25.14485],[91.10482,25.14485],[91.10482,25.14476],[91.10472,25.14476],[91.10472,25.14485]],[[91.10492,25.1444],[91.10502,25.1444],[91.10502,25.14431],[91.10492,25.14431],[91.10492,25.1444]],[[91.10473,25.14431],[91.10482,25.14431],[91.10483,25.14422],[91.10473,25.14422],[91.10473,25.14431]],[[91.10483,25.14422],[91.10493,25.14422],[91.10493,25.14413],[91.10483,25.14413],[91.10483,25.14422]]]},"properties":{"id":"wetland_patch_e38bb0caf127","date":"2026-07-12","area_km2":0.0474,"pixel_count":474,"classification":"OPEN_WATER","interpretation_label":"HH darkening candidate","mean_delta_db":-5.137009926486116,"median_delta_db":-4.863450050354004,"hh_before":-14.275839501795387,"hh_after":-19.412849428281504,"hv_before":-23.129968091908385,"hv_after":-23.42128456292776,"delta_hh":-5.137009926486116,"delta_hv":-0.2913164710193747,"valid_fraction":1.0,"valid_fraction_scope":"region bounding box, all four channels","vegetated_fraction":0.0,"quality_status":"PASS","spatial_status":"PARTIAL","temporal_status":"PARTIAL","temporal_overlap_fraction":0.0,"threshold_stability":"SENSITIVE","threshold_variation_fraction":0.22937853107344633,"evidence_state":"UNCERTAIN","centroid":[25.146105412243937,91.10487443598299],"data_source":"NISAR","evidence_method":"Rule consistency only; no accuracy estimate or independent reference validation.","baseline_method":"PER_PIXEL_MEDIAN","baseline_observation_count":2,"baseline_observation_dates":["2026-06-18","2026-06-30"],"baseline_hh_temporal_mad_db":1.0022087097167969,"baseline_scene_names":["NISAR_L2_PR_GCOV_023_069_A_014_4005_DHDH_A_20260618T232135_20260618T232210_P05023_N_F_J_001","NISAR_L2_PR_GCOV_024_069_A_014_4005_DHDH_A_20260630T232134_20260630T232209_P05023_N_F_J_001"],"contextual_land_cover":null,"distance_to_water_m":null,"context_status":"NOT_AVAILABLE","reference_validated":false}},{"type":"Feature","geometry":{"type":"Polygon","coordinates":[[[91.11329,25.14857],[91.11329,25.14839],[91.11339,25.14839],[91.11339,25.1483],[91.11329,25.1483],[91.1133,25.14803],[91.1131,25.14803],[91.1131,25.14794],[91.113,25.14794],[91.113,25.14776],[91.1131,25.14776],[91.1131,25.14785],[91.1133,25.14785],[91.1133,25.14776],[91.1132,25.14776],[91.11321,25.14758],[91.1137,25.14758],[91.1137,25.14749],[91.11331,25.14749],[91.11331,25.1474],[91.11341,25.1474],[91.11341,25.14713],[91.11351,25.14713],[91.11351,25.14704],[91.11381,25.14704],[91.11381,25.14722],[91.1139,25.14722],[91.1139,25.14732],[91.1141,25.14732],[91.1141,25.14759],[91.1142,25.14759],[91.1142,25.14768],[91.1141,25.14768],[91.11409,25.14777],[91.11419,25.14777],[91.11419,25.14804],[91.11409,25.14804],[91.11408,25.1484],[91.11379,25.1484],[91.11379,25.14849],[91.11369,25.14849],[91.11369,25.1484],[91.11359,25.14839],[91.11359,25.1483],[91.11349,25.1483],[91.11349,25.14857],[91.11329,25.14857]],[[91.11359,25.1483],[91.11369,25.14831],[91.11369,25.14822],[91.11359,25.14821],[91.11359,25.1483]],[[91.11359,25.14812],[91.11369,25.14813],[91.11369,25.14803],[91.11359,25.14803],[91.11359,25.14812]],[[91.11369,25.14803],[91.11379,25.14804],[91.11379,25.14795],[91.1137,25.14794],[91.11369,25.14803]],[[91.1134,25.14785],[91.1135,25.14785],[91.1135,25.14776],[91.1138,25.14777],[91.1138,25.14768],[91.1134,25.14767],[91.1134,25.14785]],[[91.1138,25.14768],[91.114,25.14768],[91.114,25.14759],[91.1139,25.14759],[91.1139,25.1475],[91.1138,25.14749],[91.1138,25.14768]],[[91.1139,25.1475],[91.114,25.1475],[91.114,25.14741],[91.1139,25.14741],[91.1139,25.1475]],[[91.11351,25.1474],[91.1136,25.1474],[91.11361,25.14722],[91.11351,25.14722],[91.11351,25.1474]],[[91.1137,25.1474],[91.1138,25.1474],[91.11381,25.14722],[91.11371,25.14722],[91.1137,25.1474]]]},"properties":{"id":"wetland_patch_2f01c444d75a","date":"2026-07-12","area_km2":0.0102,"pixel_count":102,"classification":"OPEN_WATER","interpretation_label":"HH darkening candidate","mean_delta_db":-5.171549469816918,"median_delta_db":-4.905133247375488,"hh_before":-13.987312101850323,"hh_after":-19.15886157166724,"hv_before":-23.33136125639373,"hv_after":-23.343145791222067,"delta_hh":-5.171549469816918,"delta_hv":-0.01178453482833563,"valid_fraction":0.8725490196078431,"valid_fraction_scope":"region bounding box, all four channels","vegetated_fraction":0.0,"quality_status":"PASS","spatial_status":"PASS","temporal_status":"PARTIAL","temporal_overlap_fraction":0.0,"threshold_stability":"STABLE","threshold_variation_fraction":0.16806722689075632,"evidence_state":"MODERATE","centroid":[25.147844226044725,91.11367152991153],"data_source":"NISAR","evidence_method":"Rule consistency only; no accuracy estimate or independent reference validation.","baseline_method":"PER_PIXEL_MEDIAN","baseline_observation_count":2,"baseline_observation_dates":["2026-06-18","2026-06-30"],"baseline_hh_temporal_mad_db":1.0022087097167969,"baseline_scene_names":["NISAR_L2_PR_GCOV_023_069_A_014_4005_DHDH_A_20260618T232135_20260618T232210_P05023_N_F_J_001","NISAR_L2_PR_GCOV_024_069_A_014_4005_DHDH_A_20260630T232134_20260630T232209_P05023_N_F_J_001"],"contextual_land_cover":null,"distance_to_water_m":null,"context_status":"NOT_AVAILABLE","reference_validated":false}},{"type":"Feature","geometry":{"type":"Polygon","coordinates":[[[91.10308,25.1479],[91.10309,25.14772],[91.10319,25.14772],[91.10319,25.14763],[91.10309,25.14763],[91.10309,25.14754],[91.10299,25.14754],[91.10299,25.14745],[91.10289,25.14745],[91.10289,25.14781],[91.10279,25.14781],[91.10279,25.14762],[91.10269,25.14762],[91.10269,25.14753],[91.10259,25.14753],[91.10259,25.14744],[91.1023,25.14744],[91.1023,25.14735],[91.1021,25.14734],[91.1021,25.14725],[91.102,25.14725],[91.10201,25.14707],[91.1021,25.14707],[91.1021,25.14716],[91.1022,25.14717],[91.1022,25.14726],[91.1023,25.14726],[91.1023,25.14717],[91.1024,25.14717],[91.1024,25.14726],[91.1025,25.14726],[91.1025,25.14708],[91.1026,25.14708],[91.1026,25.14717],[91.1027,25.14717],[91.1027,25.14708],[91.1029,25.14708],[91.1029,25.1469],[91.1031,25.14691],[91.1031,25.14682],[91.1029,25.14681],[91.1029,25.14672],[91.103,25.14672],[91.103,25.14663],[91.1029,25.14663],[91.10291,25.14654],[91.10281,25.14654],[91.10281,25.14618],[91.10291,25.14618],[91.10291,25.14636],[91.10301,25.14636],[91.10301,25.14645],[91.1033,25.14646],[91.1033,25.14664],[91.1034,25.14664],[91.1034,25.14682],[91.1035,25.14682],[91.1035,25.14673],[91.1036,25.14673],[91.10359,25.147],[91.10369,25.147],[91.10369,25.14718],[91.10359,25.14718],[91.10359,25.14709],[91.10339,25.14709],[91.10339,25.14736],[91.10319,25.14736],[91.10319,25.14745],[91.10329,25.14745],[91.10329,25.14754],[91.10349,25.14754],[91.10348,25.14781],[91.10358,25.14782],[91.10358,25.14791],[91.10308,25.1479]],[[91.1027,25.14735],[91.10289,25.14736],[91.10289,25.14726],[91.10299,25.14727],[91.103,25.14718],[91.10309,25.14718],[91.1031,25.147],[91.103,25.147],[91.103,25.14709],[91.1029,25.14708],[91.1029,25.14717],[91.1028,25.14717],[91.1028,25.14726],[91.1027,25.14726],[91.1027,25.14735]],[[91.10299,25.14736],[91.10309,25.14736],[91.10309,25.14727],[91.10299,25.14727],[91.10299,25.14736]],[[91.1032,25.14673],[91.1033,25.14673],[91.1033,25.14664],[91.1032,25.14664],[91.1032,25.14673]]]},"properties":{"id":"wetland_patch_9a077d304160","date":"2026-07-12","area_km2":0.0104,"pixel_count":104,"classification":"OPEN_WATER","interpretation_label":"HH darkening candidate","mean_delta_db":-4.700545421013465,"median_delta_db":-4.293525695800781,"hh_before":-15.1016981785114,"hh_after":-19.802243599524864,"hv_before":-24.378022872484646,"hv_after":-23.942925930023193,"delta_hh":-4.700545421013465,"delta_hv":0.435096942461454,"valid_fraction":1.0,"valid_fraction_scope":"region bounding box, all four channels","vegetated_fraction":0.0,"quality_status":"PASS","spatial_status":"PARTIAL","temporal_status":"PARTIAL","temporal_overlap_fraction":0.0,"threshold_stability":"SENSITIVE","threshold_variation_fraction":0.2611464968152866,"evidence_state":"UNCERTAIN","centroid":[25.147166825954347,91.10303178762676],"data_source":"NISAR","evidence_method":"Rule consistency only; no accuracy estimate or independent reference validation.","baseline_method":"PER_PIXEL_MEDIAN","baseline_observation_count":2,"baseline_observation_dates":["2026-06-18","2026-06-30"],"baseline_hh_temporal_mad_db":1.0022087097167969,"baseline_scene_names":["NISAR_L2_PR_GCOV_023_069_A_014_4005_DHDH_A_20260618T232135_20260618T232210_P05023_N_F_J_001","NISAR_L2_PR_GCOV_024_069_A_014_4005_DHDH_A_20260630T232134_20260630T232209_P05023_N_F_J_001"],"contextual_land_cover":null,"distance_to_water_m":null,"context_status":"NOT_AVAILABLE","reference_validated":false}},{"type":"Feature","geometry":{"type":"Polygon","coordinates":[[[91.10695,25.14777],[91.10695,25.14768],[91.10686,25.14768],[91.10686,25.14759],[91.10676,25.14759],[91.10676,25.14749],[91.10666,25.14749],[91.10666,25.14758],[91.10656,25.14758],[91.10656,25.14731],[91.10646,25.14731],[91.10647,25.14722],[91.10657,25.14722],[91.10657,25.14713],[91.10647,25.14713],[91.10647,25.14704],[91.10637,25.14704],[91.10637,25.14695],[91.10627,25.14695],[91.10627,25.14686],[91.10637,25.14686],[91.10638,25.14668],[91.10667,25.14668],[91.10667,25.14659],[91.10638,25.14659],[91.10638,25.14623],[91.10658,25.14623],[91.10658,25.14605],[91.10668,25.14605],[91.10668,25.14614],[91.10678,25.14614],[91.10678,25.14623],[91.10668,25.14623],[91.10668,25.14632],[91.10688,25.14632],[91.10688,25.14641],[91.10697,25.14641],[91.10697,25.1465],[91.10687,25.1465],[91.10687,25.14659],[91.10677,25.14659],[91.10677,25.14677],[91.10697,25.14678],[91.10696,25.14714],[91.10706,25.14714],[91.10705,25.14777],[91.10695,25.14777]],[[91.10676,25.14749],[91.10696,25.1475],[91.10696,25.14741],[91.10686,25.14741],[91.10686,25.14723],[91.10676,25.14722],[91.10676,25.14749]],[[91.10676,25.14713],[91.10686,25.14714],[91.10687,25.14704],[91.10677,25.14704],[91.10676,25.14713]],[[91.10667,25.14695],[91.10677,25.14695],[91.10677,25.14677],[91.10647,25.14677],[91.10647,25.14686],[91.10667,25.14686],[91.10667,25.14695]],[[91.10658,25.1465],[91.10677,25.1465],[91.10678,25.14641],[91.10668,25.14641],[91.10668,25.14632],[91.10658,25.14632],[91.10658,25.1465]]]},"properties":{"id":"wetland_patch_9b1fa8bf20ef","date":"2026-07-12","area_km2":0.0067,"pixel_count":67,"classification":"OPEN_WATER","interpretation_label":"HH darkening candidate","mean_delta_db":-4.431650133275274,"median_delta_db":-4.038351058959961,"hh_before":-15.241001015278831,"hh_after":-19.672651148554106,"hv_before":-24.350324801544645,"hv_after":-24.06885500096563,"delta_hh":-4.431650133275274,"delta_hv":0.2814698005790141,"valid_fraction":0.9473684210526315,"valid_fraction_scope":"region bounding box, all four channels","vegetated_fraction":0.0,"quality_status":"PASS","spatial_status":"PARTIAL","temporal_status":"PARTIAL","temporal_overlap_fraction":0.0,"threshold_stability":"SENSITIVE","threshold_variation_fraction":0.26881720430107525,"evidence_state":"UNCERTAIN","centroid":[25.146928958125752,91.10670374455279],"data_source":"NISAR","evidence_method":"Rule consistency only; no accuracy estimate or independent reference validation.","baseline_method":"PER_PIXEL_MEDIAN","baseline_observation_count":2,"baseline_observation_dates":["2026-06-18","2026-06-30"],"baseline_hh_temporal_mad_db":1.0022087097167969,"baseline_scene_names":["NISAR_L2_PR_GCOV_023_069_A_014_4005_DHDH_A_20260618T232135_20260618T232210_P05023_N_F_J_001","NISAR_L2_PR_GCOV_024_069_A_014_4005_DHDH_A_20260630T232134_20260630T232209_P05023_N_F_J_001"],"contextual_land_cover":null,"distance_to_water_m":null,"context_status":"NOT_AVAILABLE","reference_validated":false}},{"type":"Feature","geometry":{"type":"Polygon","coordinates":[[[91.10498,25.14061],[91.10498,25.14052],[91.10488,25.14052],[91.10489,25.14007],[91.10499,25.14007],[91.10499,25.13998],[91.10489,25.13998],[91.10489,25.13989],[91.10499,25.13989],[91.105,25.13971],[91.10519,25.13971],[91.10521,25.1389],[91.10531,25.1389],[91.1053,25.13899],[91.1056,25.13899],[91.1056,25.13881],[91.1055,25.13881],[91.10551,25.13872],[91.10541,25.13872],[91.10541,25.13854],[91.10551,25.13854],[91.10551,25.13863],[91.10561,25.13863],[91.10561,25.13854],[91.10571,25.13854],[91.10571,25.13845],[91.10561,25.13845],[91.10561,25.13827],[91.10571,25.13827],[91.10572,25.138],[91.10562,25.138],[91.10562,25.13782],[91.10572,25.13782],[91.10572,25.13773],[91.10582,25.13773],[91.10582,25.13764],[91.10602,25.13765],[91.10602,25.13783],[91.10592,25.13782],[91.10591,25.138],[91.10601,25.13801],[91.10601,25.1381],[91.10591,25.1381],[91.10591,25.13819],[91.10611,25.13819],[91.10611,25.13801],[91.10621,25.13801],[91.10621,25.13783],[91.10612,25.13783],[91.10612,25.13765],[91.10622,25.13765],[91.10622,25.13774],[91.10641,25.13774],[91.10641,25.13792],[91.10631,25.13792],[91.10631,25.13801],[91.10641,25.13801],[91.10641,25.1381],[91.10621,25.1381],[91.10621,25.13819],[91.10631,25.13819],[91.10631,25.13828],[91.10611,25.13828],[91.10611,25.13846],[91.10601,25.13846],[91.106,25.13855],[91.10591,25.13855],[91.1059,25.13864],[91.106,25.13864],[91.106,25.13882],[91.1059,25.13882],[91.1059,25.13891],[91.1058,25.13891],[91.1058,25.13909],[91.1059,25.13909],[91.1059,25.139],[91.106,25.139],[91.106,25.13918],[91.1059,25.13918],[91.10589,25.13927],[91.1058,25.13927],[91.1058,25.13918],[91.1056,25.13917],[91.1056,25.13908],[91.1055,25.13908],[91.1055,25.13926],[91.1053,25.13926],[91.1053,25.13935],[91.1054,25.13935],[91.1054,25.13944],[91.1055,25.13944],[91.1055,25.13935],[91.1056,25.13936],[91.10559,25.13945],[91.10569,25.13945],[91.10569,25.13954],[91.10559,25.13954],[91.10559,25.13972],[91.10549,25.13971],[91.10549,25.13953],[91.1053,25.13953],[91.10529,25.13971],[91.10539,25.13971],[91.10539,25.1398],[91.10559,25.13981],[91.10559,25.13999],[91.10549,25.13999],[91.10549,25.1399],[91.10539,25.13989],[91.10538,25.14016],[91.10529,25.14016],[91.10528,25.14061],[91.10498,25.14061]],[[91.10498,25.14052],[91.10508,25.14052],[91.10508,25.14043],[91.10498,25.14043],[91.10498,25.14052]],[[91.10519,25.13998],[91.10529,25.13998],[91.10529,25.13989],[91.10519,25.13989],[91.10519,25.13998]],[[91.10509,25.13989],[91.10519,25.13989],[91.10519,25.1398],[91.10509,25.1398],[91.10509,25.13989]]]},"properties":{"id":"wetland_patch_871a24dece9e","date":"2026-07-12","area_km2":0.0139,"pixel_count":139,"classification":"OPEN_WATER","interpretation_label":"HH darkening candidate","mean_delta_db":-5.85236456411348,"median_delta_db":-4.792218208312988,"hh_before":-12.381216676972754,"hh_after":-18.23358124108623,"hv_before":-21.604471385050164,"hv_after":-23.588619513477354,"delta_hh":-5.85236456411348,"delta_hv":-1.9841481284271898,"valid_fraction":1.0,"valid_fraction_scope":"region bounding box, all four channels","vegetated_fraction":0.0,"quality_status":"PASS","spatial_status":"PARTIAL","temporal_status":"PARTIAL","temporal_overlap_fraction":0.0,"threshold_stability":"SENSITIVE","threshold_variation_fraction":0.2358974358974359,"evidence_state":"UNCERTAIN","centroid":[25.139055789869865,91.10558070374333],"data_source":"NISAR","evidence_method":"Rule consistency only; no accuracy estimate or independent reference validation.","baseline_method":"PER_PIXEL_MEDIAN","baseline_observation_count":2,"baseline_observation_dates":["2026-06-18","2026-06-30"],"baseline_hh_temporal_mad_db":1.0022087097167969,"baseline_scene_names":["NISAR_L2_PR_GCOV_023_069_A_014_4005_DHDH_A_20260618T232135_20260618T232210_P05023_N_F_J_001","NISAR_L2_PR_GCOV_024_069_A_014_4005_DHDH_A_20260630T232134_20260630T232209_P05023_N_F_J_001"],"contextual_land_cover":null,"distance_to_water_m":null,"context_status":"NOT_AVAILABLE","reference_validated":false}},{"type":"Feature","geometry":{"type":"Polygon","coordinates":[[[90.99375,25.13192],[90.99375,25.13183],[90.99385,25.13184],[90.99385,25.13165],[90.99375,25.13165],[90.99376,25.13147],[90.99366,25.13147],[90.99366,25.13156],[90.99346,25.13156],[90.99346,25.13147],[90.99356,25.13147],[90.99356,25.13138],[90.99297,25.13137],[90.99297,25.13128],[90.99307,25.13128],[90.99307,25.13101],[90.99327,25.13101],[90.99327,25.13092],[90.99317,25.13092],[90.99317,25.13074],[90.99308,25.13074],[90.99308,25.13056],[90.99298,25.13056],[90.99298,25.13047],[90.99288,25.13047],[90.99288,25.13056],[90.99268,25.13056],[90.99268,25.13047],[90.99258,25.13046],[90.99258,25.13055],[90.99238,25.13055],[90.99239,25.13037],[90.99249,25.13037],[90.99249,25.13028],[90.99229,25.13028],[90.99229,25.13019],[90.99219,25.13019],[90.99219,25.13028],[90.99209,25.13028],[90.99209,25.13019],[90.9918,25.13018],[90.99179,25.13036],[90.99199,25.13037],[90.99199,25.13046],[90.99189,25.13045],[90.99189,25.13054],[90.99169,25.13054],[90.99169,25.13036],[90.99159,25.13036],[90.9916,25.13027],[90.99169,25.13027],[90.9917,25.13018],[90.9914,25.13018],[90.9914,25.13],[90.992,25.13],[90.992,25.12991],[90.9919,25.12991],[90.9919,25.12982],[90.992,25.12982],[90.992,25.12973],[90.9923,25.12974],[90.9923,25.12992],[90.99239,25.12992],[90.99239,25.13001],[90.99249,25.13001],[90.99249,25.12992],[90.99279,25.12993],[90.99279,25.13002],[90.99289,25.13002],[90.99289,25.13011],[90.99309,25.13011],[90.99308,25.1302],[90.99298,25.1302],[90.99298,25.13029],[90.99308,25.13029],[90.99308,25.13038],[90.99318,25.13038],[90.99318,25.13056],[90.99328,25.13056],[90.99328,25.13038],[90.99338,25.13038],[90.99338,25.13057],[90.99347,25.13057],[90.99348,25.13048],[90.99358,25.13048],[90.99357,25.13066],[90.99337,25.13066],[90.99337,25.13075],[90.99347,25.13075],[90.99347,25.13093],[90.99367,25.13093],[90.99367,25.13102],[90.99357,25.13102],[90.99357,25.13111],[90.99366,25.13111],[90.99366,25.13138],[90.99376,25.13138],[90.99376,25.1312],[90.99386,25.1312],[90.99386,25.13147],[90.99415,25.13148],[90.99415,25.13166],[90.99395,25.13166],[90.99395,25.13175],[90.99405,25.13175],[90.99405,25.13193],[90.99375,25.13192]],[[90.99317,25.13128],[90.99356,25.13129],[90.99356,25.1312],[90.99346,25.1312],[90.99347,25.13102],[90.99327,25.13101],[90.99327,25.13111],[90.99317,25.1311],[90.99317,25.13128]],[[90.99278,25.13047],[90.99288,25.13047],[90.99288,25.13038],[90.99278,25.13038],[90.99278,25.13047]],[[90.99259,25.13028],[90.99269,25.13028],[90.99269,25.13019],[90.99259,25.13019],[90.99259,25.13028]],[[90.99249,25.13019],[90.99259,25.13019],[90.99259,25.1301],[90.99269,25.1301],[90.99269,25.13001],[90.99249,25.13001],[90.99249,25.13019]]]},"properties":{"id":"wetland_patch_898467b8fc11","date":"2026-07-12","area_km2":0.0134,"pixel_count":134,"classification":"OPEN_WATER","interpretation_label":"HH darkening candidate","mean_delta_db":-4.6081846952438354,"median_delta_db":-4.230762004852295,"hh_before":-15.010617037317646,"hh_after":-19.618801732561483,"hv_before":-23.653296363887502,"hv_after":-23.382755165669455,"delta_hh":-4.6081846952438354,"delta_hv":0.27054119821804673,"valid_fraction":1.0,"valid_fraction_scope":"region bounding box, all four channels","vegetated_fraction":0.0,"quality_status":"PASS","spatial_status":"PARTIAL","temporal_status":"PARTIAL","temporal_overlap_fraction":0.0,"threshold_stability":"SENSITIVE","threshold_variation_fraction":0.33666666666666667,"evidence_state":"UNCERTAIN","centroid":[25.130608953077495,90.99283913721509],"data_source":"NISAR","evidence_method":"Rule consistency only; no accuracy estimate or independent reference validation.","baseline_method":"PER_PIXEL_MEDIAN","baseline_observation_count":2,"baseline_observation_dates":["2026-06-18","2026-06-30"],"baseline_hh_temporal_mad_db":1.0022087097167969,"baseline_scene_names":["NISAR_L2_PR_GCOV_023_069_A_014_4005_DHDH_A_20260618T232135_20260618T232210_P05023_N_F_J_001","NISAR_L2_PR_GCOV_024_069_A_014_4005_DHDH_A_20260630T232134_20260630T232209_P05023_N_F_J_001"],"contextual_land_cover":null,"distance_to_water_m":null,"context_status":"NOT_AVAILABLE","reference_validated":false}},{"type":"Feature","geometry":{"type":"Polygon","coordinates":[[[90.99494,25.13167],[90.99495,25.13158],[90.99504,25.13158],[90.99505,25.13149],[90.99485,25.13149],[90.99485,25.13131],[90.99505,25.13131],[90.99505,25.13122],[90.99485,25.13122],[90.99485,25.13113],[90.99475,25.13113],[90.99475,25.13122],[90.99465,25.13121],[90.99466,25.13112],[90.99446,25.13112],[90.99446,25.13103],[90.99466,25.13103],[90.99466,25.13094],[90.99476,25.13094],[90.99476,25.13067],[90.99466,25.13067],[90.99466,25.13085],[90.99456,25.13085],[90.99456,25.13094],[90.99436,25.13094],[90.99436,25.13112],[90.99426,25.13112],[90.99426,25.13121],[90.99436,25.13121],[90.99435,25.13157],[90.99425,25.13157],[90.99425,25.13148],[90.99415,25.13148],[90.99416,25.13139],[90.99425,25.13139],[90.99426,25.1313],[90.99416,25.1313],[90.99416,25.13121],[90.99406,25.13121],[90.99406,25.13094],[90.99416,25.13094],[90.99416,25.13085],[90.99407,25.13085],[90.99407,25.13075],[90.99397,25.13075],[90.99397,25.13066],[90.99407,25.13066],[90.99407,25.13057],[90.99397,25.13057],[90.99397,25.13048],[90.99407,25.13048],[90.99407,25.13039],[90.99437,25.1304],[90.99437,25.13049],[90.99417,25.13049],[90.99417,25.13058],[90.99486,25.13059],[90.99486,25.13077],[90.99496,25.13077],[90.99495,25.13104],[90.99515,25.13104],[90.99515,25.13113],[90.99535,25.13113],[90.99535,25.13131],[90.99545,25.13132],[90.99544,25.1315],[90.99564,25.1315],[90.99564,25.13141],[90.99574,25.13141],[90.99574,25.13159],[90.99514,25.13158],[90.99514,25.13167],[90.99494,25.13167]],[[90.99515,25.13149],[90.99534,25.13149],[90.99535,25.1314],[90.99525,25.1314],[90.99525,25.13131],[90.99515,25.13131],[90.99515,25.13149]],[[90.99416,25.13112],[90.99426,25.13112],[90.99426,25.13103],[90.99416,25.13103],[90.99416,25.13112]],[[90.99446,25.13085],[90.99456,25.13085],[90.99456,25.13076],[90.99446,25.13076],[90.99446,25.13085]]]},"properties":{"id":"wetland_patch_d4198ff909ed","date":"2026-07-12","area_km2":0.0085,"pixel_count":85,"classification":"OPEN_WATER","interpretation_label":"HH darkening candidate","mean_delta_db":-4.725211390327005,"median_delta_db":-4.2621002197265625,"hh_before":-14.788539145974552,"hh_after":-19.513750536301558,"hv_before":-23.278510037590475,"hv_after":-22.77862860735725,"delta_hh":-4.725211390327005,"delta_hv":0.4998814302332261,"valid_fraction":1.0,"valid_fraction_scope":"region bounding box, all four channels","vegetated_fraction":0.0,"quality_status":"PASS","spatial_status":"PARTIAL","temporal_status":"PARTIAL","temporal_overlap_fraction":0.0,"threshold_stability":"STABLE","threshold_variation_fraction":0.18571428571428572,"evidence_state":"MODERATE","centroid":[25.131049571808838,90.99468894051765],"data_source":"NISAR","evidence_method":"Rule consistency only; no accuracy estimate or independent reference validation.","baseline_method":"PER_PIXEL_MEDIAN","baseline_observation_count":2,"baseline_observation_dates":["2026-06-18","2026-06-30"],"baseline_hh_temporal_mad_db":1.0022087097167969,"baseline_scene_names":["NISAR_L2_PR_GCOV_023_069_A_014_4005_DHDH_A_20260618T232135_20260618T232210_P05023_N_F_J_001","NISAR_L2_PR_GCOV_024_069_A_014_4005_DHDH_A_20260630T232134_20260630T232209_P05023_N_F_J_001"],"contextual_land_cover":null,"distance_to_water_m":null,"context_status":"NOT_AVAILABLE","reference_validated":false}},{"type":"Feature","geometry":{"type":"Polygon","coordinates":[[[91.01085,25.12936],[91.01085,25.12918],[91.01095,25.12918],[91.01095,25.12909],[91.01075,25.12908],[91.01075,25.12899],[91.01085,25.129],[91.01086,25.12891],[91.01066,25.1289],[91.01066,25.12863],[91.01076,25.12863],[91.01077,25.12836],[91.01086,25.12836],[91.01086,25.12845],[91.01096,25.12846],[91.01096,25.12855],[91.01106,25.12855],[91.01106,25.12846],[91.01116,25.12846],[91.01116,25.12837],[91.01136,25.12837],[91.01136,25.12846],[91.01215,25.12847],[91.01215,25.12856],[91.01195,25.12856],[91.01195,25.12883],[91.01205,25.12883],[91.01205,25.12892],[91.01195,25.12892],[91.01194,25.12901],[91.01185,25.12901],[91.01184,25.1291],[91.01165,25.1291],[91.01165,25.12901],[91.01155,25.129],[91.01155,25.12919],[91.01145,25.12918],[91.01145,25.129],[91.01125,25.129],[91.01125,25.12882],[91.01145,25.12882],[91.01145,25.12891],[91.01155,25.12891],[91.01155,25.12882],[91.01165,25.12883],[91.01165,25.12874],[91.01185,25.12874],[91.01185,25.12865],[91.01155,25.12864],[91.01155,25.12873],[91.01135,25.12873],[91.01136,25.12864],[91.01106,25.12864],[91.01106,25.12873],[91.01096,25.12873],[91.01096,25.12882],[91.01106,25.12882],[91.01105,25.12891],[91.01115,25.12891],[91.01115,25.12918],[91.01105,25.12918],[91.01105,25.12927],[91.01095,25.12927],[91.01095,25.12936],[91.01085,25.12936]],[[91.01076,25.12881],[91.01086,25.12881],[91.01086,25.12863],[91.01076,25.12863],[91.01076,25.12881]]]},"properties":{"id":"wetland_patch_806c074a3a5a","date":"2026-07-12","area_km2":0.0073,"pixel_count":73,"classification":"OPEN_WATER","interpretation_label":"HH darkening candidate","mean_delta_db":-4.775242126151307,"median_delta_db":-4.317474365234375,"hh_before":-13.58010120914407,"hh_after":-18.355343335295377,"hv_before":-22.700449015996227,"hv_after":-21.66252711047865,"delta_hh":-4.775242126151307,"delta_hv":1.0379219055175781,"valid_fraction":1.0,"valid_fraction_scope":"region bounding box, all four channels","vegetated_fraction":0.0,"quality_status":"PASS","spatial_status":"PARTIAL","temporal_status":"PARTIAL","temporal_overlap_fraction":0.0,"threshold_stability":"STABLE","threshold_variation_fraction":0.19791666666666666,"evidence_state":"MODERATE","centroid":[25.12877488212809,91.01134190733767],"data_source":"NISAR","evidence_method":"Rule consistency only; no accuracy estimate or independent reference validation.","baseline_method":"PER_PIXEL_MEDIAN","baseline_observation_count":2,"baseline_observation_dates":["2026-06-18","2026-06-30"],"baseline_hh_temporal_mad_db":1.0022087097167969,"baseline_scene_names":["NISAR_L2_PR_GCOV_023_069_A_014_4005_DHDH_A_20260618T232135_20260618T232210_P05023_N_F_J_001","NISAR_L2_PR_GCOV_024_069_A_014_4005_DHDH_A_20260630T232134_20260630T232209_P05023_N_F_J_001"],"contextual_land_cover":null,"distance_to_water_m":null,"context_status":"NOT_AVAILABLE","reference_validated":false}},{"type":"Feature","geometry":{"type":"Polygon","coordinates":[[[91.10793,25.12963],[91.10793,25.12945],[91.10773,25.12945],[91.10773,25.12936],[91.10783,25.12936],[91.10783,25.12927],[91.10793,25.12927],[91.10794,25.12891],[91.10814,25.12892],[91.10814,25.12883],[91.10794,25.12882],[91.10794,25.12864],[91.10784,25.12864],[91.10785,25.12846],[91.10775,25.12846],[91.10775,25.1281],[91.10785,25.1281],[91.10785,25.12828],[91.10815,25.12828],[91.10815,25.12837],[91.10834,25.12838],[91.10834,25.12883],[91.10844,25.12883],[91.10844,25.12874],[91.10854,25.12874],[91.10853,25.12883],[91.10863,25.12883],[91.10863,25.12901],[91.10873,25.12901],[91.10873,25.12892],[91.10883,25.12892],[91.10883,25.12901],[91.10923,25.12902],[91.10922,25.12929],[91.10892,25.12929],[91.10892,25.12938],[91.10912,25.12938],[91.10912,25.12947],[91.10872,25.12946],[91.10872,25.12955],[91.10813,25.12955],[91.10813,25.12964],[91.10793,25.12963]],[[91.10803,25.12955],[91.10813,25.12955],[91.10813,25.12946],[91.10803,25.12946],[91.10803,25.12955]],[[91.10843,25.12946],[91.10853,25.12946],[91.10853,25.12937],[91.10843,25.12937],[91.10843,25.12946]],[[91.10803,25.12937],[91.10823,25.12937],[91.10823,25.12919],[91.10813,25.12919],[91.10813,25.12928],[91.10803,25.12928],[91.10803,25.12937]],[[91.10853,25.12937],[91.10872,25.12937],[91.10873,25.12928],[91.10892,25.12929],[91.10893,25.1292],[91.10912,25.1292],[91.10913,25.12911],[91.10863,25.1291],[91.10863,25.12919],[91.10853,25.12919],[91.10853,25.12937]],[[91.10833,25.12928],[91.10843,25.12928],[91.10843,25.12919],[91.10833,25.12919],[91.10833,25.12928]],[[91.10823,25.12919],[91.10833,25.12919],[91.10833,25.1291],[91.10823,25.1291],[91.10823,25.12919]],[[91.10803,25.12909],[91.10813,25.1291],[91.10814,25.12901],[91.10804,25.129],[91.10803,25.12909]],[[91.10843,25.1291],[91.10853,25.1291],[91.10853,25.12901],[91.10843,25.12901],[91.10843,25.1291]],[[91.10814,25.12901],[91.10833,25.12901],[91.10834,25.12892],[91.10814,25.12892],[91.10814,25.12901]],[[91.10814,25.12883],[91.10824,25.12883],[91.10824,25.12874],[91.10814,25.12873],[91.10814,25.12883]]]},"properties":{"id":"wetland_patch_77e95537c164","date":"2026-07-12","area_km2":0.0095,"pixel_count":95,"classification":"OPEN_WATER","interpretation_label":"HH darkening candidate","mean_delta_db":-4.812876211969476,"median_delta_db":-4.594219207763672,"hh_before":-14.43321634091829,"hh_after":-19.246092552887767,"hv_before":-23.033908452485736,"hv_after":-23.11073078356291,"delta_hh":-4.812876211969476,"delta_hv":-0.07682233107717414,"valid_fraction":0.9372549019607843,"valid_fraction_scope":"region bounding box, all four channels","vegetated_fraction":0.0,"quality_status":"PASS","spatial_status":"PARTIAL","temporal_status":"PARTIAL","temporal_overlap_fraction":0.0,"threshold_stability":"SENSITIVE","threshold_variation_fraction":0.272,"evidence_state":"UNCERTAIN","centroid":[25.12900469364682,91.10832491904199],"data_source":"NISAR","evidence_method":"Rule consistency only; no accuracy estimate or independent reference validation.","baseline_method":"PER_PIXEL_MEDIAN","baseline_observation_count":2,"baseline_observation_dates":["2026-06-18","2026-06-30"],"baseline_hh_temporal_mad_db":1.0022087097167969,"baseline_scene_names":["NISAR_L2_PR_GCOV_023_069_A_014_4005_DHDH_A_20260618T232135_20260618T232210_P05023_N_F_J_001","NISAR_L2_PR_GCOV_024_069_A_014_4005_DHDH_A_20260630T232134_20260630T232209_P05023_N_F_J_001"],"contextual_land_cover":null,"distance_to_water_m":null,"context_status":"NOT_AVAILABLE","reference_validated":false}},{"type":"Feature","geometry":{"type":"Polygon","coordinates":[[[91.11338,25.12952],[91.11338,25.12943],[91.11329,25.12943],[91.11329,25.12907],[91.11319,25.12907],[91.11319,25.12916],[91.11309,25.12916],[91.11309,25.12925],[91.11289,25.12925],[91.11289,25.12916],[91.11279,25.12916],[91.1128,25.12907],[91.1127,25.12906],[91.1127,25.12888],[91.1126,25.12888],[91.1126,25.12915],[91.1125,25.12915],[91.1125,25.12888],[91.1123,25.12888],[91.1123,25.12897],[91.1122,25.12897],[91.1122,25.12888],[91.112,25.12887],[91.11201,25.12878],[91.11191,25.12878],[91.11191,25.12869],[91.11181,25.12869],[91.11181,25.12851],[91.11191,25.12851],[91.11191,25.1286],[91.11211,25.1286],[91.11211,25.12851],[91.11231,25.12852],[91.11231,25.12861],[91.11241,25.12861],[91.1124,25.1287],[91.1125,25.1287],[91.11251,25.12843],[91.11261,25.12843],[91.11261,25.12852],[91.1127,25.12852],[91.11271,25.12843],[91.1129,25.12843],[91.1129,25.12852],[91.1128,25.12852],[91.1128,25.12897],[91.113,25.12898],[91.113,25.12889],[91.1129,25.12889],[91.1129,25.1288],[91.113,25.1288],[91.113,25.12871],[91.1131,25.12871],[91.1131,25.1288],[91.1132,25.1288],[91.1132,25.12853],[91.1131,25.12853],[91.1131,25.12844],[91.113,25.12844],[91.113,25.12835],[91.1131,25.12835],[91.11311,25.12826],[91.1132,25.12826],[91.1132,25.12844],[91.1133,25.12844],[91.1133,25.12826],[91.1137,25.12826],[91.1137,25.12835],[91.1135,25.12835],[91.1135,25.12844],[91.1136,25.12844],[91.1136,25.12853],[91.1137,25.12853],[91.11369,25.12863],[91.11379,25.12863],[91.11379,25.12872],[91.11419,25.12872],[91.11419,25.1289],[91.11409,25.1289],[91.11409,25.12899],[91.11399,25.12899],[91.11398,25.12917],[91.11388,25.12917],[91.11388,25.12926],[91.11368,25.12926],[91.11368,25.12935],[91.11358,25.12935],[91.11359,25.12926],[91.11339,25.12925],[91.11339,25.12934],[91.11349,25.12934],[91.11348,25.12953],[91.11338,25.12952]],[[91.11299,25.12916],[91.11309,25.12916],[91.11309,25.12907],[91.11299,25.12907],[91.11299,25.12916]],[[91.11339,25.12916],[91.11359,25.12917],[91.11359,25.12908],[91.11349,25.12907],[91.11349,25.12889],[91.11339,25.12889],[91.11339,25.12916]],[[91.11211,25.12879],[91.1122,25.12879],[91.11221,25.1287],[91.11211,25.1287],[91.11211,25.12879]],[[91.1126,25.1287],[91.1127,25.1287],[91.1127,25.12861],[91.1126,25.12861],[91.1126,25.1287]]]},"properties":{"id":"wetland_patch_b630df93f030","date":"2026-07-12","area_km2":0.013,"pixel_count":130,"classification":"OPEN_WATER","interpretation_label":"HH darkening candidate","mean_delta_db":-4.939077274615948,"median_delta_db":-4.472785472869873,"hh_before":-15.404244921757625,"hh_after":-20.343322196373574,"hv_before":-24.84802384009728,"hv_after":-24.443785506028394,"delta_hh":-4.939077274615948,"delta_hv":0.4042383340688852,"valid_fraction":0.8125,"valid_fraction_scope":"region bounding box, all four channels","vegetated_fraction":0.0,"quality_status":"PARTIAL","spatial_status":"PARTIAL","temporal_status":"PARTIAL","temporal_overlap_fraction":0.0,"threshold_stability":"SENSITIVE","threshold_variation_fraction":0.23353293413173654,"evidence_state":"UNCERTAIN","centroid":[25.128819597478575,91.11315389354776],"data_source":"NISAR","evidence_method":"Rule consistency only; no accuracy estimate or independent reference validation.","baseline_method":"PER_PIXEL_MEDIAN","baseline_observation_count":2,"baseline_observation_dates":["2026-06-18","2026-06-30"],"baseline_hh_temporal_mad_db":1.0022087097167969,"baseline_scene_names":["NISAR_L2_PR_GCOV_023_069_A_014_4005_DHDH_A_20260618T232135_20260618T232210_P05023_N_F_J_001","NISAR_L2_PR_GCOV_024_069_A_014_4005_DHDH_A_20260630T232134_20260630T232209_P05023_N_F_J_001"],"contextual_land_cover":null,"distance_to_water_m":null,"context_status":"NOT_AVAILABLE","reference_validated":false}},{"type":"Feature","geometry":{"type":"Polygon","coordinates":[[[91.10655,25.12862],[91.10656,25.12853],[91.10636,25.12853],[91.10636,25.12844],[91.10626,25.12844],[91.10626,25.12835],[91.10616,25.12835],[91.10617,25.12817],[91.10626,25.12817],[91.10626,25.12826],[91.10646,25.12826],[91.10646,25.12817],[91.10636,25.12817],[91.10636,25.12808],[91.10617,25.12808],[91.10617,25.12799],[91.10637,25.12799],[91.10637,25.1279],[91.10627,25.1279],[91.10627,25.12754],[91.10637,25.12754],[91.10637,25.12763],[91.10647,25.12763],[91.10647,25.12772],[91.10657,25.12772],[91.10657,25.12754],[91.10667,25.12754],[91.10667,25.12772],[91.10677,25.12772],[91.10676,25.1279],[91.10706,25.12791],[91.10706,25.12827],[91.10696,25.12827],[91.10695,25.12845],[91.10676,25.12845],[91.10675,25.12863],[91.10655,25.12862]],[[91.10656,25.12835],[91.10666,25.12835],[91.10666,25.12826],[91.10656,25.12826],[91.10656,25.12835]],[[91.10686,25.12827],[91.10696,25.12827],[91.10696,25.12818],[91.10686,25.12818],[91.10686,25.12827]],[[91.10647,25.1279],[91.10657,25.1279],[91.10657,25.12781],[91.10647,25.12781],[91.10647,25.1279]]]},"properties":{"id":"wetland_patch_5f31a82b6920","date":"2026-07-12","area_km2":0.0063,"pixel_count":63,"classification":"OPEN_WATER","interpretation_label":"HH darkening candidate","mean_delta_db":-5.504274269891163,"median_delta_db":-5.359294891357422,"hh_before":-13.276267785874625,"hh_after":-18.78054205576579,"hv_before":-23.096296068221804,"hv_after":-23.15701645139664,"delta_hh":-5.504274269891163,"delta_hv":-0.06072038317483569,"valid_fraction":1.0,"valid_fraction_scope":"region bounding box, all four channels","vegetated_fraction":0.0,"quality_status":"PASS","spatial_status":"PASS","temporal_status":"PARTIAL","temporal_overlap_fraction":0.0,"threshold_stability":"SENSITIVE","threshold_variation_fraction":0.208955223880597,"evidence_state":"MODERATE","centroid":[25.12810688822776,91.106602760211],"data_source":"NISAR","evidence_method":"Rule consistency only; no accuracy estimate or independent reference validation.","baseline_method":"PER_PIXEL_MEDIAN","baseline_observation_count":2,"baseline_observation_dates":["2026-06-18","2026-06-30"],"baseline_hh_temporal_mad_db":1.0022087097167969,"baseline_scene_names":["NISAR_L2_PR_GCOV_023_069_A_014_4005_DHDH_A_20260618T232135_20260618T232210_P05023_N_F_J_001","NISAR_L2_PR_GCOV_024_069_A_014_4005_DHDH_A_20260630T232134_20260630T232209_P05023_N_F_J_001"],"contextual_land_cover":null,"distance_to_water_m":null,"context_status":"NOT_AVAILABLE","reference_validated":false}},{"type":"Feature","geometry":{"type":"Polygon","coordinates":[[[91.11409,25.12854],[91.1141,25.12827],[91.1142,25.12827],[91.1142,25.12818],[91.1141,25.12818],[91.1141,25.12809],[91.1139,25.12809],[91.1139,25.12818],[91.1138,25.12818],[91.1138,25.12827],[91.1137,25.12826],[91.1137,25.12808],[91.1136,25.12808],[91.1136,25.12817],[91.1135,25.12817],[91.11351,25.12799],[91.11331,25.12799],[91.11331,25.12808],[91.11341,25.12808],[91.1134,25.12817],[91.11301,25.12816],[91.11301,25.12807],[91.11311,25.12808],[91.11311,25.12799],[91.11291,25.12798],[91.11291,25.12816],[91.11271,25.12816],[91.11271,25.12825],[91.11241,25.12825],[91.11241,25.12807],[91.11251,25.12807],[91.11251,25.12798],[91.11261,25.12798],[91.11262,25.1278],[91.11232,25.1278],[91.11232,25.12761],[91.11242,25.12762],[91.11242,25.12771],[91.11252,25.12771],[91.11252,25.12753],[91.11262,25.12753],[91.11262,25.12762],[91.11282,25.12762],[91.11282,25.12753],[91.11272,25.12753],[91.11272,25.12744],[91.11282,25.12744],[91.11282,25.12726],[91.11272,25.12726],[91.11273,25.12708],[91.11283,25.12708],[91.11282,25.12717],[91.11292,25.12717],[91.11293,25.12708],[91.11302,25.12708],[91.11303,25.12681],[91.11313,25.12681],[91.11312,25.12699],[91.11322,25.12699],[91.11323,25.12681],[91.11342,25.12682],[91.11343,25.12673],[91.11293,25.12672],[91.11293,25.12645],[91.11274,25.12645],[91.11274,25.12636],[91.11264,25.12635],[91.11264,25.12617],[91.11274,25.12618],[91.11274,25.12609],[91.11264,25.12608],[91.11265,25.1259],[91.11255,25.1259],[91.11255,25.12599],[91.11245,25.12599],[91.11244,25.12617],[91.11234,25.12617],[91.11235,25.12608],[91.11225,25.12608],[91.11225,25.12599],[91.11235,25.12599],[91.11235,25.1259],[91.11225,25.1259],[91.11225,25.12581],[91.11235,25.12581],[91.11235,25.12572],[91.11225,25.12572],[91.11225,25.12554],[91.11216,25.12554],[91.11216,25.12545],[91.11255,25.12545],[91.11256,25.12518],[91.11276,25.12518],[91.11275,25.12527],[91.11266,25.12527],[91.11265,25.12536],[91.11275,25.12536],[91.11275,25.12545],[91.11285,25.12545],[91.11285,25.12554],[91.11295,25.12555],[91.11295,25.12564],[91.11305,25.12564],[91.11305,25.12573],[91.11295,25.12573],[91.11294,25.12582],[91.11314,25.12582],[91.11314,25.12591],[91.11304,25.12591],[91.11304,25.126],[91.11294,25.126],[91.11294,25.12609],[91.11284,25.12609],[91.11284,25.12618],[91.11294,25.12618],[91.11294,25.12636],[91.11304,25.12636],[91.11303,25.12645],[91.11313,25.12645],[91.11313,25.12663],[91.11323,25.12663],[91.11323,25.12636],[91.11333,25.12636],[91.11333,25.12627],[91.11343,25.12627],[91.11343,25.12636],[91.11363,25.12637],[91.11363,25.12646],[91.11353,25.12646],[91.11353,25.12655],[91.11383,25.12655],[91.11382,25.12673],[91.11402,25.12673],[91.11402,25.12682],[91.11412,25.12682],[91.11412,25.12692],[91.11422,25.12692],[91.11422,25.12701],[91.11412,25.12701],[91.11411,25.12728],[91.11431,25.12728],[91.11431,25.12746],[91.11441,25.12746],[91.11441,25.12755],[91.1145,25.12755],[91.1145,25.12764],[91.1144,25.12764],[91.1144,25.12782],[91.1145,25.12782],[91.1145,25.128],[91.1144,25.128],[91.1144,25.12809],[91.1145,25.12809],[91.11449,25.12827],[91.11459,25.12828],[91.11459,25.12837],[91.11449,25.12836],[91.11449,25.12854],[91.11429,25.12854],[91.11429,25.12845],[91.11419,25.12845],[91.11419,25.12854],[91.11409,25.12854]],[[91.11271,25.12807],[91.11281,25.12807],[91.11281,25.12798],[91.11291,25.12798],[91.11291,25.12789],[91.11301,25.12789],[91.11301,25.1278],[91.11291,25.1278],[91.11292,25.12771],[91.11282,25.12771],[91.11281,25.12789],[91.11271,25.12789],[91.11271,25.12807]],[[91.11351,25.12799],[91.11361,25.12799],[91.11361,25.12781],[91.11371,25.12781],[91.11371,25.12772],[91.11361,25.12772],[91.11361,25.12763],[91.11381,25.12763],[91.11381,25.12754],[91.11401,25.12755],[91.11401,25.12737],[91.11391,25.12736],[91.11392,25.12709],[91.11382,25.12709],[91.11381,25.12727],[91.11372,25.12727],[91.11371,25.12754],[91.11351,25.12754],[91.11351,25.12745],[91.11361,25.12745],[91.11362,25.12727],[91.11352,25.12727],[91.11352,25.12718],[91.11342,25.12718],[91.11342,25.12709],[91.11332,25.12709],[91.11332,25.12727],[91.11312,25.12726],[91.11312,25.12753],[91.11322,25.12754],[91.11321,25.12763],[91.11341,25.12763],[91.11341,25.12772],[91.11351,25.12772],[91.11351,25.12799]],[[91.114,25.128],[91.1141,25.128],[91.1141,25.12791],[91.114,25.12791],[91.114,25.128]],[[91.11371,25.1279],[91.1138,25.1279],[91.11381,25.12781],[91.11371,25.12781],[91.11371,25.1279]],[[91.11262,25.1278],[91.11272,25.1278],[91.11272,25.12771],[91.11262,25.12771],[91.11262,25.1278]],[[91.11311,25.12781],[91.11321,25.12781],[91.11321,25.12772],[91.11311,25.12771],[91.11311,25.12781]],[[91.11381,25.12781],[91.11391,25.12782],[91.11391,25.12773],[91.11381,25.12772],[91.11381,25.12781]],[[91.11301,25.12771],[91.11311,25.12771],[91.11312,25.12762],[91.11302,25.12762],[91.11301,25.12771]],[[91.11401,25.12773],[91.1142,25.12773],[91.11421,25.12764],[91.11411,25.12764],[91.11411,25.12755],[91.11401,25.12755],[91.11401,25.12773]],[[91.11292,25.12753],[91.11302,25.12753],[91.11302,25.12744],[91.11292,25.12744],[91.11292,25.12753]],[[91.11411,25.12755],[91.11421,25.12755],[91.11421,25.12746],[91.11411,25.12746],[91.11411,25.12755]],[[91.11292,25.12735],[91.11302,25.12735],[91.11302,25.12726],[91.11292,25.12726],[91.11292,25.12735]],[[91.11302,25.12717],[91.11322,25.12717],[91.11322,25.12708],[91.11302,25.12708],[91.11302,25.12717]],[[91.11332,25.127],[91.11342,25.127],[91.11342,25.12691],[91.11332,25.12691],[91.11332,25.127]],[[91.11372,25.12682],[91.11382,25.12682],[91.11382,25.12673],[91.11372,25.12673],[91.11372,25.12682]],[[91.11362,25.12673],[91.11372,25.12673],[91.11373,25.12664],[91.11363,25.12664],[91.11362,25.12673]],[[91.11333,25.12663],[91.11343,25.12664],[91.11343,25.12646],[91.11333,25.12645],[91.11333,25.12663]],[[91.11274,25.1259],[91.11284,25.12591],[91.11285,25.12582],[91.11275,25.12581],[91.11274,25.1259]],[[91.11235,25.12563],[91.11245,25.12563],[91.11245,25.12554],[91.11235,25.12554],[91.11235,25.12563]],[[91.11255,25.12563],[91.11285,25.12564],[91.11285,25.12554],[91.11255,25.12554],[91.11255,25.12563]]]},"properties":{"id":"wetland_patch_9bc73dc3713a","date":"2026-07-12","area_km2":0.0281,"pixel_count":281,"classification":"OPEN_WATER","interpretation_label":"HH darkening candidate","mean_delta_db":-4.955481130457433,"median_delta_db":-4.655643463134766,"hh_before":-15.405978279181646,"hh_after":-20.36145940963908,"hv_before":-24.344144006640885,"hv_after":-24.14243918042166,"delta_hh":-4.955481130457433,"delta_hv":0.2017048262192261,"valid_fraction":1.0,"valid_fraction_scope":"region bounding box, all four channels","vegetated_fraction":0.0,"quality_status":"PASS","spatial_status":"PARTIAL","temporal_status":"PARTIAL","temporal_overlap_fraction":0.0,"threshold_stability":"SENSITIVE","threshold_variation_fraction":0.24904214559386972,"evidence_state":"UNCERTAIN","centroid":[25.127153533816003,91.11336879205146],"data_source":"NISAR","evidence_method":"Rule consistency only; no accuracy estimate or independent reference validation.","baseline_method":"PER_PIXEL_MEDIAN","baseline_observation_count":2,"baseline_observation_dates":["2026-06-18","2026-06-30"],"baseline_hh_temporal_mad_db":1.0022087097167969,"baseline_scene_names":["NISAR_L2_PR_GCOV_023_069_A_014_4005_DHDH_A_20260618T232135_20260618T232210_P05023_N_F_J_001","NISAR_L2_PR_GCOV_024_069_A_014_4005_DHDH_A_20260630T232134_20260630T232209_P05023_N_F_J_001"],"contextual_land_cover":null,"distance_to_water_m":null,"context_status":"NOT_AVAILABLE","reference_validated":false}},{"type":"Feature","geometry":{"type":"Polygon","coordinates":[[[91.10945,25.12713],[91.10946,25.12686],[91.10936,25.12685],[91.10936,25.12676],[91.10926,25.12676],[91.10926,25.12667],[91.10906,25.12667],[91.10906,25.12694],[91.10886,25.12694],[91.10886,25.12685],[91.10896,25.12685],[91.10896,25.12676],[91.10877,25.12676],[91.10877,25.12667],[91.10887,25.12667],[91.10887,25.12658],[91.10897,25.12658],[91.10897,25.12631],[91.10877,25.12631],[91.10877,25.1264],[91.10887,25.1264],[91.10887,25.12649],[91.10877,25.12649],[91.10877,25.12658],[91.10867,25.12657],[91.10867,25.1263],[91.10847,25.1263],[91.10848,25.12612],[91.10858,25.12612],[91.10858,25.12603],[91.10868,25.12603],[91.10868,25.12585],[91.10878,25.12585],[91.10878,25.12576],[91.10888,25.12577],[91.10888,25.12595],[91.10908,25.12595],[91.10908,25.12577],[91.10898,25.12577],[91.10898,25.12559],[91.10908,25.12559],[91.10908,25.12568],[91.10918,25.12568],[91.10918,25.12559],[91.10938,25.12559],[91.10938,25.1255],[91.10928,25.1255],[91.10928,25.12541],[91.10908,25.12541],[91.10908,25.1255],[91.10888,25.12549],[91.10888,25.12558],[91.10878,25.12558],[91.10879,25.1254],[91.10869,25.1254],[91.10869,25.12522],[91.10879,25.12522],[91.10879,25.12531],[91.10908,25.12532],[91.10909,25.12523],[91.10958,25.12523],[91.10958,25.12514],[91.10948,25.12514],[91.10949,25.12505],[91.10978,25.12505],[91.10978,25.12496],[91.10969,25.12496],[91.10969,25.12469],[91.10989,25.12469],[91.10988,25.12506],[91.10998,25.12506],[91.10998,25.12488],[91.11008,25.12488],[91.11008,25.12497],[91.11048,25.12497],[91.11048,25.12479],[91.11038,25.12479],[91.11038,25.12461],[91.11029,25.12461],[91.11029,25.12443],[91.11019,25.12443],[91.11019,25.12434],[91.11029,25.12434],[91.11029,25.12416],[91.11049,25.12416],[91.11049,25.12443],[91.11068,25.12443],[91.11068,25.12452],[91.11078,25.12453],[91.11079,25.12416],[91.11069,25.12416],[91.11069,25.12407],[91.11089,25.12408],[91.11089,25.12417],[91.11099,25.12417],[91.11099,25.12426],[91.11089,25.12426],[91.11088,25.12435],[91.11098,25.12435],[91.11098,25.12444],[91.11108,25.12444],[91.11108,25.12453],[91.11118,25.12453],[91.11118,25.12462],[91.11128,25.12462],[91.11128,25.12444],[91.11118,25.12444],[91.11118,25.12426],[91.11138,25.12426],[91.11138,25.12435],[91.11148,25.12435],[91.11148,25.12417],[91.11158,25.12417],[91.11158,25.12408],[91.11168,25.12409],[91.11168,25.124],[91.11188,25.124],[91.11188,25.12409],[91.11178,25.12409],[91.11178,25.12418],[91.11168,25.12418],[91.11168,25.12445],[91.11158,25.12445],[91.11157,25.12463],[91.11148,25.12462],[91.11147,25.12517],[91.11167,25.12517],[91.11166,25.12526],[91.11147,25.12526],[91.11146,25.12535],[91.11137,25.12535],[91.11136,25.12544],[91.11126,25.12543],[91.11126,25.12561],[91.11106,25.12561],[91.11106,25.1257],[91.11116,25.1257],[91.11116,25.12579],[91.11086,25.12579],[91.11086,25.12597],[91.11076,25.12597],[91.11076,25.12588],[91.11056,25.12588],[91.11056,25.12597],[91.11066,25.12597],[91.11066,25.12606],[91.11046,25.12606],[91.11046,25.12588],[91.11017,25.12587],[91.11017,25.12596],[91.10997,25.12596],[91.10997,25.12605],[91.10987,25.12605],[91.10986,25.12668],[91.10976,25.12668],[91.10976,25.12686],[91.10966,25.12686],[91.10965,25.12695],[91.10956,25.12695],[91.10955,25.12713],[91.10945,25.12713]],[[91.10956,25.12677],[91.10966,25.12677],[91.10966,25.12668],[91.10956,25.12668],[91.10956,25.12677]],[[91.10907,25.12658],[91.10916,25.12658],[91.10917,25.12622],[91.10907,25.12622],[91.10907,25.12658]],[[91.10966,25.1265],[91.10976,25.1265],[91.10976,25.12632],[91.10966,25.12632],[91.10966,25.1265]],[[91.10946,25.1264],[91.10956,25.12641],[91.10957,25.12613],[91.10947,25.12613],[91.10946,25.1264]],[[91.10917,25.12622],[91.10927,25.12622],[91.10927,25.12613],[91.10937,25.12613],[91.10937,25.12604],[91.10917,25.12604],[91.10917,25.12595],[91.10908,25.12595],[91.10907,25.12613],[91.10917,25.12613],[91.10917,25.12622]],[[91.10947,25.12604],[91.10967,25.12605],[91.10967,25.12596],[91.10947,25.12595],[91.10947,25.12604]],[[91.10918,25.12586],[91.10947,25.12586],[91.10947,25.12577],[91.10918,25.12577],[91.10918,25.12586]],[[91.10997,25.12587],[91.11007,25.12587],[91.11007,25.12569],[91.10997,25.12569],[91.10997,25.12587]],[[91.10967,25.12578],[91.10977,25.12578],[91.10977,25.12569],[91.10967,25.12568],[91.10967,25.12578]],[[91.11017,25.12578],[91.11047,25.12579],[91.11047,25.1256],[91.11027,25.1256],[91.11027,25.12551],[91.11037,25.12551],[91.11037,25.12542],[91.11017,25.12542],[91.11017,25.12578]],[[91.11066,25.12579],[91.11076,25.12579],[91.11076,25.1257],[91.11067,25.1257],[91.11066,25.12579]],[[91.10977,25.12569],[91.10987,25.12569],[91.10987,25.1256],[91.10977,25.1256],[91.10977,25.12569]],[[91.11076,25.1257],[91.11086,25.1257],[91.11087,25.12561],[91.11077,25.12561],[91.11076,25.1257]],[[91.10978,25.12551],[91.10997,25.12551],[91.10998,25.12542],[91.10978,25.12542],[91.10978,25.12551]],[[91.11087,25.12543],[91.11107,25.12543],[91.11107,25.12534],[91.11087,25.12534],[91.11087,25.12543]],[[91.11027,25.12533],[91.11037,25.12533],[91.11038,25.12524],[91.11028,25.12524],[91.11027,25.12533]],[[91.11077,25.12525],[91.11087,25.12525],[91.11087,25.12516],[91.11077,25.12516],[91.11077,25.12525]],[[91.11097,25.12525],[91.11107,25.12525],[91.11107,25.12507],[91.11097,25.12507],[91.11097,25.12525]],[[91.11068,25.12498],[91.11078,25.12498],[91.11078,25.12489],[91.11068,25.12489],[91.11068,25.12498]],[[91.11088,25.12489],[91.11098,25.12489],[91.11098,25.1248],[91.11088,25.1248],[91.11088,25.12489]],[[91.11068,25.1248],[91.11078,25.1248],[91.11078,25.12471],[91.11068,25.1247],[91.11068,25.1248]],[[91.11048,25.1247],[91.11058,25.1247],[91.11058,25.12452],[91.11049,25.12452],[91.11048,25.1247]]]},"properties":{"id":"wetland_patch_ba5471e99e15","date":"2026-07-12","area_km2":0.0396,"pixel_count":396,"classification":"OPEN_WATER","interpretation_label":"HH darkening candidate","mean_delta_db":-5.209322368255769,"median_delta_db":-4.902461051940918,"hh_before":-15.518822460463554,"hh_after":-20.728144828719323,"hv_before":-24.540823377744115,"hv_after":-24.8060125726642,"delta_hh":-5.209322368255769,"delta_hv":-0.2651891949200871,"valid_fraction":1.0,"valid_fraction_scope":"region bounding box, all four channels","vegetated_fraction":0.0,"quality_status":"PASS","spatial_status":"PARTIAL","temporal_status":"PARTIAL","temporal_overlap_fraction":0.0,"threshold_stability":"SENSITIVE","threshold_variation_fraction":0.23948220064724918,"evidence_state":"UNCERTAIN","centroid":[25.125471730200022,91.11013260858762],"data_source":"NISAR","evidence_method":"Rule consistency only; no accuracy estimate or independent reference validation.","baseline_method":"PER_PIXEL_MEDIAN","baseline_observation_count":2,"baseline_observation_dates":["2026-06-18","2026-06-30"],"baseline_hh_temporal_mad_db":1.0022087097167969,"baseline_scene_names":["NISAR_L2_PR_GCOV_023_069_A_014_4005_DHDH_A_20260618T232135_20260618T232210_P05023_N_F_J_001","NISAR_L2_PR_GCOV_024_069_A_014_4005_DHDH_A_20260630T232134_20260630T232209_P05023_N_F_J_001"],"contextual_land_cover":null,"distance_to_water_m":null,"context_status":"NOT_AVAILABLE","reference_validated":false}},{"type":"Feature","geometry":{"type":"Polygon","coordinates":[[[91.10779,25.12593],[91.10779,25.12566],[91.10759,25.12566],[91.10759,25.12575],[91.10749,25.12575],[91.10749,25.12566],[91.1068,25.12565],[91.1068,25.12556],[91.1067,25.12556],[91.1067,25.12565],[91.1066,25.12565],[91.1066,25.12556],[91.1064,25.12555],[91.10641,25.12537],[91.10631,25.12537],[91.10631,25.12528],[91.10641,25.12528],[91.10641,25.12519],[91.10651,25.12519],[91.10651,25.12528],[91.10661,25.12528],[91.1066,25.12537],[91.1068,25.12538],[91.1068,25.12529],[91.10671,25.12529],[91.10671,25.1252],[91.10661,25.12519],[91.10661,25.12501],[91.10651,25.12501],[91.10651,25.12492],[91.10671,25.12492],[91.10671,25.12474],[91.10711,25.12475],[91.10711,25.12484],[91.10721,25.12484],[91.10721,25.12475],[91.10731,25.12475],[91.1073,25.12502],[91.1074,25.12502],[91.1074,25.12493],[91.1075,25.12494],[91.1075,25.12503],[91.1076,25.12503],[91.1076,25.12494],[91.1078,25.12494],[91.1078,25.12503],[91.1077,25.12503],[91.1077,25.12512],[91.1076,25.12512],[91.1076,25.1253],[91.1078,25.1253],[91.1078,25.12512],[91.1079,25.12512],[91.1079,25.12494],[91.108,25.12494],[91.108,25.12503],[91.1081,25.12503],[91.1081,25.12512],[91.108,25.12512],[91.108,25.12521],[91.10819,25.12521],[91.10819,25.1254],[91.10809,25.12539],[91.10809,25.12548],[91.10819,25.12549],[91.10819,25.12558],[91.10829,25.12558],[91.10828,25.12576],[91.10809,25.12575],[91.10809,25.12566],[91.10799,25.12566],[91.10799,25.12584],[91.10789,25.12584],[91.10789,25.12593],[91.10779,25.12593]],[[91.10789,25.12566],[91.10799,25.12566],[91.10799,25.12557],[91.10789,25.12557],[91.10789,25.12566]],[[91.1069,25.12556],[91.107,25.12556],[91.107,25.12538],[91.1068,25.12538],[91.1068,25.12547],[91.1069,25.12547],[91.1069,25.12556]],[[91.1071,25.12556],[91.1072,25.12556],[91.1072,25.12547],[91.1071,25.12547],[91.1071,25.12556]],[[91.1073,25.12556],[91.10789,25.12557],[91.10789,25.12548],[91.1074,25.12548],[91.1074,25.12539],[91.1072,25.12538],[91.1072,25.12547],[91.1073,25.12547],[91.1073,25.12556]],[[91.1075,25.12539],[91.1076,25.12539],[91.1076,25.1253],[91.1075,25.1253],[91.1075,25.12539]],[[91.107,25.12529],[91.1071,25.12529],[91.1071,25.1252],[91.1072,25.1252],[91.1072,25.12511],[91.10701,25.12511],[91.107,25.12529]],[[91.1073,25.12529],[91.1074,25.12529],[91.1074,25.1252],[91.1073,25.1252],[91.1073,25.12529]],[[91.10681,25.1252],[91.1069,25.1252],[91.10691,25.12511],[91.10681,25.12511],[91.10681,25.1252]],[[91.10691,25.12511],[91.10701,25.12511],[91.10701,25.12502],[91.10691,25.12502],[91.10691,25.12511]],[[91.10671,25.12502],[91.10691,25.12502],[91.10691,25.12493],[91.10671,25.12492],[91.10671,25.12502]]]},"properties":{"id":"wetland_patch_f0b1e4894ff6","date":"2026-07-12","area_km2":0.0116,"pixel_count":116,"classification":"OPEN_WATER","interpretation_label":"HH darkening candidate","mean_delta_db":-4.798200640185126,"median_delta_db":-4.454610824584961,"hh_before":-14.284099915931964,"hh_after":-19.08230055611709,"hv_before":-23.551403703360723,"hv_after":-25.08631938079308,"delta_hh":-4.798200640185126,"delta_hv":-1.5349156774323562,"valid_fraction":1.0,"valid_fraction_scope":"region bounding box, all four channels","vegetated_fraction":0.0,"quality_status":"PASS","spatial_status":"PARTIAL","temporal_status":"PARTIAL","temporal_overlap_fraction":0.0,"threshold_stability":"SENSITIVE","threshold_variation_fraction":0.2413793103448276,"evidence_state":"UNCERTAIN","centroid":[25.125298542809592,91.10732572227357],"data_source":"NISAR","evidence_method":"Rule consistency only; no accuracy estimate or independent reference validation.","baseline_method":"PER_PIXEL_MEDIAN","baseline_observation_count":2,"baseline_observation_dates":["2026-06-18","2026-06-30"],"baseline_hh_temporal_mad_db":1.0022087097167969,"baseline_scene_names":["NISAR_L2_PR_GCOV_023_069_A_014_4005_DHDH_A_20260618T232135_20260618T232210_P05023_N_F_J_001","NISAR_L2_PR_GCOV_024_069_A_014_4005_DHDH_A_20260630T232134_20260630T232209_P05023_N_F_J_001"],"contextual_land_cover":null,"distance_to_water_m":null,"context_status":"NOT_AVAILABLE","reference_validated":false}},{"type":"Feature","geometry":{"type":"Polygon","coordinates":[[[91.08618,25.12511],[91.08618,25.12493],[91.08599,25.12493],[91.08599,25.12484],[91.08589,25.12484],[91.08589,25.12493],[91.08579,25.12493],[91.08579,25.12475],[91.08569,25.12475],[91.08569,25.12484],[91.08559,25.12483],[91.08559,25.12474],[91.08529,25.12474],[91.08529,25.12483],[91.08549,25.12483],[91.08549,25.12492],[91.08509,25.12492],[91.08509,25.12483],[91.085,25.12483],[91.085,25.12474],[91.0852,25.12474],[91.0852,25.12456],[91.0851,25.12456],[91.0851,25.12447],[91.0849,25.12446],[91.0849,25.12437],[91.085,25.12438],[91.085,25.12428],[91.08481,25.12428],[91.08481,25.12419],[91.08471,25.12419],[91.08471,25.1241],[91.08481,25.1241],[91.08481,25.12374],[91.08471,25.12374],[91.08472,25.12365],[91.08452,25.12365],[91.08452,25.12356],[91.08462,25.12356],[91.08462,25.12347],[91.08472,25.12347],[91.08472,25.12329],[91.08492,25.12329],[91.08492,25.12338],[91.08502,25.12338],[91.08502,25.12347],[91.08492,25.12347],[91.08492,25.12356],[91.08502,25.12356],[91.08501,25.12365],[91.08511,25.12365],[91.08511,25.12374],[91.08521,25.12375],[91.08521,25.12384],[91.08511,25.12383],[91.08511,25.12393],[91.08501,25.12392],[91.08501,25.12419],[91.0852,25.1242],[91.0852,25.12429],[91.0851,25.12429],[91.0851,25.12438],[91.0854,25.12438],[91.0854,25.1242],[91.0855,25.1242],[91.0855,25.12456],[91.08559,25.12456],[91.08559,25.12465],[91.08569,25.12465],[91.0857,25.12447],[91.08579,25.12448],[91.08579,25.12466],[91.08589,25.12466],[91.08589,25.12475],[91.08599,25.12475],[91.08599,25.12466],[91.08609,25.12466],[91.08609,25.12475],[91.08619,25.12475],[91.08619,25.12484],[91.08628,25.12484],[91.08628,25.12493],[91.08638,25.12493],[91.08638,25.12502],[91.08628,25.12502],[91.08628,25.12511],[91.08618,25.12511]],[[91.0853,25.12456],[91.0854,25.12456],[91.0854,25.12447],[91.0853,25.12447],[91.0853,25.12456]],[[91.08481,25.12374],[91.08491,25.12374],[91.08491,25.12365],[91.08482,25.12365],[91.08481,25.12374]]]},"properties":{"id":"wetland_patch_bd3497579977","date":"2026-07-12","area_km2":0.0079,"pixel_count":79,"classification":"OPEN_WATER","interpretation_label":"HH darkening candidate","mean_delta_db":-4.575079471250124,"median_delta_db":-4.183624267578125,"hh_before":-15.317367094981519,"hh_after":-19.892446566231644,"hv_before":-24.34641644924502,"hv_after":-24.25043924548958,"delta_hh":-4.575079471250124,"delta_hv":0.09597720375543908,"valid_fraction":1.0,"valid_fraction_scope":"region bounding box, all four channels","vegetated_fraction":0.0,"quality_status":"PASS","spatial_status":"PARTIAL","temporal_status":"PARTIAL","temporal_overlap_fraction":0.0,"threshold_stability":"SENSITIVE","threshold_variation_fraction":0.3170731707317073,"evidence_state":"UNCERTAIN","centroid":[25.124295735735405,91.08527179068872],"data_source":"NISAR","evidence_method":"Rule consistency only; no accuracy estimate or independent reference validation.","baseline_method":"PER_PIXEL_MEDIAN","baseline_observation_count":2,"baseline_observation_dates":["2026-06-18","2026-06-30"],"baseline_hh_temporal_mad_db":1.0022087097167969,"baseline_scene_names":["NISAR_L2_PR_GCOV_023_069_A_014_4005_DHDH_A_20260618T232135_20260618T232210_P05023_N_F_J_001","NISAR_L2_PR_GCOV_024_069_A_014_4005_DHDH_A_20260630T232134_20260630T232209_P05023_N_F_J_001"],"contextual_land_cover":null,"distance_to_water_m":null,"context_status":"NOT_AVAILABLE","reference_validated":false}},{"type":"Feature","geometry":{"type":"Polygon","coordinates":[[[91.11307,25.12428],[91.11307,25.12419],[91.11257,25.12419],[91.11258,25.12401],[91.11267,25.12401],[91.11268,25.12392],[91.11248,25.12392],[91.11248,25.12382],[91.11238,25.12382],[91.11238,25.12373],[91.11228,25.12373],[91.11228,25.12364],[91.11238,25.12364],[91.11238,25.12355],[91.11248,25.12355],[91.11248,25.12346],[91.11239,25.12346],[91.11239,25.12337],[91.11259,25.12337],[91.11259,25.12328],[91.11239,25.12328],[91.1124,25.12283],[91.11249,25.12283],[91.1125,25.12274],[91.1124,25.12274],[91.1124,25.12265],[91.1125,25.12265],[91.1125,25.12256],[91.1126,25.12256],[91.1126,25.12238],[91.1127,25.12238],[91.1127,25.12265],[91.11279,25.12266],[91.1128,25.12238],[91.113,25.12239],[91.113,25.12248],[91.1129,25.12248],[91.1129,25.12257],[91.11309,25.12257],[91.11309,25.12266],[91.11319,25.12266],[91.11319,25.12275],[91.11329,25.12275],[91.11329,25.12284],[91.11289,25.12284],[91.11289,25.12293],[91.11279,25.12293],[91.11279,25.12302],[91.11299,25.12302],[91.11299,25.12311],[91.11309,25.12311],[91.11308,25.1232],[91.11318,25.1232],[91.11318,25.12356],[91.11298,25.12356],[91.11298,25.12383],[91.11307,25.12383],[91.11308,25.12365],[91.11328,25.12365],[91.11327,25.12374],[91.11337,25.12375],[91.11337,25.12366],[91.11347,25.12366],[91.11347,25.12357],[91.11377,25.12357],[91.11377,25.12366],[91.11367,25.12366],[91.11367,25.12384],[91.11357,25.12384],[91.11357,25.12393],[91.11377,25.12393],[91.11376,25.12411],[91.11366,25.12411],[91.11366,25.12429],[91.11346,25.12429],[91.11347,25.12402],[91.11337,25.12402],[91.11336,25.12429],[91.11307,25.12428]],[[91.11317,25.12419],[91.11327,25.1242],[91.11327,25.12402],[91.11317,25.12401],[91.11317,25.12419]],[[91.11357,25.12411],[91.11366,25.12411],[91.11367,25.12402],[91.11357,25.12402],[91.11357,25.12411]],[[91.11307,25.12401],[91.11317,25.12401],[91.11317,25.12383],[91.11307,25.12383],[91.11307,25.12401]],[[91.11278,25.12392],[91.11297,25.12392],[91.11298,25.12383],[91.11288,25.12383],[91.11288,25.12374],[91.11278,25.12374],[91.11278,25.12392]],[[91.11327,25.12393],[91.11347,25.12393],[91.11347,25.12384],[91.11327,25.12383],[91.11327,25.12393]],[[91.11248,25.12373],[91.11258,25.12374],[91.11258,25.12365],[91.11248,25.12364],[91.11248,25.12373]],[[91.11347,25.12375],[91.11357,25.12375],[91.11357,25.12366],[91.11347,25.12366],[91.11347,25.12375]],[[91.11258,25.12365],[91.11288,25.12365],[91.11288,25.12356],[91.11258,25.12356],[91.11258,25.12365]],[[91.11268,25.12347],[91.11298,25.12347],[91.11298,25.12338],[91.11268,25.12338],[91.11268,25.12347]],[[91.11259,25.12328],[91.11269,25.12329],[91.11269,25.1232],[91.11259,25.12319],[91.11259,25.12328]],[[91.11298,25.12329],[91.11308,25.12329],[91.11308,25.1232],[91.11298,25.1232],[91.11298,25.12329]],[[91.11269,25.1232],[91.11289,25.1232],[91.11289,25.12311],[91.11269,25.12311],[91.11269,25.1232]],[[91.11249,25.1231],[91.11269,25.12311],[91.11269,25.12302],[91.11259,25.12301],[91.11259,25.12292],[91.11249,25.12292],[91.11249,25.1231]],[[91.11259,25.12283],[91.11279,25.12284],[91.11279,25.12275],[91.11269,25.12274],[91.1127,25.12265],[91.1126,25.12265],[91.11259,25.12283]],[[91.11289,25.12275],[91.11299,25.12275],[91.11299,25.12266],[91.11289,25.12266],[91.11289,25.12275]]]},"properties":{"id":"wetland_patch_9a6d52f194d5","date":"2026-07-12","area_km2":0.0129,"pixel_count":129,"classification":"OPEN_WATER","interpretation_label":"HH darkening candidate","mean_delta_db":-4.233876302260761,"median_delta_db":-3.910989761352539,"hh_before":-15.624111109001692,"hh_after":-19.857987411262453,"hv_before":-24.777713258137073,"hv_after":-24.56062479536663,"delta_hh":-4.233876302260761,"delta_hv":0.21708846277044724,"valid_fraction":1.0,"valid_fraction_scope":"region bounding box, all four channels","vegetated_fraction":0.0,"quality_status":"PASS","spatial_status":"PARTIAL","temporal_status":"PARTIAL","temporal_overlap_fraction":0.0,"threshold_stability":"SENSITIVE","threshold_variation_fraction":0.29347826086956524,"evidence_state":"UNCERTAIN","centroid":[25.123481196250772,91.11294002588612],"data_source":"NISAR","evidence_method":"Rule consistency only; no accuracy estimate or independent reference validation.","baseline_method":"PER_PIXEL_MEDIAN","baseline_observation_count":2,"baseline_observation_dates":["2026-06-18","2026-06-30"],"baseline_hh_temporal_mad_db":1.0022087097167969,"baseline_scene_names":["NISAR_L2_PR_GCOV_023_069_A_014_4005_DHDH_A_20260618T232135_20260618T232210_P05023_N_F_J_001","NISAR_L2_PR_GCOV_024_069_A_014_4005_DHDH_A_20260630T232134_20260630T232209_P05023_N_F_J_001"],"contextual_land_cover":null,"distance_to_water_m":null,"context_status":"NOT_AVAILABLE","reference_validated":false}},{"type":"Feature","geometry":{"type":"Polygon","coordinates":[[[91.11477,25.1234],[91.11477,25.12322],[91.11467,25.12322],[91.11467,25.12304],[91.11457,25.12304],[91.11458,25.12286],[91.11448,25.12286],[91.11448,25.12277],[91.11438,25.12277],[91.11438,25.12268],[91.11428,25.12267],[91.11428,25.12285],[91.11418,25.12285],[91.11418,25.12258],[91.11428,25.12258],[91.11428,25.12249],[91.11438,25.12249],[91.11439,25.1224],[91.11448,25.12241],[91.11449,25.12232],[91.11478,25.12232],[91.11478,25.1225],[91.11488,25.1225],[91.11488,25.12232],[91.11528,25.12233],[91.11528,25.12251],[91.11547,25.12251],[91.11547,25.1226],[91.11537,25.1226],[91.11537,25.12269],[91.11527,25.12269],[91.11527,25.1226],[91.11518,25.1226],[91.11518,25.12241],[91.11498,25.12241],[91.11498,25.1225],[91.11508,25.1225],[91.11508,25.12259],[91.11468,25.12259],[91.11468,25.12241],[91.11458,25.12241],[91.11458,25.12259],[91.11448,25.12259],[91.11448,25.12268],[91.11458,25.12268],[91.11458,25.12277],[91.11468,25.12277],[91.11468,25.12268],[91.11478,25.12268],[91.11478,25.12277],[91.11488,25.12277],[91.11487,25.12286],[91.11468,25.12286],[91.11467,25.12295],[91.11497,25.12295],[91.11497,25.12286],[91.11507,25.12286],[91.11507,25.12296],[91.11517,25.12296],[91.11517,25.12305],[91.11527,25.12305],[91.11527,25.12323],[91.11507,25.12323],[91.11507,25.12314],[91.11497,25.12313],[91.11497,25.12331],[91.11487,25.12331],[91.11487,25.1234],[91.11477,25.1234]],[[91.11477,25.12322],[91.11487,25.12322],[91.11487,25.12304],[91.11477,25.12304],[91.11477,25.12322]]]},"properties":{"id":"wetland_patch_d02b2b7d64cc","date":"2026-07-12","area_km2":0.0055,"pixel_count":55,"classification":"OPEN_WATER","interpretation_label":"HH darkening candidate","mean_delta_db":-4.17044339613481,"median_delta_db":-4.120058059692383,"hh_before":-16.206192484768955,"hh_after":-20.376635880903763,"hv_before":-24.54523696899414,"hv_after":-25.041188500144266,"delta_hh":-4.17044339613481,"delta_hv":-0.4959515311501243,"valid_fraction":1.0,"valid_fraction_scope":"region bounding box, all four channels","vegetated_fraction":0.0,"quality_status":"PASS","spatial_status":"PARTIAL","temporal_status":"PARTIAL","temporal_overlap_fraction":0.0,"threshold_stability":"SENSITIVE","threshold_variation_fraction":0.23076923076923078,"evidence_state":"UNCERTAIN","centroid":[25.122757248887993,91.1148079850631],"data_source":"NISAR","evidence_method":"Rule consistency only; no accuracy estimate or independent reference validation.","baseline_method":"PER_PIXEL_MEDIAN","baseline_observation_count":2,"baseline_observation_dates":["2026-06-18","2026-06-30"],"baseline_hh_temporal_mad_db":1.0022087097167969,"baseline_scene_names":["NISAR_L2_PR_GCOV_023_069_A_014_4005_DHDH_A_20260618T232135_20260618T232210_P05023_N_F_J_001","NISAR_L2_PR_GCOV_024_069_A_014_4005_DHDH_A_20260630T232134_20260630T232209_P05023_N_F_J_001"],"contextual_land_cover":null,"distance_to_water_m":null,"context_status":"NOT_AVAILABLE","reference_validated":false}},{"type":"Feature","geometry":{"type":"Polygon","coordinates":[[[91.08325,25.12246],[91.08326,25.12182],[91.08316,25.12182],[91.08316,25.12173],[91.08306,25.12173],[91.08306,25.12164],[91.08326,25.12164],[91.08326,25.12173],[91.08336,25.12174],[91.08336,25.12183],[91.08355,25.12183],[91.08356,25.12165],[91.08346,25.12165],[91.08346,25.12156],[91.08336,25.12156],[91.08336,25.12137],[91.08317,25.12137],[91.08317,25.12119],[91.08307,25.12119],[91.08307,25.1211],[91.08297,25.1211],[91.08297,25.12101],[91.08317,25.12101],[91.08317,25.1211],[91.08337,25.1211],[91.08337,25.12128],[91.08346,25.12129],[91.08347,25.12111],[91.08367,25.12111],[91.08366,25.1212],[91.08356,25.1212],[91.08356,25.12129],[91.08376,25.12129],[91.08376,25.12138],[91.08386,25.12138],[91.08386,25.12129],[91.08396,25.12129],[91.08396,25.1212],[91.08406,25.1212],[91.08406,25.12138],[91.08426,25.12139],[91.08425,25.12148],[91.08416,25.12148],[91.08415,25.12157],[91.08425,25.12157],[91.08425,25.12166],[91.08415,25.12166],[91.08415,25.12184],[91.08425,25.12184],[91.08425,25.12193],[91.08405,25.12193],[91.08405,25.12202],[91.08415,25.12202],[91.08415,25.12211],[91.08424,25.12211],[91.08424,25.12238],[91.08404,25.12238],[91.08404,25.12229],[91.08394,25.12229],[91.08395,25.12219],[91.08385,25.12219],[91.08384,25.12246],[91.08364,25.12246],[91.08365,25.12237],[91.08374,25.12237],[91.08375,25.12219],[91.08365,25.12219],[91.08365,25.12228],[91.08345,25.12228],[91.08345,25.12219],[91.08335,25.12219],[91.08335,25.12246],[91.08325,25.12246]],[[91.08335,25.1221],[91.08365,25.1221],[91.08365,25.12192],[91.08355,25.12192],[91.08355,25.12201],[91.08335,25.12201],[91.08335,25.1221]],[[91.08385,25.12201],[91.08395,25.12201],[91.08395,25.12192],[91.08385,25.12192],[91.08385,25.12201]],[[91.08375,25.12192],[91.08385,25.12192],[91.08385,25.12183],[91.08375,25.12183],[91.08375,25.12192]],[[91.08356,25.12165],[91.08366,25.12165],[91.08366,25.12156],[91.08356,25.12156],[91.08356,25.12165]],[[91.08396,25.12147],[91.08406,25.12147],[91.08406,25.12138],[91.08396,25.12138],[91.08396,25.12147]]]},"properties":{"id":"wetland_patch_4bd61f2f80e0","date":"2026-07-12","area_km2":0.0103,"pixel_count":103,"classification":"OPEN_WATER","interpretation_label":"HH darkening candidate","mean_delta_db":-5.197522251351366,"median_delta_db":-4.8906097412109375,"hh_before":-14.10879305034008,"hh_after":-19.306315301691445,"hv_before":-24.12641704892649,"hv_after":-24.315541109992463,"delta_hh":-5.197522251351366,"delta_hv":-0.18912406106597013,"valid_fraction":1.0,"valid_fraction_scope":"region bounding box, all four channels","vegetated_fraction":0.0,"quality_status":"PASS","spatial_status":"PARTIAL","temporal_status":"PARTIAL","temporal_overlap_fraction":0.0,"threshold_stability":"SENSITIVE","threshold_variation_fraction":0.23015873015873015,"evidence_state":"UNCERTAIN","centroid":[25.12175552184002,91.08369607072324],"data_source":"NISAR","evidence_method":"Rule consistency only; no accuracy estimate or independent reference validation.","baseline_method":"PER_PIXEL_MEDIAN","baseline_observation_count":2,"baseline_observation_dates":["2026-06-18","2026-06-30"],"baseline_hh_temporal_mad_db":1.0022087097167969,"baseline_scene_names":["NISAR_L2_PR_GCOV_023_069_A_014_4005_DHDH_A_20260618T232135_20260618T232210_P05023_N_F_J_001","NISAR_L2_PR_GCOV_024_069_A_014_4005_DHDH_A_20260630T232134_20260630T232209_P05023_N_F_J_001"],"contextual_land_cover":null,"distance_to_water_m":null,"context_status":"NOT_AVAILABLE","reference_validated":false}},{"type":"Feature","geometry":{"type":"Polygon","coordinates":[[[91.05897,25.1216],[91.05897,25.12142],[91.05877,25.12142],[91.05877,25.12151],[91.05867,25.1215],[91.05867,25.12132],[91.05857,25.12132],[91.05858,25.12123],[91.05828,25.12123],[91.05828,25.12114],[91.05818,25.12114],[91.05818,25.12105],[91.05838,25.12105],[91.05838,25.12114],[91.05868,25.12114],[91.05868,25.12105],[91.05858,25.12105],[91.05858,25.12096],[91.05848,25.12096],[91.05848,25.12078],[91.05868,25.12078],[91.05868,25.1206],[91.05888,25.1206],[91.05889,25.12033],[91.05909,25.12034],[91.05909,25.12025],[91.05919,25.12025],[91.05918,25.12034],[91.05928,25.12034],[91.05929,25.12025],[91.05938,25.12025],[91.05938,25.12034],[91.05958,25.12034],[91.05958,25.12052],[91.05978,25.12053],[91.05977,25.12071],[91.05987,25.12071],[91.05987,25.12062],[91.05997,25.12062],[91.05998,25.12044],[91.06008,25.12044],[91.06007,25.12071],[91.05997,25.12071],[91.05997,25.1208],[91.05987,25.1208],[91.05987,25.12098],[91.05977,25.12098],[91.05977,25.12089],[91.05957,25.12088],[91.05957,25.12097],[91.05937,25.12097],[91.05937,25.12088],[91.05947,25.12088],[91.05948,25.1207],[91.05938,25.1207],[91.05938,25.12079],[91.05928,25.12079],[91.05928,25.12088],[91.05908,25.12088],[91.05908,25.12097],[91.05917,25.12097],[91.05917,25.12106],[91.05927,25.12106],[91.05927,25.12142],[91.05917,25.12142],[91.05917,25.12151],[91.05907,25.12151],[91.05907,25.1216],[91.05897,25.1216]],[[91.05877,25.12133],[91.05887,25.12133],[91.05887,25.12124],[91.05877,25.12124],[91.05877,25.12133]],[[91.05897,25.12133],[91.05907,25.12133],[91.05907,25.12124],[91.05897,25.12124],[91.05897,25.12133]],[[91.05868,25.12123],[91.05877,25.12124],[91.05878,25.12114],[91.05868,25.12114],[91.05868,25.12123]],[[91.05887,25.12115],[91.05897,25.12115],[91.05898,25.12097],[91.05878,25.12096],[91.05878,25.12105],[91.05888,25.12106],[91.05887,25.12115]],[[91.05858,25.12096],[91.05868,25.12096],[91.05868,25.12087],[91.05858,25.12087],[91.05858,25.12096]],[[91.05908,25.1207],[91.05918,25.1207],[91.05918,25.12061],[91.05908,25.12061],[91.05908,25.1207]]]},"properties":{"id":"wetland_patch_8931611e180b","date":"2026-07-12","area_km2":0.0106,"pixel_count":106,"classification":"OPEN_WATER","interpretation_label":"HH darkening candidate","mean_delta_db":-4.9195954664698185,"median_delta_db":-4.896335601806641,"hh_before":-15.130383581485388,"hh_after":-20.04997904795521,"hv_before":-24.730467076571482,"hv_after":-24.22110453191793,"delta_hh":-4.9195954664698185,"delta_hv":0.5093625446535507,"valid_fraction":1.0,"valid_fraction_scope":"region bounding box, all four channels","vegetated_fraction":0.0,"quality_status":"PASS","spatial_status":"PARTIAL","temporal_status":"PARTIAL","temporal_overlap_fraction":0.0,"threshold_stability":"SENSITIVE","threshold_variation_fraction":0.26,"evidence_state":"UNCERTAIN","centroid":[25.120849118267575,91.05913946767184],"data_source":"NISAR","evidence_method":"Rule consistency only; no accuracy estimate or independent reference validation.","baseline_method":"PER_PIXEL_MEDIAN","baseline_observation_count":2,"baseline_observation_dates":["2026-06-18","2026-06-30"],"baseline_hh_temporal_mad_db":1.0022087097167969,"baseline_scene_names":["NISAR_L2_PR_GCOV_023_069_A_014_4005_DHDH_A_20260618T232135_20260618T232210_P05023_N_F_J_001","NISAR_L2_PR_GCOV_024_069_A_014_4005_DHDH_A_20260630T232134_20260630T232209_P05023_N_F_J_001"],"contextual_land_cover":null,"distance_to_water_m":null,"context_status":"NOT_AVAILABLE","reference_validated":false}},{"type":"Feature","geometry":{"type":"Polygon","coordinates":[[[90.9994,25.12017],[90.9994,25.11999],[90.9993,25.11999],[90.9993,25.1199],[90.9991,25.1199],[90.9991,25.11981],[90.999,25.11981],[90.99901,25.11972],[90.99891,25.11972],[90.99891,25.11981],[90.99851,25.1198],[90.99851,25.11989],[90.99841,25.11989],[90.99841,25.1198],[90.99821,25.1198],[90.99821,25.11989],[90.99791,25.11988],[90.99791,25.11997],[90.99781,25.11997],[90.99781,25.12006],[90.99771,25.12006],[90.99771,25.11988],[90.99762,25.11988],[90.99762,25.11979],[90.99732,25.11979],[90.99732,25.11961],[90.99712,25.1196],[90.99712,25.11969],[90.99702,25.11969],[90.99702,25.11978],[90.99672,25.11978],[90.99672,25.11996],[90.99662,25.11996],[90.99662,25.11987],[90.99653,25.11987],[90.99653,25.11977],[90.99643,25.11977],[90.99643,25.11968],[90.99633,25.11968],[90.99633,25.11977],[90.99623,25.11977],[90.99624,25.11941],[90.99633,25.11941],[90.99634,25.11932],[90.99643,25.11932],[90.99643,25.1195],[90.99653,25.1195],[90.99653,25.11959],[90.99663,25.1196],[90.99663,25.11969],[90.99673,25.11969],[90.99673,25.1196],[90.99683,25.1196],[90.99683,25.11969],[90.99692,25.11969],[90.99693,25.11951],[90.99713,25.11951],[90.99713,25.11942],[90.99693,25.11942],[90.99693,25.11933],[90.99683,25.11933],[90.99683,25.11924],[90.99703,25.11924],[90.99703,25.11933],[90.99733,25.11933],[90.99733,25.11924],[90.99743,25.11925],[90.99743,25.11916],[90.99713,25.11915],[90.99713,25.11906],[90.99723,25.11906],[90.99723,25.11897],[90.99713,25.11897],[90.99714,25.11888],[90.99733,25.11888],[90.99733,25.11897],[90.99743,25.11897],[90.99744,25.11879],[90.99724,25.11879],[90.99724,25.1187],[90.99684,25.1187],[90.99684,25.11861],[90.99704,25.11861],[90.99705,25.11834],[90.99714,25.11834],[90.99714,25.11852],[90.99734,25.11852],[90.99734,25.1187],[90.99754,25.11871],[90.99753,25.11898],[90.99763,25.11898],[90.99763,25.11916],[90.99753,25.11916],[90.99752,25.11943],[90.99762,25.11943],[90.99762,25.11934],[90.99792,25.11934],[90.99792,25.11916],[90.99812,25.11916],[90.99812,25.11934],[90.99822,25.11935],[90.99822,25.11953],[90.99832,25.11953],[90.99831,25.11962],[90.99841,25.11962],[90.99841,25.11971],[90.99851,25.11971],[90.99851,25.11953],[90.99871,25.11953],[90.99871,25.11962],[90.99881,25.11963],[90.99881,25.11953],[90.99891,25.11954],[90.99891,25.11963],[90.99911,25.11963],[90.99911,25.11972],[90.9994,25.11972],[90.9994,25.11963],[90.9997,25.11964],[90.9997,25.11982],[90.9996,25.11982],[90.9996,25.12],[90.9995,25.12],[90.99949,25.12018],[90.9994,25.12017]],[[90.9993,25.1199],[90.9995,25.11991],[90.9995,25.11981],[90.9993,25.11981],[90.9993,25.1199]],[[90.99772,25.11979],[90.99782,25.11979],[90.99782,25.1197],[90.99792,25.1197],[90.99791,25.11979],[90.99811,25.1198],[90.99811,25.11971],[90.99802,25.1197],[90.99802,25.11961],[90.99762,25.11961],[90.99762,25.1197],[90.99772,25.1197],[90.99772,25.11979]],[[90.99742,25.1197],[90.99752,25.1197],[90.99752,25.11961],[90.99742,25.11961],[90.99742,25.1197]],[[90.99861,25.11971],[90.99871,25.11971],[90.99871,25.11962],[90.99861,25.11962],[90.99861,25.11971]],[[90.99733,25.11942],[90.99742,25.11943],[90.99743,25.11934],[90.99733,25.11933],[90.99733,25.11942]],[[90.99802,25.11943],[90.99812,25.11944],[90.99812,25.11934],[90.99802,25.11934],[90.99802,25.11943]]]},"properties":{"id":"wetland_patch_049790e96a80","date":"2026-07-12","area_km2":0.0148,"pixel_count":148,"classification":"OPEN_WATER","interpretation_label":"HH darkening candidate","mean_delta_db":-4.713690725532738,"median_delta_db":-4.421719074249268,"hh_before":-15.515715592616314,"hh_after":-20.229406318149053,"hv_before":-24.099444479555697,"hv_after":-23.633614462775153,"delta_hh":-4.713690725532738,"delta_hv":0.465830016780544,"valid_fraction":1.0,"valid_fraction_scope":"region bounding box, all four channels","vegetated_fraction":0.0,"quality_status":"PASS","spatial_status":"PARTIAL","temporal_status":"PARTIAL","temporal_overlap_fraction":0.0,"threshold_stability":"SENSITIVE","threshold_variation_fraction":0.2909090909090909,"evidence_state":"UNCERTAIN","centroid":[25.119488306283426,90.99775868199794],"data_source":"NISAR","evidence_method":"Rule consistency only; no accuracy estimate or independent reference validation.","baseline_method":"PER_PIXEL_MEDIAN","baseline_observation_count":2,"baseline_observation_dates":["2026-06-18","2026-06-30"],"baseline_hh_temporal_mad_db":1.0022087097167969,"baseline_scene_names":["NISAR_L2_PR_GCOV_023_069_A_014_4005_DHDH_A_20260618T232135_20260618T232210_P05023_N_F_J_001","NISAR_L2_PR_GCOV_024_069_A_014_4005_DHDH_A_20260630T232134_20260630T232209_P05023_N_F_J_001"],"contextual_land_cover":null,"distance_to_water_m":null,"context_status":"NOT_AVAILABLE","reference_validated":false}},{"type":"Feature","geometry":{"type":"Polygon","coordinates":[[[90.99504,25.11994],[90.99504,25.11984],[90.99514,25.11985],[90.99514,25.11967],[90.99504,25.11966],[90.99505,25.11939],[90.99514,25.1194],[90.99515,25.1193],[90.99525,25.11931],[90.99524,25.1194],[90.99534,25.1194],[90.99535,25.11922],[90.99554,25.11922],[90.99555,25.11904],[90.99535,25.11904],[90.99535,25.11895],[90.99575,25.11895],[90.99575,25.11904],[90.99584,25.11904],[90.99584,25.11922],[90.99594,25.11923],[90.99594,25.11913],[90.99604,25.11914],[90.99604,25.11905],[90.99614,25.11905],[90.99614,25.11923],[90.99634,25.11923],[90.99634,25.11932],[90.99614,25.11932],[90.99613,25.1195],[90.99604,25.1195],[90.99603,25.11959],[90.99584,25.11958],[90.99584,25.11949],[90.99594,25.1195],[90.99594,25.11932],[90.99584,25.11931],[90.99584,25.1194],[90.99564,25.1194],[90.99564,25.11931],[90.99554,25.11931],[90.99554,25.1194],[90.99544,25.1194],[90.99544,25.11958],[90.99534,25.11958],[90.99534,25.11967],[90.99524,25.11967],[90.99524,25.11976],[90.99534,25.11976],[90.99534,25.11985],[90.99524,25.11985],[90.99523,25.11994],[90.99504,25.11994]]]},"properties":{"id":"wetland_patch_40e804384b0c","date":"2026-07-12","area_km2":0.005,"pixel_count":50,"classification":"OPEN_WATER","interpretation_label":"HH darkening candidate","mean_delta_db":-4.725441398620606,"median_delta_db":-4.309143543243408,"hh_before":-15.613348579406738,"hh_after":-20.338789978027343,"hv_before":-23.94090171813965,"hv_after":-24.182067260742187,"delta_hh":-4.725441398620606,"delta_hv":-0.24116554260253906,"valid_fraction":1.0,"valid_fraction_scope":"region bounding box, all four channels","vegetated_fraction":0.0,"quality_status":"PASS","spatial_status":"PARTIAL","temporal_status":"PARTIAL","temporal_overlap_fraction":0.0,"threshold_stability":"SENSITIVE","threshold_variation_fraction":0.27631578947368424,"evidence_state":"UNCERTAIN","centroid":[25.119365059162998,90.99559925855745],"data_source":"NISAR","evidence_method":"Rule consistency only; no accuracy estimate or independent reference validation.","baseline_method":"PER_PIXEL_MEDIAN","baseline_observation_count":2,"baseline_observation_dates":["2026-06-18","2026-06-30"],"baseline_hh_temporal_mad_db":1.0022087097167969,"baseline_scene_names":["NISAR_L2_PR_GCOV_023_069_A_014_4005_DHDH_A_20260618T232135_20260618T232210_P05023_N_F_J_001","NISAR_L2_PR_GCOV_024_069_A_014_4005_DHDH_A_20260630T232134_20260630T232209_P05023_N_F_J_001"],"contextual_land_cover":null,"distance_to_water_m":null,"context_status":"NOT_AVAILABLE","reference_validated":false}},{"type":"Feature","geometry":{"type":"Polygon","coordinates":[[[90.99246,25.11972],[90.99247,25.11954],[90.99217,25.11954],[90.99217,25.11945],[90.99247,25.11945],[90.99247,25.11927],[90.99257,25.11927],[90.99257,25.11918],[90.99267,25.11918],[90.99268,25.11882],[90.99258,25.11882],[90.99258,25.11864],[90.99268,25.11864],[90.99268,25.11855],[90.99288,25.11855],[90.99288,25.11828],[90.99308,25.11828],[90.99308,25.11819],[90.99318,25.11819],[90.99318,25.11829],[90.99328,25.11829],[90.99328,25.11838],[90.99338,25.11838],[90.99337,25.11847],[90.99318,25.11847],[90.99317,25.11865],[90.99298,25.11864],[90.99297,25.11891],[90.99287,25.11891],[90.99287,25.119],[90.99317,25.11901],[90.99317,25.11892],[90.99327,25.11892],[90.99327,25.11901],[90.99337,25.11901],[90.99336,25.1191],[90.99317,25.1191],[90.99316,25.11919],[90.99297,25.11918],[90.99297,25.11928],[90.99316,25.11928],[90.99316,25.11937],[90.99306,25.11937],[90.99306,25.11946],[90.99296,25.11946],[90.99296,25.11937],[90.99267,25.11936],[90.99266,25.11945],[90.99286,25.11945],[90.99286,25.11954],[90.99276,25.11954],[90.99276,25.11963],[90.99266,25.11963],[90.99266,25.11954],[90.99256,25.11954],[90.99256,25.11972],[90.99246,25.11972]],[[90.99267,25.11927],[90.99277,25.11927],[90.99277,25.11918],[90.99267,25.11918],[90.99267,25.11927]],[[90.99287,25.11918],[90.99297,25.11918],[90.99297,25.11909],[90.99287,25.11909],[90.99287,25.11918]],[[90.99298,25.11846],[90.99318,25.11847],[90.99318,25.11838],[90.99298,25.11837],[90.99298,25.11846]]]},"properties":{"id":"wetland_patch_011ad2a7df74","date":"2026-07-12","area_km2":0.0064,"pixel_count":64,"classification":"OPEN_WATER","interpretation_label":"HH darkening candidate","mean_delta_db":-4.635415300726891,"median_delta_db":-4.2603654861450195,"hh_before":-15.270560085773468,"hh_after":-19.90597538650036,"hv_before":-23.507665365934372,"hv_after":-23.37981529533863,"delta_hh":-4.635415300726891,"delta_hv":0.12785007059574127,"valid_fraction":1.0,"valid_fraction_scope":"region bounding box, all four channels","vegetated_fraction":0.0,"quality_status":"PASS","spatial_status":"PARTIAL","temporal_status":"PARTIAL","temporal_overlap_fraction":0.265625,"threshold_stability":"SENSITIVE","threshold_variation_fraction":0.3541666666666667,"evidence_state":"UNCERTAIN","centroid":[25.118984534149217,90.99285062945778],"data_source":"NISAR","evidence_method":"Rule consistency only; no accuracy estimate or independent reference validation.","baseline_method":"PER_PIXEL_MEDIAN","baseline_observation_count":2,"baseline_observation_dates":["2026-06-18","2026-06-30"],"baseline_hh_temporal_mad_db":1.0022087097167969,"baseline_scene_names":["NISAR_L2_PR_GCOV_023_069_A_014_4005_DHDH_A_20260618T232135_20260618T232210_P05023_N_F_J_001","NISAR_L2_PR_GCOV_024_069_A_014_4005_DHDH_A_20260630T232134_20260630T232209_P05023_N_F_J_001"],"contextual_land_cover":null,"distance_to_water_m":null,"context_status":"NOT_AVAILABLE","reference_validated":false}},{"type":"Feature","geometry":{"type":"Polygon","coordinates":[[[91.06087,25.12054],[91.06087,25.12045],[91.06097,25.12045],[91.06097,25.12018],[91.06077,25.12018],[91.06078,25.12009],[91.06087,25.12009],[91.06088,25.12],[91.06068,25.12],[91.06067,25.12027],[91.06057,25.12027],[91.06057,25.12036],[91.06028,25.12035],[91.06028,25.12026],[91.06018,25.12026],[91.06018,25.12017],[91.06028,25.12017],[91.06028,25.12008],[91.06038,25.12008],[91.06038,25.12017],[91.06058,25.12018],[91.06058,25.12009],[91.06048,25.12008],[91.06048,25.11972],[91.06058,25.11972],[91.06058,25.11981],[91.06068,25.11982],[91.06068,25.11991],[91.06078,25.11991],[91.06078,25.11982],[91.06088,25.11982],[91.06088,25.11973],[91.06098,25.11973],[91.06098,25.11946],[91.06108,25.11946],[91.06108,25.11955],[91.06118,25.11955],[91.06118,25.11964],[91.06108,25.11964],[91.06108,25.11973],[91.06128,25.11973],[91.06127,25.11991],[91.06137,25.11992],[91.06138,25.11973],[91.06157,25.11974],[91.06158,25.11965],[91.06148,25.11965],[91.06148,25.11956],[91.06128,25.11955],[91.06128,25.11946],[91.06118,25.11946],[91.06118,25.11937],[91.06138,25.11937],[91.06138,25.11928],[91.06118,25.11928],[91.06119,25.11919],[91.06099,25.11919],[91.06099,25.1191],[91.06109,25.1191],[91.06109,25.11883],[91.06119,25.11883],[91.06119,25.11874],[91.06139,25.11874],[91.06139,25.11892],[91.06119,25.11892],[91.06119,25.11901],[91.06149,25.11901],[91.06149,25.11892],[91.06159,25.11892],[91.06158,25.1192],[91.06148,25.11919],[91.06148,25.11928],[91.06168,25.11929],[91.06168,25.11938],[91.06158,25.11938],[91.06158,25.11947],[91.06178,25.11947],[91.06177,25.11965],[91.06187,25.11965],[91.06187,25.12001],[91.06167,25.12001],[91.06167,25.11983],[91.06147,25.11983],[91.06147,25.12001],[91.06137,25.12001],[91.06137,25.1201],[91.06177,25.1201],[91.06177,25.12019],[91.06167,25.12019],[91.06166,25.12028],[91.06157,25.12028],[91.06157,25.12019],[91.06127,25.12018],[91.06127,25.12027],[91.06137,25.12028],[91.06137,25.12037],[91.06127,25.12037],[91.06127,25.12046],[91.06117,25.12045],[91.06117,25.12036],[91.06107,25.12036],[91.06107,25.12054],[91.06087,25.12054]],[[91.06107,25.12027],[91.06117,25.12027],[91.06117,25.12018],[91.06127,25.12018],[91.06127,25.12009],[91.06117,25.12009],[91.06117,25.11991],[91.06108,25.11991],[91.06107,25.12027]],[[91.06088,25.12],[91.06098,25.12],[91.06098,25.11991],[91.06088,25.11991],[91.06088,25.12]],[[91.06158,25.11965],[91.06167,25.11965],[91.06168,25.11956],[91.06158,25.11956],[91.06158,25.11965]]]},"properties":{"id":"wetland_patch_569d450693d0","date":"2026-07-12","area_km2":0.0107,"pixel_count":107,"classification":"OPEN_WATER","interpretation_label":"HH darkening candidate","mean_delta_db":-4.961738524035873,"median_delta_db":-4.345668792724609,"hh_before":-15.688533150147055,"hh_after":-20.650271674182928,"hv_before":-24.61711653593545,"hv_after":-24.43491497218052,"delta_hh":-4.961738524035873,"delta_hv":0.18220156375492844,"valid_fraction":1.0,"valid_fraction_scope":"region bounding box, all four channels","vegetated_fraction":0.0,"quality_status":"PASS","spatial_status":"PARTIAL","temporal_status":"PARTIAL","temporal_overlap_fraction":0.0,"threshold_stability":"SENSITIVE","threshold_variation_fraction":0.3112244897959184,"evidence_state":"UNCERTAIN","centroid":[25.11975104054797,91.06118064513092],"data_source":"NISAR","evidence_method":"Rule consistency only; no accuracy estimate or independent reference validation.","baseline_method":"PER_PIXEL_MEDIAN","baseline_observation_count":2,"baseline_observation_dates":["2026-06-18","2026-06-30"],"baseline_hh_temporal_mad_db":1.0022087097167969,"baseline_scene_names":["NISAR_L2_PR_GCOV_023_069_A_014_4005_DHDH_A_20260618T232135_20260618T232210_P05023_N_F_J_001","NISAR_L2_PR_GCOV_024_069_A_014_4005_DHDH_A_20260630T232134_20260630T232209_P05023_N_F_J_001"],"contextual_land_cover":null,"distance_to_water_m":null,"context_status":"NOT_AVAILABLE","reference_validated":false}},{"type":"Feature","geometry":{"type":"Polygon","coordinates":[[[90.99871,25.11953],[90.99871,25.11935],[90.99862,25.11935],[90.99862,25.11926],[90.99852,25.11926],[90.99852,25.11917],[90.99842,25.11917],[90.99842,25.11899],[90.99862,25.11899],[90.99862,25.1189],[90.99872,25.1189],[90.99872,25.11881],[90.99902,25.11882],[90.99902,25.119],[90.99912,25.119],[90.99912,25.11882],[90.99922,25.11882],[90.99922,25.11891],[90.99932,25.11891],[90.99932,25.11873],[90.99912,25.11873],[90.99912,25.11864],[90.99892,25.11863],[90.99893,25.11854],[90.99903,25.11854],[90.99903,25.11836],[90.99913,25.11837],[90.99913,25.11846],[90.99923,25.11846],[90.99922,25.11855],[90.99942,25.11855],[90.99942,25.11846],[90.99932,25.11846],[90.99933,25.11837],[90.99943,25.11837],[90.99943,25.11819],[90.99953,25.11819],[90.99953,25.11801],[90.99983,25.11801],[90.99983,25.1181],[90.99963,25.1181],[90.99962,25.11828],[90.99972,25.11828],[90.99973,25.11819],[90.99992,25.1182],[90.99992,25.11838],[90.99972,25.11837],[90.99972,25.11846],[90.99962,25.11846],[90.99962,25.11864],[90.99952,25.11864],[90.99952,25.11873],[90.99942,25.11873],[90.99942,25.11882],[90.99952,25.11882],[90.99951,25.119],[90.99941,25.119],[90.99941,25.11909],[90.99931,25.11909],[90.99931,25.11918],[90.99951,25.11918],[90.99951,25.11927],[90.99961,25.11927],[90.99961,25.11946],[90.99941,25.11945],[90.99941,25.11936],[90.99931,25.11936],[90.99931,25.11927],[90.99921,25.11927],[90.99921,25.11936],[90.99901,25.11936],[90.99901,25.11945],[90.99891,25.11945],[90.99891,25.11936],[90.99881,25.11935],[90.99881,25.11953],[90.99871,25.11953]],[[90.99862,25.11926],[90.99882,25.11926],[90.99882,25.11899],[90.99872,25.11899],[90.99872,25.11908],[90.99862,25.11908],[90.99862,25.11926]],[[90.99901,25.11927],[90.99911,25.11927],[90.99911,25.11918],[90.99902,25.11918],[90.99901,25.11927]],[[90.99911,25.11918],[90.99921,25.11918],[90.99922,25.11909],[90.99912,25.11909],[90.99911,25.11918]],[[90.99892,25.11908],[90.99902,25.11909],[90.99902,25.119],[90.99892,25.11899],[90.99892,25.11908]]]},"properties":{"id":"wetland_patch_9754c2f0861e","date":"2026-07-12","area_km2":0.0083,"pixel_count":83,"classification":"OPEN_WATER","interpretation_label":"HH darkening candidate","mean_delta_db":-4.719005860478045,"median_delta_db":-4.4003448486328125,"hh_before":-15.01549920691065,"hh_after":-19.734505067388696,"hv_before":-23.813066298703113,"hv_after":-23.07900635592909,"delta_hh":-4.719005860478045,"delta_hv":0.7340599427740258,"valid_fraction":1.0,"valid_fraction_scope":"region bounding box, all four channels","vegetated_fraction":0.0,"quality_status":"PASS","spatial_status":"PARTIAL","temporal_status":"PARTIAL","temporal_overlap_fraction":0.20481927710843373,"threshold_stability":"SENSITIVE","threshold_variation_fraction":0.2545454545454545,"evidence_state":"UNCERTAIN","centroid":[25.11884362254674,90.99921123043393],"data_source":"NISAR","evidence_method":"Rule consistency only; no accuracy estimate or independent reference validation.","baseline_method":"PER_PIXEL_MEDIAN","baseline_observation_count":2,"baseline_observation_dates":["2026-06-18","2026-06-30"],"baseline_hh_temporal_mad_db":1.0022087097167969,"baseline_scene_names":["NISAR_L2_PR_GCOV_023_069_A_014_4005_DHDH_A_20260618T232135_20260618T232210_P05023_N_F_J_001","NISAR_L2_PR_GCOV_024_069_A_014_4005_DHDH_A_20260630T232134_20260630T232209_P05023_N_F_J_001"],"contextual_land_cover":null,"distance_to_water_m":null,"context_status":"NOT_AVAILABLE","reference_validated":false}},{"type":"Feature","geometry":{"type":"Polygon","coordinates":[[[91.06316,25.11967],[91.06316,25.11949],[91.06287,25.11948],[91.06287,25.11957],[91.06277,25.11957],[91.06277,25.11921],[91.06317,25.11922],[91.06317,25.11913],[91.06307,25.11912],[91.06307,25.11903],[91.06297,25.11903],[91.06297,25.11912],[91.06277,25.11912],[91.06278,25.11903],[91.06258,25.11903],[91.06257,25.11921],[91.06238,25.11921],[91.06238,25.11903],[91.06208,25.11902],[91.06208,25.11911],[91.06198,25.11911],[91.06198,25.11893],[91.06208,25.11893],[91.06208,25.11884],[91.06228,25.11884],[91.06228,25.11893],[91.06258,25.11894],[91.06258,25.11885],[91.06288,25.11885],[91.06288,25.11894],[91.06317,25.11895],[91.06317,25.11886],[91.06327,25.11886],[91.06328,25.11868],[91.06338,25.11868],[91.06337,25.11886],[91.06347,25.11886],[91.06347,25.11895],[91.06357,25.11895],[91.06356,25.1194],[91.06346,25.1194],[91.06346,25.11949],[91.06366,25.11949],[91.06366,25.11958],[91.06356,25.11958],[91.06356,25.11967],[91.06316,25.11967]],[[91.06336,25.11958],[91.06346,25.11958],[91.06346,25.11949],[91.06336,25.11949],[91.06336,25.11958]],[[91.06327,25.11931],[91.06337,25.11931],[91.06337,25.11913],[91.06327,25.11913],[91.06327,25.11931]],[[91.06337,25.11913],[91.06347,25.11913],[91.06347,25.11895],[91.06337,25.11895],[91.06337,25.11913]]]},"properties":{"id":"wetland_patch_f25be720455d","date":"2026-07-12","area_km2":0.007,"pixel_count":70,"classification":"OPEN_WATER","interpretation_label":"HH darkening candidate","mean_delta_db":-4.646177346365793,"median_delta_db":-4.112751007080078,"hh_before":-15.056448486873082,"hh_after":-19.702625833238873,"hv_before":-24.230645806448802,"hv_after":-23.527263641357422,"delta_hh":-4.646177346365793,"delta_hv":0.7033821650913783,"valid_fraction":1.0,"valid_fraction_scope":"region bounding box, all four channels","vegetated_fraction":0.0,"quality_status":"PASS","spatial_status":"PARTIAL","temporal_status":"PARTIAL","temporal_overlap_fraction":0.0,"threshold_stability":"SENSITIVE","threshold_variation_fraction":0.24210526315789474,"evidence_state":"UNCERTAIN","centroid":[25.119184577729772,91.06300376636459],"data_source":"NISAR","evidence_method":"Rule consistency only; no accuracy estimate or independent reference validation.","baseline_method":"PER_PIXEL_MEDIAN","baseline_observation_count":2,"baseline_observation_dates":["2026-06-18","2026-06-30"],"baseline_hh_temporal_mad_db":1.0022087097167969,"baseline_scene_names":["NISAR_L2_PR_GCOV_023_069_A_014_4005_DHDH_A_20260618T232135_20260618T232210_P05023_N_F_J_001","NISAR_L2_PR_GCOV_024_069_A_014_4005_DHDH_A_20260630T232134_20260630T232209_P05023_N_F_J_001"],"contextual_land_cover":null,"distance_to_water_m":null,"context_status":"NOT_AVAILABLE","reference_validated":false}},{"type":"Feature","geometry":{"type":"Polygon","coordinates":[[[91.0587,25.11934],[91.05871,25.11916],[91.05861,25.11916],[91.05861,25.11889],[91.05851,25.11888],[91.05851,25.11907],[91.05841,25.11906],[91.05841,25.11897],[91.05821,25.11897],[91.05822,25.11879],[91.05812,25.11879],[91.05812,25.11861],[91.05822,25.11861],[91.05822,25.11852],[91.05842,25.11852],[91.05842,25.11861],[91.05852,25.11861],[91.05852,25.11852],[91.05862,25.11852],[91.05862,25.11834],[91.05852,25.11834],[91.05852,25.11825],[91.05862,25.11825],[91.05862,25.11816],[91.05872,25.11817],[91.05872,25.11844],[91.05882,25.11844],[91.05882,25.11835],[91.05902,25.11835],[91.05902,25.11844],[91.05892,25.11844],[91.05891,25.11862],[91.05901,25.11862],[91.05901,25.11871],[91.05881,25.11871],[91.05881,25.11898],[91.05911,25.11898],[91.05911,25.11907],[91.05901,25.11907],[91.05901,25.11916],[91.05891,25.11916],[91.0589,25.11925],[91.05881,25.11925],[91.0588,25.11934],[91.0587,25.11934]],[[91.05822,25.11879],[91.05832,25.11879],[91.05832,25.1187],[91.05822,25.1187],[91.05822,25.11879]],[[91.05861,25.1188],[91.05871,25.1188],[91.05871,25.11871],[91.05862,25.11871],[91.05861,25.1188]],[[91.05852,25.1187],[91.05862,25.11871],[91.05862,25.11862],[91.05852,25.11861],[91.05852,25.1187]]]},"properties":{"id":"wetland_patch_5251bd5cee92","date":"2026-07-12","area_km2":0.0052,"pixel_count":52,"classification":"OPEN_WATER","interpretation_label":"HH darkening candidate","mean_delta_db":-4.574928485430204,"median_delta_db":-3.926215171813965,"hh_before":-14.96715024801401,"hh_after":-19.542078733444214,"hv_before":-24.79175637318538,"hv_after":-24.05690890092116,"delta_hh":-4.574928485430204,"delta_hv":0.7348474722642165,"valid_fraction":1.0,"valid_fraction_scope":"region bounding box, all four channels","vegetated_fraction":0.0,"quality_status":"PASS","spatial_status":"PARTIAL","temporal_status":"PARTIAL","temporal_overlap_fraction":0.0,"threshold_stability":"SENSITIVE","threshold_variation_fraction":0.27848101265822783,"evidence_state":"UNCERTAIN","centroid":[25.118766466037247,91.05863582550447],"data_source":"NISAR","evidence_method":"Rule consistency only; no accuracy estimate or independent reference validation.","baseline_method":"PER_PIXEL_MEDIAN","baseline_observation_count":2,"baseline_observation_dates":["2026-06-18","2026-06-30"],"baseline_hh_temporal_mad_db":1.0022087097167969,"baseline_scene_names":["NISAR_L2_PR_GCOV_023_069_A_014_4005_DHDH_A_20260618T232135_20260618T232210_P05023_N_F_J_001","NISAR_L2_PR_GCOV_024_069_A_014_4005_DHDH_A_20260630T232134_20260630T232209_P05023_N_F_J_001"],"contextual_land_cover":null,"distance_to_water_m":null,"context_status":"NOT_AVAILABLE","reference_validated":false}},{"type":"Feature","geometry":{"type":"Polygon","coordinates":[[[91.11403,25.11996],[91.11403,25.11978],[91.11393,25.11978],[91.11393,25.11969],[91.11383,25.11969],[91.11383,25.11978],[91.11343,25.11977],[91.11344,25.11968],[91.11353,25.11969],[91.11354,25.11951],[91.11344,25.1195],[91.11344,25.11941],[91.11334,25.11941],[91.11334,25.11923],[91.11354,25.11923],[91.11354,25.11932],[91.11364,25.11933],[91.11364,25.11924],[91.11374,25.11924],[91.11374,25.11906],[91.11394,25.11906],[91.11394,25.11879],[91.11385,25.11879],[91.11385,25.11861],[91.11405,25.11861],[91.11405,25.1187],[91.11414,25.1187],[91.11415,25.11861],[91.11425,25.11861],[91.11424,25.11879],[91.11414,25.11879],[91.11414,25.11888],[91.11404,25.11888],[91.11404,25.11897],[91.11414,25.11897],[91.11414,25.11906],[91.11404,25.11906],[91.11403,25.11942],[91.11423,25.11942],[91.11424,25.11915],[91.11434,25.11915],[91.11433,25.11924],[91.11443,25.11925],[91.11443,25.11934],[91.11433,25.11933],[91.11433,25.11942],[91.11443,25.11943],[91.11443,25.1197],[91.11423,25.11969],[91.11423,25.11987],[91.11413,25.11987],[91.11413,25.11996],[91.11403,25.11996]],[[91.11413,25.11969],[91.11423,25.11969],[91.11423,25.11951],[91.11413,25.11951],[91.11413,25.11969]],[[91.11383,25.1196],[91.11403,25.1196],[91.11403,25.11951],[91.11383,25.11951],[91.11383,25.1196]],[[91.11364,25.11951],[91.11383,25.11951],[91.11384,25.11942],[91.11364,25.11942],[91.11364,25.11951]]]},"properties":{"id":"wetland_patch_428e7b431c55","date":"2026-07-12","area_km2":0.0067,"pixel_count":67,"classification":"OPEN_WATER","interpretation_label":"HH darkening candidate","mean_delta_db":-5.025230913019892,"median_delta_db":-4.743494033813477,"hh_before":-14.295283395852616,"hh_after":-19.320514308872507,"hv_before":-22.903138687361533,"hv_after":-23.801124430414458,"delta_hh":-5.025230913019892,"delta_hv":-0.8979857430529239,"valid_fraction":1.0,"valid_fraction_scope":"region bounding box, all four channels","vegetated_fraction":0.0,"quality_status":"PASS","spatial_status":"PARTIAL","temporal_status":"PARTIAL","temporal_overlap_fraction":0.0,"threshold_stability":"STABLE","threshold_variation_fraction":0.17777777777777778,"evidence_state":"MODERATE","centroid":[25.119355773497904,91.11393250085325],"data_source":"NISAR","evidence_method":"Rule consistency only; no accuracy estimate or independent reference validation.","baseline_method":"PER_PIXEL_MEDIAN","baseline_observation_count":2,"baseline_observation_dates":["2026-06-18","2026-06-30"],"baseline_hh_temporal_mad_db":1.0022087097167969,"baseline_scene_names":["NISAR_L2_PR_GCOV_023_069_A_014_4005_DHDH_A_20260618T232135_20260618T232210_P05023_N_F_J_001","NISAR_L2_PR_GCOV_024_069_A_014_4005_DHDH_A_20260630T232134_20260630T232209_P05023_N_F_J_001"],"contextual_land_cover":null,"distance_to_water_m":null,"context_status":"NOT_AVAILABLE","reference_validated":false}},{"type":"Feature","geometry":{"type":"Polygon","coordinates":[[[91.06308,25.11885],[91.06308,25.11876],[91.06288,25.11876],[91.06288,25.11867],[91.06278,25.11867],[91.06278,25.11876],[91.06268,25.11876],[91.06268,25.11867],[91.06248,25.11867],[91.06249,25.11858],[91.06219,25.11857],[91.06219,25.11866],[91.06209,25.11866],[91.06209,25.11857],[91.06199,25.11857],[91.06199,25.11848],[91.06179,25.11848],[91.06179,25.11839],[91.06209,25.11839],[91.06209,25.11848],[91.06229,25.11848],[91.06229,25.1183],[91.06219,25.1183],[91.06219,25.11821],[91.06229,25.11821],[91.0623,25.11794],[91.0621,25.11794],[91.0621,25.11776],[91.0623,25.11776],[91.0623,25.11749],[91.0624,25.11749],[91.0624,25.11758],[91.0625,25.11758],[91.0625,25.11785],[91.0626,25.11785],[91.0626,25.11758],[91.0627,25.11759],[91.0627,25.1175],[91.0632,25.1175],[91.06319,25.11759],[91.06329,25.11759],[91.06329,25.11768],[91.06319,25.11768],[91.06319,25.11777],[91.06309,25.11777],[91.0631,25.11759],[91.063,25.11759],[91.06299,25.11786],[91.06289,25.11786],[91.06289,25.11804],[91.06279,25.11804],[91.06279,25.11822],[91.06289,25.11822],[91.06289,25.11831],[91.06298,25.11831],[91.06298,25.11849],[91.06308,25.11849],[91.06308,25.11858],[91.06298,25.11858],[91.06298,25.11867],[91.06318,25.11867],[91.06317,25.11886],[91.06308,25.11885]],[[91.06249,25.11858],[91.06258,25.11858],[91.06259,25.11849],[91.06249,25.11849],[91.06249,25.11858]],[[91.06249,25.1184],[91.06259,25.1184],[91.06259,25.11831],[91.06269,25.11831],[91.06269,25.11813],[91.06239,25.11812],[91.06239,25.1183],[91.06249,25.1183],[91.06249,25.1184]],[[91.06239,25.11803],[91.06249,25.11803],[91.0625,25.11785],[91.0624,25.11785],[91.06239,25.11803]],[[91.0627,25.11768],[91.0629,25.11768],[91.0629,25.11759],[91.0627,25.11759],[91.0627,25.11768]]]},"properties":{"id":"wetland_patch_1cb0f4877e59","date":"2026-07-12","area_km2":0.0087,"pixel_count":87,"classification":"OPEN_WATER","interpretation_label":"HH darkening candidate","mean_delta_db":-4.824580494014696,"median_delta_db":-4.483209609985352,"hh_before":-14.291206365344168,"hh_after":-19.115786859358863,"hv_before":-24.05193554669961,"hv_after":-23.78634735633587,"delta_hh":-4.824580494014696,"delta_hv":0.2655881903637415,"valid_fraction":1.0,"valid_fraction_scope":"region bounding box, all four channels","vegetated_fraction":0.0,"quality_status":"PASS","spatial_status":"PARTIAL","temporal_status":"PARTIAL","temporal_overlap_fraction":0.0,"threshold_stability":"SENSITIVE","threshold_variation_fraction":0.2396694214876033,"evidence_state":"UNCERTAIN","centroid":[25.118135813894565,91.06262357727732],"data_source":"NISAR","evidence_method":"Rule consistency only; no accuracy estimate or independent reference validation.","baseline_method":"PER_PIXEL_MEDIAN","baseline_observation_count":2,"baseline_observation_dates":["2026-06-18","2026-06-30"],"baseline_hh_temporal_mad_db":1.0022087097167969,"baseline_scene_names":["NISAR_L2_PR_GCOV_023_069_A_014_4005_DHDH_A_20260618T232135_20260618T232210_P05023_N_F_J_001","NISAR_L2_PR_GCOV_024_069_A_014_4005_DHDH_A_20260630T232134_20260630T232209_P05023_N_F_J_001"],"contextual_land_cover":null,"distance_to_water_m":null,"context_status":"NOT_AVAILABLE","reference_validated":false}},{"type":"Feature","geometry":{"type":"Polygon","coordinates":[[[91.11304,25.1195],[91.11304,25.11941],[91.11294,25.11941],[91.11295,25.11914],[91.11285,25.11914],[91.11285,25.11923],[91.11275,25.11922],[91.11275,25.11913],[91.11255,25.11913],[91.11255,25.11922],[91.11235,25.11922],[91.11235,25.11913],[91.11225,25.11913],[91.11225,25.11931],[91.11205,25.11931],[91.11206,25.11913],[91.11215,25.11913],[91.11216,25.11904],[91.11206,25.11903],[91.11206,25.11894],[91.11196,25.11894],[91.11196,25.11885],[91.11186,25.11885],[91.11186,25.11894],[91.11176,25.11894],[91.11176,25.11876],[91.11206,25.11876],[91.11206,25.11885],[91.11216,25.11886],[91.11216,25.11868],[91.11226,25.11868],[91.11226,25.11859],[91.11246,25.11859],[91.11246,25.11868],[91.11236,25.11868],[91.11236,25.11895],[91.11246,25.11895],[91.11246,25.11886],[91.11275,25.11886],[91.11275,25.11895],[91.11295,25.11896],[91.11295,25.11905],[91.11325,25.11905],[91.11324,25.11932],[91.11314,25.11932],[91.11314,25.1195],[91.11304,25.1195]],[[91.11304,25.11932],[91.11314,25.11932],[91.11314,25.11923],[91.11305,25.11923],[91.11304,25.11932]],[[91.11216,25.11904],[91.11226,25.11904],[91.11226,25.11895],[91.11216,25.11895],[91.11216,25.11904]]]},"properties":{"id":"wetland_patch_0edfbba5f1d3","date":"2026-07-12","area_km2":0.0051,"pixel_count":51,"classification":"OPEN_WATER","interpretation_label":"HH darkening candidate","mean_delta_db":-5.558370370490878,"median_delta_db":-4.936059951782227,"hh_before":-10.224233977934894,"hh_after":-15.782604348425771,"hv_before":-19.165995279947918,"hv_after":-21.207874859080594,"delta_hh":-5.558370370490878,"delta_hv":-2.0418795791326785,"valid_fraction":1.0,"valid_fraction_scope":"region bounding box, all four channels","vegetated_fraction":0.0,"quality_status":"PASS","spatial_status":"PARTIAL","temporal_status":"PARTIAL","temporal_overlap_fraction":0.0,"threshold_stability":"STABLE","threshold_variation_fraction":0.1566265060240964,"evidence_state":"MODERATE","centroid":[25.119031005353268,91.11252476094992],"data_source":"NISAR","evidence_method":"Rule consistency only; no accuracy estimate or independent reference validation.","baseline_method":"PER_PIXEL_MEDIAN","baseline_observation_count":2,"baseline_observation_dates":["2026-06-18","2026-06-30"],"baseline_hh_temporal_mad_db":1.0022087097167969,"baseline_scene_names":["NISAR_L2_PR_GCOV_023_069_A_014_4005_DHDH_A_20260618T232135_20260618T232210_P05023_N_F_J_001","NISAR_L2_PR_GCOV_024_069_A_014_4005_DHDH_A_20260630T232134_20260630T232209_P05023_N_F_J_001"],"contextual_land_cover":null,"distance_to_water_m":null,"context_status":"NOT_AVAILABLE","reference_validated":false}},{"type":"Feature","geometry":{"type":"Polygon","coordinates":[[[91.0607,25.11873],[91.0607,25.11864],[91.0606,25.11864],[91.0606,25.11855],[91.0607,25.11855],[91.0607,25.11837],[91.0606,25.11837],[91.0606,25.11846],[91.0605,25.11846],[91.06051,25.11837],[91.06041,25.11837],[91.06041,25.11828],[91.06061,25.11828],[91.06061,25.1181],[91.06081,25.1181],[91.06081,25.11801],[91.0613,25.11802],[91.06131,25.11793],[91.0614,25.11793],[91.06141,25.11784],[91.06121,25.11784],[91.06121,25.11793],[91.06111,25.11793],[91.06111,25.11784],[91.06091,25.11783],[91.06091,25.11765],[91.06101,25.11765],[91.06101,25.11756],[91.06082,25.11756],[91.06082,25.11729],[91.06102,25.11729],[91.06102,25.11711],[91.06112,25.11711],[91.06112,25.1172],[91.06122,25.1172],[91.06122,25.1173],[91.06132,25.1173],[91.06131,25.11739],[91.06151,25.11739],[91.06151,25.1173],[91.06171,25.1173],[91.06171,25.11739],[91.06181,25.11739],[91.06181,25.11748],[91.06191,25.11748],[91.0619,25.11776],[91.0618,25.11775],[91.06181,25.11757],[91.06171,25.11757],[91.0617,25.11775],[91.06151,25.11775],[91.0615,25.11793],[91.0618,25.11793],[91.0618,25.11802],[91.0614,25.11802],[91.0614,25.11811],[91.0612,25.11811],[91.0612,25.11829],[91.0611,25.11829],[91.0611,25.11838],[91.0612,25.11838],[91.0612,25.11847],[91.0611,25.11847],[91.0611,25.11856],[91.061,25.11856],[91.061,25.11865],[91.0609,25.11865],[91.0609,25.11855],[91.0608,25.11855],[91.0608,25.11873],[91.0607,25.11873]],[[91.0608,25.11828],[91.0609,25.11828],[91.0609,25.11819],[91.06081,25.11819],[91.0608,25.11828]],[[91.06111,25.11775],[91.06121,25.11775],[91.06121,25.11766],[91.06111,25.11765],[91.06111,25.11775]],[[91.06131,25.11766],[91.06151,25.11766],[91.06151,25.11757],[91.06161,25.11757],[91.06161,25.11748],[91.06131,25.11748],[91.06131,25.11766]],[[91.06102,25.11738],[91.06112,25.11738],[91.06112,25.11729],[91.06102,25.11729],[91.06102,25.11738]]]},"properties":{"id":"wetland_patch_27c0ef91c1c8","date":"2026-07-12","area_km2":0.0092,"pixel_count":92,"classification":"OPEN_WATER","interpretation_label":"HH darkening candidate","mean_delta_db":-4.861183726269266,"median_delta_db":-4.69835090637207,"hh_before":-15.61743101866349,"hh_after":-20.478614744932756,"hv_before":-24.68704144851021,"hv_after":-24.442385445470396,"delta_hh":-4.861183726269266,"delta_hv":0.24465600303981616,"valid_fraction":1.0,"valid_fraction_scope":"region bounding box, all four channels","vegetated_fraction":0.0,"quality_status":"PASS","spatial_status":"PARTIAL","temporal_status":"PARTIAL","temporal_overlap_fraction":0.0,"threshold_stability":"SENSITIVE","threshold_variation_fraction":0.275,"evidence_state":"UNCERTAIN","centroid":[25.117887859242433,91.06114968628437],"data_source":"NISAR","evidence_method":"Rule consistency only; no accuracy estimate or independent reference validation.","baseline_method":"PER_PIXEL_MEDIAN","baseline_observation_count":2,"baseline_observation_dates":["2026-06-18","2026-06-30"],"baseline_hh_temporal_mad_db":1.0022087097167969,"baseline_scene_names":["NISAR_L2_PR_GCOV_023_069_A_014_4005_DHDH_A_20260618T232135_20260618T232210_P05023_N_F_J_001","NISAR_L2_PR_GCOV_024_069_A_014_4005_DHDH_A_20260630T232134_20260630T232209_P05023_N_F_J_001"],"contextual_land_cover":null,"distance_to_water_m":null,"context_status":"NOT_AVAILABLE","reference_validated":false}},{"type":"Feature","geometry":{"type":"Polygon","coordinates":[[[91.05803,25.11843],[91.05803,25.11834],[91.05813,25.11834],[91.05813,25.11825],[91.05793,25.11825],[91.05793,25.11815],[91.05783,25.11815],[91.05783,25.11824],[91.05773,25.11824],[91.05773,25.11815],[91.05763,25.11815],[91.05763,25.11806],[91.05793,25.11806],[91.05793,25.11797],[91.05803,25.11798],[91.05803,25.11789],[91.05813,25.11789],[91.05813,25.1178],[91.05823,25.1178],[91.05823,25.11771],[91.05814,25.11771],[91.05814,25.11762],[91.05804,25.11761],[91.05804,25.11743],[91.05814,25.11744],[91.05814,25.11725],[91.05834,25.11726],[91.05834,25.11717],[91.05844,25.11717],[91.05844,25.11735],[91.05824,25.11735],[91.05824,25.11744],[91.05834,25.11744],[91.05834,25.11753],[91.05844,25.11753],[91.05844,25.11744],[91.05854,25.11744],[91.05854,25.11753],[91.05863,25.11753],[91.05863,25.11771],[91.05843,25.11771],[91.05843,25.1178],[91.05833,25.1178],[91.05833,25.11789],[91.05853,25.11789],[91.05853,25.11798],[91.05833,25.11798],[91.05833,25.11816],[91.05843,25.11816],[91.05842,25.11834],[91.05822,25.11834],[91.05822,25.11843],[91.05803,25.11843]],[[91.05823,25.11825],[91.05833,25.11825],[91.05833,25.11816],[91.05823,25.11816],[91.05823,25.11825]]]},"properties":{"id":"wetland_patch_6375283a1b61","date":"2026-07-12","area_km2":0.005,"pixel_count":50,"classification":"OPEN_WATER","interpretation_label":"HH darkening candidate","mean_delta_db":-5.218332538604736,"median_delta_db":-4.9002790451049805,"hh_before":-14.716285820007323,"hh_after":-19.93461835861206,"hv_before":-24.68049934387207,"hv_after":-25.121974487304687,"delta_hh":-5.218332538604736,"delta_hv":-0.4414751434326172,"valid_fraction":1.0,"valid_fraction_scope":"region bounding box, all four channels","vegetated_fraction":0.0,"quality_status":"PASS","spatial_status":"PARTIAL","temporal_status":"PARTIAL","temporal_overlap_fraction":0.0,"threshold_stability":"SENSITIVE","threshold_variation_fraction":0.29333333333333333,"evidence_state":"UNCERTAIN","centroid":[25.117851618711384,91.05821681612423],"data_source":"NISAR","evidence_method":"Rule consistency only; no accuracy estimate or independent reference validation.","baseline_method":"PER_PIXEL_MEDIAN","baseline_observation_count":2,"baseline_observation_dates":["2026-06-18","2026-06-30"],"baseline_hh_temporal_mad_db":1.0022087097167969,"baseline_scene_names":["NISAR_L2_PR_GCOV_023_069_A_014_4005_DHDH_A_20260618T232135_20260618T232210_P05023_N_F_J_001","NISAR_L2_PR_GCOV_024_069_A_014_4005_DHDH_A_20260630T232134_20260630T232209_P05023_N_F_J_001"],"contextual_land_cover":null,"distance_to_water_m":null,"context_status":"NOT_AVAILABLE","reference_validated":false}},{"type":"Feature","geometry":{"type":"Polygon","coordinates":[[[91.06419,25.11724],[91.0642,25.11697],[91.06439,25.11698],[91.0644,25.11689],[91.0643,25.11688],[91.0643,25.11679],[91.0642,25.11679],[91.0642,25.1167],[91.0645,25.11671],[91.0645,25.11662],[91.0642,25.11661],[91.0642,25.11652],[91.0644,25.11652],[91.0644,25.11634],[91.0645,25.11634],[91.0645,25.11644],[91.0648,25.11644],[91.0648,25.11626],[91.065,25.11626],[91.065,25.11635],[91.0649,25.11635],[91.0649,25.11644],[91.0652,25.11644],[91.0652,25.11635],[91.0653,25.11636],[91.06529,25.11645],[91.06539,25.11645],[91.06539,25.11654],[91.06529,25.11654],[91.06529,25.11672],[91.06519,25.11672],[91.06519,25.1169],[91.06509,25.11689],[91.06509,25.11662],[91.06519,25.11662],[91.06519,25.11653],[91.0647,25.11653],[91.0647,25.11662],[91.0648,25.11662],[91.06479,25.11689],[91.06489,25.11689],[91.06489,25.11698],[91.06469,25.11698],[91.06469,25.11707],[91.06459,25.11707],[91.0646,25.1168],[91.0645,25.1168],[91.06449,25.11716],[91.06429,25.11715],[91.06429,25.11724],[91.06419,25.11724]]]},"properties":{"id":"wetland_patch_3b1d87cd543e","date":"2026-07-12","area_km2":0.005,"pixel_count":50,"classification":"OPEN_WATER","interpretation_label":"HH darkening candidate","mean_delta_db":-4.291195011138916,"median_delta_db":-4.026264190673828,"hh_before":-16.669424648284913,"hh_after":-20.960619659423827,"hv_before":-24.619608879089355,"hv_after":-24.054801788330078,"delta_hh":-4.291195011138916,"delta_hv":0.5648070907592774,"valid_fraction":1.0,"valid_fraction_scope":"region bounding box, all four channels","vegetated_fraction":0.0,"quality_status":"PASS","spatial_status":"PARTIAL","temporal_status":"PARTIAL","temporal_overlap_fraction":0.0,"threshold_stability":"STABLE","threshold_variation_fraction":0.10294117647058823,"evidence_state":"MODERATE","centroid":[25.11670484523779,91.06468403780897],"data_source":"NISAR","evidence_method":"Rule consistency only; no accuracy estimate or independent reference validation.","baseline_method":"PER_PIXEL_MEDIAN","baseline_observation_count":2,"baseline_observation_dates":["2026-06-18","2026-06-30"],"baseline_hh_temporal_mad_db":1.0022087097167969,"baseline_scene_names":["NISAR_L2_PR_GCOV_023_069_A_014_4005_DHDH_A_20260618T232135_20260618T232210_P05023_N_F_J_001","NISAR_L2_PR_GCOV_024_069_A_014_4005_DHDH_A_20260630T232134_20260630T232209_P05023_N_F_J_001"],"contextual_land_cover":null,"distance_to_water_m":null,"context_status":"NOT_AVAILABLE","reference_validated":false}},{"type":"Feature","geometry":{"type":"Polygon","coordinates":[[[91.00671,25.11576],[91.00671,25.11567],[91.00661,25.11567],[91.00661,25.11549],[91.00651,25.11549],[91.00651,25.1154],[91.00641,25.11539],[91.00641,25.11548],[91.00621,25.11548],[91.00621,25.11557],[91.00611,25.11557],[91.00611,25.11566],[91.00601,25.11566],[91.00602,25.11548],[91.00612,25.11548],[91.00612,25.11539],[91.00622,25.11539],[91.00622,25.1153],[91.00642,25.1153],[91.00642,25.11521],[91.00612,25.11521],[91.00612,25.11512],[91.00592,25.11512],[91.00593,25.11494],[91.00583,25.11494],[91.00583,25.11503],[91.00573,25.11502],[91.00573,25.11484],[91.00603,25.11485],[91.00603,25.11476],[91.00613,25.11476],[91.00612,25.11503],[91.00642,25.11503],[91.00642,25.11494],[91.00662,25.11495],[91.00662,25.11522],[91.00691,25.11522],[91.00691,25.11549],[91.00701,25.11549],[91.007,25.11567],[91.00681,25.11567],[91.0068,25.11576],[91.00671,25.11576]],[[91.00661,25.11549],[91.00671,25.11549],[91.00671,25.1154],[91.00661,25.1154],[91.00661,25.11549]]]},"properties":{"id":"wetland_patch_d2c247f131bc","date":"2026-07-12","area_km2":0.0052,"pixel_count":52,"classification":"OPEN_WATER","interpretation_label":"HH darkening candidate","mean_delta_db":-4.853747294499324,"median_delta_db":-4.75478982925415,"hh_before":-14.685955065947313,"hh_after":-19.539702360446636,"hv_before":-23.815351412846493,"hv_after":-24.070765825418327,"delta_hh":-4.853747294499324,"delta_hv":-0.25541441257183367,"valid_fraction":1.0,"valid_fraction_scope":"region bounding box, all four channels","vegetated_fraction":0.0,"quality_status":"PASS","spatial_status":"PARTIAL","temporal_status":"PARTIAL","temporal_overlap_fraction":0.0,"threshold_stability":"SENSITIVE","threshold_variation_fraction":0.2289156626506024,"evidence_state":"UNCERTAIN","centroid":[25.115271335733826,91.0064256881035],"data_source":"NISAR","evidence_method":"Rule consistency only; no accuracy estimate or independent reference validation.","baseline_method":"PER_PIXEL_MEDIAN","baseline_observation_count":2,"baseline_observation_dates":["2026-06-18","2026-06-30"],"baseline_hh_temporal_mad_db":1.0022087097167969,"baseline_scene_names":["NISAR_L2_PR_GCOV_023_069_A_014_4005_DHDH_A_20260618T232135_20260618T232210_P05023_N_F_J_001","NISAR_L2_PR_GCOV_024_069_A_014_4005_DHDH_A_20260630T232134_20260630T232209_P05023_N_F_J_001"],"contextual_land_cover":null,"distance_to_water_m":null,"context_status":"NOT_AVAILABLE","reference_validated":false}},{"type":"Feature","geometry":{"type":"Polygon","coordinates":[[[91.0646,25.11626],[91.06461,25.11617],[91.0647,25.11617],[91.06471,25.11599],[91.06461,25.11599],[91.06461,25.11608],[91.06451,25.11607],[91.06451,25.1158],[91.06421,25.1158],[91.06421,25.11589],[91.06401,25.11589],[91.06401,25.11598],[91.06382,25.11597],[91.06381,25.11607],[91.06371,25.11606],[91.06372,25.11588],[91.06362,25.11588],[91.06362,25.11597],[91.06352,25.11597],[91.06352,25.11579],[91.06372,25.11579],[91.06372,25.1157],[91.06392,25.11571],[91.06392,25.1158],[91.06402,25.1158],[91.06402,25.11571],[91.06412,25.11571],[91.06412,25.11562],[91.06422,25.11562],[91.06422,25.11553],[91.06402,25.11553],[91.06403,25.11517],[91.06393,25.11516],[91.06393,25.11498],[91.06403,25.11498],[91.06403,25.11489],[91.06423,25.1149],[91.06422,25.11517],[91.06442,25.11517],[91.06442,25.11508],[91.06462,25.11508],[91.06462,25.11499],[91.06472,25.11499],[91.06472,25.11508],[91.06492,25.11509],[91.06492,25.11518],[91.06472,25.11517],[91.06472,25.11535],[91.06482,25.11536],[91.06482,25.11527],[91.06492,25.11527],[91.06492,25.11536],[91.06501,25.11536],[91.06501,25.11545],[91.06511,25.11545],[91.06511,25.11536],[91.06531,25.11536],[91.06531,25.11527],[91.06541,25.11527],[91.06541,25.11545],[91.06531,25.11545],[91.06531,25.11572],[91.0655,25.11573],[91.06551,25.11564],[91.06561,25.11564],[91.0656,25.11582],[91.0659,25.11582],[91.0659,25.116],[91.0658,25.116],[91.0658,25.11591],[91.0657,25.11591],[91.0657,25.116],[91.0656,25.116],[91.0656,25.11591],[91.0655,25.11591],[91.0655,25.11609],[91.0654,25.11609],[91.0654,25.116],[91.0652,25.11599],[91.0652,25.11608],[91.0649,25.11608],[91.06491,25.11599],[91.06481,25.11599],[91.0648,25.11626],[91.0646,25.11626]],[[91.0651,25.11599],[91.0652,25.11599],[91.0652,25.1159],[91.06511,25.1159],[91.0651,25.11599]],[[91.06471,25.1159],[91.06481,25.1159],[91.06481,25.11581],[91.06471,25.11581],[91.06471,25.1159]],[[91.06491,25.1159],[91.06501,25.1159],[91.06501,25.11572],[91.06511,25.11572],[91.06511,25.11554],[91.06491,25.11554],[91.06491,25.11563],[91.06481,25.11563],[91.06481,25.11581],[91.06491,25.11581],[91.06491,25.1159]],[[91.06461,25.1158],[91.06471,25.11581],[91.06471,25.11572],[91.06461,25.11571],[91.06461,25.1158]],[[91.06511,25.11581],[91.06521,25.11581],[91.06521,25.11572],[91.06511,25.11572],[91.06511,25.11581]],[[91.06442,25.11562],[91.06471,25.11563],[91.06471,25.11554],[91.06442,25.11553],[91.06442,25.11562]],[[91.06471,25.11554],[91.06481,25.11554],[91.06481,25.11545],[91.06472,25.11545],[91.06471,25.11554]],[[91.06412,25.11544],[91.06432,25.11544],[91.06432,25.11535],[91.06412,25.11535],[91.06412,25.11544]],[[91.06452,25.11544],[91.06472,25.11545],[91.06472,25.11535],[91.06462,25.11535],[91.06462,25.11526],[91.06452,25.11526],[91.06452,25.11544]],[[91.06432,25.11535],[91.06442,25.11535],[91.06442,25.11526],[91.06432,25.11526],[91.06432,25.11535]],[[91.06403,25.11517],[91.06413,25.11517],[91.06413,25.11508],[91.06403,25.11507],[91.06403,25.11517]]]},"properties":{"id":"wetland_patch_851f46a1e55d","date":"2026-07-12","area_km2":0.0122,"pixel_count":122,"classification":"OPEN_WATER","interpretation_label":"HH darkening candidate","mean_delta_db":-4.6119205990775685,"median_delta_db":-4.30006217956543,"hh_before":-15.678308838703593,"hh_after":-20.29022943778116,"hv_before":-24.145145025409636,"hv_after":-24.278207950904722,"delta_hh":-4.6119205990775685,"delta_hv":-0.13306292549508517,"valid_fraction":1.0,"valid_fraction_scope":"region bounding box, all four channels","vegetated_fraction":0.0,"quality_status":"PASS","spatial_status":"PARTIAL","temporal_status":"PARTIAL","temporal_overlap_fraction":0.0,"threshold_stability":"SENSITIVE","threshold_variation_fraction":0.20207253886010362,"evidence_state":"UNCERTAIN","centroid":[25.115622640164762,91.06466259581545],"data_source":"NISAR","evidence_method":"Rule consistency only; no accuracy estimate or independent reference validation.","baseline_method":"PER_PIXEL_MEDIAN","baseline_observation_count":2,"baseline_observation_dates":["2026-06-18","2026-06-30"],"baseline_hh_temporal_mad_db":1.0022087097167969,"baseline_scene_names":["NISAR_L2_PR_GCOV_023_069_A_014_4005_DHDH_A_20260618T232135_20260618T232210_P05023_N_F_J_001","NISAR_L2_PR_GCOV_024_069_A_014_4005_DHDH_A_20260630T232134_20260630T232209_P05023_N_F_J_001"],"contextual_land_cover":null,"distance_to_water_m":null,"context_status":"NOT_AVAILABLE","reference_validated":false}},{"type":"Feature","geometry":{"type":"Polygon","coordinates":[[[90.99195,25.11466],[90.99195,25.11457],[90.99165,25.11456],[90.99166,25.11447],[90.99156,25.11447],[90.99156,25.11411],[90.99166,25.11411],[90.99166,25.11429],[90.99205,25.1143],[90.99206,25.11421],[90.99196,25.11421],[90.99196,25.11412],[90.99206,25.11412],[90.99206,25.11403],[90.99216,25.11403],[90.99216,25.11385],[90.99226,25.11385],[90.99226,25.11376],[90.99246,25.11376],[90.99246,25.11349],[90.99266,25.11349],[90.99266,25.11367],[90.99286,25.11368],[90.99286,25.11377],[90.99266,25.11376],[90.99266,25.11385],[90.99305,25.11386],[90.99306,25.11341],[90.99316,25.11341],[90.99316,25.11359],[90.99326,25.11359],[90.99325,25.11377],[90.99335,25.11377],[90.99335,25.11386],[90.99355,25.11387],[90.99355,25.11405],[90.99335,25.11404],[90.99335,25.11413],[90.99345,25.11414],[90.99344,25.11423],[90.99335,25.11423],[90.99334,25.11432],[90.99324,25.11431],[90.99325,25.11422],[90.99315,25.11422],[90.99315,25.11413],[90.99285,25.11413],[90.99285,25.1144],[90.99275,25.1144],[90.99275,25.11449],[90.99265,25.11449],[90.99265,25.1144],[90.99255,25.11439],[90.99255,25.11449],[90.99225,25.11448],[90.99225,25.11457],[90.99215,25.11457],[90.99215,25.11448],[90.99205,25.11448],[90.99205,25.11466],[90.99195,25.11466]],[[90.99185,25.11448],[90.99195,25.11448],[90.99195,25.11439],[90.99186,25.11439],[90.99185,25.11448]],[[90.99205,25.11439],[90.99245,25.11439],[90.99245,25.1143],[90.99205,25.1143],[90.99205,25.11439]]]},"properties":{"id":"wetland_patch_ab1a08353540","date":"2026-07-12","area_km2":0.011,"pixel_count":110,"classification":"OPEN_WATER","interpretation_label":"HH darkening candidate","mean_delta_db":-7.8500263387506655,"median_delta_db":-7.543223857879639,"hh_before":-10.670539899305863,"hh_after":-18.520566238056528,"hv_before":-19.509253285147928,"hv_after":-23.138808103041214,"delta_hh":-7.8500263387506655,"delta_hv":-3.6295548178932884,"valid_fraction":1.0,"valid_fraction_scope":"region bounding box, all four channels","vegetated_fraction":0.0,"quality_status":"PASS","spatial_status":"PARTIAL","temporal_status":"PARTIAL","temporal_overlap_fraction":0.0,"threshold_stability":"STABLE","threshold_variation_fraction":0.09774436090225563,"evidence_state":"MODERATE","centroid":[25.114078540154317,90.99258586956155],"data_source":"NISAR","evidence_method":"Rule consistency only; no accuracy estimate or independent reference validation.","baseline_method":"PER_PIXEL_MEDIAN","baseline_observation_count":2,"baseline_observation_dates":["2026-06-18","2026-06-30"],"baseline_hh_temporal_mad_db":1.0022087097167969,"baseline_scene_names":["NISAR_L2_PR_GCOV_023_069_A_014_4005_DHDH_A_20260618T232135_20260618T232210_P05023_N_F_J_001","NISAR_L2_PR_GCOV_024_069_A_014_4005_DHDH_A_20260630T232134_20260630T232209_P05023_N_F_J_001"],"contextual_land_cover":null,"distance_to_water_m":null,"context_status":"NOT_AVAILABLE","reference_validated":false}},{"type":"Feature","geometry":{"type":"Polygon","coordinates":[[[91.1089,25.11141],[91.10891,25.11114],[91.10901,25.11114],[91.10901,25.11087],[91.10921,25.11087],[91.10921,25.11078],[91.10941,25.11079],[91.10941,25.1107],[91.10931,25.11069],[91.10931,25.1106],[91.10911,25.1106],[91.10911,25.11051],[91.10921,25.11051],[91.10921,25.11042],[91.10912,25.11042],[91.10912,25.11033],[91.10932,25.11033],[91.10932,25.11024],[91.10952,25.11025],[91.10951,25.11034],[91.10961,25.11034],[91.10961,25.11043],[91.10971,25.11043],[91.10971,25.11025],[91.10961,25.11025],[91.10962,25.11016],[91.10981,25.11016],[91.10981,25.11025],[91.10991,25.11025],[91.10991,25.11007],[91.11001,25.11007],[91.11002,25.1098],[91.11012,25.1098],[91.11012,25.10989],[91.11021,25.10989],[91.11021,25.10998],[91.11041,25.10999],[91.11041,25.11017],[91.11061,25.11017],[91.1106,25.11035],[91.1107,25.11035],[91.1107,25.11053],[91.1108,25.11053],[91.1108,25.11062],[91.1107,25.11062],[91.1107,25.11071],[91.1106,25.11071],[91.1106,25.11044],[91.1105,25.11044],[91.1105,25.11035],[91.11031,25.11035],[91.1103,25.11053],[91.1102,25.11053],[91.1102,25.11062],[91.11001,25.11061],[91.11,25.1107],[91.1099,25.1107],[91.1099,25.11079],[91.1098,25.11079],[91.1098,25.11088],[91.10941,25.11088],[91.1094,25.11097],[91.10921,25.11096],[91.10921,25.11105],[91.1093,25.11106],[91.1093,25.11115],[91.1092,25.11114],[91.1092,25.11132],[91.1091,25.11132],[91.1091,25.11123],[91.109,25.11123],[91.109,25.11141],[91.1089,25.11141]],[[91.10951,25.1107],[91.10981,25.1107],[91.10981,25.11061],[91.10951,25.11061],[91.10951,25.1107]],[[91.10931,25.1106],[91.10941,25.11061],[91.10941,25.11051],[91.10951,25.11052],[91.10951,25.11043],[91.10931,25.11042],[91.10931,25.1106]],[[91.10971,25.11052],[91.10981,25.11052],[91.10981,25.11043],[91.10971,25.11043],[91.10971,25.11052]],[[91.11011,25.11007],[91.11021,25.11007],[91.11021,25.10998],[91.11011,25.10998],[91.11011,25.11007]]]},"properties":{"id":"wetland_patch_5d8939c052e8","date":"2026-07-12","area_km2":0.0096,"pixel_count":96,"classification":"OPEN_WATER","interpretation_label":"HH darkening candidate","mean_delta_db":-4.867835635940234,"median_delta_db":-4.77410101890564,"hh_before":-15.007485434412956,"hh_after":-19.87532107035319,"hv_before":-24.227195541063946,"hv_after":-24.232346057891846,"delta_hh":-4.867835635940234,"delta_hv":-0.005150516827901204,"valid_fraction":1.0,"valid_fraction_scope":"region bounding box, all four channels","vegetated_fraction":0.0,"quality_status":"PASS","spatial_status":"PARTIAL","temporal_status":"PARTIAL","temporal_overlap_fraction":0.0,"threshold_stability":"SENSITIVE","threshold_variation_fraction":0.23529411764705882,"evidence_state":"UNCERTAIN","centroid":[25.1105217206543,91.10979584750314],"data_source":"NISAR","evidence_method":"Rule consistency only; no accuracy estimate or independent reference validation.","baseline_method":"PER_PIXEL_MEDIAN","baseline_observation_count":2,"baseline_observation_dates":["2026-06-18","2026-06-30"],"baseline_hh_temporal_mad_db":1.0022087097167969,"baseline_scene_names":["NISAR_L2_PR_GCOV_023_069_A_014_4005_DHDH_A_20260618T232135_20260618T232210_P05023_N_F_J_001","NISAR_L2_PR_GCOV_024_069_A_014_4005_DHDH_A_20260630T232134_20260630T232209_P05023_N_F_J_001"],"contextual_land_cover":null,"distance_to_water_m":null,"context_status":"NOT_AVAILABLE","reference_validated":false}},{"type":"Feature","geometry":{"type":"Polygon","coordinates":[[[91.01434,25.10954],[91.01434,25.10945],[91.01415,25.10945],[91.01415,25.10927],[91.01405,25.10927],[91.01405,25.10936],[91.01375,25.10935],[91.01375,25.10944],[91.01365,25.10944],[91.01365,25.10935],[91.01355,25.10935],[91.01355,25.10944],[91.01345,25.10944],[91.01345,25.10935],[91.01335,25.10935],[91.01335,25.10926],[91.01395,25.10927],[91.01395,25.10918],[91.01385,25.10918],[91.01385,25.10908],[91.01405,25.10909],[91.01405,25.10918],[91.01425,25.10918],[91.01425,25.10927],[91.01445,25.10927],[91.01445,25.10918],[91.01465,25.10919],[91.01464,25.10928],[91.01484,25.10928],[91.01485,25.10892],[91.01505,25.10892],[91.01505,25.10883],[91.01495,25.10883],[91.01495,25.10874],[91.01505,25.10874],[91.01505,25.10865],[91.01525,25.10865],[91.01525,25.10874],[91.01515,25.10874],[91.01515,25.10883],[91.01525,25.10883],[91.01524,25.10892],[91.01534,25.10892],[91.01534,25.10901],[91.01524,25.10901],[91.01524,25.1091],[91.01544,25.10911],[91.01544,25.10884],[91.01574,25.10884],[91.01574,25.10893],[91.01584,25.10893],[91.01584,25.10902],[91.01564,25.10902],[91.01564,25.10893],[91.01554,25.10893],[91.01554,25.1092],[91.01564,25.1092],[91.01563,25.10929],[91.01573,25.10929],[91.01573,25.10947],[91.01563,25.10947],[91.01563,25.10938],[91.01553,25.10938],[91.01554,25.10929],[91.01544,25.10929],[91.01544,25.1092],[91.01534,25.10919],[91.01534,25.10929],[91.01494,25.10928],[91.01494,25.10937],[91.01484,25.10937],[91.01484,25.10946],[91.01464,25.10946],[91.01464,25.10937],[91.01454,25.10936],[91.01454,25.10946],[91.01444,25.10945],[91.01444,25.10954],[91.01434,25.10954]],[[91.01494,25.10919],[91.01504,25.10919],[91.01504,25.1091],[91.01514,25.1091],[91.01514,25.10901],[91.01495,25.10901],[91.01494,25.10919]]]},"properties":{"id":"wetland_patch_1c121a3f3dec","date":"2026-07-12","area_km2":0.0067,"pixel_count":67,"classification":"OPEN_WATER","interpretation_label":"HH darkening candidate","mean_delta_db":-4.29508085393194,"median_delta_db":-3.9703922271728516,"hh_before":-16.386510863232967,"hh_after":-20.681591717164906,"hv_before":-24.66264579545206,"hv_after":-24.17079768963714,"delta_hh":-4.29508085393194,"delta_hv":0.49184810581491956,"valid_fraction":0.732,"valid_fraction_scope":"region bounding box, all four channels","vegetated_fraction":0.0,"quality_status":"PARTIAL","spatial_status":"PARTIAL","temporal_status":"PARTIAL","temporal_overlap_fraction":0.0,"threshold_stability":"SENSITIVE","threshold_variation_fraction":0.3645833333333333,"evidence_state":"UNCERTAIN","centroid":[25.109176065147295,91.01478056924992],"data_source":"NISAR","evidence_method":"Rule consistency only; no accuracy estimate or independent reference validation.","baseline_method":"PER_PIXEL_MEDIAN","baseline_observation_count":2,"baseline_observation_dates":["2026-06-18","2026-06-30"],"baseline_hh_temporal_mad_db":1.0022087097167969,"baseline_scene_names":["NISAR_L2_PR_GCOV_023_069_A_014_4005_DHDH_A_20260618T232135_20260618T232210_P05023_N_F_J_001","NISAR_L2_PR_GCOV_024_069_A_014_4005_DHDH_A_20260630T232134_20260630T232209_P05023_N_F_J_001"],"contextual_land_cover":null,"distance_to_water_m":null,"context_status":"NOT_AVAILABLE","reference_validated":false}},{"type":"Feature","geometry":{"type":"Polygon","coordinates":[[[91.02648,25.10691],[91.02648,25.10682],[91.02638,25.10681],[91.02639,25.10654],[91.02629,25.10654],[91.02629,25.10645],[91.02619,25.10645],[91.02619,25.10654],[91.02609,25.10654],[91.02609,25.10636],[91.02599,25.10636],[91.02599,25.10645],[91.02579,25.10645],[91.02579,25.10663],[91.02569,25.10662],[91.02569,25.10653],[91.02559,25.10653],[91.0256,25.10644],[91.0254,25.10644],[91.0254,25.10635],[91.0255,25.10635],[91.0255,25.10617],[91.0254,25.10617],[91.0254,25.10626],[91.0253,25.10626],[91.0253,25.10608],[91.0254,25.10608],[91.0254,25.10599],[91.0255,25.10599],[91.0255,25.10608],[91.0256,25.10608],[91.0256,25.10617],[91.0258,25.10618],[91.0258,25.10608],[91.0259,25.10609],[91.0259,25.10618],[91.026,25.10618],[91.026,25.10609],[91.02639,25.10609],[91.02639,25.10618],[91.02689,25.10619],[91.02689,25.10628],[91.02669,25.10628],[91.02669,25.10646],[91.02659,25.10646],[91.02659,25.10655],[91.02668,25.10655],[91.02668,25.10664],[91.02678,25.10664],[91.02678,25.10655],[91.02688,25.10655],[91.02688,25.10682],[91.02658,25.10682],[91.02658,25.10691],[91.02648,25.10691]],[[91.02648,25.10673],[91.02668,25.10673],[91.02668,25.10664],[91.02648,25.10664],[91.02648,25.10673]],[[91.02639,25.10645],[91.02659,25.10646],[91.02659,25.10637],[91.02639,25.10636],[91.02639,25.10645]],[[91.0257,25.10635],[91.02589,25.10636],[91.0259,25.10627],[91.0257,25.10626],[91.0257,25.10635]],[[91.02609,25.10636],[91.02619,25.10636],[91.02619,25.10627],[91.02629,25.10627],[91.02629,25.10618],[91.0261,25.10618],[91.02609,25.10636]]]},"properties":{"id":"wetland_patch_dffc2cc3832c","date":"2026-07-12","area_km2":0.0061,"pixel_count":61,"classification":"OPEN_WATER","interpretation_label":"HH darkening candidate","mean_delta_db":-4.667277250133577,"median_delta_db":-4.429109573364258,"hh_before":-12.745815238014597,"hh_after":-17.413092488148173,"hv_before":-22.82916437993284,"hv_after":-22.736895248538158,"delta_hh":-4.667277250133577,"delta_hv":0.09226913139468333,"valid_fraction":1.0,"valid_fraction_scope":"region bounding box, all four channels","vegetated_fraction":0.0,"quality_status":"PASS","spatial_status":"PARTIAL","temporal_status":"PARTIAL","temporal_overlap_fraction":0.0,"threshold_stability":"SENSITIVE","threshold_variation_fraction":0.29333333333333333,"evidence_state":"UNCERTAIN","centroid":[25.106386295092946,91.02615946805048],"data_source":"NISAR","evidence_method":"Rule consistency only; no accuracy estimate or independent reference validation.","baseline_method":"PER_PIXEL_MEDIAN","baseline_observation_count":2,"baseline_observation_dates":["2026-06-18","2026-06-30"],"baseline_hh_temporal_mad_db":1.0022087097167969,"baseline_scene_names":["NISAR_L2_PR_GCOV_023_069_A_014_4005_DHDH_A_20260618T232135_20260618T232210_P05023_N_F_J_001","NISAR_L2_PR_GCOV_024_069_A_014_4005_DHDH_A_20260630T232134_20260630T232209_P05023_N_F_J_001"],"contextual_land_cover":null,"distance_to_water_m":null,"context_status":"NOT_AVAILABLE","reference_validated":false}},{"type":"Feature","geometry":{"type":"Polygon","coordinates":[[[91.05503,25.10701],[91.05503,25.10692],[91.05474,25.10692],[91.05474,25.10674],[91.05484,25.10674],[91.05484,25.10656],[91.05494,25.10656],[91.05494,25.10647],[91.05474,25.10647],[91.05475,25.10638],[91.05465,25.10638],[91.05464,25.10665],[91.05454,25.10665],[91.05454,25.10674],[91.05444,25.10673],[91.05444,25.10682],[91.05434,25.10682],[91.05434,25.10664],[91.05425,25.10664],[91.05425,25.10655],[91.05435,25.10655],[91.05435,25.10646],[91.05445,25.10646],[91.05445,25.10655],[91.05454,25.10656],[91.05455,25.10637],[91.05435,25.10637],[91.05435,25.10619],[91.05445,25.10619],[91.05445,25.1061],[91.05465,25.10611],[91.05465,25.10601],[91.05475,25.10602],[91.05475,25.10611],[91.05515,25.10611],[91.05515,25.10593],[91.05525,25.10593],[91.05525,25.10611],[91.05534,25.10611],[91.05535,25.10593],[91.05555,25.10594],[91.05554,25.10612],[91.05544,25.10612],[91.05544,25.10621],[91.05554,25.10621],[91.05554,25.10648],[91.05524,25.10647],[91.05524,25.10638],[91.05514,25.10638],[91.05514,25.10629],[91.05495,25.10629],[91.05495,25.1062],[91.05465,25.1062],[91.05465,25.10629],[91.05485,25.10629],[91.05484,25.10638],[91.05504,25.10638],[91.05504,25.10647],[91.05514,25.10647],[91.05514,25.10656],[91.05524,25.10656],[91.05524,25.10674],[91.05514,25.10674],[91.05513,25.10701],[91.05503,25.10701]]]},"properties":{"id":"wetland_patch_4de09775ce14","date":"2026-07-12","area_km2":0.007,"pixel_count":70,"classification":"OPEN_WATER","interpretation_label":"HH darkening candidate","mean_delta_db":-4.847413090297154,"median_delta_db":-4.71802282333374,"hh_before":-14.48201984677996,"hh_after":-19.329432937077115,"hv_before":-24.744086374555316,"hv_after":-23.868601744515555,"delta_hh":-4.847413090297154,"delta_hv":0.8754846300397601,"valid_fraction":1.0,"valid_fraction_scope":"region bounding box, all four channels","vegetated_fraction":0.0,"quality_status":"PASS","spatial_status":"PARTIAL","temporal_status":"PARTIAL","temporal_overlap_fraction":0.0,"threshold_stability":"SENSITIVE","threshold_variation_fraction":0.27380952380952384,"evidence_state":"UNCERTAIN","centroid":[25.106419740223046,91.0549445899589],"data_source":"NISAR","evidence_method":"Rule consistency only; no accuracy estimate or independent reference validation.","baseline_method":"PER_PIXEL_MEDIAN","baseline_observation_count":2,"baseline_observation_dates":["2026-06-18","2026-06-30"],"baseline_hh_temporal_mad_db":1.0022087097167969,"baseline_scene_names":["NISAR_L2_PR_GCOV_023_069_A_014_4005_DHDH_A_20260618T232135_20260618T232210_P05023_N_F_J_001","NISAR_L2_PR_GCOV_024_069_A_014_4005_DHDH_A_20260630T232134_20260630T232209_P05023_N_F_J_001"],"contextual_land_cover":null,"distance_to_water_m":null,"context_status":"NOT_AVAILABLE","reference_validated":false}},{"type":"Feature","geometry":{"type":"Polygon","coordinates":[[[91.10114,25.10662],[91.10115,25.10644],[91.10085,25.10643],[91.10085,25.10634],[91.10095,25.10634],[91.10095,25.10625],[91.10105,25.10626],[91.10105,25.10617],[91.10095,25.10616],[91.10095,25.10607],[91.10085,25.10607],[91.10086,25.10598],[91.10066,25.10598],[91.10066,25.10589],[91.10096,25.10589],[91.10096,25.10562],[91.10086,25.10562],[91.10086,25.10553],[91.10096,25.10553],[91.10096,25.10544],[91.10106,25.10544],[91.10106,25.10526],[91.10097,25.10526],[91.10097,25.10508],[91.10107,25.10508],[91.10107,25.10499],[91.10127,25.10499],[91.10127,25.10508],[91.10137,25.10509],[91.10136,25.10518],[91.10146,25.10518],[91.10146,25.10527],[91.10166,25.10527],[91.10166,25.10545],[91.10156,25.10545],[91.10156,25.10554],[91.10126,25.10554],[91.10126,25.10563],[91.10106,25.10562],[91.10106,25.1058],[91.10116,25.10581],[91.10115,25.1059],[91.10106,25.10589],[91.10105,25.10598],[91.10115,25.10599],[91.10115,25.10608],[91.10125,25.10608],[91.10125,25.10599],[91.10135,25.10599],[91.10135,25.10608],[91.10145,25.10608],[91.10144,25.10635],[91.10135,25.10635],[91.10135,25.10626],[91.10125,25.10626],[91.10124,25.10662],[91.10114,25.10662]],[[91.10115,25.10626],[91.10125,25.10626],[91.10125,25.10617],[91.10115,25.10617],[91.10115,25.10626]],[[91.10136,25.10545],[91.10146,25.10545],[91.10146,25.10536],[91.10136,25.10536],[91.10136,25.10545]],[[91.10116,25.10535],[91.10126,25.10536],[91.10126,25.10517],[91.10117,25.10517],[91.10116,25.10535]]]},"properties":{"id":"wetland_patch_41507d9e6cdf","date":"2026-07-12","area_km2":0.006,"pixel_count":60,"classification":"OPEN_WATER","interpretation_label":"HH darkening candidate","mean_delta_db":-4.803373765945435,"median_delta_db":-4.374391555786133,"hh_before":-12.560228029886881,"hh_after":-17.363601795832317,"hv_before":-22.140975379943846,"hv_after":-21.808279593785603,"delta_hh":-4.803373765945435,"delta_hv":0.3326957861582438,"valid_fraction":1.0,"valid_fraction_scope":"region bounding box, all four channels","vegetated_fraction":0.0,"quality_status":"PASS","spatial_status":"PARTIAL","temporal_status":"PARTIAL","temporal_overlap_fraction":0.0,"threshold_stability":"STABLE","threshold_variation_fraction":0.19540229885057472,"evidence_state":"MODERATE","centroid":[25.105739253484852,91.10117159062386],"data_source":"NISAR","evidence_method":"Rule consistency only; no accuracy estimate or independent reference validation.","baseline_method":"PER_PIXEL_MEDIAN","baseline_observation_count":2,"baseline_observation_dates":["2026-06-18","2026-06-30"],"baseline_hh_temporal_mad_db":1.0022087097167969,"baseline_scene_names":["NISAR_L2_PR_GCOV_023_069_A_014_4005_DHDH_A_20260618T232135_20260618T232210_P05023_N_F_J_001","NISAR_L2_PR_GCOV_024_069_A_014_4005_DHDH_A_20260630T232134_20260630T232209_P05023_N_F_J_001"],"contextual_land_cover":null,"distance_to_water_m":null,"context_status":"NOT_AVAILABLE","reference_validated":false}},{"type":"Feature","geometry":{"type":"Polygon","coordinates":[[[91.09154,25.10586],[91.09154,25.10568],[91.09144,25.10568],[91.09144,25.10577],[91.09134,25.10577],[91.09134,25.10559],[91.09115,25.10559],[91.09115,25.1055],[91.09125,25.1055],[91.09125,25.10541],[91.09135,25.10541],[91.09135,25.10523],[91.09125,25.10523],[91.09125,25.10514],[91.09135,25.10514],[91.09135,25.10496],[91.09125,25.10496],[91.09126,25.10487],[91.09145,25.10487],[91.09146,25.10478],[91.09106,25.10477],[91.09106,25.10486],[91.09096,25.10486],[91.09096,25.10468],[91.09086,25.10468],[91.09086,25.1045],[91.09077,25.1045],[91.09077,25.10441],[91.09087,25.10441],[91.09087,25.10423],[91.09097,25.10423],[91.09097,25.10414],[91.09077,25.10414],[91.09077,25.10423],[91.09057,25.10422],[91.09057,25.10413],[91.09067,25.10414],[91.09067,25.10405],[91.09107,25.10405],[91.09107,25.10414],[91.09117,25.10414],[91.09116,25.10432],[91.09107,25.10432],[91.09106,25.10441],[91.09136,25.10442],[91.09136,25.10433],[91.09156,25.10433],[91.09156,25.10442],[91.09146,25.10442],[91.09146,25.10451],[91.09176,25.10451],[91.09176,25.1046],[91.09156,25.1046],[91.09155,25.10514],[91.09175,25.10514],[91.09175,25.10505],[91.09195,25.10506],[91.09195,25.10515],[91.09185,25.10514],[91.09184,25.10523],[91.09175,25.10523],[91.09174,25.1055],[91.09164,25.1055],[91.09164,25.10541],[91.09145,25.10541],[91.09144,25.10559],[91.09184,25.1056],[91.09184,25.10569],[91.09194,25.10569],[91.09193,25.10587],[91.09154,25.10586]],[[91.09164,25.10577],[91.09174,25.10577],[91.09174,25.10568],[91.09164,25.10568],[91.09164,25.10577]],[[91.09116,25.10468],[91.09126,25.10469],[91.09126,25.10459],[91.09146,25.1046],[91.09146,25.10451],[91.09116,25.1045],[91.09116,25.10468]],[[91.09096,25.1045],[91.09106,25.1045],[91.09106,25.10441],[91.09097,25.10441],[91.09096,25.1045]]]},"properties":{"id":"wetland_patch_bad6fa25ad72","date":"2026-07-12","area_km2":0.0083,"pixel_count":83,"classification":"OPEN_WATER","interpretation_label":"HH darkening candidate","mean_delta_db":-4.6079669400870085,"median_delta_db":-4.181814193725586,"hh_before":-13.570800700819635,"hh_after":-18.178767640906646,"hv_before":-23.392533658498742,"hv_after":-23.42312872553446,"delta_hh":-4.6079669400870085,"delta_hv":-0.03059506703572101,"valid_fraction":1.0,"valid_fraction_scope":"region bounding box, all four channels","vegetated_fraction":0.0,"quality_status":"PASS","spatial_status":"PARTIAL","temporal_status":"PARTIAL","temporal_overlap_fraction":0.0,"threshold_stability":"SENSITIVE","threshold_variation_fraction":0.36363636363636365,"evidence_state":"UNCERTAIN","centroid":[25.104933724982267,91.09134936988555],"data_source":"NISAR","evidence_method":"Rule consistency only; no accuracy estimate or independent reference validation.","baseline_method":"PER_PIXEL_MEDIAN","baseline_observation_count":2,"baseline_observation_dates":["2026-06-18","2026-06-30"],"baseline_hh_temporal_mad_db":1.0022087097167969,"baseline_scene_names":["NISAR_L2_PR_GCOV_023_069_A_014_4005_DHDH_A_20260618T232135_20260618T232210_P05023_N_F_J_001","NISAR_L2_PR_GCOV_024_069_A_014_4005_DHDH_A_20260630T232134_20260630T232209_P05023_N_F_J_001"],"contextual_land_cover":null,"distance_to_water_m":null,"context_status":"NOT_AVAILABLE","reference_validated":false}},{"type":"Feature","geometry":{"type":"Polygon","coordinates":[[[91.04605,25.10473],[91.04605,25.10464],[91.04595,25.10464],[91.04595,25.10455],[91.04605,25.10455],[91.04605,25.10446],[91.04615,25.10446],[91.04615,25.10419],[91.04566,25.10418],[91.04566,25.104],[91.04576,25.104],[91.04576,25.10409],[91.04586,25.10409],[91.04586,25.104],[91.04596,25.104],[91.04596,25.10409],[91.04626,25.1041],[91.04625,25.10419],[91.04635,25.10419],[91.04636,25.10401],[91.04616,25.10401],[91.04616,25.10392],[91.04626,25.10392],[91.04626,25.10374],[91.04636,25.10374],[91.04636,25.10365],[91.04646,25.10365],[91.04646,25.10356],[91.04656,25.10356],[91.04656,25.10365],[91.04676,25.10365],[91.04676,25.10356],[91.04696,25.10357],[91.04696,25.10366],[91.04686,25.10366],[91.04686,25.10375],[91.04695,25.10375],[91.04695,25.10384],[91.04705,25.10384],[91.04705,25.10393],[91.04715,25.10393],[91.04715,25.10411],[91.04725,25.10411],[91.04724,25.10429],[91.04705,25.10429],[91.04704,25.10438],[91.04724,25.10438],[91.04724,25.10465],[91.04704,25.10465],[91.04704,25.10447],[91.04675,25.10447],[91.04674,25.10456],[91.04684,25.10456],[91.04684,25.10465],[91.04664,25.10465],[91.04664,25.10456],[91.04635,25.10455],[91.04635,25.10464],[91.04625,25.10464],[91.04625,25.10455],[91.04615,25.10455],[91.04615,25.10473],[91.04605,25.10473]],[[91.04625,25.10446],[91.04635,25.10446],[91.04635,25.10437],[91.04625,25.10437],[91.04625,25.10446]],[[91.04635,25.10437],[91.04655,25.10437],[91.04655,25.10428],[91.04665,25.10428],[91.04665,25.10419],[91.04635,25.10419],[91.04635,25.10437]],[[91.04675,25.10438],[91.04685,25.10438],[91.04685,25.10429],[91.04675,25.10429],[91.04675,25.10438]],[[91.04685,25.10429],[91.04695,25.10429],[91.04695,25.1042],[91.04685,25.1042],[91.04685,25.10429]],[[91.04645,25.1041],[91.04655,25.1041],[91.04655,25.10401],[91.04645,25.10401],[91.04645,25.1041]],[[91.04675,25.10411],[91.04705,25.10411],[91.04705,25.10402],[91.04685,25.10402],[91.04685,25.10393],[91.04656,25.10392],[91.04655,25.10401],[91.04675,25.10402],[91.04675,25.10411]],[[91.04636,25.10392],[91.04646,25.10392],[91.04646,25.10383],[91.04666,25.10383],[91.04666,25.10374],[91.04636,25.10374],[91.04636,25.10392]],[[91.04676,25.10383],[91.04685,25.10384],[91.04686,25.10375],[91.04676,25.10374],[91.04676,25.10383]]]},"properties":{"id":"wetland_patch_0365c5011844","date":"2026-07-12","area_km2":0.0086,"pixel_count":86,"classification":"OPEN_WATER","interpretation_label":"HH darkening candidate","mean_delta_db":-4.899213990499807,"median_delta_db":-4.743032932281494,"hh_before":-13.390263036239979,"hh_after":-18.289477026739785,"hv_before":-22.962537455004316,"hv_after":-23.514442222062932,"delta_hh":-4.899213990499807,"delta_hv":-0.5519047670586165,"valid_fraction":1.0,"valid_fraction_scope":"region bounding box, all four channels","vegetated_fraction":0.0,"quality_status":"PASS","spatial_status":"PARTIAL","temporal_status":"PARTIAL","temporal_overlap_fraction":0.0,"threshold_stability":"STABLE","threshold_variation_fraction":0.17757009345794392,"evidence_state":"MODERATE","centroid":[25.104180032762038,91.04659853282125],"data_source":"NISAR","evidence_method":"Rule consistency only; no accuracy estimate or independent reference validation.","baseline_method":"PER_PIXEL_MEDIAN","baseline_observation_count":2,"baseline_observation_dates":["2026-06-18","2026-06-30"],"baseline_hh_temporal_mad_db":1.0022087097167969,"baseline_scene_names":["NISAR_L2_PR_GCOV_023_069_A_014_4005_DHDH_A_20260618T232135_20260618T232210_P05023_N_F_J_001","NISAR_L2_PR_GCOV_024_069_A_014_4005_DHDH_A_20260630T232134_20260630T232209_P05023_N_F_J_001"],"contextual_land_cover":null,"distance_to_water_m":null,"context_status":"NOT_AVAILABLE","reference_validated":false}},{"type":"Feature","geometry":{"type":"Polygon","coordinates":[[[91.05339,25.10446],[91.05339,25.10437],[91.05319,25.10437],[91.05319,25.10428],[91.05299,25.10428],[91.05299,25.10437],[91.05289,25.10437],[91.0529,25.10428],[91.0527,25.10427],[91.0527,25.10418],[91.0526,25.10418],[91.0526,25.10409],[91.0525,25.10409],[91.0525,25.104],[91.0526,25.104],[91.0526,25.10382],[91.05251,25.10382],[91.0525,25.10391],[91.05231,25.10391],[91.05231,25.10364],[91.05221,25.10364],[91.05221,25.10355],[91.05251,25.10355],[91.05251,25.10364],[91.05261,25.10364],[91.05261,25.10373],[91.053,25.10374],[91.053,25.10383],[91.0531,25.10383],[91.0531,25.10374],[91.0532,25.10374],[91.0532,25.10383],[91.05389,25.10384],[91.0539,25.10366],[91.0538,25.10366],[91.0538,25.10339],[91.0539,25.10339],[91.0539,25.10357],[91.054,25.10357],[91.054,25.10366],[91.05409,25.10366],[91.05409,25.10402],[91.05399,25.10402],[91.05399,25.10411],[91.05379,25.10411],[91.05379,25.10429],[91.05359,25.10429],[91.05359,25.10438],[91.05349,25.10437],[91.05349,25.10446],[91.05339,25.10446]],[[91.0527,25.10418],[91.0529,25.10419],[91.0529,25.1041],[91.0528,25.10409],[91.0528,25.10382],[91.0527,25.10382],[91.0527,25.10418]],[[91.05329,25.10419],[91.05339,25.10419],[91.05339,25.1041],[91.05329,25.1041],[91.05329,25.10419]],[[91.05369,25.10411],[91.05379,25.10411],[91.05379,25.10402],[91.05369,25.10402],[91.05369,25.10411]],[[91.053,25.10401],[91.0531,25.10401],[91.0531,25.10392],[91.053,25.10392],[91.053,25.10401]],[[91.0533,25.10401],[91.05339,25.10401],[91.0534,25.10392],[91.0533,25.10392],[91.0533,25.10401]],[[91.05349,25.10401],[91.05359,25.10401],[91.05359,25.10392],[91.0535,25.10392],[91.05349,25.10401]]]},"properties":{"id":"wetland_patch_ba256613b82a","date":"2026-07-12","area_km2":0.0088,"pixel_count":88,"classification":"OPEN_WATER","interpretation_label":"HH darkening candidate","mean_delta_db":-5.223306146535006,"median_delta_db":-5.133616924285889,"hh_before":-13.484722885218533,"hh_after":-18.70802903175354,"hv_before":-22.942193031311035,"hv_after":-23.55556024204601,"delta_hh":-5.223306146535006,"delta_hv":-0.6133672107349742,"valid_fraction":1.0,"valid_fraction_scope":"region bounding box, all four channels","vegetated_fraction":0.0,"quality_status":"PASS","spatial_status":"PARTIAL","temporal_status":"PARTIAL","temporal_overlap_fraction":0.0,"threshold_stability":"STABLE","threshold_variation_fraction":0.18487394957983194,"evidence_state":"MODERATE","centroid":[25.103972178627664,91.05323447075105],"data_source":"NISAR","evidence_method":"Rule consistency only; no accuracy estimate or independent reference validation.","baseline_method":"PER_PIXEL_MEDIAN","baseline_observation_count":2,"baseline_observation_dates":["2026-06-18","2026-06-30"],"baseline_hh_temporal_mad_db":1.0022087097167969,"baseline_scene_names":["NISAR_L2_PR_GCOV_023_069_A_014_4005_DHDH_A_20260618T232135_20260618T232210_P05023_N_F_J_001","NISAR_L2_PR_GCOV_024_069_A_014_4005_DHDH_A_20260630T232134_20260630T232209_P05023_N_F_J_001"],"contextual_land_cover":null,"distance_to_water_m":null,"context_status":"NOT_AVAILABLE","reference_validated":false}},{"type":"Feature","geometry":{"type":"Polygon","coordinates":[[[91.10771,25.10499],[91.10771,25.1049],[91.10742,25.10489],[91.10742,25.1048],[91.10752,25.1048],[91.10752,25.10471],[91.10742,25.10471],[91.10742,25.10462],[91.10752,25.10462],[91.10752,25.10444],[91.10732,25.10444],[91.10733,25.10435],[91.10723,25.10435],[91.10723,25.10426],[91.10733,25.10426],[91.10733,25.10417],[91.10723,25.10417],[91.10723,25.10408],[91.10733,25.10408],[91.10733,25.1039],[91.10723,25.1039],[91.10723,25.10381],[91.10704,25.1038],[91.10704,25.10371],[91.10694,25.10371],[91.10694,25.1038],[91.10684,25.1038],[91.10684,25.10389],[91.10674,25.10389],[91.10674,25.10371],[91.10684,25.10371],[91.10684,25.10353],[91.10694,25.10353],[91.10694,25.10362],[91.10714,25.10362],[91.10714,25.10344],[91.10724,25.10345],[91.10724,25.10336],[91.10714,25.10335],[91.10714,25.10326],[91.10704,25.10326],[91.10704,25.10335],[91.10684,25.10335],[91.10685,25.10326],[91.10665,25.10326],[91.10665,25.10299],[91.10675,25.10299],[91.10675,25.10281],[91.10666,25.10281],[91.10666,25.10263],[91.10676,25.10263],[91.10676,25.10254],[91.10686,25.10254],[91.10686,25.10236],[91.10646,25.10235],[91.10647,25.1019],[91.10637,25.1019],[91.10637,25.10199],[91.10627,25.10199],[91.10627,25.1019],[91.10607,25.1019],[91.10608,25.10172],[91.10618,25.10172],[91.10618,25.10154],[91.10628,25.10154],[91.10628,25.10136],[91.10638,25.10136],[91.10638,25.10163],[91.10647,25.10163],[91.10648,25.10145],[91.10668,25.10145],[91.10667,25.10154],[91.10658,25.10154],[91.10657,25.10163],[91.10677,25.10163],[91.10677,25.10172],[91.10687,25.10173],[91.10687,25.10164],[91.10697,25.10164],[91.10697,25.10155],[91.10707,25.10155],[91.10707,25.10182],[91.10687,25.10182],[91.10687,25.10191],[91.10667,25.1019],[91.10666,25.10217],[91.10676,25.10218],[91.10677,25.10209],[91.10686,25.10209],[91.10687,25.102],[91.10706,25.102],[91.10706,25.10218],[91.10696,25.10218],[91.10696,25.10227],[91.10706,25.10227],[91.10706,25.10236],[91.10716,25.10236],[91.10716,25.10227],[91.10726,25.10227],[91.10725,25.1029],[91.10735,25.10291],[91.10735,25.103],[91.10745,25.103],[91.10744,25.10309],[91.10734,25.10309],[91.10734,25.10318],[91.10744,25.10318],[91.10744,25.10363],[91.10753,25.10363],[91.10753,25.10381],[91.10763,25.10381],[91.10763,25.1039],[91.10773,25.1039],[91.10773,25.10399],[91.10763,25.10399],[91.10763,25.10408],[91.10753,25.10408],[91.10753,25.10417],[91.10763,25.10417],[91.10762,25.10435],[91.10772,25.10435],[91.10772,25.10454],[91.10782,25.10454],[91.10782,25.10463],[91.10762,25.10462],[91.10762,25.1048],[91.10791,25.10481],[91.10791,25.1049],[91.10781,25.1049],[91.10781,25.10499],[91.10771,25.10499]],[[91.10714,25.10372],[91.10724,25.10372],[91.10724,25.10363],[91.10714,25.10362],[91.10714,25.10372]],[[91.10685,25.10326],[91.10695,25.10326],[91.10695,25.10317],[91.10685,25.10317],[91.10685,25.10326]],[[91.10714,25.10326],[91.10724,25.10327],[91.10724,25.10317],[91.10715,25.10317],[91.10714,25.10326]],[[91.10685,25.10308],[91.10715,25.10308],[91.10715,25.10281],[91.10705,25.10281],[91.10705,25.10299],[91.10685,25.10299],[91.10685,25.10308]],[[91.10685,25.10281],[91.10695,25.10281],[91.10696,25.10254],[91.10686,25.10254],[91.10685,25.10281]],[[91.10676,25.10227],[91.10686,25.10227],[91.10686,25.10218],[91.10676,25.10218],[91.10676,25.10227]],[[91.10657,25.10181],[91.10667,25.10181],[91.10667,25.10172],[91.10657,25.10172],[91.10657,25.10181]],[[91.10628,25.10172],[91.10637,25.10172],[91.10638,25.10163],[91.10628,25.10163],[91.10628,25.10172]]]},"properties":{"id":"wetland_patch_8195b10f04ae","date":"2026-07-12","area_km2":0.0171,"pixel_count":171,"classification":"OPEN_WATER","interpretation_label":"HH darkening candidate","mean_delta_db":-4.64762970996879,"median_delta_db":-4.3227949142456055,"hh_before":-13.661094492639018,"hh_after":-18.308724202607806,"hv_before":-23.99247902318051,"hv_after":-24.613085607339066,"delta_hh":-4.64762970996879,"delta_hv":-0.6206065841585572,"valid_fraction":1.0,"valid_fraction_scope":"region bounding box, all four channels","vegetated_fraction":0.0,"quality_status":"PASS","spatial_status":"PARTIAL","temporal_status":"PARTIAL","temporal_overlap_fraction":0.03508771929824561,"threshold_stability":"SENSITIVE","threshold_variation_fraction":0.32459016393442625,"evidence_state":"UNCERTAIN","centroid":[25.103003417020975,91.107033835977],"data_source":"NISAR","evidence_method":"Rule consistency only; no accuracy estimate or independent reference validation.","baseline_method":"PER_PIXEL_MEDIAN","baseline_observation_count":2,"baseline_observation_dates":["2026-06-18","2026-06-30"],"baseline_hh_temporal_mad_db":1.0022087097167969,"baseline_scene_names":["NISAR_L2_PR_GCOV_023_069_A_014_4005_DHDH_A_20260618T232135_20260618T232210_P05023_N_F_J_001","NISAR_L2_PR_GCOV_024_069_A_014_4005_DHDH_A_20260630T232134_20260630T232209_P05023_N_F_J_001"],"contextual_land_cover":null,"distance_to_water_m":null,"context_status":"NOT_AVAILABLE","reference_validated":false}},{"type":"Feature","geometry":{"type":"Polygon","coordinates":[[[91.10668,25.10136],[91.10668,25.10127],[91.10658,25.10127],[91.10658,25.10109],[91.10638,25.10109],[91.10639,25.10091],[91.10649,25.10091],[91.10649,25.10073],[91.10679,25.10073],[91.10679,25.10064],[91.10669,25.10064],[91.10669,25.10055],[91.10649,25.10055],[91.10649,25.10046],[91.10659,25.10046],[91.10659,25.10037],[91.10649,25.10037],[91.1065,25.10019],[91.1066,25.10019],[91.1066,25.1001],[91.1065,25.1001],[91.1065,25.09992],[91.1067,25.09992],[91.1067,25.09983],[91.1066,25.09983],[91.1066,25.09974],[91.1068,25.09974],[91.1068,25.09965],[91.1067,25.09965],[91.10671,25.09956],[91.1068,25.09956],[91.10681,25.09938],[91.10691,25.09938],[91.10691,25.09929],[91.1072,25.09929],[91.1072,25.09938],[91.1071,25.09938],[91.1071,25.09965],[91.1069,25.09965],[91.1069,25.09992],[91.1072,25.09992],[91.10719,25.10001],[91.10709,25.10001],[91.10709,25.10028],[91.10699,25.10028],[91.10699,25.10055],[91.10709,25.10055],[91.10709,25.10046],[91.10729,25.10047],[91.10728,25.10065],[91.10718,25.10065],[91.10718,25.10074],[91.10728,25.10074],[91.10728,25.10083],[91.10758,25.10083],[91.10758,25.10092],[91.10738,25.10092],[91.10738,25.1011],[91.10747,25.1011],[91.10747,25.10119],[91.10727,25.10119],[91.10728,25.1011],[91.10718,25.1011],[91.10718,25.10119],[91.10708,25.10119],[91.10708,25.1011],[91.10698,25.10109],[91.10698,25.10119],[91.10688,25.10118],[91.10688,25.10127],[91.10698,25.10128],[91.10697,25.10137],[91.10668,25.10136]],[[91.10658,25.10109],[91.10678,25.10109],[91.10678,25.10091],[91.10688,25.10091],[91.10688,25.10082],[91.10669,25.10082],[91.10668,25.10091],[91.10659,25.10091],[91.10658,25.10109]],[[91.10688,25.10082],[91.10698,25.10082],[91.10698,25.10073],[91.10689,25.10073],[91.10688,25.10082]],[[91.10669,25.10046],[91.10679,25.10046],[91.10679,25.10028],[91.10659,25.10028],[91.10659,25.10037],[91.10669,25.10037],[91.10669,25.10046]],[[91.1066,25.1001],[91.1069,25.1001],[91.1069,25.10001],[91.1066,25.10001],[91.1066,25.1001]],[[91.1069,25.09956],[91.107,25.09956],[91.107,25.09947],[91.1069,25.09947],[91.1069,25.09956]]]},"properties":{"id":"wetland_patch_e27387e97d31","date":"2026-07-12","area_km2":0.0107,"pixel_count":107,"classification":"OPEN_WATER","interpretation_label":"HH darkening candidate","mean_delta_db":-4.911071269311638,"median_delta_db":-4.654510498046875,"hh_before":-14.295420780360141,"hh_after":-19.20649204967178,"hv_before":-23.769733553734895,"hv_after":-24.716111958583937,"delta_hh":-4.911071269311638,"delta_hv":-0.9463784048490436,"valid_fraction":1.0,"valid_fraction_scope":"region bounding box, all four channels","vegetated_fraction":0.0,"quality_status":"PASS","spatial_status":"PARTIAL","temporal_status":"PARTIAL","temporal_overlap_fraction":0.42990654205607476,"threshold_stability":"SENSITIVE","threshold_variation_fraction":0.30714285714285716,"evidence_state":"UNCERTAIN","centroid":[25.100482782217426,91.10690535478699],"data_source":"NISAR","evidence_method":"Rule consistency only; no accuracy estimate or independent reference validation.","baseline_method":"PER_PIXEL_MEDIAN","baseline_observation_count":2,"baseline_observation_dates":["2026-06-18","2026-06-30"],"baseline_hh_temporal_mad_db":1.0022087097167969,"baseline_scene_names":["NISAR_L2_PR_GCOV_023_069_A_014_4005_DHDH_A_20260618T232135_20260618T232210_P05023_N_F_J_001","NISAR_L2_PR_GCOV_024_069_A_014_4005_DHDH_A_20260630T232134_20260630T232209_P05023_N_F_J_001"],"contextual_land_cover":null,"distance_to_water_m":null,"context_status":"NOT_AVAILABLE","reference_validated":false}},{"type":"Feature","geometry":{"type":"Polygon","coordinates":[[[91.08529,25.09937],[91.08529,25.09928],[91.0852,25.09928],[91.0852,25.09919],[91.0849,25.09919],[91.0849,25.09928],[91.0848,25.09928],[91.0848,25.09909],[91.0847,25.09909],[91.08471,25.09882],[91.08481,25.09882],[91.08481,25.09864],[91.08491,25.09864],[91.08491,25.09874],[91.0851,25.09874],[91.0851,25.09883],[91.0853,25.09883],[91.0853,25.09892],[91.0852,25.09892],[91.0852,25.09901],[91.0854,25.09901],[91.0854,25.09892],[91.0855,25.09892],[91.0855,25.09874],[91.0854,25.09874],[91.0854,25.09865],[91.0856,25.09865],[91.0856,25.09856],[91.0858,25.09857],[91.0858,25.09866],[91.0859,25.09866],[91.0859,25.09875],[91.0861,25.09875],[91.08609,25.09884],[91.08639,25.09884],[91.08639,25.09903],[91.08649,25.09903],[91.08649,25.09912],[91.08619,25.09911],[91.08619,25.09938],[91.08609,25.09938],[91.08609,25.09929],[91.08599,25.09929],[91.08599,25.09938],[91.08589,25.09938],[91.08589,25.0992],[91.08579,25.0992],[91.08579,25.09938],[91.08569,25.09938],[91.08569,25.09929],[91.08559,25.09929],[91.08559,25.0992],[91.08549,25.09919],[91.08549,25.09937],[91.08529,25.09937]],[[91.08539,25.09919],[91.08549,25.09919],[91.0855,25.0991],[91.0854,25.0991],[91.08539,25.09919]],[[91.08599,25.0992],[91.08609,25.0992],[91.08609,25.09902],[91.08599,25.09902],[91.08599,25.0992]],[[91.0849,25.0991],[91.085,25.0991],[91.085,25.09901],[91.0851,25.09901],[91.0851,25.09883],[91.085,25.09883],[91.085,25.09892],[91.0849,25.09892],[91.0849,25.0991]],[[91.0855,25.0991],[91.08559,25.09911],[91.0856,25.09901],[91.0855,25.09901],[91.0855,25.0991]],[[91.08579,25.09911],[91.08589,25.09911],[91.08589,25.09902],[91.08579,25.09902],[91.08579,25.09911]],[[91.08589,25.09902],[91.08599,25.09902],[91.08599,25.09893],[91.08589,25.09893],[91.08589,25.09902]],[[91.08619,25.09902],[91.08629,25.09902],[91.08629,25.09893],[91.08619,25.09893],[91.08619,25.09902]],[[91.0856,25.09892],[91.0857,25.09893],[91.0857,25.09866],[91.0856,25.09865],[91.0856,25.09892]]]},"properties":{"id":"wetland_patch_ee676ae710e3","date":"2026-07-12","area_km2":0.0079,"pixel_count":79,"classification":"OPEN_WATER","interpretation_label":"HH darkening candidate","mean_delta_db":-4.630249702477757,"median_delta_db":-4.290781021118164,"hh_before":-14.109162538866453,"hh_after":-18.739412241344212,"hv_before":-23.665575944924658,"hv_after":-23.50848393500606,"delta_hh":-4.630249702477757,"delta_hv":0.1570920099185992,"valid_fraction":0.9938271604938271,"valid_fraction_scope":"region bounding box, all four channels","vegetated_fraction":0.0,"quality_status":"PASS","spatial_status":"PARTIAL","temporal_status":"PARTIAL","temporal_overlap_fraction":0.0,"threshold_stability":"SENSITIVE","threshold_variation_fraction":0.23404255319148937,"evidence_state":"UNCERTAIN","centroid":[25.099007134965706,91.08556917144931],"data_source":"NISAR","evidence_method":"Rule consistency only; no accuracy estimate or independent reference validation.","baseline_method":"PER_PIXEL_MEDIAN","baseline_observation_count":2,"baseline_observation_dates":["2026-06-18","2026-06-30"],"baseline_hh_temporal_mad_db":1.0022087097167969,"baseline_scene_names":["NISAR_L2_PR_GCOV_023_069_A_014_4005_DHDH_A_20260618T232135_20260618T232210_P05023_N_F_J_001","NISAR_L2_PR_GCOV_024_069_A_014_4005_DHDH_A_20260630T232134_20260630T232209_P05023_N_F_J_001"],"contextual_land_cover":null,"distance_to_water_m":null,"context_status":"NOT_AVAILABLE","reference_validated":false}},{"type":"Feature","geometry":{"type":"Polygon","coordinates":[[[91.10516,25.0971],[91.10517,25.09647],[91.10487,25.09646],[91.10487,25.09664],[91.10477,25.09664],[91.10477,25.09646],[91.10467,25.09646],[91.10467,25.09637],[91.10477,25.09637],[91.10477,25.09628],[91.10467,25.09628],[91.10467,25.09619],[91.10438,25.09619],[91.10437,25.09637],[91.10408,25.09636],[91.10408,25.09627],[91.10418,25.09627],[91.10418,25.09609],[91.10408,25.09609],[91.10408,25.096],[91.10398,25.096],[91.10399,25.09591],[91.10428,25.09591],[91.10428,25.09582],[91.10409,25.09582],[91.10409,25.09573],[91.10399,25.09573],[91.10399,25.09582],[91.10379,25.09582],[91.10379,25.09573],[91.10369,25.09573],[91.10369,25.09555],[91.10379,25.09555],[91.10379,25.09546],[91.10389,25.09546],[91.1039,25.09519],[91.104,25.09519],[91.10399,25.09555],[91.10409,25.09555],[91.10409,25.09537],[91.10419,25.09537],[91.10419,25.09528],[91.10439,25.09528],[91.10439,25.09519],[91.10449,25.0952],[91.10449,25.0951],[91.10439,25.0951],[91.1044,25.09501],[91.1042,25.09501],[91.1042,25.09492],[91.1043,25.09492],[91.1043,25.09483],[91.1041,25.09483],[91.1041,25.09465],[91.104,25.09465],[91.10401,25.09447],[91.10411,25.09447],[91.10411,25.09456],[91.1042,25.09456],[91.10421,25.09447],[91.1043,25.09447],[91.10431,25.09438],[91.10401,25.09438],[91.10401,25.09429],[91.10391,25.09428],[91.10391,25.09419],[91.10371,25.09419],[91.10372,25.0941],[91.10362,25.0941],[91.10362,25.09401],[91.10352,25.09401],[91.10352,25.09392],[91.10372,25.09392],[91.10372,25.09401],[91.10392,25.09401],[91.10392,25.09392],[91.10402,25.09393],[91.10402,25.09383],[91.10382,25.09383],[91.10382,25.09374],[91.10372,25.09374],[91.10372,25.09365],[91.10382,25.09365],[91.10382,25.09356],[91.10363,25.09356],[91.10362,25.09374],[91.10352,25.09374],[91.10353,25.09347],[91.10382,25.09347],[91.10383,25.09338],[91.10373,25.09338],[91.10373,25.09329],[91.10412,25.09329],[91.10412,25.09338],[91.10422,25.09339],[91.10423,25.09321],[91.10442,25.09321],[91.10442,25.09339],[91.10432,25.09339],[91.10432,25.09348],[91.10442,25.09348],[91.10442,25.09375],[91.10451,25.09375],[91.10452,25.09348],[91.10472,25.09348],[91.10472,25.0933],[91.10482,25.0933],[91.10482,25.09312],[91.10502,25.09313],[91.10502,25.09322],[91.10492,25.09321],[91.10492,25.0934],[91.10511,25.0934],[91.10511,25.09367],[91.10521,25.09367],[91.10521,25.09358],[91.10531,25.09358],[91.10531,25.09349],[91.10541,25.09349],[91.10541,25.09367],[91.10531,25.09367],[91.10531,25.09376],[91.10551,25.09376],[91.1055,25.09385],[91.1057,25.09386],[91.1057,25.09404],[91.1058,25.09404],[91.1058,25.09413],[91.1059,25.09413],[91.1059,25.09422],[91.10599,25.09422],[91.10599,25.0944],[91.10619,25.0944],[91.10619,25.09431],[91.10639,25.09432],[91.10639,25.0945],[91.10649,25.0945],[91.10648,25.09459],[91.10639,25.09459],[91.10638,25.09468],[91.10619,25.09468],[91.10618,25.09477],[91.10628,25.09477],[91.10628,25.09495],[91.10638,25.09495],[91.10638,25.09504],[91.10618,25.09504],[91.10618,25.09513],[91.10638,25.09513],[91.10638,25.09522],[91.10647,25.09522],[91.10647,25.09531],[91.10637,25.09531],[91.10637,25.0954],[91.10657,25.0954],[91.10657,25.09549],[91.10627,25.09549],[91.10627,25.09558],[91.10657,25.09558],[91.10657,25.09567],[91.10647,25.09567],[91.10646,25.09594],[91.10617,25.09594],[91.10617,25.09585],[91.10607,25.09585],[91.10607,25.09594],[91.10587,25.09593],[91.10587,25.09575],[91.10597,25.09576],[91.10597,25.09558],[91.10578,25.09557],[91.10578,25.09548],[91.10568,25.09548],[91.10568,25.09512],[91.10558,25.09512],[91.10558,25.09521],[91.10538,25.09521],[91.10539,25.09494],[91.10519,25.09493],[91.10519,25.09484],[91.10529,25.09484],[91.10529,25.09466],[91.10519,25.09466],[91.10519,25.09475],[91.10509,25.09475],[91.10509,25.09484],[91.10499,25.09484],[91.10499,25.09493],[91.10509,25.09493],[91.10509,25.09529],[91.10499,25.09529],[91.10499,25.0952],[91.10479,25.0952],[91.10479,25.09538],[91.10459,25.09538],[91.10459,25.09556],[91.10468,25.09556],[91.10468,25.09565],[91.10458,25.09565],[91.10458,25.09574],[91.10448,25.09574],[91.10448,25.09583],[91.10488,25.09583],[91.10488,25.09565],[91.10478,25.09565],[91.10479,25.09547],[91.10488,25.09547],[91.10489,25.09538],[91.10518,25.09538],[91.10518,25.09557],[91.10508,25.09556],[91.10508,25.09547],[91.10498,25.09547],[91.10498,25.09565],[91.10508,25.09565],[91.10508,25.09574],[91.10518,25.09575],[91.10518,25.09584],[91.10528,25.09584],[91.10527,25.09593],[91.10537,25.09593],[91.10537,25.09611],[91.10527,25.09611],[91.10527,25.0962],[91.10507,25.0962],[91.10507,25.09629],[91.10517,25.09629],[91.10517,25.09638],[91.10527,25.09638],[91.10527,25.09629],[91.10537,25.09629],[91.10537,25.0962],[91.10547,25.0962],[91.10547,25.09629],[91.10557,25.09629],[91.10556,25.09638],[91.10547,25.09638],[91.10546,25.09647],[91.10556,25.09647],[91.10556,25.09656],[91.10566,25.09656],[91.10566,25.09674],[91.10546,25.09674],[91.10546,25.09692],[91.10536,25.09692],[91.10536,25.09674],[91.10526,25.09674],[91.10526,25.0971],[91.10516,25.0971]],[[91.10497,25.09637],[91.10507,25.09638],[91.10507,25.09629],[91.10497,25.09628],[91.10497,25.09637]],[[91.10487,25.09628],[91.10497,25.09628],[91.10497,25.09619],[91.10487,25.09619],[91.10487,25.09628]],[[91.10467,25.09619],[91.10477,25.09619],[91.10478,25.09592],[91.10458,25.09592],[91.10458,25.09601],[91.10468,25.09601],[91.10467,25.09619]],[[91.10497,25.0961],[91.10527,25.09611],[91.10527,25.09602],[91.10517,25.09602],[91.10517,25.09593],[91.10508,25.09592],[91.10507,25.09602],[91.10498,25.09601],[91.10497,25.0961]],[[91.10627,25.09585],[91.10637,25.09585],[91.10637,25.09576],[91.10627,25.09576],[91.10627,25.09585]],[[91.10379,25.09573],[91.10389,25.09573],[91.10389,25.09564],[91.10379,25.09564],[91.10379,25.09573]],[[91.10429,25.09573],[91.10448,25.09574],[91.10449,25.09565],[91.10429,25.09564],[91.10429,25.09573]],[[91.10607,25.09576],[91.10627,25.09576],[91.10627,25.09558],[91.10607,25.09558],[91.10607,25.09576]],[[91.10419,25.09564],[91.10429,25.09564],[91.10429,25.09546],[91.10419,25.09546],[91.10419,25.09564]],[[91.10607,25.09549],[91.10617,25.09549],[91.10617,25.0954],[91.10608,25.0954],[91.10607,25.09549]],[[91.10578,25.09539],[91.10608,25.0954],[91.10608,25.09531],[91.10618,25.09531],[91.10618,25.09522],[91.10588,25.09521],[91.10588,25.09512],[91.10578,25.09512],[91.10578,25.09539]],[[91.10459,25.09529],[91.10469,25.09529],[91.10469,25.09502],[91.10459,25.09502],[91.10459,25.09529]],[[91.10568,25.09512],[91.10578,25.09512],[91.10578,25.09503],[91.10568,25.09503],[91.10568,25.09512]],[[91.1046,25.09493],[91.10489,25.09493],[91.10489,25.09484],[91.1046,25.09484],[91.1046,25.09493]],[[91.10559,25.09494],[91.10618,25.09495],[91.10618,25.09486],[91.10608,25.09485],[91.10608,25.09476],[91.10599,25.09476],[91.10598,25.09485],[91.10589,25.09485],[91.10589,25.09476],[91.10549,25.09476],[91.10549,25.09485],[91.10559,25.09485],[91.10559,25.09494]],[[91.1043,25.09474],[91.1044,25.09474],[91.1044,25.09465],[91.1043,25.09465],[91.1043,25.09474]],[[91.1048,25.09475],[91.10499,25.09475],[91.105,25.09466],[91.1051,25.09466],[91.1051,25.09457],[91.1052,25.09457],[91.1052,25.09439],[91.1051,25.09439],[91.1051,25.09421],[91.105,25.09421],[91.105,25.09439],[91.1049,25.09439],[91.1049,25.0943],[91.1048,25.0943],[91.1048,25.09448],[91.1049,25.09448],[91.1049,25.09466],[91.1048,25.09466],[91.1048,25.09475]],[[91.10539,25.09476],[91.10549,25.09476],[91.10549,25.09458],[91.10539,25.09457],[91.10539,25.09476]],[[91.1045,25.09465],[91.1046,25.09465],[91.1046,25.09456],[91.1047,25.09457],[91.1047,25.09448],[91.1046,25.09447],[91.10461,25.09429],[91.10451,25.09429],[91.1045,25.09447],[91.1044,25.09447],[91.1044,25.09456],[91.1045,25.09456],[91.1045,25.09465]],[[91.10569,25.09467],[91.10579,25.09467],[91.10579,25.09458],[91.10569,25.09458],[91.10569,25.09467]],[[91.10619,25.09458],[91.10629,25.09459],[91.10629,25.0945],[91.10619,25.09449],[91.10619,25.09458]],[[91.1054,25.09448],[91.10549,25.09449],[91.1055,25.0944],[91.1054,25.09439],[91.1054,25.09448]],[[91.10431,25.09438],[91.10441,25.09438],[91.10441,25.09429],[91.10431,25.09429],[91.10431,25.09438]],[[91.1052,25.09439],[91.1054,25.09439],[91.1054,25.0943],[91.1055,25.09431],[91.1055,25.09421],[91.1054,25.09421],[91.1054,25.09412],[91.1053,25.09412],[91.1053,25.0943],[91.1052,25.0943],[91.1052,25.09439]],[[91.10579,25.0944],[91.10589,25.0944],[91.1059,25.09422],[91.1058,25.09422],[91.10579,25.0944]],[[91.10391,25.09419],[91.10431,25.0942],[91.10431,25.09384],[91.10422,25.09384],[91.10421,25.09393],[91.10412,25.09393],[91.10411,25.09411],[91.10391,25.0941],[91.10391,25.09419]],[[91.10441,25.0942],[91.10451,25.0942],[91.10451,25.09411],[91.10441,25.09411],[91.10441,25.0942]],[[91.10471,25.0942],[91.105,25.09421],[91.105,25.09412],[91.10491,25.09412],[91.10491,25.09394],[91.10501,25.09394],[91.10501,25.09385],[91.10481,25.09385],[91.10481,25.09403],[91.10461,25.09402],[91.10461,25.09411],[91.10471,25.09411],[91.10471,25.0942]],[[91.10451,25.09402],[91.10461,25.09402],[91.10461,25.09393],[91.10451,25.09393],[91.10451,25.09402]],[[91.10521,25.09394],[91.1053,25.09394],[91.10531,25.09385],[91.10521,25.09385],[91.10521,25.09394]],[[91.1054,25.09394],[91.1055,25.09394],[91.1055,25.09385],[91.1054,25.09385],[91.1054,25.09394]],[[91.10491,25.09367],[91.10501,25.09367],[91.10501,25.09349],[91.10491,25.09349],[91.10491,25.09367]],[[91.10412,25.09357],[91.10422,25.09357],[91.10422,25.09348],[91.10412,25.09348],[91.10412,25.09357]]]},"properties":{"id":"wetland_patch_ef530c903021","date":"2026-07-12","area_km2":0.049,"pixel_count":490,"classification":"OPEN_WATER","interpretation_label":"HH darkening candidate","mean_delta_db":-4.847121887790913,"median_delta_db":-4.422471046447754,"hh_before":-15.357199438250795,"hh_after":-20.204321326041708,"hv_before":-24.68190173129646,"hv_after":-24.619591516377973,"delta_hh":-4.847121887790913,"delta_hv":0.06231021491848693,"valid_fraction":1.0,"valid_fraction_scope":"region bounding box, all four channels","vegetated_fraction":0.0,"quality_status":"PASS","spatial_status":"PARTIAL","temporal_status":"PARTIAL","temporal_overlap_fraction":0.0,"threshold_stability":"SENSITIVE","threshold_variation_fraction":0.2766798418972332,"evidence_state":"UNCERTAIN","centroid":[25.09486692063547,91.10497338459115],"data_source":"NISAR","evidence_method":"Rule consistency only; no accuracy estimate or independent reference validation.","baseline_method":"PER_PIXEL_MEDIAN","baseline_observation_count":2,"baseline_observation_dates":["2026-06-18","2026-06-30"],"baseline_hh_temporal_mad_db":1.0022087097167969,"baseline_scene_names":["NISAR_L2_PR_GCOV_023_069_A_014_4005_DHDH_A_20260618T232135_20260618T232210_P05023_N_F_J_001","NISAR_L2_PR_GCOV_024_069_A_014_4005_DHDH_A_20260630T232134_20260630T232209_P05023_N_F_J_001"],"contextual_land_cover":null,"distance_to_water_m":null,"context_status":"NOT_AVAILABLE","reference_validated":false}},{"type":"Feature","geometry":{"type":"Polygon","coordinates":[[[91.10664,25.09712],[91.10664,25.09703],[91.10635,25.09702],[91.10635,25.09693],[91.10615,25.09693],[91.10615,25.09702],[91.10605,25.09702],[91.10605,25.09684],[91.10615,25.09684],[91.10616,25.09657],[91.10626,25.09657],[91.10625,25.09666],[91.10645,25.09666],[91.10645,25.09657],[91.10655,25.09658],[91.10655,25.09667],[91.10675,25.09667],[91.10675,25.09676],[91.10665,25.09676],[91.10665,25.09685],[91.10655,25.09685],[91.10655,25.09676],[91.10645,25.09675],[91.10645,25.09694],[91.10684,25.09694],[91.10685,25.09676],[91.10695,25.09676],[91.10695,25.09649],[91.10685,25.09649],[91.10685,25.09658],[91.10675,25.09658],[91.10675,25.09649],[91.10665,25.09649],[91.10665,25.0964],[91.10656,25.0964],[91.10656,25.0963],[91.10676,25.09631],[91.10675,25.0964],[91.10685,25.0964],[91.10686,25.09613],[91.10706,25.09613],[91.10706,25.09586],[91.10716,25.09586],[91.10716,25.09577],[91.10726,25.09577],[91.10725,25.09613],[91.10715,25.09613],[91.10715,25.09631],[91.10725,25.09631],[91.10725,25.0964],[91.10705,25.0964],[91.10705,25.09676],[91.10714,25.09676],[91.10714,25.09685],[91.10695,25.09685],[91.10694,25.09703],[91.10684,25.09703],[91.10684,25.09712],[91.10664,25.09712]],[[91.10625,25.09684],[91.10635,25.09684],[91.10635,25.09675],[91.10625,25.09675],[91.10625,25.09684]]]},"properties":{"id":"wetland_patch_b1b7c41bf617","date":"2026-07-12","area_km2":0.0055,"pixel_count":55,"classification":"OPEN_WATER","interpretation_label":"HH darkening candidate","mean_delta_db":-4.34554086598483,"median_delta_db":-4.133525848388672,"hh_before":-13.611164834282615,"hh_after":-17.956705700267445,"hv_before":-22.081100169095127,"hv_after":-22.137486024336383,"delta_hh":-4.34554086598483,"delta_hv":-0.05638585524125533,"valid_fraction":1.0,"valid_fraction_scope":"region bounding box, all four channels","vegetated_fraction":0.0,"quality_status":"PASS","spatial_status":"PARTIAL","temporal_status":"PARTIAL","temporal_overlap_fraction":0.0,"threshold_stability":"SENSITIVE","threshold_variation_fraction":0.25263157894736843,"evidence_state":"UNCERTAIN","centroid":[25.096567645944997,91.10676105079118],"data_source":"NISAR","evidence_method":"Rule consistency only; no accuracy estimate or independent reference validation.","baseline_method":"PER_PIXEL_MEDIAN","baseline_observation_count":2,"baseline_observation_dates":["2026-06-18","2026-06-30"],"baseline_hh_temporal_mad_db":1.0022087097167969,"baseline_scene_names":["NISAR_L2_PR_GCOV_023_069_A_014_4005_DHDH_A_20260618T232135_20260618T232210_P05023_N_F_J_001","NISAR_L2_PR_GCOV_024_069_A_014_4005_DHDH_A_20260630T232134_20260630T232209_P05023_N_F_J_001"],"contextual_land_cover":null,"distance_to_water_m":null,"context_status":"NOT_AVAILABLE","reference_validated":false}},{"type":"Feature","geometry":{"type":"Polygon","coordinates":[[[91.10363,25.0932],[91.10363,25.09302],[91.10373,25.09302],[91.10373,25.09293],[91.10363,25.09293],[91.10364,25.09284],[91.10344,25.09283],[91.10344,25.09274],[91.10294,25.09274],[91.10294,25.09283],[91.10284,25.09283],[91.10284,25.09301],[91.10264,25.093],[91.10265,25.09273],[91.10275,25.09274],[91.10275,25.09265],[91.10245,25.09264],[91.10245,25.09255],[91.10255,25.09255],[91.10255,25.09246],[91.10265,25.09246],[91.10265,25.09228],[91.10285,25.09229],[91.10285,25.0922],[91.10275,25.09219],[91.10276,25.0921],[91.10285,25.0921],[91.10286,25.09201],[91.10256,25.09201],[91.10256,25.09183],[91.10266,25.09183],[91.10266,25.09156],[91.10276,25.09156],[91.10276,25.09147],[91.10286,25.09147],[91.10287,25.09129],[91.10267,25.09129],[91.10267,25.0912],[91.10277,25.0912],[91.10277,25.09111],[91.10267,25.09111],[91.10267,25.09102],[91.10257,25.09102],[91.10258,25.09093],[91.10277,25.09093],[91.10277,25.09084],[91.10268,25.09084],[91.10268,25.09075],[91.10258,25.09075],[91.10258,25.09066],[91.10288,25.09066],[91.10288,25.09075],[91.10307,25.09075],[91.10307,25.09084],[91.10327,25.09085],[91.10327,25.09076],[91.10317,25.09075],[91.10318,25.09057],[91.10327,25.09058],[91.10328,25.09039],[91.10338,25.0904],[91.10338,25.09022],[91.10328,25.09021],[91.10328,25.09012],[91.10338,25.09013],[91.10338,25.08994],[91.10328,25.08994],[91.10329,25.08976],[91.10349,25.08977],[91.10348,25.0904],[91.10367,25.0904],[91.10367,25.09049],[91.10377,25.09049],[91.10377,25.09031],[91.10387,25.09031],[91.10387,25.09022],[91.10397,25.09022],[91.10397,25.09031],[91.10407,25.09031],[91.10407,25.09041],[91.10397,25.0904],[91.10396,25.09086],[91.10426,25.09086],[91.10426,25.09104],[91.10416,25.09104],[91.10416,25.09113],[91.10406,25.09113],[91.10406,25.09104],[91.10396,25.09104],[91.10396,25.09113],[91.10366,25.09112],[91.10366,25.09121],[91.10426,25.09122],[91.10425,25.09131],[91.10416,25.09131],[91.10415,25.09149],[91.10435,25.09149],[91.10435,25.09158],[91.10425,25.09158],[91.10425,25.09176],[91.10435,25.09176],[91.10435,25.09185],[91.10425,25.09185],[91.10424,25.09194],[91.10434,25.09194],[91.10434,25.09212],[91.10444,25.09213],[91.10444,25.09222],[91.10424,25.09221],[91.10424,25.0923],[91.10414,25.0923],[91.10414,25.09221],[91.10404,25.09221],[91.10403,25.09284],[91.10413,25.09284],[91.10413,25.09293],[91.10423,25.09293],[91.10423,25.09284],[91.10433,25.09285],[91.10433,25.09312],[91.10423,25.09312],[91.10423,25.09321],[91.10383,25.0932],[91.10383,25.09311],[91.10373,25.09311],[91.10373,25.0932],[91.10363,25.0932]],[[91.10383,25.09302],[91.10393,25.09302],[91.10393,25.09293],[91.10403,25.09293],[91.10403,25.09284],[91.10383,25.09284],[91.10383,25.09302]],[[91.10344,25.09274],[91.10354,25.09275],[91.10354,25.09266],[91.10344,25.09265],[91.10344,25.09274]],[[91.10285,25.09265],[91.10295,25.09265],[91.10295,25.09256],[91.10305,25.09256],[91.10304,25.09265],[91.10324,25.09265],[91.10324,25.09256],[91.10314,25.09256],[91.10315,25.09247],[91.10325,25.09247],[91.10325,25.09229],[91.10345,25.09229],[91.10345,25.0922],[91.10305,25.0922],[91.10305,25.09211],[91.10295,25.09211],[91.10295,25.09229],[91.10285,25.09229],[91.10285,25.09247],[91.10275,25.09246],[91.10275,25.09255],[91.10285,25.09256],[91.10285,25.09265]],[[91.10354,25.09256],[91.10364,25.09257],[91.10364,25.09248],[91.10354,25.09247],[91.10354,25.09256]],[[91.10355,25.0922],[91.10365,25.09221],[91.10365,25.09202],[91.10375,25.09203],[91.10375,25.09221],[91.10384,25.09221],[91.10385,25.09212],[91.10394,25.09212],[91.10395,25.09194],[91.10385,25.09194],[91.10385,25.09185],[91.10405,25.09185],[91.10405,25.09176],[91.10395,25.09176],[91.10395,25.09167],[91.10385,25.09167],[91.10385,25.09158],[91.10356,25.09157],[91.10356,25.0913],[91.10346,25.0913],[91.10346,25.09139],[91.10316,25.09139],[91.10317,25.09112],[91.10297,25.09111],[91.10297,25.09129],[91.10307,25.09129],[91.10306,25.09157],[91.10326,25.09157],[91.10326,25.09175],[91.10296,25.09174],[91.10296,25.09184],[91.10316,25.09184],[91.10315,25.09193],[91.10325,25.09193],[91.10325,25.09184],[91.10335,25.09184],[91.10335,25.09193],[91.10345,25.09193],[91.10345,25.09202],[91.10355,25.09202],[91.10355,25.0922]],[[91.10405,25.09194],[91.10415,25.09194],[91.10415,25.09185],[91.10405,25.09185],[91.10405,25.09194]],[[91.10276,25.09165],[91.10286,25.09165],[91.10286,25.09156],[91.10276,25.09156],[91.10276,25.09165]],[[91.10386,25.09149],[91.10395,25.09149],[91.10396,25.0914],[91.10386,25.0914],[91.10386,25.09149]],[[91.10287,25.09102],[91.10327,25.09103],[91.10327,25.09094],[91.10307,25.09093],[91.10307,25.09084],[91.10287,25.09084],[91.10287,25.09102]],[[91.10337,25.09103],[91.10347,25.09103],[91.10347,25.09094],[91.10337,25.09094],[91.10337,25.09103]],[[91.10357,25.09094],[91.10367,25.09094],[91.10367,25.09085],[91.10377,25.09085],[91.10376,25.09094],[91.10386,25.09094],[91.10387,25.09067],[91.10377,25.09067],[91.10377,25.09076],[91.10347,25.09076],[91.10347,25.09085],[91.10357,25.09085],[91.10357,25.09094]],[[91.10337,25.09076],[91.10347,25.09076],[91.10347,25.09067],[91.10337,25.09067],[91.10337,25.09076]],[[91.10327,25.09067],[91.10337,25.09067],[91.10337,25.09058],[91.10327,25.09058],[91.10327,25.09067]],[[91.10357,25.09067],[91.10367,25.09067],[91.10367,25.09058],[91.10357,25.09058],[91.10357,25.09067]],[[91.10337,25.09058],[91.10347,25.09058],[91.10347,25.09049],[91.10337,25.09049],[91.10337,25.09058]],[[91.10377,25.09058],[91.10387,25.09058],[91.10387,25.09049],[91.10377,25.09049],[91.10377,25.09058]]]},"properties":{"id":"wetland_patch_42e94980a754","date":"2026-07-12","area_km2":0.0304,"pixel_count":304,"classification":"OPEN_WATER","interpretation_label":"HH darkening candidate","mean_delta_db":-4.94786294039927,"median_delta_db":-4.665304660797119,"hh_before":-14.862719797774366,"hh_after":-19.810582738173636,"hv_before":-24.246296816750576,"hv_after":-24.328333998981275,"delta_hh":-4.94786294039927,"delta_hv":-0.08203718223069843,"valid_fraction":1.0,"valid_fraction_scope":"region bounding box, all four channels","vegetated_fraction":0.0,"quality_status":"PASS","spatial_status":"PARTIAL","temporal_status":"PARTIAL","temporal_overlap_fraction":0.0,"threshold_stability":"SENSITIVE","threshold_variation_fraction":0.2191142191142191,"evidence_state":"UNCERTAIN","centroid":[25.091726295101292,91.10349315753838],"data_source":"NISAR","evidence_method":"Rule consistency only; no accuracy estimate or independent reference validation.","baseline_method":"PER_PIXEL_MEDIAN","baseline_observation_count":2,"baseline_observation_dates":["2026-06-18","2026-06-30"],"baseline_hh_temporal_mad_db":1.0022087097167969,"baseline_scene_names":["NISAR_L2_PR_GCOV_023_069_A_014_4005_DHDH_A_20260618T232135_20260618T232210_P05023_N_F_J_001","NISAR_L2_PR_GCOV_024_069_A_014_4005_DHDH_A_20260630T232134_20260630T232209_P05023_N_F_J_001"],"contextual_land_cover":null,"distance_to_water_m":null,"context_status":"NOT_AVAILABLE","reference_validated":false}},{"type":"Feature","geometry":{"type":"Polygon","coordinates":[[[91.09333,25.09289],[91.09333,25.0928],[91.09323,25.09279],[91.09323,25.0927],[91.09303,25.0927],[91.09303,25.09243],[91.09353,25.09244],[91.09353,25.09235],[91.09363,25.09235],[91.09363,25.09226],[91.09413,25.09226],[91.09413,25.09217],[91.09423,25.09217],[91.09423,25.09236],[91.09442,25.09236],[91.09442,25.09245],[91.09452,25.09245],[91.09452,25.09263],[91.09462,25.09263],[91.09462,25.09245],[91.09472,25.09245],[91.09471,25.09281],[91.09461,25.09281],[91.09462,25.09272],[91.09412,25.09272],[91.09412,25.09281],[91.09402,25.0928],[91.09403,25.09244],[91.09393,25.09244],[91.09393,25.09235],[91.09383,25.09235],[91.09383,25.09253],[91.09393,25.09253],[91.09392,25.09271],[91.09372,25.09271],[91.09372,25.0928],[91.09352,25.0928],[91.09352,25.09289],[91.09333,25.09289]],[[91.09343,25.0928],[91.09352,25.0928],[91.09353,25.09271],[91.09363,25.09271],[91.09363,25.09262],[91.09373,25.09262],[91.09373,25.09244],[91.09363,25.09244],[91.09363,25.09253],[91.09353,25.09253],[91.09353,25.09262],[91.09343,25.09262],[91.09343,25.0928]],[[91.09313,25.09261],[91.09323,25.09261],[91.09323,25.09252],[91.09313,25.09252],[91.09313,25.09261]],[[91.09422,25.09263],[91.09432,25.09263],[91.09432,25.09254],[91.09422,25.09254],[91.09422,25.09263]],[[91.09432,25.09254],[91.09442,25.09254],[91.09442,25.09245],[91.09432,25.09245],[91.09432,25.09254]]]},"properties":{"id":"wetland_patch_773ddbc6ec3b","date":"2026-07-12","area_km2":0.006,"pixel_count":60,"classification":"OPEN_WATER","interpretation_label":"HH darkening candidate","mean_delta_db":-5.033770581086476,"median_delta_db":-4.973543167114258,"hh_before":-13.935719867547354,"hh_after":-18.96949044863383,"hv_before":-22.93481650352478,"hv_after":-23.999295043945313,"delta_hh":-5.033770581086476,"delta_hv":-1.0644785404205321,"valid_fraction":0.8823529411764706,"valid_fraction_scope":"region bounding box, all four channels","vegetated_fraction":0.0,"quality_status":"PASS","spatial_status":"PARTIAL","temporal_status":"PARTIAL","temporal_overlap_fraction":0.0,"threshold_stability":"SENSITIVE","threshold_variation_fraction":0.22666666666666666,"evidence_state":"UNCERTAIN","centroid":[25.092549260416888,91.09386726159548],"data_source":"NISAR","evidence_method":"Rule consistency only; no accuracy estimate or independent reference validation.","baseline_method":"PER_PIXEL_MEDIAN","baseline_observation_count":2,"baseline_observation_dates":["2026-06-18","2026-06-30"],"baseline_hh_temporal_mad_db":1.0022087097167969,"baseline_scene_names":["NISAR_L2_PR_GCOV_023_069_A_014_4005_DHDH_A_20260618T232135_20260618T232210_P05023_N_F_J_001","NISAR_L2_PR_GCOV_024_069_A_014_4005_DHDH_A_20260630T232134_20260630T232209_P05023_N_F_J_001"],"contextual_land_cover":null,"distance_to_water_m":null,"context_status":"NOT_AVAILABLE","reference_validated":false}}]}