{"type":"FeatureCollection","features":[{"type":"Feature","geometry":{"type":"Polygon","coordinates":[[[91.08914,25.1832],[91.08914,25.18311],[91.08905,25.18311],[91.08905,25.18302],[91.08895,25.18302],[91.08895,25.18293],[91.08875,25.18292],[91.08875,25.18301],[91.08865,25.18301],[91.08865,25.18292],[91.08845,25.18292],[91.08845,25.18301],[91.08825,25.18301],[91.08825,25.1831],[91.08815,25.1831],[91.08815,25.18301],[91.08796,25.183],[91.08795,25.18309],[91.08786,25.18309],[91.08786,25.18291],[91.08776,25.18291],[91.08776,25.18282],[91.08796,25.18282],[91.08796,25.18246],[91.08787,25.18246],[91.08786,25.18255],[91.08776,25.18255],[91.08776,25.18264],[91.08747,25.18264],[91.08746,25.18273],[91.08727,25.18272],[91.08727,25.18263],[91.08737,25.18263],[91.08737,25.18218],[91.08727,25.18218],[91.08728,25.18209],[91.08708,25.18209],[91.08708,25.182],[91.08718,25.182],[91.08718,25.18191],[91.08708,25.18191],[91.08708,25.18164],[91.08728,25.18164],[91.08728,25.18155],[91.08699,25.18155],[91.08698,25.18182],[91.08688,25.18182],[91.08689,25.18154],[91.08679,25.18154],[91.08679,25.18163],[91.08659,25.18163],[91.08659,25.18172],[91.08639,25.18172],[91.08639,25.18145],[91.08679,25.18145],[91.08679,25.18127],[91.08669,25.18127],[91.08669,25.18118],[91.0864,25.18118],[91.0864,25.18109],[91.0863,25.18109],[91.0863,25.181],[91.0864,25.181],[91.08641,25.18055],[91.08651,25.18055],[91.0865,25.18064],[91.0866,25.18064],[91.08661,25.18046],[91.08671,25.18046],[91.08671,25.18037],[91.08661,25.18037],[91.08661,25.18028],[91.08681,25.18028],[91.08681,25.18046],[91.0872,25.18047],[91.0872,25.18028],[91.08701,25.18028],[91.08701,25.18037],[91.08691,25.18037],[91.08691,25.18019],[91.08681,25.18019],[91.08681,25.1801],[91.08691,25.1801],[91.08691,25.17992],[91.08701,25.17992],[91.08701,25.18001],[91.08711,25.18001],[91.08711,25.1801],[91.08701,25.1801],[91.08701,25.18019],[91.08721,25.18019],[91.08721,25.1801],[91.08741,25.18011],[91.08741,25.17984],[91.08761,25.17984],[91.08761,25.17975],[91.08751,25.17975],[91.08751,25.17966],[91.08761,25.17966],[91.08761,25.17948],[91.08771,25.17948],[91.08771,25.17975],[91.08781,25.17975],[91.08781,25.17993],[91.08761,25.17993],[91.08761,25.18002],[91.08751,25.18002],[91.0875,25.18029],[91.0874,25.18029],[91.0874,25.18065],[91.0876,25.18065],[91.0876,25.18056],[91.0877,25.18056],[91.0877,25.18047],[91.0878,25.18047],[91.0878,25.18056],[91.08799,25.18057],[91.08799,25.18066],[91.08809,25.18066],[91.0881,25.18039],[91.0882,25.18039],[91.08819,25.18057],[91.08829,25.18057],[91.08829,25.18039],[91.08839,25.18039],[91.0884,25.18021],[91.0885,25.18021],[91.0885,25.18012],[91.0884,25.18012],[91.0884,25.18003],[91.0886,25.18003],[91.0886,25.18012],[91.0887,25.18012],[91.08869,25.18021],[91.08859,25.18021],[91.08859,25.1803],[91.08849,25.1803],[91.08849,25.18048],[91.08869,25.18048],[91.08869,25.18067],[91.08879,25.18067],[91.08879,25.18049],[91.08899,25.18049],[91.08899,25.18058],[91.08889,25.18058],[91.08888,25.18076],[91.08918,25.18076],[91.08918,25.18067],[91.08908,25.18067],[91.08909,25.18058],[91.08928,25.18058],[91.08928,25.18085],[91.08938,25.18085],[91.08938,25.18104],[91.08947,25.18104],[91.08947,25.18113],[91.08967,25.18113],[91.08967,25.18122],[91.08987,25.18122],[91.08987,25.18131],[91.09007,25.18131],[91.09007,25.18122],[91.09017,25.18123],[91.09017,25.18132],[91.09026,25.18132],[91.09026,25.18141],[91.09036,25.18141],[91.09036,25.18132],[91.09046,25.18132],[91.09046,25.18141],[91.09056,25.18141],[91.09056,25.18159],[91.09066,25.18159],[91.09065,25.18177],[91.09075,25.18178],[91.09076,25.1815],[91.09066,25.1815],[91.09066,25.18132],[91.09056,25.18132],[91.09056,25.18123],[91.09076,25.18123],[91.09076,25.18105],[91.09067,25.18105],[91.09066,25.18114],[91.09056,25.18114],[91.09057,25.18105],[91.09037,25.18105],[91.09037,25.18114],[91.09017,25.18114],[91.09017,25.18096],[91.09007,25.18095],[91.09007,25.18104],[91.08997,25.18104],[91.08997,25.18095],[91.08987,25.18095],[91.08988,25.18077],[91.08998,25.18077],[91.08998,25.18068],[91.09008,25.18068],[91.09008,25.18059],[91.09018,25.18059],[91.09018,25.1805],[91.09008,25.1805],[91.09008,25.18041],[91.08998,25.18041],[91.08998,25.1805],[91.08988,25.1805],[91.08988,25.18032],[91.08998,25.18032],[91.08998,25.18014],[91.08989,25.18014],[91.08989,25.18005],[91.09009,25.18005],[91.09009,25.17987],[91.09029,25.17987],[91.09029,25.17978],[91.09019,25.17978],[91.09019,25.17969],[91.09069,25.1797],[91.09069,25.17961],[91.09079,25.17961],[91.09079,25.17952],[91.09069,25.17952],[91.09069,25.17934],[91.09059,25.17934],[91.09059,25.17952],[91.09049,25.17951],[91.09049,25.17933],[91.09039,25.17933],[91.09039,25.17942],[91.0901,25.17942],[91.0901,25.17933],[91.0902,25.17933],[91.0902,25.17915],[91.0901,25.17915],[91.0901,25.17906],[91.09,25.17906],[91.09,25.17897],[91.0902,25.17897],[91.0902,25.17906],[91.0904,25.17906],[91.0904,25.17915],[91.0905,25.17915],[91.0905,25.17906],[91.0906,25.17906],[91.0906,25.17916],[91.09079,25.17916],[91.09079,25.17925],[91.09089,25.17925],[91.09089,25.17952],[91.09099,25.17952],[91.09098,25.17979],[91.09128,25.1798],[91.09128,25.17989],[91.09138,25.17989],[91.09138,25.17998],[91.09167,25.17998],[91.09168,25.17989],[91.09158,25.17989],[91.09158,25.1798],[91.09178,25.1798],[91.09177,25.18007],[91.09187,25.18007],[91.09187,25.18016],[91.09157,25.18016],[91.09157,25.18007],[91.09147,25.18007],[91.09147,25.18016],[91.09137,25.18016],[91.09138,25.18007],[91.09128,25.18007],[91.09127,25.18016],[91.09118,25.18016],[91.09117,25.18025],[91.09127,25.18025],[91.09127,25.18034],[91.09137,25.18034],[91.09137,25.18025],[91.09167,25.18025],[91.09166,25.18079],[91.09156,25.18079],[91.09156,25.1807],[91.09146,25.1807],[91.09147,25.18061],[91.09137,25.18061],[91.09137,25.1807],[91.09127,25.1807],[91.09126,25.18124],[91.09136,25.18124],[91.09136,25.18088],[91.09156,25.18088],[91.09156,25.18097],[91.09146,25.18097],[91.09146,25.18115],[91.09166,25.18115],[91.09165,25.18125],[91.09175,25.18125],[91.09175,25.18134],[91.09185,25.18134],[91.09185,25.18143],[91.09195,25.18143],[91.09195,25.18152],[91.09175,25.18152],[91.09175,25.18161],[91.09185,25.18161],[91.09185,25.1817],[91.09204,25.1817],[91.09204,25.18179],[91.09194,25.18179],[91.09194,25.18188],[91.09184,25.18188],[91.09184,25.18197],[91.09174,25.18197],[91.09174,25.18188],[91.09155,25.18188],[91.09154,25.18197],[91.09164,25.18197],[91.09164,25.18215],[91.09174,25.18215],[91.09174,25.18206],[91.09184,25.18206],[91.09184,25.18215],[91.09194,25.18215],[91.09194,25.18224],[91.09154,25.18224],[91.09154,25.18215],[91.09144,25.18215],[91.09144,25.18233],[91.09154,25.18233],[91.09154,25.18242],[91.09144,25.18242],[91.09143,25.18278],[91.09133,25.18278],[91.09134,25.1826],[91.09114,25.18259],[91.09114,25.18268],[91.09104,25.18268],[91.09104,25.18277],[91.09094,25.18277],[91.09093,25.18286],[91.09084,25.18286],[91.09084,25.18268],[91.09094,25.18268],[91.09094,25.1825],[91.09114,25.1825],[91.09114,25.18241],[91.09104,25.18241],[91.09104,25.18232],[91.09134,25.18232],[91.09134,25.18223],[91.09124,25.18223],[91.09124,25.18214],[91.09114,25.18214],[91.09114,25.18223],[91.09094,25.18223],[91.09095,25.18214],[91.09105,25.18214],[91.09105,25.18205],[91.09115,25.18205],[91.09115,25.18196],[91.09105,25.18196],[91.09105,25.18187],[91.09095,25.18187],[91.09095,25.18196],[91.09065,25.18195],[91.09065,25.18223],[91.09085,25.18223],[91.09084,25.18232],[91.09065,25.18232],[91.09064,25.18241],[91.09074,25.18241],[91.09074,25.1825],[91.09054,25.18249],[91.09055,25.18213],[91.08995,25.18213],[91.08996,25.18204],[91.08956,25.18203],[91.08955,25.1823],[91.08936,25.1823],[91.08936,25.18221],[91.08926,25.18221],[91.08926,25.1823],[91.08916,25.1823],[91.08915,25.18275],[91.08925,25.18275],[91.08925,25.18284],[91.08935,25.18284],[91.08935,25.18293],[91.08925,25.18293],[91.08924,25.1832],[91.08914,25.1832]],[[91.08796,25.18291],[91.08806,25.18291],[91.08806,25.18282],[91.08796,25.18282],[91.08796,25.18291]],[[91.08835,25.18292],[91.08845,25.18292],[91.08845,25.18283],[91.08836,25.18283],[91.08835,25.18292]],[[91.08875,25.18283],[91.08885,25.18283],[91.08885,25.18274],[91.08895,25.18274],[91.08895,25.18284],[91.08915,25.18284],[91.08915,25.18275],[91.08905,25.18275],[91.08906,25.18248],[91.08886,25.18247],[91.08886,25.18238],[91.08876,25.18238],[91.08876,25.18265],[91.08866,25.18265],[91.08865,25.18274],[91.08875,25.18274],[91.08875,25.18283]],[[91.08836,25.18274],[91.08856,25.18274],[91.08856,25.18265],[91.08846,25.18265],[91.08846,25.18256],[91.08826,25.18256],[91.08826,25.18247],[91.08806,25.18246],[91.08806,25.18264],[91.08836,25.18265],[91.08836,25.18274]],[[91.08856,25.18265],[91.08866,25.18265],[91.08866,25.18247],[91.08856,25.18247],[91.08856,25.18265]],[[91.08747,25.18255],[91.08757,25.18255],[91.08757,25.18237],[91.08747,25.18236],[91.08747,25.18255]],[[91.08826,25.18237],[91.08846,25.18238],[91.08846,25.18229],[91.08836,25.18229],[91.08837,25.1822],[91.08807,25.18219],[91.08807,25.18228],[91.08826,25.18228],[91.08826,25.18237]],[[91.08886,25.18238],[91.08896,25.18238],[91.08896,25.18229],[91.08886,25.18229],[91.08886,25.18238]],[[91.08797,25.18219],[91.08807,25.18219],[91.08807,25.1821],[91.08817,25.1821],[91.08817,25.18192],[91.08807,25.18192],[91.08807,25.18183],[91.08797,25.18183],[91.08797,25.18219]],[[91.08876,25.1822],[91.08886,25.1822],[91.08886,25.18211],[91.08876,25.18211],[91.08876,25.1822]],[[91.08906,25.1822],[91.08916,25.18221],[91.08916,25.18212],[91.08906,25.18211],[91.08906,25.1822]],[[91.08728,25.18209],[91.08738,25.18209],[91.08738,25.182],[91.08728,25.182],[91.08728,25.18209]],[[91.08827,25.1821],[91.08857,25.18211],[91.08857,25.18202],[91.08837,25.18202],[91.08837,25.18192],[91.08827,25.18192],[91.08827,25.1821]],[[91.08896,25.18211],[91.08906,25.18211],[91.08906,25.18202],[91.08916,25.18203],[91.08916,25.18194],[91.08926,25.18194],[91.08926,25.18185],[91.08897,25.18184],[91.08896,25.18211]],[[91.08748,25.182],[91.08757,25.182],[91.08758,25.18191],[91.08748,25.18191],[91.08748,25.182]],[[91.08777,25.18201],[91.08787,25.18201],[91.08787,25.18192],[91.08777,25.18192],[91.08777,25.18201]],[[91.08867,25.18202],[91.08877,25.18202],[91.08877,25.18193],[91.08867,25.18193],[91.08867,25.18202]],[[91.08946,25.18203],[91.08956,25.18203],[91.08956,25.18185],[91.08966,25.18185],[91.08966,25.18167],[91.08956,25.18167],[91.08956,25.18176],[91.08946,25.18176],[91.08946,25.18185],[91.08936,25.18185],[91.08936,25.18194],[91.08946,25.18194],[91.08946,25.18203]],[[91.08996,25.18204],[91.09025,25.18204],[91.09025,25.18195],[91.08996,25.18195],[91.08996,25.18204]],[[91.09035,25.18204],[91.09055,25.18204],[91.09055,25.18195],[91.09035,25.18195],[91.09035,25.18204]],[[91.08986,25.18194],[91.08996,25.18195],[91.08996,25.18186],[91.08986,25.18185],[91.08986,25.18194]],[[91.09125,25.18196],[91.09144,25.18196],[91.09145,25.18178],[91.09165,25.18179],[91.09165,25.18161],[91.09155,25.1816],[91.09155,25.1817],[91.09145,25.18169],[91.09145,25.1816],[91.09135,25.1816],[91.09135,25.18187],[91.09125,25.18187],[91.09125,25.18196]],[[91.08768,25.18183],[91.08797,25.18183],[91.08798,25.18165],[91.08788,25.18165],[91.08788,25.18156],[91.08778,25.18156],[91.08778,25.18174],[91.08768,25.18174],[91.08768,25.18183]],[[91.08847,25.18184],[91.08857,25.18184],[91.08857,25.18175],[91.08847,25.18175],[91.08847,25.18184]],[[91.08887,25.18184],[91.08897,25.18184],[91.08897,25.18148],[91.08877,25.18148],[91.08877,25.18139],[91.08887,25.18139],[91.08888,25.18121],[91.08878,25.18121],[91.08878,25.1813],[91.08868,25.1813],[91.08867,25.18166],[91.08877,25.18166],[91.08877,25.18157],[91.08887,25.18157],[91.08887,25.18184]],[[91.08926,25.18185],[91.08936,25.18185],[91.08936,25.18176],[91.08927,25.18176],[91.08926,25.18185]],[[91.08738,25.18173],[91.08748,25.18173],[91.08748,25.18164],[91.08758,25.18164],[91.08758,25.18155],[91.08748,25.18155],[91.08748,25.18146],[91.08738,25.18146],[91.08738,25.18173]],[[91.08827,25.18174],[91.08837,25.18174],[91.08837,25.18165],[91.08827,25.18165],[91.08827,25.18174]],[[91.08917,25.18175],[91.08927,25.18176],[91.08927,25.18167],[91.08917,25.18166],[91.08917,25.18175]],[[91.08996,25.18176],[91.09016,25.18177],[91.09016,25.18168],[91.08996,25.18167],[91.08996,25.18176]],[[91.09115,25.18178],[91.09125,25.18178],[91.09125,25.18169],[91.09115,25.18169],[91.09115,25.18178]],[[91.09175,25.18179],[91.09184,25.18179],[91.09185,25.1817],[91.09175,25.1817],[91.09175,25.18179]],[[91.08798,25.18165],[91.08808,25.18165],[91.08808,25.18156],[91.08818,25.18156],[91.08818,25.18138],[91.08828,25.18138],[91.08828,25.18129],[91.08838,25.18129],[91.08838,25.18111],[91.08848,25.18111],[91.08848,25.18102],[91.08838,25.18102],[91.08839,25.18093],[91.08848,25.18093],[91.08849,25.18084],[91.08839,25.18084],[91.08839,25.18075],[91.08829,25.18075],[91.08829,25.18084],[91.08809,25.18084],[91.08809,25.18093],[91.08819,25.18093],[91.08818,25.18111],[91.08808,25.18111],[91.08808,25.1812],[91.08789,25.1812],[91.08789,25.18102],[91.08759,25.18101],[91.08759,25.18119],[91.08769,25.18119],[91.08769,25.1811],[91.08779,25.1811],[91.08778,25.18138],[91.08768,25.18137],[91.08768,25.18146],[91.08788,25.18147],[91.08788,25.18138],[91.08808,25.18138],[91.08808,25.18147],[91.08798,25.18147],[91.08798,25.18165]],[[91.08818,25.18165],[91.08827,25.18165],[91.08828,25.18156],[91.08818,25.18156],[91.08818,25.18165]],[[91.09046,25.18168],[91.09056,25.18168],[91.09056,25.18159],[91.09046,25.18159],[91.09046,25.18168]],[[91.08838,25.18156],[91.08847,25.18157],[91.08848,25.18147],[91.08838,25.18147],[91.08838,25.18156]],[[91.08966,25.18158],[91.08976,25.18158],[91.08977,25.18149],[91.08967,25.18149],[91.08966,25.18158]],[[91.08848,25.18147],[91.08858,25.18148],[91.08858,25.1813],[91.08848,25.18129],[91.08848,25.18147]],[[91.08897,25.18148],[91.08917,25.18148],[91.08917,25.18139],[91.08897,25.18139],[91.08897,25.18148]],[[91.08927,25.18149],[91.08947,25.18149],[91.08947,25.1814],[91.08927,25.18139],[91.08927,25.18149]],[[91.08689,25.18136],[91.08699,25.18137],[91.08699,25.18128],[91.08689,25.18127],[91.08689,25.18136]],[[91.08719,25.18137],[91.08758,25.18137],[91.08759,25.18119],[91.08749,25.18119],[91.08749,25.18128],[91.08719,25.18128],[91.08719,25.18137]],[[91.09076,25.18141],[91.09086,25.18142],[91.09086,25.18123],[91.09076,25.18123],[91.09076,25.18141]],[[91.09106,25.18142],[91.09116,25.18142],[91.09116,25.18133],[91.09106,25.18133],[91.09106,25.18142]],[[91.08709,25.18128],[91.08719,25.18128],[91.08719,25.18119],[91.08709,25.18119],[91.08709,25.18128]],[[91.08897,25.1813],[91.08917,25.1813],[91.08917,25.18121],[91.08927,25.18121],[91.08928,25.18112],[91.08908,25.18112],[91.08908,25.18103],[91.08898,25.18103],[91.08898,25.18085],[91.08888,25.18085],[91.08888,25.18076],[91.08878,25.18076],[91.08878,25.18094],[91.08858,25.18093],[91.08858,25.18112],[91.08848,25.18111],[91.08848,25.1812],[91.08868,25.18121],[91.08868,25.18112],[91.08898,25.18112],[91.08897,25.1813]],[[91.08927,25.1813],[91.08937,25.18131],[91.08937,25.18122],[91.08927,25.18121],[91.08927,25.1813]],[[91.08947,25.18131],[91.08957,25.18131],[91.08957,25.18122],[91.08947,25.18122],[91.08947,25.18131]],[[91.09096,25.18133],[91.09106,25.18133],[91.09106,25.18124],[91.09096,25.18124],[91.09096,25.18133]],[[91.08669,25.18118],[91.08699,25.18118],[91.08699,25.18109],[91.0868,25.18109],[91.0868,25.18091],[91.0867,25.18091],[91.0867,25.181],[91.0866,25.181],[91.0866,25.18091],[91.0865,25.18091],[91.0865,25.18109],[91.0867,25.18109],[91.08669,25.18118]],[[91.08709,25.1811],[91.08719,25.1811],[91.0872,25.18092],[91.0871,25.18092],[91.08709,25.1811]],[[91.08729,25.1811],[91.08749,25.1811],[91.08749,25.18101],[91.08759,25.18101],[91.08759,25.18092],[91.08749,25.18092],[91.0875,25.18074],[91.0873,25.18074],[91.0873,25.18083],[91.08739,25.18083],[91.08739,25.18101],[91.08729,25.18101],[91.08729,25.1811]],[[91.09096,25.18115],[91.09106,25.18115],[91.09106,25.18106],[91.09096,25.18106],[91.09096,25.18115]],[[91.08908,25.18103],[91.08918,25.18103],[91.08918,25.18094],[91.08908,25.18094],[91.08908,25.18103]],[[91.08779,25.18092],[91.08789,25.18093],[91.08789,25.18084],[91.08799,25.18084],[91.08799,25.18066],[91.0877,25.18065],[91.08769,25.18083],[91.08779,25.18083],[91.08779,25.18092]],[[91.09057,25.18096],[91.09077,25.18096],[91.09077,25.18087],[91.09067,25.18087],[91.09067,25.18078],[91.09077,25.18078],[91.09077,25.18069],[91.09087,25.18069],[91.09087,25.18051],[91.09057,25.18051],[91.09057,25.1806],[91.09067,25.1806],[91.09067,25.18069],[91.09057,25.18069],[91.09057,25.18096]],[[91.0866,25.18082],[91.0869,25.18082],[91.0869,25.18073],[91.0868,25.18073],[91.0868,25.18064],[91.0867,25.18064],[91.0867,25.18073],[91.0866,25.18073],[91.0866,25.18082]],[[91.0871,25.18083],[91.0872,25.18083],[91.0872,25.18074],[91.0871,25.18073],[91.0871,25.18083]],[[91.09007,25.18086],[91.09027,25.18087],[91.09027,25.18078],[91.09047,25.18078],[91.09047,25.18069],[91.09037,25.18069],[91.09037,25.1806],[91.09028,25.1806],[91.09027,25.18069],[91.09008,25.18068],[91.09007,25.18086]],[[91.08819,25.18075],[91.08829,25.18075],[91.08829,25.18066],[91.08819,25.18066],[91.08819,25.18075]],[[91.08849,25.18075],[91.08859,25.18075],[91.08859,25.18057],[91.08849,25.18057],[91.08849,25.18075]],[[91.09087,25.18078],[91.09107,25.18079],[91.09107,25.1807],[91.09087,25.18069],[91.09087,25.18078]],[[91.0868,25.18064],[91.0869,25.18064],[91.0869,25.18055],[91.0868,25.18055],[91.0868,25.18064]],[[91.09087,25.18051],[91.09097,25.18051],[91.09097,25.18042],[91.09107,25.18043],[91.09107,25.18024],[91.09098,25.18024],[91.09097,25.18033],[91.09087,25.18033],[91.09087,25.18051]],[[91.09107,25.18052],[91.09157,25.18052],[91.09157,25.18043],[91.09127,25.18043],[91.09127,25.18034],[91.09117,25.18034],[91.09117,25.18043],[91.09107,25.18043],[91.09107,25.18052]],[[91.09018,25.18041],[91.09038,25.18042],[91.09038,25.18015],[91.09058,25.18015],[91.09058,25.18006],[91.09068,25.18006],[91.09068,25.17997],[91.09019,25.17996],[91.09018,25.18023],[91.09028,25.18023],[91.09028,25.18032],[91.09018,25.18032],[91.09018,25.18041]],[[91.09078,25.18024],[91.09098,25.18024],[91.09098,25.18015],[91.09088,25.18015],[91.09088,25.18006],[91.09078,25.18006],[91.09078,25.18024]],[[91.09088,25.18006],[91.09098,25.18006],[91.09098,25.17997],[91.09088,25.17997],[91.09088,25.18006]],[[91.09108,25.18006],[91.09118,25.18007],[91.09118,25.17988],[91.09108,25.17988],[91.09108,25.18006]],[[91.09058,25.17988],[91.09078,25.17988],[91.09078,25.17979],[91.09059,25.17979],[91.09058,25.17988]],[[91.09078,25.17979],[91.09088,25.17979],[91.09088,25.1797],[91.09079,25.1797],[91.09078,25.17979]],[[91.0903,25.17933],[91.09039,25.17933],[91.0904,25.17924],[91.0903,25.17924],[91.0903,25.17933]]]},"properties":{"id":"wetland_patch_b19206b68a5b","date":"2026-06-30","area_km2":0.0941,"pixel_count":941,"classification":"OPEN_WATER","interpretation_label":"HH darkening candidate","mean_delta_db":-5.065248157975524,"median_delta_db":-4.65399169921875,"hh_before":-15.348982559633813,"hh_after":-20.414230717609335,"hv_before":-23.948150825297795,"hv_after":-24.06304331869679,"delta_hh":-5.065248157975524,"delta_hv":-0.11489249339899271,"valid_fraction":1.0,"valid_fraction_scope":"region bounding box, all four channels","vegetated_fraction":0.0,"quality_status":"PASS","spatial_status":"PARTIAL","temporal_status":"PARTIAL","temporal_overlap_fraction":null,"threshold_stability":"SENSITIVE","threshold_variation_fraction":0.22320862396956245,"evidence_state":"UNCERTAIN","centroid":[25.18129401064975,91.08928151860354],"data_source":"NISAR","evidence_method":"Rule consistency only; no accuracy estimate or independent reference validation.","baseline_method":"SINGLE_PRECEDING_OBSERVATION","baseline_observation_count":1,"baseline_observation_dates":["2026-06-18"],"baseline_hh_temporal_mad_db":null,"baseline_scene_names":["NISAR_L2_PR_GCOV_023_069_A_014_4005_DHDH_A_20260618T232135_20260618T232210_P05023_N_F_J_001"],"contextual_land_cover":null,"distance_to_water_m":null,"context_status":"NOT_AVAILABLE","reference_validated":false}},{"type":"Feature","geometry":{"type":"Polygon","coordinates":[[[91.09004,25.18321],[91.09004,25.18312],[91.08994,25.18312],[91.08994,25.18303],[91.08984,25.18303],[91.08984,25.18285],[91.08974,25.18285],[91.08974,25.18294],[91.08964,25.18293],[91.08965,25.18284],[91.08955,25.18284],[91.08955,25.18275],[91.08945,25.18275],[91.08945,25.18266],[91.08965,25.18266],[91.08965,25.18257],[91.08955,25.18257],[91.08955,25.18248],[91.08935,25.18248],[91.08935,25.18239],[91.08955,25.18239],[91.08955,25.1823],[91.08965,25.1823],[91.08966,25.18221],[91.08975,25.18221],[91.08976,25.18212],[91.08995,25.18213],[91.08995,25.18222],[91.09035,25.18222],[91.09035,25.18231],[91.09045,25.18231],[91.09044,25.18249],[91.09035,25.18249],[91.09034,25.18258],[91.08975,25.18257],[91.08975,25.18266],[91.09004,25.18267],[91.09004,25.18276],[91.09014,25.18276],[91.09014,25.18267],[91.09024,25.18267],[91.09024,25.18285],[91.09014,25.18285],[91.09014,25.18294],[91.09004,25.18294],[91.09004,25.18303],[91.09024,25.18303],[91.09024,25.18294],[91.09034,25.18294],[91.09034,25.18312],[91.09014,25.18312],[91.09014,25.18321],[91.09004,25.18321]],[[91.09025,25.1824],[91.09035,25.1824],[91.09035,25.18231],[91.09025,25.18231],[91.09025,25.1824]],[[91.08975,25.1823],[91.08985,25.18231],[91.08985,25.18221],[91.08975,25.18221],[91.08975,25.1823]]]},"properties":{"id":"wetland_patch_291a700d3473","date":"2026-06-30","area_km2":0.0062,"pixel_count":62,"classification":"OPEN_WATER","interpretation_label":"HH darkening candidate","mean_delta_db":-5.164131656769784,"median_delta_db":-4.708563804626465,"hh_before":-16.34382672463694,"hh_after":-21.507958381406723,"hv_before":-24.534475695702337,"hv_after":-23.72581918777958,"delta_hh":-5.164131656769784,"delta_hv":0.808656507922757,"valid_fraction":1.0,"valid_fraction_scope":"region bounding box, all four channels","vegetated_fraction":0.0,"quality_status":"PASS","spatial_status":"PARTIAL","temporal_status":"PARTIAL","temporal_overlap_fraction":null,"threshold_stability":"SENSITIVE","threshold_variation_fraction":0.2558139534883721,"evidence_state":"UNCERTAIN","centroid":[25.182597452163684,91.08993864249072],"data_source":"NISAR","evidence_method":"Rule consistency only; no accuracy estimate or independent reference validation.","baseline_method":"SINGLE_PRECEDING_OBSERVATION","baseline_observation_count":1,"baseline_observation_dates":["2026-06-18"],"baseline_hh_temporal_mad_db":null,"baseline_scene_names":["NISAR_L2_PR_GCOV_023_069_A_014_4005_DHDH_A_20260618T232135_20260618T232210_P05023_N_F_J_001"],"contextual_land_cover":null,"distance_to_water_m":null,"context_status":"NOT_AVAILABLE","reference_validated":false}},{"type":"Feature","geometry":{"type":"Polygon","coordinates":[[[91.09323,25.1819],[91.09323,25.18172],[91.09333,25.18172],[91.09334,25.18154],[91.09314,25.18154],[91.09314,25.18144],[91.09274,25.18144],[91.09274,25.18135],[91.09255,25.18135],[91.09255,25.18117],[91.09245,25.18117],[91.09245,25.18135],[91.09225,25.18134],[91.09225,25.18125],[91.09205,25.18125],[91.09205,25.18134],[91.09215,25.18134],[91.09214,25.18161],[91.09205,25.18161],[91.09205,25.18143],[91.09195,25.18143],[91.09196,25.18098],[91.09206,25.18098],[91.09205,25.18107],[91.09215,25.18107],[91.09216,25.18062],[91.09226,25.18062],[91.09226,25.18071],[91.09246,25.18071],[91.09245,25.18089],[91.09255,25.1809],[91.09256,25.18062],[91.09276,25.18063],[91.09276,25.18054],[91.09286,25.18054],[91.09286,25.18027],[91.09296,25.18027],[91.09296,25.18018],[91.09286,25.18018],[91.09286,25.18009],[91.09276,25.18009],[91.09277,25.17991],[91.09267,25.1799],[91.09267,25.17972],[91.09257,25.17972],[91.09257,25.17954],[91.09247,25.17954],[91.09247,25.17972],[91.09237,25.17972],[91.09237,25.17981],[91.09227,25.17981],[91.09227,25.1799],[91.09217,25.1799],[91.09217,25.17999],[91.09197,25.17999],[91.09197,25.1798],[91.09188,25.1798],[91.09188,25.17971],[91.09217,25.17972],[91.09218,25.17945],[91.09198,25.17944],[91.09198,25.17926],[91.09228,25.17927],[91.09228,25.17918],[91.09238,25.17918],[91.09239,25.17891],[91.09229,25.17891],[91.09229,25.17882],[91.09239,25.17882],[91.09239,25.17864],[91.09249,25.17864],[91.09248,25.179],[91.09258,25.179],[91.09259,25.17864],[91.09269,25.17864],[91.09269,25.17819],[91.09259,25.17819],[91.0926,25.1781],[91.0924,25.17809],[91.0924,25.178],[91.0923,25.178],[91.0923,25.17809],[91.092,25.17809],[91.092,25.17818],[91.0918,25.17818],[91.0918,25.17809],[91.0917,25.17809],[91.09171,25.17791],[91.09151,25.1779],[91.09151,25.17799],[91.09141,25.17799],[91.09141,25.17808],[91.09151,25.17808],[91.0915,25.17817],[91.09131,25.17817],[91.0913,25.17826],[91.09111,25.17826],[91.0911,25.17835],[91.091,25.17835],[91.09101,25.17817],[91.09111,25.17817],[91.09111,25.17808],[91.09121,25.17808],[91.09121,25.1779],[91.09111,25.1779],[91.09111,25.17772],[91.09092,25.17771],[91.09091,25.17781],[91.09062,25.1778],[91.09062,25.17789],[91.09052,25.17789],[91.09052,25.1778],[91.09032,25.1778],[91.09032,25.17789],[91.09042,25.17789],[91.09042,25.17798],[91.09032,25.17798],[91.09031,25.17807],[91.09022,25.17807],[91.09021,25.17816],[91.09012,25.17816],[91.09011,25.17825],[91.08992,25.17824],[91.08991,25.17833],[91.08981,25.17833],[91.08981,25.17842],[91.08961,25.17842],[91.08962,25.17815],[91.08972,25.17815],[91.08972,25.17806],[91.08982,25.17806],[91.08982,25.17797],[91.09002,25.17797],[91.09002,25.17806],[91.09012,25.17807],[91.09012,25.17798],[91.09022,25.17798],[91.09022,25.17789],[91.09012,25.17789],[91.09012,25.1777],[91.09022,25.17771],[91.09022,25.17762],[91.09032,25.17762],[91.09032,25.17771],[91.09052,25.17771],[91.09052,25.17762],[91.09042,25.17762],[91.09042,25.17753],[91.09022,25.17753],[91.09023,25.17744],[91.09032,25.17744],[91.09033,25.17735],[91.09052,25.17735],[91.09053,25.17726],[91.09063,25.17726],[91.09063,25.17699],[91.09083,25.17699],[91.09083,25.1769],[91.09093,25.1769],[91.09093,25.17699],[91.09113,25.177],[91.09112,25.17709],[91.09122,25.17709],[91.09122,25.17718],[91.09102,25.17717],[91.09102,25.17726],[91.09132,25.17727],[91.09132,25.17754],[91.09122,25.17754],[91.09121,25.17781],[91.09131,25.17781],[91.09131,25.17772],[91.09141,25.17772],[91.09141,25.17781],[91.09181,25.17782],[91.09181,25.17773],[91.09171,25.17772],[91.09171,25.17763],[91.09161,25.17763],[91.09161,25.17754],[91.09181,25.17755],[91.09182,25.17718],[91.09172,25.17718],[91.09172,25.17727],[91.09162,25.17727],[91.09162,25.17709],[91.09152,25.17709],[91.09152,25.17691],[91.09162,25.17691],[91.09162,25.17682],[91.09172,25.17682],[91.09172,25.17691],[91.09182,25.17691],[91.09182,25.17709],[91.09192,25.1771],[91.09192,25.17719],[91.09221,25.17719],[91.09221,25.17728],[91.09231,25.17728],[91.09231,25.17719],[91.09241,25.17719],[91.09241,25.1771],[91.09251,25.1771],[91.09251,25.17701],[91.09261,25.17701],[91.09261,25.17729],[91.09271,25.17729],[91.09271,25.17747],[91.0928,25.17747],[91.09281,25.17738],[91.0931,25.17738],[91.0931,25.17747],[91.093,25.17747],[91.093,25.17756],[91.0931,25.17756],[91.0931,25.17774],[91.0932,25.17774],[91.0932,25.17783],[91.09329,25.17784],[91.0933,25.17775],[91.09349,25.17775],[91.0935,25.17766],[91.0936,25.17766],[91.09359,25.17775],[91.09369,25.17775],[91.09369,25.17793],[91.09379,25.17793],[91.09379,25.17802],[91.09389,25.17802],[91.09389,25.17784],[91.09399,25.17784],[91.09399,25.17766],[91.09389,25.17766],[91.09389,25.17757],[91.0936,25.17757],[91.0936,25.17712],[91.09341,25.17711],[91.0934,25.17721],[91.0935,25.17721],[91.0935,25.1773],[91.0933,25.17729],[91.09331,25.17711],[91.09321,25.17711],[91.09321,25.17693],[91.09361,25.17694],[91.0936,25.17703],[91.0938,25.17703],[91.0938,25.17694],[91.0939,25.17694],[91.0939,25.17703],[91.094,25.17703],[91.094,25.1773],[91.0939,25.1773],[91.0939,25.17739],[91.094,25.17739],[91.09399,25.17748],[91.09419,25.17749],[91.09419,25.17767],[91.09439,25.17767],[91.09439,25.17776],[91.09429,25.17776],[91.09428,25.1783],[91.09438,25.1783],[91.09438,25.17812],[91.09458,25.17812],[91.09458,25.17821],[91.09478,25.17822],[91.09478,25.17804],[91.09468,25.17803],[91.09468,25.17794],[91.09438,25.17794],[91.09439,25.17785],[91.09458,25.17785],[91.09459,25.17767],[91.09449,25.17767],[91.09449,25.17758],[91.09439,25.17758],[91.09439,25.17749],[91.09429,25.17749],[91.09429,25.1774],[91.0941,25.17739],[91.0941,25.17712],[91.0944,25.17713],[91.0944,25.17722],[91.09449,25.17722],[91.09449,25.17731],[91.09459,25.17731],[91.09459,25.17749],[91.09469,25.17749],[91.09469,25.1774],[91.09479,25.1774],[91.09479,25.17749],[91.09489,25.1775],[91.09489,25.17759],[91.09469,25.17758],[91.09468,25.17776],[91.09478,25.17776],[91.09478,25.17795],[91.09488,25.17795],[91.09488,25.17786],[91.09498,25.17786],[91.09498,25.17795],[91.09508,25.17795],[91.09508,25.17786],[91.09518,25.17786],[91.09518,25.17777],[91.09528,25.17777],[91.09528,25.17786],[91.09548,25.17786],[91.09548,25.17777],[91.09538,25.17777],[91.09538,25.17741],[91.09548,25.17741],[91.09549,25.17732],[91.09558,25.17732],[91.09558,25.17741],[91.09568,25.17742],[91.09568,25.17732],[91.09578,25.17733],[91.09578,25.17751],[91.09568,25.17751],[91.09568,25.1776],[91.09588,25.1776],[91.09588,25.17751],[91.09598,25.17751],[91.09598,25.17742],[91.09588,25.17742],[91.09588,25.17724],[91.09578,25.17724],[91.09579,25.17706],[91.09589,25.17706],[91.09589,25.17697],[91.09628,25.17697],[91.09629,25.17688],[91.09599,25.17688],[91.09599,25.17679],[91.09589,25.17679],[91.09589,25.1767],[91.09579,25.17669],[91.09579,25.1766],[91.09599,25.17661],[91.09599,25.1767],[91.09609,25.1767],[91.09609,25.17652],[91.09599,25.17652],[91.096,25.17643],[91.0959,25.17642],[91.09589,25.17652],[91.0957,25.17651],[91.0957,25.17642],[91.0955,25.17642],[91.0955,25.17651],[91.0954,25.17651],[91.0954,25.17669],[91.0953,25.17669],[91.0953,25.1766],[91.0952,25.1766],[91.0952,25.17651],[91.0953,25.17651],[91.0953,25.17624],[91.0952,25.17624],[91.09521,25.17596],[91.09511,25.17596],[91.09511,25.17605],[91.09501,25.17605],[91.09501,25.17587],[91.09531,25.17588],[91.09531,25.17597],[91.09551,25.17597],[91.0955,25.17624],[91.0956,25.17624],[91.0956,25.17615],[91.0958,25.17615],[91.0958,25.17624],[91.0963,25.17625],[91.0963,25.17616],[91.0959,25.17615],[91.0959,25.17606],[91.0961,25.17607],[91.0961,25.1758],[91.0962,25.1758],[91.0962,25.17607],[91.0964,25.17607],[91.0964,25.17598],[91.0965,25.17598],[91.0965,25.17589],[91.0964,25.17589],[91.0964,25.17571],[91.0963,25.17571],[91.09631,25.17562],[91.0965,25.17562],[91.09651,25.17535],[91.09661,25.17535],[91.0966,25.17553],[91.0967,25.17553],[91.09671,25.17535],[91.09681,25.17535],[91.09681,25.17526],[91.09701,25.17527],[91.09701,25.17518],[91.09691,25.17517],[91.09691,25.17508],[91.09671,25.17508],[91.09671,25.17499],[91.09661,25.17499],[91.09661,25.1749],[91.09681,25.1749],[91.09681,25.17481],[91.09691,25.17481],[91.09692,25.17463],[91.09682,25.17463],[91.09682,25.17454],[91.09672,25.17454],[91.09672,25.17445],[91.09662,25.17445],[91.09662,25.17454],[91.09652,25.17454],[91.09652,25.17436],[91.09642,25.17436],[91.09642,25.17454],[91.09622,25.17453],[91.09622,25.17462],[91.09612,25.17462],[91.09613,25.17435],[91.09633,25.17435],[91.09633,25.17426],[91.09662,25.17427],[91.09662,25.17436],[91.09692,25.17436],[91.09692,25.17427],[91.09702,25.17427],[91.09702,25.17436],[91.09722,25.17437],[91.09722,25.17446],[91.09702,25.17445],[91.09702,25.17454],[91.09712,25.17454],[91.09711,25.17463],[91.09731,25.17464],[91.09731,25.17473],[91.09741,25.17473],[91.09741,25.17464],[91.09751,25.17464],[91.09751,25.17491],[91.09741,25.17491],[91.09741,25.175],[91.09731,25.175],[91.0973,25.17527],[91.0974,25.17527],[91.0974,25.17518],[91.0975,25.17518],[91.0975,25.17527],[91.0976,25.17527],[91.0976,25.17536],[91.0977,25.17536],[91.0977,25.17555],[91.0976,25.17554],[91.09759,25.17563],[91.09769,25.17564],[91.09769,25.17573],[91.09789,25.17573],[91.09789,25.17555],[91.09799,25.17555],[91.09799,25.17573],[91.09809,25.17573],[91.09809,25.17582],[91.09799,25.17582],[91.09799,25.17591],[91.09789,25.17591],[91.09789,25.176],[91.09799,25.176],[91.09798,25.17609],[91.09789,25.17609],[91.09788,25.17627],[91.09798,25.17627],[91.09798,25.17645],[91.09808,25.17645],[91.09808,25.17663],[91.09798,25.17663],[91.09797,25.17672],[91.09778,25.17672],[91.09777,25.17681],[91.09758,25.17681],[91.09758,25.1769],[91.09748,25.1769],[91.09748,25.17672],[91.09728,25.17671],[91.09728,25.1768],[91.09708,25.1768],[91.09708,25.17698],[91.09728,25.17698],[91.09727,25.17725],[91.09717,25.17725],[91.09717,25.17734],[91.09707,25.17734],[91.09707,25.17752],[91.09697,25.17752],[91.09697,25.17761],[91.09717,25.17761],[91.09716,25.1778],[91.09736,25.1778],[91.09736,25.17771],[91.09746,25.17771],[91.09746,25.17789],[91.09776,25.17789],[91.09776,25.17798],[91.09786,25.17798],[91.09785,25.17826],[91.09775,25.17825],[91.09776,25.17807],[91.09756,25.17807],[91.09756,25.17816],[91.09736,25.17816],[91.09735,25.17834],[91.09755,25.17834],[91.09755,25.17852],[91.09735,25.17852],[91.09735,25.17861],[91.09725,25.17861],[91.09725,25.1787],[91.09675,25.17869],[91.09676,25.17851],[91.09646,25.17851],[91.09646,25.1786],[91.09656,25.1786],[91.09656,25.17869],[91.09636,25.17869],[91.09636,25.17842],[91.09626,25.17842],[91.09626,25.17833],[91.09616,25.17832],[91.09617,25.17823],[91.09607,25.17823],[91.09607,25.17814],[91.09597,25.17814],[91.09597,25.17823],[91.09587,25.17823],[91.09587,25.17814],[91.09577,25.17814],[91.09576,25.1785],[91.09586,25.1785],[91.09586,25.17859],[91.09576,25.17859],[91.09576,25.17868],[91.09596,25.17868],[91.09596,25.17877],[91.09536,25.17877],[91.09536,25.17895],[91.09506,25.17894],[91.09507,25.17867],[91.09487,25.17867],[91.09487,25.1784],[91.09477,25.1784],[91.09477,25.17849],[91.09448,25.17848],[91.09447,25.17857],[91.09477,25.17858],[91.09477,25.17867],[91.09427,25.17866],[91.09428,25.17839],[91.09418,25.17839],[91.09418,25.1783],[91.09398,25.1783],[91.09398,25.17839],[91.09408,25.17839],[91.09408,25.17848],[91.09378,25.17847],[91.09378,25.17856],[91.09388,25.17857],[91.09388,25.17866],[91.09368,25.17865],[91.09368,25.17874],[91.09358,25.17874],[91.09358,25.17883],[91.09328,25.17883],[91.09328,25.17901],[91.09318,25.17901],[91.09318,25.1791],[91.09268,25.17909],[91.09268,25.17927],[91.09258,25.17927],[91.09258,25.17945],[91.09267,25.17945],[91.09268,25.17936],[91.09297,25.17937],[91.09297,25.17946],[91.09287,25.17946],[91.09287,25.17955],[91.09307,25.17955],[91.09307,25.17946],[91.09347,25.17946],[91.09346,25.17973],[91.09356,25.17973],[91.09357,25.17955],[91.09366,25.17956],[91.09366,25.17974],[91.09376,25.17974],[91.09377,25.1792],[91.09367,25.17919],[91.09367,25.1791],[91.09387,25.17911],[91.09386,25.17956],[91.09406,25.17956],[91.09406,25.17974],[91.09416,25.17974],[91.09416,25.17956],[91.09426,25.17956],[91.09426,25.17947],[91.09436,25.17947],[91.09436,25.17929],[91.09446,25.1793],[91.09446,25.1792],[91.09417,25.1792],[91.09417,25.17911],[91.09447,25.17911],[91.09447,25.17902],[91.09457,25.17903],[91.09456,25.17912],[91.09486,25.17912],[91.09486,25.17921],[91.09506,25.17921],[91.09506,25.17903],[91.09526,25.17903],[91.09526,25.17922],[91.09536,25.17922],[91.09536,25.17904],[91.09546,25.17904],[91.09545,25.17931],[91.09536,25.17931],[91.09535,25.1794],[91.09545,25.1794],[91.09545,25.17949],[91.09496,25.17948],[91.09495,25.17957],[91.09515,25.17957],[91.09515,25.17985],[91.09505,25.17984],[91.09505,25.17993],[91.09515,25.17994],[91.09515,25.18003],[91.09524,25.18003],[91.09524,25.18012],[91.09495,25.18011],[91.09494,25.18029],[91.09504,25.1803],[91.09504,25.18021],[91.09514,25.18021],[91.09514,25.18039],[91.09524,25.18039],[91.09524,25.18048],[91.09534,25.18048],[91.09533,25.18066],[91.09523,25.18066],[91.09523,25.18075],[91.09494,25.18075],[91.09493,25.18084],[91.09484,25.18083],[91.09484,25.18074],[91.09474,25.18074],[91.09474,25.18083],[91.09464,25.18083],[91.09464,25.18074],[91.09454,25.18074],[91.09454,25.18083],[91.09434,25.18083],[91.09434,25.18092],[91.09424,25.18092],[91.09424,25.18065],[91.09454,25.18065],[91.09454,25.18056],[91.09434,25.18056],[91.09435,25.18038],[91.09415,25.18037],[91.09415,25.18046],[91.09425,25.18047],[91.09424,25.18056],[91.09405,25.18055],[91.09404,25.18073],[91.09414,25.18074],[91.09414,25.18083],[91.09404,25.18082],[91.09404,25.181],[91.09414,25.18101],[91.09414,25.1811],[91.09424,25.1811],[91.09423,25.18119],[91.09414,25.18119],[91.09413,25.18128],[91.09403,25.18128],[91.09403,25.18137],[91.09374,25.18136],[91.09373,25.18145],[91.09364,25.18145],[91.09363,25.18154],[91.09344,25.18154],[91.09343,25.18163],[91.09353,25.18163],[91.09353,25.18172],[91.09343,25.18172],[91.09343,25.1819],[91.09323,25.1819]],[[91.09324,25.18145],[91.09334,25.18145],[91.09334,25.18136],[91.09324,25.18136],[91.09324,25.18145]],[[91.09304,25.18135],[91.09314,25.18135],[91.09314,25.18126],[91.09304,25.18126],[91.09304,25.18135]],[[91.09334,25.18136],[91.09344,25.18136],[91.09344,25.18127],[91.09334,25.18127],[91.09334,25.18136]],[[91.09225,25.18125],[91.09235,25.18125],[91.09235,25.18116],[91.09225,25.18116],[91.09225,25.18125]],[[91.09344,25.18127],[91.09364,25.18127],[91.09364,25.18118],[91.09344,25.18118],[91.09344,25.18127]],[[91.09394,25.18127],[91.09403,25.18128],[91.09404,25.18119],[91.09394,25.18118],[91.09394,25.18127]],[[91.09304,25.18117],[91.09324,25.18118],[91.09324,25.18109],[91.09314,25.18108],[91.09315,25.18099],[91.09305,25.18099],[91.09304,25.18117]],[[91.09225,25.18107],[91.09235,25.18107],[91.09235,25.18098],[91.09245,25.18098],[91.09245,25.18089],[91.09226,25.18089],[91.09225,25.18107]],[[91.09255,25.18108],[91.09265,25.18108],[91.09265,25.18099],[91.09255,25.18099],[91.09255,25.18108]],[[91.09324,25.18109],[91.09334,25.18109],[91.09334,25.181],[91.09325,25.18099],[91.09324,25.18109]],[[91.09344,25.18109],[91.09364,25.18109],[91.09364,25.181],[91.09354,25.181],[91.09354,25.18091],[91.09374,25.18091],[91.09374,25.18082],[91.09365,25.18082],[91.09365,25.18073],[91.09384,25.18073],[91.09385,25.18064],[91.09375,25.18064],[91.09375,25.18055],[91.09355,25.18055],[91.09355,25.18064],[91.09345,25.18064],[91.09345,25.18073],[91.09335,25.18073],[91.09335,25.18082],[91.09325,25.18081],[91.09325,25.1809],[91.09335,25.18091],[91.09334,25.181],[91.09344,25.181],[91.09344,25.18109]],[[91.09265,25.18099],[91.09275,25.18099],[91.09275,25.1809],[91.09265,25.1809],[91.09265,25.18099]],[[91.09285,25.18099],[91.09305,25.18099],[91.09305,25.1809],[91.09295,25.1809],[91.09295,25.18081],[91.09275,25.18081],[91.09275,25.1809],[91.09285,25.1809],[91.09285,25.18099]],[[91.09384,25.181],[91.09394,25.181],[91.09394,25.18091],[91.09384,25.18091],[91.09384,25.181]],[[91.09275,25.18072],[91.09295,25.18072],[91.09295,25.18063],[91.09276,25.18063],[91.09275,25.18072]],[[91.09305,25.18072],[91.09315,25.18072],[91.09315,25.18063],[91.09325,25.18063],[91.09325,25.18054],[91.09305,25.18054],[91.09306,25.18045],[91.09296,25.18045],[91.09295,25.18063],[91.09305,25.18063],[91.09305,25.18072]],[[91.09464,25.18065],[91.09484,25.18065],[91.09484,25.18038],[91.09474,25.18038],[91.09474,25.18056],[91.09464,25.18056],[91.09464,25.18065]],[[91.09335,25.18054],[91.09355,25.18055],[91.09355,25.18028],[91.09346,25.18028],[91.09346,25.18009],[91.09326,25.18009],[91.09326,25.18018],[91.09336,25.18018],[91.09336,25.18027],[91.09316,25.18027],[91.09316,25.18036],[91.09335,25.18036],[91.09335,25.18054]],[[91.09375,25.18046],[91.09385,25.18046],[91.09385,25.18037],[91.09375,25.18037],[91.09375,25.18046]],[[91.09296,25.18036],[91.09306,25.18036],[91.09306,25.18027],[91.09296,25.18027],[91.09296,25.18036]],[[91.09395,25.18037],[91.09415,25.18037],[91.09415,25.18028],[91.09405,25.18028],[91.09405,25.18019],[91.09385,25.18019],[91.09385,25.18028],[91.09395,25.18028],[91.09395,25.18037]],[[91.09474,25.18029],[91.09484,25.18029],[91.09485,25.18002],[91.09475,25.18002],[91.09474,25.18029]],[[91.09356,25.18019],[91.09375,25.18019],[91.09376,25.1801],[91.09356,25.1801],[91.09356,25.18019]],[[91.09316,25.18009],[91.09326,25.18009],[91.09326,25.18],[91.09316,25.18],[91.09316,25.18009]],[[91.09415,25.1801],[91.09465,25.18011],[91.09465,25.18002],[91.09455,25.18002],[91.09455,25.17993],[91.09445,25.17993],[91.09445,25.17984],[91.09435,25.17984],[91.09435,25.17993],[91.09425,25.17992],[91.09425,25.18001],[91.09415,25.18001],[91.09415,25.1801]],[[91.09326,25.18],[91.09346,25.18],[91.09346,25.17982],[91.09326,25.17982],[91.09326,25.18]],[[91.09366,25.18001],[91.09376,25.18001],[91.09376,25.17992],[91.09366,25.17992],[91.09366,25.18001]],[[91.09296,25.17991],[91.09306,25.17991],[91.09307,25.17982],[91.09316,25.17982],[91.09317,25.17964],[91.09307,25.17964],[91.09307,25.17973],[91.09287,25.17973],[91.09287,25.17964],[91.09277,25.17963],[91.09277,25.17981],[91.09297,25.17982],[91.09296,25.17991]],[[91.09376,25.17992],[91.09386,25.17992],[91.09386,25.17983],[91.09376,25.17983],[91.09376,25.17992]],[[91.09396,25.17992],[91.09406,25.17992],[91.09406,25.17983],[91.09396,25.17983],[91.09396,25.17992]],[[91.09426,25.17983],[91.09435,25.17984],[91.09436,25.17975],[91.09426,25.17974],[91.09426,25.17983]],[[91.09327,25.17973],[91.09336,25.17973],[91.09337,25.17964],[91.09327,25.17964],[91.09327,25.17973]],[[91.09446,25.17975],[91.09465,25.17975],[91.09466,25.17966],[91.09446,25.17966],[91.09446,25.17975]],[[91.09475,25.17975],[91.09485,25.17975],[91.09486,25.17957],[91.09466,25.17957],[91.09466,25.17966],[91.09475,25.17966],[91.09475,25.17975]],[[91.09495,25.17975],[91.09505,25.17975],[91.09505,25.17966],[91.09495,25.17966],[91.09495,25.17975]],[[91.09238,25.17954],[91.09247,25.17954],[91.09248,25.17945],[91.09238,25.17945],[91.09238,25.17954]],[[91.09446,25.17957],[91.09456,25.17957],[91.09456,25.17948],[91.09446,25.17948],[91.09446,25.17957]],[[91.09228,25.17945],[91.09238,25.17945],[91.09238,25.17936],[91.09228,25.17936],[91.09228,25.17945]],[[91.09466,25.17939],[91.09476,25.17939],[91.09476,25.1793],[91.09486,25.1793],[91.09486,25.17921],[91.09466,25.17921],[91.09466,25.17939]],[[91.09496,25.17939],[91.09506,25.17939],[91.09506,25.1793],[91.09496,25.1793],[91.09496,25.17939]],[[91.09298,25.17901],[91.09318,25.17901],[91.09318,25.17883],[91.09298,25.17882],[91.09298,25.17901]],[[91.09288,25.17882],[91.09298,25.17882],[91.09298,25.17873],[91.09288,25.17873],[91.09288,25.17882]],[[91.09516,25.17885],[91.09526,25.17885],[91.09527,25.17849],[91.09547,25.1785],[91.09547,25.17841],[91.09517,25.1784],[91.09517,25.17849],[91.09507,25.17849],[91.09507,25.17858],[91.09517,25.17858],[91.09516,25.17885]],[[91.09308,25.17874],[91.09348,25.17874],[91.09348,25.17838],[91.09329,25.17838],[91.09328,25.17847],[91.09319,25.17847],[91.09318,25.17865],[91.09308,25.17865],[91.09308,25.17874]],[[91.09279,25.17864],[91.09298,25.17864],[91.09299,25.17855],[91.09279,25.17855],[91.09279,25.17864]],[[91.09358,25.17856],[91.09368,25.17856],[91.09368,25.17838],[91.09358,25.17838],[91.09358,25.17856]],[[91.09547,25.17859],[91.09566,25.17859],[91.09567,25.1785],[91.09547,25.1785],[91.09547,25.17859]],[[91.09685,25.1786],[91.09705,25.17861],[91.09705,25.17852],[91.09715,25.17852],[91.09715,25.17843],[91.09706,25.17843],[91.09706,25.17834],[91.09716,25.17834],[91.09716,25.17816],[91.09696,25.17815],[91.09696,25.17833],[91.09686,25.17833],[91.09686,25.17824],[91.09676,25.17824],[91.09676,25.17842],[91.09686,25.17842],[91.09685,25.1786]],[[91.09279,25.17846],[91.09289,25.17846],[91.09289,25.17819],[91.09279,25.17819],[91.09279,25.17846]],[[91.09299,25.17837],[91.09309,25.17837],[91.09309,25.17828],[91.09349,25.17829],[91.09349,25.1782],[91.09339,25.1782],[91.09339,25.17811],[91.09319,25.17811],[91.09319,25.17801],[91.09309,25.17801],[91.09309,25.1781],[91.09299,25.1781],[91.093,25.17792],[91.0929,25.17792],[91.09289,25.17819],[91.09299,25.17819],[91.09299,25.17837]],[[91.09348,25.17838],[91.09358,25.17838],[91.09359,25.17829],[91.09349,25.17829],[91.09348,25.17838]],[[91.09656,25.17842],[91.09666,25.17842],[91.09666,25.17833],[91.09656,25.17833],[91.09656,25.17842]],[[91.09378,25.17829],[91.09398,25.1783],[91.09398,25.17812],[91.09389,25.17811],[91.09388,25.1782],[91.09379,25.1782],[91.09378,25.17829]],[[91.09636,25.17833],[91.09646,25.17833],[91.09646,25.17824],[91.09636,25.17824],[91.09636,25.17833]],[[91.08982,25.17815],[91.08992,25.17815],[91.08992,25.17806],[91.08982,25.17806],[91.08982,25.17815]],[[91.09349,25.1782],[91.09359,25.1782],[91.09359,25.17811],[91.09349,25.17811],[91.09349,25.1782]],[[91.09517,25.17822],[91.09527,25.17822],[91.09527,25.17813],[91.09518,25.17813],[91.09517,25.17822]],[[91.09537,25.17822],[91.09547,25.17822],[91.09547,25.17813],[91.09537,25.17813],[91.09537,25.17822]],[[91.09557,25.17823],[91.09567,25.17823],[91.09567,25.17814],[91.09557,25.17814],[91.09557,25.17823]],[[91.0918,25.17809],[91.0919,25.17809],[91.0919,25.178],[91.0918,25.178],[91.0918,25.17809]],[[91.09369,25.17811],[91.09379,25.17811],[91.09379,25.17802],[91.09369,25.17802],[91.09369,25.17811]],[[91.09646,25.17815],[91.09666,25.17815],[91.09666,25.17806],[91.09647,25.17806],[91.09646,25.17815]],[[91.09726,25.17816],[91.09736,25.17816],[91.09736,25.17807],[91.09726,25.17807],[91.09726,25.17816]],[[91.09131,25.17799],[91.09141,25.17799],[91.09141,25.1779],[91.09131,25.1779],[91.09131,25.17799]],[[91.0925,25.17801],[91.0927,25.17801],[91.0927,25.17792],[91.0928,25.17792],[91.0928,25.17783],[91.0925,25.17783],[91.0925,25.17801]],[[91.09319,25.17801],[91.09329,25.17802],[91.09329,25.17793],[91.09319,25.17792],[91.09319,25.17801]],[[91.09339,25.17802],[91.09349,25.17802],[91.09349,25.17793],[91.09339,25.17793],[91.09339,25.17802]],[[91.09399,25.17803],[91.09418,25.17803],[91.09419,25.17794],[91.09409,25.17794],[91.09409,25.17785],[91.09399,25.17784],[91.09399,25.17803]],[[91.09577,25.17805],[91.09597,25.17805],[91.09597,25.17796],[91.09607,25.17796],[91.09607,25.17787],[91.09597,25.17787],[91.09597,25.17778],[91.09587,25.17778],[91.09587,25.17787],[91.09568,25.17787],[91.09567,25.17796],[91.09577,25.17796],[91.09577,25.17805]],[[91.09736,25.17807],[91.09746,25.17807],[91.09746,25.17798],[91.09736,25.17798],[91.09736,25.17807]],[[91.0922,25.17791],[91.0923,25.17791],[91.0923,25.17782],[91.0922,25.17782],[91.0922,25.17791]],[[91.09617,25.17796],[91.09627,25.17796],[91.09627,25.17787],[91.09637,25.17788],[91.09637,25.17769],[91.09607,25.17769],[91.09607,25.17778],[91.09617,25.17778],[91.09617,25.17796]],[[91.09201,25.17782],[91.0922,25.17782],[91.09221,25.17773],[91.09211,25.17773],[91.09211,25.17764],[91.09231,25.17764],[91.09231,25.17755],[91.09201,25.17755],[91.09201,25.17746],[91.09211,25.17746],[91.09211,25.17737],[91.09191,25.17737],[91.09191,25.17764],[91.09181,25.17764],[91.09181,25.17773],[91.09201,25.17773],[91.09201,25.17782]],[[91.0929,25.17783],[91.093,25.17783],[91.093,25.17774],[91.0929,25.17774],[91.0929,25.17783]],[[91.09667,25.17788],[91.09687,25.17788],[91.09687,25.1777],[91.09677,25.1777],[91.09677,25.17779],[91.09667,25.17779],[91.09667,25.17788]],[[91.09706,25.17788],[91.09716,25.17789],[91.09716,25.1778],[91.09707,25.17779],[91.09706,25.17788]],[[91.0925,25.17774],[91.0926,25.17774],[91.0926,25.17756],[91.09251,25.17755],[91.0925,25.17774]],[[91.0928,25.17774],[91.0929,25.17774],[91.0929,25.17765],[91.0928,25.17765],[91.0928,25.17774]],[[91.09657,25.17779],[91.09667,25.17779],[91.09667,25.1777],[91.09657,25.1777],[91.09657,25.17779]],[[91.09062,25.17762],[91.09092,25.17762],[91.09092,25.17753],[91.09102,25.17754],[91.09102,25.17735],[91.09092,25.17735],[91.09093,25.17708],[91.09073,25.17708],[91.09073,25.17717],[91.09082,25.17717],[91.09082,25.17726],[91.09072,25.17726],[91.09072,25.17735],[91.09082,25.17735],[91.09082,25.17753],[91.09062,25.17753],[91.09062,25.17762]],[[91.0927,25.17765],[91.0928,25.17765],[91.0928,25.17756],[91.0927,25.17756],[91.0927,25.17765]],[[91.09548,25.17768],[91.09558,25.17768],[91.09558,25.1775],[91.09548,25.1775],[91.09548,25.17768]],[[91.09637,25.17769],[91.09647,25.1777],[91.09647,25.17761],[91.09637,25.1776],[91.09637,25.17769]],[[91.09618,25.1776],[91.09627,25.1776],[91.09628,25.17742],[91.09608,25.17742],[91.09608,25.17751],[91.09618,25.17751],[91.09618,25.1776]],[[91.09241,25.17746],[91.09251,25.17746],[91.09251,25.17737],[91.09241,25.17737],[91.09241,25.17746]],[[91.09439,25.17749],[91.09449,25.17749],[91.09449,25.1774],[91.09439,25.1774],[91.09439,25.17749]],[[91.09647,25.17752],[91.09687,25.17752],[91.09687,25.17734],[91.09677,25.17734],[91.09678,25.17725],[91.09688,25.17725],[91.09688,25.1768],[91.09668,25.1768],[91.09668,25.17698],[91.09658,25.17698],[91.09658,25.17707],[91.09638,25.17706],[91.09638,25.17715],[91.09628,25.17715],[91.09628,25.17706],[91.09618,25.17706],[91.09618,25.17724],[91.09638,25.17724],[91.09638,25.17733],[91.09648,25.17734],[91.09647,25.17752]],[[91.09251,25.17737],[91.09261,25.17738],[91.09261,25.17729],[91.09251,25.17728],[91.09251,25.17737]],[[91.0937,25.1773],[91.0938,25.1773],[91.0938,25.17712],[91.0937,25.17712],[91.0937,25.1773]],[[91.0942,25.17731],[91.09429,25.17731],[91.0943,25.17722],[91.0942,25.17722],[91.0942,25.17731]],[[91.09598,25.17733],[91.09608,25.17733],[91.09608,25.17706],[91.09599,25.17706],[91.09598,25.17715],[91.09588,25.17715],[91.09588,25.17724],[91.09598,25.17724],[91.09598,25.17733]],[[91.09697,25.17725],[91.09707,25.17725],[91.09708,25.17716],[91.09698,25.17716],[91.09697,25.17725]],[[91.09708,25.17716],[91.09717,25.17716],[91.09718,25.17707],[91.09708,25.17707],[91.09708,25.17716]],[[91.09698,25.17707],[91.09708,25.17707],[91.09708,25.17698],[91.09698,25.17698],[91.09698,25.17707]],[[91.09648,25.17688],[91.09658,25.17689],[91.09658,25.17679],[91.09668,25.1768],[91.09669,25.17671],[91.09659,25.1767],[91.09659,25.17661],[91.09649,25.17661],[91.09648,25.17688]],[[91.09629,25.1767],[91.09639,25.1767],[91.09639,25.17661],[91.09629,25.17661],[91.09629,25.1767]],[[91.09748,25.17672],[91.09768,25.17672],[91.09768,25.17663],[91.09748,25.17663],[91.09748,25.17672]],[[91.09659,25.17661],[91.09679,25.17662],[91.09679,25.17653],[91.09669,25.17653],[91.09669,25.17643],[91.09649,25.17643],[91.09649,25.17652],[91.09659,25.17652],[91.09659,25.17661]],[[91.09788,25.17654],[91.09798,25.17654],[91.09798,25.17645],[91.09788,25.17645],[91.09788,25.17654]],[[91.096,25.17643],[91.09619,25.17643],[91.09619,25.17634],[91.096,25.17634],[91.096,25.17643]],[[91.09669,25.17643],[91.09679,25.17644],[91.09679,25.17635],[91.09669,25.17634],[91.09669,25.17643]],[[91.0956,25.17633],[91.0957,25.17633],[91.0957,25.17624],[91.0956,25.17624],[91.0956,25.17633]],[[91.09719,25.17635],[91.09729,25.17635],[91.09729,25.17626],[91.09719,25.17626],[91.09719,25.17635]],[[91.09639,25.17625],[91.09659,25.17625],[91.09659,25.17616],[91.0964,25.17616],[91.09639,25.17625]],[[91.09679,25.17626],[91.09689,25.17626],[91.09689,25.17617],[91.09679,25.17617],[91.09679,25.17626]],[[91.09729,25.17626],[91.09749,25.17626],[91.09749,25.17617],[91.09729,25.17617],[91.09729,25.17626]],[[91.09531,25.17615],[91.0954,25.17615],[91.09541,25.17606],[91.09531,25.17606],[91.09531,25.17615]],[[91.09689,25.17617],[91.09719,25.17617],[91.09719,25.17608],[91.09689,25.17608],[91.09689,25.17617]],[[91.09759,25.17618],[91.09778,25.17618],[91.09779,25.17609],[91.09759,25.17609],[91.09759,25.17618]],[[91.09689,25.17599],[91.09699,25.17599],[91.097,25.17572],[91.0969,25.17572],[91.0969,25.17581],[91.0966,25.1758],[91.0966,25.17589],[91.0969,25.1759],[91.09689,25.17599]],[[91.09749,25.17599],[91.09759,25.176],[91.09759,25.1759],[91.09749,25.1759],[91.09749,25.17599]],[[91.09769,25.17591],[91.09779,25.17591],[91.09779,25.17582],[91.09769,25.17582],[91.09769,25.17591]],[[91.0965,25.17571],[91.0966,25.17571],[91.0966,25.17562],[91.0965,25.17562],[91.0965,25.17571]],[[91.0969,25.17544],[91.097,25.17545],[91.097,25.17536],[91.0969,25.17535],[91.0969,25.17544]],[[91.0971,25.17545],[91.0972,25.17545],[91.0972,25.17536],[91.0971,25.17536],[91.0971,25.17545]],[[91.09701,25.1749],[91.09711,25.17491],[91.09711,25.17482],[91.09701,25.17481],[91.09701,25.1749]],[[91.09711,25.17482],[91.09721,25.17482],[91.09721,25.17473],[91.09711,25.17473],[91.09711,25.17482]]]},"properties":{"id":"wetland_patch_e193f072f9d1","date":"2026-06-30","area_km2":0.1549,"pixel_count":1549,"classification":"OPEN_WATER","interpretation_label":"HH darkening candidate","mean_delta_db":-5.2416204116358305,"median_delta_db":-4.850461006164551,"hh_before":-15.249075800315113,"hh_after":-20.490696211950944,"hv_before":-23.905809551458194,"hv_after":-24.148832413517635,"delta_hh":-5.2416204116358305,"delta_hv":-0.2430228620594436,"valid_fraction":0.998477508650519,"valid_fraction_scope":"region bounding box, all four channels","vegetated_fraction":0.0,"quality_status":"PASS","spatial_status":"PARTIAL","temporal_status":"PARTIAL","temporal_overlap_fraction":null,"threshold_stability":"SENSITIVE","threshold_variation_fraction":0.23574561403508773,"evidence_state":"UNCERTAIN","centroid":[25.1781716400034,91.0945997310891],"data_source":"NISAR","evidence_method":"Rule consistency only; no accuracy estimate or independent reference validation.","baseline_method":"SINGLE_PRECEDING_OBSERVATION","baseline_observation_count":1,"baseline_observation_dates":["2026-06-18"],"baseline_hh_temporal_mad_db":null,"baseline_scene_names":["NISAR_L2_PR_GCOV_023_069_A_014_4005_DHDH_A_20260618T232135_20260618T232210_P05023_N_F_J_001"],"contextual_land_cover":null,"distance_to_water_m":null,"context_status":"NOT_AVAILABLE","reference_validated":false}},{"type":"Feature","geometry":{"type":"Polygon","coordinates":[[[91.07687,25.1816],[91.07687,25.1815],[91.07667,25.1815],[91.07667,25.18141],[91.07677,25.18141],[91.07677,25.18132],[91.07657,25.18132],[91.07657,25.18123],[91.07667,25.18123],[91.07668,25.18114],[91.07697,25.18115],[91.07697,25.18105],[91.07688,25.18105],[91.07688,25.18078],[91.07678,25.18078],[91.07678,25.18069],[91.07708,25.1807],[91.07708,25.18079],[91.07718,25.18079],[91.07718,25.1807],[91.07728,25.1807],[91.07728,25.18079],[91.07738,25.18079],[91.07738,25.18061],[91.07748,25.18061],[91.07748,25.18052],[91.07758,25.18052],[91.07758,25.18061],[91.07768,25.18061],[91.07767,25.1807],[91.07758,25.1807],[91.07757,25.18088],[91.07777,25.18088],[91.07777,25.18107],[91.07787,25.18107],[91.07787,25.18116],[91.07777,25.18116],[91.07777,25.18125],[91.07767,25.18124],[91.07767,25.18115],[91.07747,25.18115],[91.07747,25.18124],[91.07737,25.18124],[91.07736,25.18151],[91.07726,25.18151],[91.07727,25.18142],[91.07697,25.18142],[91.07697,25.1816],[91.07687,25.1816]],[[91.07697,25.18124],[91.07707,25.18124],[91.07707,25.18115],[91.07697,25.18115],[91.07697,25.18124]],[[91.07727,25.18115],[91.07737,25.18115],[91.07737,25.18106],[91.07757,25.18106],[91.07757,25.18097],[91.07747,25.18097],[91.07747,25.18088],[91.07708,25.18088],[91.07707,25.18097],[91.07717,25.18097],[91.07717,25.18106],[91.07727,25.18106],[91.07727,25.18115]],[[91.07698,25.18087],[91.07708,25.18088],[91.07708,25.18079],[91.07698,25.18078],[91.07698,25.18087]]]},"properties":{"id":"wetland_patch_6bdca0961b15","date":"2026-06-30","area_km2":0.0061,"pixel_count":61,"classification":"OPEN_WATER","interpretation_label":"HH darkening candidate","mean_delta_db":-5.453498199337819,"median_delta_db":-5.072246551513672,"hh_before":-17.02860680564505,"hh_after":-22.48210500498287,"hv_before":-24.52252112841997,"hv_after":-23.805384870435372,"delta_hh":-5.453498199337819,"delta_hv":0.7171362579845991,"valid_fraction":1.0,"valid_fraction_scope":"region bounding box, all four channels","vegetated_fraction":0.0,"quality_status":"PASS","spatial_status":"PARTIAL","temporal_status":"PARTIAL","temporal_overlap_fraction":null,"threshold_stability":"STABLE","threshold_variation_fraction":0.17857142857142858,"evidence_state":"MODERATE","centroid":[25.18108088214137,91.07720407310613],"data_source":"NISAR","evidence_method":"Rule consistency only; no accuracy estimate or independent reference validation.","baseline_method":"SINGLE_PRECEDING_OBSERVATION","baseline_observation_count":1,"baseline_observation_dates":["2026-06-18"],"baseline_hh_temporal_mad_db":null,"baseline_scene_names":["NISAR_L2_PR_GCOV_023_069_A_014_4005_DHDH_A_20260618T232135_20260618T232210_P05023_N_F_J_001"],"contextual_land_cover":null,"distance_to_water_m":null,"context_status":"NOT_AVAILABLE","reference_validated":false}},{"type":"Feature","geometry":{"type":"Polygon","coordinates":[[[91.09989,25.18144],[91.09989,25.18135],[91.09979,25.18135],[91.09979,25.18117],[91.09999,25.18117],[91.09999,25.18099],[91.10019,25.18099],[91.10019,25.1809],[91.09999,25.1809],[91.09999,25.18081],[91.0999,25.18081],[91.09989,25.1809],[91.09979,25.1809],[91.09979,25.18099],[91.09989,25.18099],[91.09989,25.18108],[91.09969,25.18108],[91.0997,25.1809],[91.0996,25.1809],[91.0996,25.18081],[91.0998,25.18081],[91.0998,25.18072],[91.0999,25.18072],[91.0999,25.18063],[91.0997,25.18063],[91.0997,25.18054],[91.0996,25.18053],[91.0996,25.18035],[91.0997,25.18036],[91.0997,25.18045],[91.0998,25.18045],[91.0998,25.18054],[91.1,25.18054],[91.1,25.18063],[91.1001,25.18063],[91.1001,25.18036],[91.1002,25.18036],[91.1002,25.18045],[91.1003,25.18045],[91.1003,25.18054],[91.1004,25.18055],[91.10039,25.18064],[91.10059,25.18064],[91.10059,25.181],[91.10049,25.181],[91.10049,25.18109],[91.10039,25.18109],[91.10038,25.18127],[91.10029,25.18127],[91.10028,25.18136],[91.10018,25.18135],[91.10018,25.18145],[91.09989,25.18144]],[[91.09989,25.18135],[91.09999,25.18135],[91.09999,25.18126],[91.09989,25.18126],[91.09989,25.18135]],[[91.10009,25.18126],[91.10019,25.18126],[91.10019,25.18117],[91.10009,25.18117],[91.10009,25.18126]],[[91.10019,25.18117],[91.10029,25.18118],[91.10029,25.18109],[91.10019,25.18108],[91.10019,25.18117]],[[91.10029,25.1809],[91.10039,25.18091],[91.10039,25.18082],[91.10029,25.18081],[91.10029,25.1809]],[[91.10019,25.18081],[91.10029,25.18081],[91.10029,25.18072],[91.10019,25.18072],[91.10019,25.18081]]]},"properties":{"id":"wetland_patch_288b1160d933","date":"2026-06-30","area_km2":0.0061,"pixel_count":61,"classification":"OPEN_WATER","interpretation_label":"HH darkening candidate","mean_delta_db":-5.178491545505211,"median_delta_db":-4.867292404174805,"hh_before":-16.050746714482543,"hh_after":-21.229238259987753,"hv_before":-24.126862948058083,"hv_after":-24.06750750932537,"delta_hh":-5.178491545505211,"delta_hv":0.05935543873271004,"valid_fraction":0.975,"valid_fraction_scope":"region bounding box, all four channels","vegetated_fraction":0.0,"quality_status":"PASS","spatial_status":"PASS","temporal_status":"PARTIAL","temporal_overlap_fraction":null,"threshold_stability":"SENSITIVE","threshold_variation_fraction":0.2125,"evidence_state":"MODERATE","centroid":[25.18088849680744,91.10011294558734],"data_source":"NISAR","evidence_method":"Rule consistency only; no accuracy estimate or independent reference validation.","baseline_method":"SINGLE_PRECEDING_OBSERVATION","baseline_observation_count":1,"baseline_observation_dates":["2026-06-18"],"baseline_hh_temporal_mad_db":null,"baseline_scene_names":["NISAR_L2_PR_GCOV_023_069_A_014_4005_DHDH_A_20260618T232135_20260618T232210_P05023_N_F_J_001"],"contextual_land_cover":null,"distance_to_water_m":null,"context_status":"NOT_AVAILABLE","reference_validated":false}},{"type":"Feature","geometry":{"type":"Polygon","coordinates":[[[91.10048,25.18136],[91.10048,25.18118],[91.10068,25.18118],[91.10068,25.18109],[91.10088,25.18109],[91.10088,25.18118],[91.10098,25.18118],[91.10098,25.181],[91.10069,25.181],[91.10069,25.18091],[91.10079,25.18091],[91.10079,25.18082],[91.10069,25.18082],[91.10069,25.18073],[91.10079,25.18073],[91.10079,25.18064],[91.10059,25.18064],[91.10059,25.18055],[91.10069,25.18055],[91.1007,25.18037],[91.1006,25.18037],[91.1006,25.18028],[91.1005,25.18028],[91.1005,25.18019],[91.1002,25.18018],[91.10021,25.18],[91.10001,25.18],[91.10001,25.18009],[91.10011,25.18009],[91.1001,25.18018],[91.1,25.18018],[91.1,25.18045],[91.0998,25.18045],[91.0998,25.18027],[91.0999,25.18027],[91.09991,25.18009],[91.09981,25.18009],[91.09981,25.18],[91.09971,25.17999],[91.09971,25.17981],[91.09922,25.17981],[91.09922,25.17972],[91.09942,25.17972],[91.09942,25.17945],[91.09952,25.17945],[91.09952,25.17963],[91.09962,25.17963],[91.09962,25.17945],[91.09972,25.17945],[91.09972,25.17936],[91.09982,25.17936],[91.09982,25.17954],[91.09992,25.17955],[91.09991,25.17964],[91.09972,25.17963],[91.09971,25.17972],[91.09981,25.17973],[91.09981,25.17982],[91.10001,25.17982],[91.10001,25.17991],[91.10021,25.17991],[91.10021,25.17982],[91.10031,25.17982],[91.1003,25.18],[91.1006,25.18001],[91.10061,25.17983],[91.10051,25.17982],[91.10051,25.17973],[91.1008,25.17974],[91.1008,25.17983],[91.1007,25.17983],[91.1007,25.17992],[91.1008,25.17992],[91.1008,25.18001],[91.101,25.18001],[91.10099,25.18028],[91.10109,25.18028],[91.1011,25.18019],[91.10119,25.18019],[91.10119,25.18037],[91.1008,25.18037],[91.10079,25.18046],[91.10099,25.18046],[91.10099,25.18055],[91.10119,25.18056],[91.10118,25.18083],[91.10109,25.18082],[91.10108,25.18128],[91.10088,25.18127],[91.10088,25.18136],[91.10048,25.18136]],[[91.10089,25.18091],[91.10099,25.18091],[91.10099,25.18082],[91.10089,25.18082],[91.10089,25.18091]],[[91.10089,25.18073],[91.10099,25.18073],[91.10099,25.18064],[91.10089,25.18064],[91.10089,25.18073]],[[91.10079,25.18064],[91.10089,25.18064],[91.10089,25.18055],[91.10079,25.18055],[91.10079,25.18064]],[[91.1007,25.18028],[91.1009,25.18028],[91.1009,25.1801],[91.1008,25.1801],[91.1008,25.18019],[91.1007,25.18019],[91.1007,25.18028]],[[91.1006,25.1801],[91.1007,25.1801],[91.1007,25.18001],[91.1006,25.18001],[91.1006,25.1801]]]},"properties":{"id":"wetland_patch_3bf4740359f6","date":"2026-06-30","area_km2":0.0103,"pixel_count":103,"classification":"OPEN_WATER","interpretation_label":"HH darkening candidate","mean_delta_db":-4.942602900625433,"median_delta_db":-4.582187652587891,"hh_before":-15.351457783319418,"hh_after":-20.29406068394485,"hv_before":-23.602202674717578,"hv_after":-23.770955400559508,"delta_hh":-4.942602900625433,"delta_hv":-0.1687527258419296,"valid_fraction":0.990909090909091,"valid_fraction_scope":"region bounding box, all four channels","vegetated_fraction":0.0,"quality_status":"PASS","spatial_status":"PARTIAL","temporal_status":"PARTIAL","temporal_overlap_fraction":null,"threshold_stability":"SENSITIVE","threshold_variation_fraction":0.2345679012345679,"evidence_state":"UNCERTAIN","centroid":[25.180310306193952,91.10043918570142],"data_source":"NISAR","evidence_method":"Rule consistency only; no accuracy estimate or independent reference validation.","baseline_method":"SINGLE_PRECEDING_OBSERVATION","baseline_observation_count":1,"baseline_observation_dates":["2026-06-18"],"baseline_hh_temporal_mad_db":null,"baseline_scene_names":["NISAR_L2_PR_GCOV_023_069_A_014_4005_DHDH_A_20260618T232135_20260618T232210_P05023_N_F_J_001"],"contextual_land_cover":null,"distance_to_water_m":null,"context_status":"NOT_AVAILABLE","reference_validated":false}},{"type":"Feature","geometry":{"type":"Polygon","coordinates":[[[91.03393,25.18022],[91.03393,25.18013],[91.03383,25.18013],[91.03384,25.18004],[91.03374,25.18004],[91.03374,25.17985],[91.03364,25.17985],[91.03364,25.17976],[91.03344,25.17976],[91.03344,25.17967],[91.03354,25.17967],[91.03355,25.17949],[91.03345,25.17949],[91.03345,25.1794],[91.03355,25.1794],[91.03355,25.17931],[91.03375,25.17931],[91.03375,25.1794],[91.03394,25.17941],[91.03395,25.17932],[91.03405,25.17932],[91.03405,25.17923],[91.03425,25.17923],[91.03424,25.17932],[91.03414,25.17932],[91.03414,25.1795],[91.03434,25.1795],[91.03434,25.17977],[91.03424,25.17977],[91.03424,25.17968],[91.03414,25.17968],[91.03413,25.17995],[91.03433,25.17995],[91.03433,25.18004],[91.03413,25.18004],[91.03413,25.18013],[91.03403,25.18013],[91.03403,25.18022],[91.03393,25.18022]],[[91.03374,25.17985],[91.03384,25.17986],[91.03384,25.17968],[91.03394,25.17968],[91.03394,25.1795],[91.03374,25.17949],[91.03374,25.17985]]]},"properties":{"id":"wetland_patch_3e11b9f5eaf7","date":"2026-06-30","area_km2":0.005,"pixel_count":50,"classification":"OPEN_WATER","interpretation_label":"HH darkening candidate","mean_delta_db":-4.856728477478027,"median_delta_db":-4.707607746124268,"hh_before":-14.592732048034668,"hh_after":-19.449460525512695,"hv_before":-22.52075508117676,"hv_after":-23.336027946472168,"delta_hh":-4.856728477478027,"delta_hv":-0.8152728652954102,"valid_fraction":1.0,"valid_fraction_scope":"region bounding box, all four channels","vegetated_fraction":0.0,"quality_status":"PASS","spatial_status":"PASS","temporal_status":"PARTIAL","temporal_overlap_fraction":null,"threshold_stability":"SENSITIVE","threshold_variation_fraction":0.24193548387096775,"evidence_state":"MODERATE","centroid":[25.17968930420361,91.03393020333256],"data_source":"NISAR","evidence_method":"Rule consistency only; no accuracy estimate or independent reference validation.","baseline_method":"SINGLE_PRECEDING_OBSERVATION","baseline_observation_count":1,"baseline_observation_dates":["2026-06-18"],"baseline_hh_temporal_mad_db":null,"baseline_scene_names":["NISAR_L2_PR_GCOV_023_069_A_014_4005_DHDH_A_20260618T232135_20260618T232210_P05023_N_F_J_001"],"contextual_land_cover":null,"distance_to_water_m":null,"context_status":"NOT_AVAILABLE","reference_validated":false}},{"type":"Feature","geometry":{"type":"Polygon","coordinates":[[[91.07103,25.18062],[91.07103,25.18044],[91.07083,25.18043],[91.07083,25.18052],[91.07073,25.18052],[91.07074,25.18034],[91.07103,25.18035],[91.07104,25.18017],[91.07084,25.18016],[91.07084,25.18007],[91.07074,25.18007],[91.07074,25.17989],[91.07064,25.17989],[91.07065,25.17971],[91.07055,25.17971],[91.07055,25.1798],[91.07035,25.1798],[91.07035,25.17961],[91.07045,25.17962],[91.07045,25.17944],[91.07035,25.17943],[91.07035,25.17934],[91.07016,25.17934],[91.07016,25.17907],[91.06996,25.17907],[91.06996,25.17889],[91.07006,25.17889],[91.07007,25.1788],[91.06987,25.1788],[91.06987,25.17862],[91.06967,25.17861],[91.06967,25.1787],[91.06927,25.1787],[91.06928,25.17852],[91.06918,25.17852],[91.06918,25.17843],[91.06908,25.17842],[91.06908,25.17833],[91.06898,25.17833],[91.06898,25.17824],[91.06888,25.17824],[91.06888,25.17833],[91.06878,25.17833],[91.06879,25.17806],[91.06908,25.17806],[91.06908,25.17815],[91.06918,25.17815],[91.06918,25.17834],[91.06928,25.17834],[91.06928,25.17843],[91.06948,25.17843],[91.06947,25.17861],[91.06957,25.17861],[91.06957,25.17852],[91.06967,25.17852],[91.06968,25.17834],[91.06987,25.17834],[91.06988,25.17816],[91.06978,25.17816],[91.06978,25.17807],[91.06988,25.17807],[91.06988,25.17798],[91.06978,25.17798],[91.06978,25.17789],[91.06988,25.17789],[91.06988,25.1778],[91.07008,25.17781],[91.07008,25.1779],[91.07028,25.1779],[91.07028,25.17808],[91.07037,25.17808],[91.07037,25.17817],[91.07047,25.17817],[91.07047,25.17808],[91.07067,25.17808],[91.07067,25.17799],[91.07087,25.178],[91.07087,25.17818],[91.07097,25.17818],[91.07097,25.17809],[91.07107,25.17809],[91.07107,25.178],[91.07097,25.178],[91.07097,25.17782],[91.07117,25.17782],[91.07117,25.17773],[91.07127,25.17773],[91.07127,25.17782],[91.07137,25.17782],[91.07137,25.17791],[91.07147,25.17791],[91.07147,25.178],[91.07167,25.17801],[91.07166,25.1781],[91.07176,25.1781],[91.07176,25.17828],[91.07136,25.17827],[91.07136,25.17845],[91.07146,25.17846],[91.07146,25.17837],[91.07156,25.17837],[91.07156,25.17855],[91.07195,25.17855],[91.07195,25.17864],[91.07185,25.17864],[91.07185,25.17873],[91.07175,25.17873],[91.07175,25.17882],[91.07205,25.17882],[91.07205,25.17891],[91.07225,25.17892],[91.07224,25.17901],[91.07234,25.17901],[91.07234,25.1791],[91.07244,25.1791],[91.07244,25.17928],[91.07254,25.17928],[91.07254,25.17937],[91.07273,25.17937],[91.07273,25.17947],[91.07244,25.17946],[91.07243,25.17955],[91.07224,25.17955],[91.07224,25.17937],[91.07214,25.17937],[91.07213,25.17973],[91.07203,25.17973],[91.07203,25.17982],[91.07193,25.17982],[91.07193,25.17991],[91.07203,25.17991],[91.07203,25.18],[91.07193,25.18],[91.07193,25.18009],[91.07183,25.18009],[91.07183,25.17999],[91.07173,25.17999],[91.07173,25.18017],[91.07193,25.18018],[91.07193,25.18036],[91.07183,25.18036],[91.07183,25.18045],[91.07173,25.18044],[91.07173,25.18035],[91.07133,25.18035],[91.07133,25.18026],[91.07123,25.18026],[91.07123,25.18044],[91.07133,25.18044],[91.07133,25.18053],[91.07123,25.18053],[91.07123,25.18062],[91.07103,25.18062]],[[91.07133,25.18026],[91.07143,25.18026],[91.07143,25.18017],[91.07133,25.18017],[91.07133,25.18026]],[[91.07114,25.18017],[91.07123,25.18017],[91.07124,25.18008],[91.07114,25.18008],[91.07114,25.18017]],[[91.07143,25.18017],[91.07163,25.18017],[91.07163,25.18008],[91.07143,25.18008],[91.07143,25.18017]],[[91.07084,25.18007],[91.07094,25.18007],[91.07094,25.17998],[91.07084,25.17998],[91.07084,25.18007]],[[91.07094,25.17998],[91.07104,25.17998],[91.07104,25.17989],[91.07094,25.17989],[91.07094,25.17998]],[[91.07104,25.17989],[91.07114,25.1799],[91.07114,25.17981],[91.07104,25.1798],[91.07104,25.17989]],[[91.07124,25.1799],[91.07164,25.1799],[91.07164,25.17981],[91.07154,25.17981],[91.07154,25.17972],[91.07144,25.17972],[91.07144,25.17981],[91.07124,25.17981],[91.07124,25.1799]],[[91.07173,25.1799],[91.07183,25.1799],[91.07184,25.17981],[91.07174,25.17981],[91.07173,25.1799]],[[91.07104,25.17971],[91.07114,25.17972],[91.07114,25.17962],[91.07104,25.17962],[91.07104,25.17971]],[[91.07154,25.17972],[91.07174,25.17972],[91.07174,25.17963],[91.07154,25.17963],[91.07154,25.17972]],[[91.07055,25.17962],[91.07065,25.17962],[91.07065,25.17953],[91.07075,25.17953],[91.07075,25.17944],[91.07065,25.17944],[91.07065,25.17935],[91.07075,25.17935],[91.07075,25.17926],[91.07045,25.17925],[91.07045,25.17935],[91.07055,25.17935],[91.07055,25.17962]],[[91.07075,25.17962],[91.07095,25.17962],[91.07095,25.17953],[91.07075,25.17953],[91.07075,25.17962]],[[91.07124,25.17963],[91.07134,25.17963],[91.07134,25.17954],[91.07124,25.17954],[91.07124,25.17963]],[[91.07184,25.17963],[91.07194,25.17964],[91.07194,25.17954],[91.07184,25.17954],[91.07184,25.17963]],[[91.07105,25.17953],[91.07124,25.17954],[91.07125,25.17936],[91.07105,25.17935],[91.07105,25.17953]],[[91.07164,25.17954],[91.07184,25.17954],[91.07184,25.17945],[91.07164,25.17945],[91.07164,25.17954]],[[91.07144,25.17945],[91.07154,25.17945],[91.07154,25.17936],[91.07145,25.17936],[91.07144,25.17945]],[[91.07234,25.17946],[91.07244,25.17946],[91.07244,25.17937],[91.07234,25.17937],[91.07234,25.17946]],[[91.07184,25.17936],[91.07214,25.17937],[91.07214,25.17928],[91.07234,25.17928],[91.07234,25.17919],[91.07214,25.17919],[91.07215,25.17901],[91.07205,25.179],[91.07204,25.17909],[91.07195,25.17909],[91.07194,25.17918],[91.07204,25.17919],[91.07204,25.17928],[91.07184,25.17927],[91.07184,25.17936]],[[91.07085,25.17926],[91.07125,25.17927],[91.07125,25.17917],[91.07145,25.17918],[91.07145,25.17927],[91.07165,25.17927],[91.07165,25.17918],[91.07155,25.17918],[91.07155,25.17891],[91.07145,25.17891],[91.07145,25.179],[91.07135,25.179],[91.07135,25.17909],[91.07105,25.17908],[91.07105,25.17917],[91.07085,25.17917],[91.07085,25.17926]],[[91.07174,25.17927],[91.07184,25.17927],[91.07184,25.17918],[91.07175,25.17918],[91.07174,25.17927]],[[91.07036,25.17916],[91.07046,25.17916],[91.07046,25.17907],[91.07036,25.17907],[91.07036,25.17916]],[[91.07016,25.17907],[91.07036,25.17907],[91.07036,25.17898],[91.07056,25.17899],[91.07056,25.17908],[91.07066,25.17908],[91.07066,25.1789],[91.07046,25.17889],[91.07046,25.17871],[91.07056,25.17871],[91.07056,25.17862],[91.07037,25.17862],[91.07037,25.17853],[91.07047,25.17853],[91.07047,25.17844],[91.07057,25.17844],[91.07057,25.17826],[91.07047,25.17826],[91.07047,25.17835],[91.07037,25.17835],[91.07037,25.17844],[91.07027,25.17844],[91.07027,25.17835],[91.07017,25.17835],[91.07017,25.17844],[91.07007,25.17844],[91.07007,25.17835],[91.06997,25.17835],[91.06997,25.17871],[91.07036,25.17871],[91.07036,25.1788],[91.07016,25.1788],[91.07016,25.17907]],[[91.07076,25.17908],[91.07085,25.17908],[91.07086,25.17899],[91.07076,25.17899],[91.07076,25.17908]],[[91.07095,25.17908],[91.07105,25.17908],[91.07106,25.17881],[91.07096,25.17881],[91.07095,25.17908]],[[91.07165,25.179],[91.07195,25.179],[91.07195,25.17891],[91.07165,25.17891],[91.07165,25.179]],[[91.07066,25.1789],[91.07086,25.1789],[91.07086,25.17881],[91.07066,25.17881],[91.07066,25.1789]],[[91.07135,25.17891],[91.07145,25.17891],[91.07145,25.17882],[91.07135,25.17882],[91.07135,25.17891]],[[91.07106,25.17881],[91.07116,25.17881],[91.07116,25.17872],[91.07126,25.17872],[91.07126,25.17863],[91.07096,25.17863],[91.07096,25.17872],[91.07106,25.17872],[91.07106,25.17881]],[[91.07086,25.17863],[91.07096,25.17863],[91.07096,25.17854],[91.07106,25.17854],[91.07106,25.17845],[91.07086,25.17845],[91.07086,25.17863]],[[91.07126,25.17863],[91.07136,25.17863],[91.07136,25.17854],[91.07126,25.17854],[91.07126,25.17863]],[[91.07146,25.17864],[91.07156,25.17864],[91.07156,25.17855],[91.07146,25.17855],[91.07146,25.17864]],[[91.07066,25.17854],[91.07076,25.17854],[91.07077,25.17845],[91.07067,25.17845],[91.07066,25.17854]],[[91.07077,25.17845],[91.07086,25.17845],[91.07087,25.17836],[91.07077,25.17836],[91.07077,25.17845]],[[91.07116,25.17845],[91.07126,25.17845],[91.07126,25.17827],[91.07087,25.17827],[91.07087,25.17836],[91.07116,25.17836],[91.07116,25.17845]],[[91.07067,25.17835],[91.07077,25.17836],[91.07077,25.17818],[91.07067,25.17817],[91.07067,25.17835]],[[91.06997,25.17826],[91.07017,25.17826],[91.07018,25.17799],[91.06998,25.17798],[91.06997,25.17826]]]},"properties":{"id":"wetland_patch_6b0893a450d8","date":"2026-06-30","area_km2":0.0381,"pixel_count":381,"classification":"OPEN_WATER","interpretation_label":"HH darkening candidate","mean_delta_db":-5.056426326120932,"median_delta_db":-4.698518753051758,"hh_before":-16.256172705823044,"hh_after":-21.312599031943975,"hv_before":-24.03151304390174,"hv_after":-24.234142218362003,"delta_hh":-5.056426326120932,"delta_hv":-0.20262917446026338,"valid_fraction":1.0,"valid_fraction_scope":"region bounding box, all four channels","vegetated_fraction":0.0,"quality_status":"PASS","spatial_status":"PARTIAL","temporal_status":"PARTIAL","temporal_overlap_fraction":null,"threshold_stability":"SENSITIVE","threshold_variation_fraction":0.22576361221779548,"evidence_state":"UNCERTAIN","centroid":[25.179056039719125,91.07100997226169],"data_source":"NISAR","evidence_method":"Rule consistency only; no accuracy estimate or independent reference validation.","baseline_method":"SINGLE_PRECEDING_OBSERVATION","baseline_observation_count":1,"baseline_observation_dates":["2026-06-18"],"baseline_hh_temporal_mad_db":null,"baseline_scene_names":["NISAR_L2_PR_GCOV_023_069_A_014_4005_DHDH_A_20260618T232135_20260618T232210_P05023_N_F_J_001"],"contextual_land_cover":null,"distance_to_water_m":null,"context_status":"NOT_AVAILABLE","reference_validated":false}},{"type":"Feature","geometry":{"type":"Polygon","coordinates":[[[91.0756,25.18041],[91.0756,25.18031],[91.0755,25.18031],[91.0755,25.18022],[91.0756,25.18022],[91.0756,25.18013],[91.0757,25.18014],[91.0757,25.17986],[91.0756,25.17986],[91.0756,25.18004],[91.0754,25.18004],[91.0754,25.18013],[91.075,25.18013],[91.07501,25.17986],[91.07521,25.17986],[91.07521,25.17977],[91.07501,25.17977],[91.07501,25.17949],[91.07492,25.17949],[91.07491,25.17958],[91.07472,25.17958],[91.07471,25.17976],[91.07481,25.17976],[91.07481,25.17985],[91.07491,25.17985],[91.07491,25.17994],[91.07461,25.17994],[91.07462,25.17967],[91.07452,25.17967],[91.07452,25.17958],[91.07442,25.17958],[91.07441,25.17985],[91.07431,25.17985],[91.07432,25.17958],[91.07422,25.17957],[91.07422,25.1793],[91.07442,25.17931],[91.07442,25.17922],[91.07423,25.17921],[91.07423,25.17912],[91.07433,25.17912],[91.07433,25.17903],[91.07423,25.17903],[91.07423,25.17894],[91.07413,25.17894],[91.07413,25.17885],[91.07393,25.17885],[91.07393,25.17876],[91.07384,25.17876],[91.07384,25.17849],[91.07434,25.17849],[91.07433,25.17858],[91.07453,25.17859],[91.07453,25.17868],[91.07463,25.17868],[91.07463,25.17877],[91.07473,25.17877],[91.07473,25.17886],[91.07512,25.17886],[91.07513,25.17877],[91.07532,25.17878],[91.07532,25.17896],[91.07542,25.17896],[91.07542,25.17905],[91.07562,25.17905],[91.07562,25.17896],[91.07572,25.17896],[91.07572,25.17887],[91.07582,25.17887],[91.07582,25.17896],[91.07602,25.17897],[91.07602,25.17888],[91.07612,25.17888],[91.07612,25.17879],[91.07622,25.17879],[91.07621,25.17888],[91.07631,25.17888],[91.07632,25.17879],[91.07651,25.17879],[91.07651,25.17897],[91.07671,25.17898],[91.07671,25.17888],[91.07681,25.17889],[91.07681,25.17871],[91.07691,25.17871],[91.07691,25.1788],[91.07711,25.1788],[91.07711,25.17889],[91.07701,25.17889],[91.07701,25.17898],[91.07711,25.17898],[91.0771,25.17916],[91.077,25.17916],[91.07701,25.17907],[91.07691,25.17907],[91.0769,25.17934],[91.0768,25.17934],[91.0768,25.17925],[91.07661,25.17924],[91.07661,25.17906],[91.07651,25.17906],[91.07651,25.17915],[91.07641,25.17915],[91.0764,25.17942],[91.07631,25.17942],[91.0763,25.17951],[91.0762,25.17951],[91.0762,25.1796],[91.07581,25.1796],[91.07581,25.17969],[91.0759,25.17969],[91.0759,25.17987],[91.076,25.17987],[91.076,25.17996],[91.0761,25.17996],[91.0761,25.18005],[91.076,25.18005],[91.076,25.18014],[91.0759,25.18014],[91.07589,25.18032],[91.0758,25.18032],[91.0758,25.18023],[91.0757,25.18023],[91.07569,25.18041],[91.0756,25.18041]],[[91.0752,25.18004],[91.0754,25.18004],[91.0754,25.17995],[91.07521,25.17995],[91.0752,25.18004]],[[91.07531,25.17986],[91.07541,25.17986],[91.07541,25.17977],[91.07531,25.17977],[91.07531,25.17986]],[[91.07521,25.17977],[91.07531,25.17977],[91.07531,25.17968],[91.07541,25.17968],[91.07541,25.17959],[91.07531,25.17959],[91.07531,25.1795],[91.07521,25.1795],[91.07521,25.17941],[91.07512,25.17941],[91.07511,25.17968],[91.07521,25.17968],[91.07521,25.17977]],[[91.07561,25.17977],[91.0757,25.17977],[91.07571,25.17968],[91.07561,25.17968],[91.07561,25.17977]],[[91.07551,25.17959],[91.07571,25.17959],[91.07571,25.1795],[91.07561,25.1795],[91.07561,25.17941],[91.07551,25.17941],[91.07551,25.17959]],[[91.07452,25.17949],[91.07472,25.17949],[91.07472,25.1794],[91.07462,25.1794],[91.07462,25.17931],[91.07482,25.17931],[91.07482,25.17922],[91.07492,25.17922],[91.07492,25.17931],[91.07502,25.17931],[91.07502,25.1794],[91.07512,25.17941],[91.07512,25.17923],[91.07532,25.17923],[91.07531,25.17941],[91.07551,25.17941],[91.07552,25.17914],[91.07502,25.17913],[91.07502,25.17904],[91.07482,25.17904],[91.07482,25.17913],[91.07472,25.17913],[91.07472,25.17922],[91.07452,25.17922],[91.07452,25.17949]],[[91.07611,25.17951],[91.0762,25.17951],[91.07621,25.17933],[91.07611,25.17933],[91.07611,25.17951]],[[91.07581,25.17941],[91.07591,25.17942],[91.07591,25.17933],[91.07581,25.17932],[91.07581,25.17941]],[[91.07591,25.17933],[91.07611,25.17933],[91.07611,25.17924],[91.07601,25.17924],[91.07601,25.17915],[91.07571,25.17914],[91.07571,25.17923],[91.07591,25.17924],[91.07591,25.17933]],[[91.07621,25.17906],[91.07631,25.17906],[91.07631,25.17897],[91.07621,25.17897],[91.07621,25.17906]],[[91.07671,25.17907],[91.07681,25.17907],[91.07681,25.17898],[91.07671,25.17898],[91.07671,25.17907]],[[91.07463,25.17895],[91.07473,25.17895],[91.07473,25.17886],[91.07463,25.17886],[91.07463,25.17895]],[[91.07512,25.17895],[91.07522,25.17896],[91.07522,25.17887],[91.07512,25.17886],[91.07512,25.17895]],[[91.07631,25.17897],[91.07641,25.17897],[91.07641,25.17888],[91.07631,25.17888],[91.07631,25.17897]],[[91.07413,25.17885],[91.07433,25.17885],[91.07433,25.17876],[91.07413,25.17876],[91.07413,25.17885]],[[91.07403,25.17876],[91.07413,25.17876],[91.07414,25.17858],[91.07404,25.17858],[91.07403,25.17876]],[[91.07443,25.17876],[91.07453,25.17877],[91.07453,25.17868],[91.07443,25.17867],[91.07443,25.17876]],[[91.07423,25.17867],[91.07433,25.17867],[91.07433,25.17858],[91.07424,25.17858],[91.07423,25.17867]]]},"properties":{"id":"wetland_patch_b11797ec3256","date":"2026-06-30","area_km2":0.0231,"pixel_count":231,"classification":"OPEN_WATER","interpretation_label":"HH darkening candidate","mean_delta_db":-4.90432155080688,"median_delta_db":-4.46953010559082,"hh_before":-16.41700097699186,"hh_after":-21.32132252779874,"hv_before":-24.312520394593605,"hv_after":-24.268144095614876,"delta_hh":-4.90432155080688,"delta_hv":0.04437629897873123,"valid_fraction":1.0,"valid_fraction_scope":"region bounding box, all four channels","vegetated_fraction":0.0,"quality_status":"PASS","spatial_status":"PARTIAL","temporal_status":"PARTIAL","temporal_overlap_fraction":null,"threshold_stability":"STABLE","threshold_variation_fraction":0.19851116625310175,"evidence_state":"MODERATE","centroid":[25.179318292833006,91.07537242749916],"data_source":"NISAR","evidence_method":"Rule consistency only; no accuracy estimate or independent reference validation.","baseline_method":"SINGLE_PRECEDING_OBSERVATION","baseline_observation_count":1,"baseline_observation_dates":["2026-06-18"],"baseline_hh_temporal_mad_db":null,"baseline_scene_names":["NISAR_L2_PR_GCOV_023_069_A_014_4005_DHDH_A_20260618T232135_20260618T232210_P05023_N_F_J_001"],"contextual_land_cover":null,"distance_to_water_m":null,"context_status":"NOT_AVAILABLE","reference_validated":false}},{"type":"Feature","geometry":{"type":"Polygon","coordinates":[[[91.07728,25.18043],[91.07728,25.18034],[91.07718,25.18034],[91.07719,25.18025],[91.07689,25.18024],[91.07689,25.18015],[91.07669,25.18015],[91.07669,25.18024],[91.07659,25.18024],[91.07659,25.18033],[91.07649,25.18033],[91.07649,25.18024],[91.07639,25.18023],[91.07639,25.18033],[91.07629,25.18032],[91.07629,25.18023],[91.07619,25.18023],[91.07619,25.18032],[91.07609,25.18032],[91.0761,25.18014],[91.07649,25.18015],[91.0765,25.17997],[91.0764,25.17996],[91.0764,25.17987],[91.0763,25.17987],[91.0763,25.17996],[91.0761,25.17996],[91.0761,25.17987],[91.076,25.17987],[91.076,25.17969],[91.0762,25.17969],[91.0762,25.17978],[91.0763,25.17978],[91.0763,25.17969],[91.0764,25.17969],[91.0764,25.1796],[91.0763,25.1796],[91.0763,25.17951],[91.0765,25.17951],[91.07651,25.17933],[91.0766,25.17933],[91.0766,25.17961],[91.0767,25.17961],[91.0767,25.17943],[91.077,25.17943],[91.077,25.17925],[91.0771,25.17925],[91.0771,25.17916],[91.0773,25.17916],[91.0773,25.17925],[91.0772,25.17925],[91.0772,25.17934],[91.0774,25.17935],[91.0774,25.17907],[91.0775,25.17908],[91.0775,25.17926],[91.0778,25.17926],[91.07779,25.17935],[91.07789,25.17935],[91.07789,25.17944],[91.07759,25.17944],[91.07759,25.17971],[91.07769,25.17971],[91.07769,25.1798],[91.07739,25.1798],[91.07739,25.18007],[91.07759,25.18007],[91.07758,25.18016],[91.07768,25.18016],[91.07768,25.18034],[91.07738,25.18034],[91.07738,25.18043],[91.07728,25.18043]],[[91.07659,25.17997],[91.07689,25.17997],[91.07689,25.17979],[91.0766,25.17979],[91.07659,25.17997]],[[91.07699,25.17997],[91.07709,25.17997],[91.07709,25.17988],[91.07699,25.17988],[91.07699,25.17997]],[[91.0764,25.17987],[91.0765,25.17988],[91.0765,25.17978],[91.0764,25.17978],[91.0764,25.17987]],[[91.07709,25.17988],[91.07719,25.17988],[91.07719,25.17979],[91.07709,25.17979],[91.07709,25.17988]],[[91.077,25.1797],[91.07719,25.1797],[91.0772,25.17961],[91.07729,25.17961],[91.0773,25.17952],[91.0772,25.17952],[91.0772,25.17943],[91.0771,25.17943],[91.0771,25.17961],[91.077,25.17961],[91.077,25.1797]],[[91.07729,25.1797],[91.07739,25.17971],[91.07739,25.17962],[91.07729,25.17961],[91.07729,25.1797]],[[91.0769,25.17961],[91.077,25.17961],[91.077,25.17952],[91.0769,25.17952],[91.0769,25.17961]],[[91.0775,25.17944],[91.07759,25.17944],[91.0776,25.17935],[91.0775,25.17935],[91.0775,25.17944]]]},"properties":{"id":"wetland_patch_b44e5a8f6bd2","date":"2026-06-30","area_km2":0.0122,"pixel_count":122,"classification":"OPEN_WATER","interpretation_label":"HH darkening candidate","mean_delta_db":-4.943362806664139,"median_delta_db":-4.758761405944824,"hh_before":-16.820894655634145,"hh_after":-21.764257462298282,"hv_before":-23.93061920853912,"hv_after":-24.713095805684073,"delta_hh":-4.943362806664139,"delta_hv":-0.7824765971449555,"valid_fraction":1.0,"valid_fraction_scope":"region bounding box, all four channels","vegetated_fraction":0.0,"quality_status":"PASS","spatial_status":"PARTIAL","temporal_status":"PARTIAL","temporal_overlap_fraction":null,"threshold_stability":"STABLE","threshold_variation_fraction":0.1912568306010929,"evidence_state":"MODERATE","centroid":[25.179802373297083,91.0769883208608],"data_source":"NISAR","evidence_method":"Rule consistency only; no accuracy estimate or independent reference validation.","baseline_method":"SINGLE_PRECEDING_OBSERVATION","baseline_observation_count":1,"baseline_observation_dates":["2026-06-18"],"baseline_hh_temporal_mad_db":null,"baseline_scene_names":["NISAR_L2_PR_GCOV_023_069_A_014_4005_DHDH_A_20260618T232135_20260618T232210_P05023_N_F_J_001"],"contextual_land_cover":null,"distance_to_water_m":null,"context_status":"NOT_AVAILABLE","reference_validated":false}},{"type":"Feature","geometry":{"type":"Polygon","coordinates":[[[91.07292,25.18019],[91.07292,25.18001],[91.07282,25.18001],[91.07283,25.17974],[91.07293,25.17974],[91.07293,25.17965],[91.07303,25.17965],[91.07303,25.17947],[91.07313,25.17947],[91.07313,25.17956],[91.07323,25.17956],[91.07323,25.17938],[91.07333,25.17938],[91.07333,25.17929],[91.07323,25.17929],[91.07324,25.17911],[91.07304,25.17911],[91.07304,25.17902],[91.07334,25.17902],[91.07333,25.1792],[91.07363,25.17921],[91.07363,25.1793],[91.07353,25.17929],[91.07353,25.17948],[91.07363,25.17948],[91.07363,25.17939],[91.07373,25.17939],[91.07372,25.17957],[91.07382,25.17957],[91.07383,25.1793],[91.07393,25.1793],[91.07393,25.17939],[91.07412,25.17939],[91.07412,25.17957],[91.07422,25.17957],[91.07422,25.17976],[91.07382,25.17975],[91.07382,25.17966],[91.07362,25.17966],[91.07362,25.17975],[91.07372,25.17975],[91.07372,25.17984],[91.07352,25.17984],[91.07352,25.17993],[91.07362,25.17993],[91.07362,25.18002],[91.07332,25.18001],[91.07332,25.18019],[91.07322,25.18019],[91.07322,25.17992],[91.07312,25.17992],[91.07312,25.17983],[91.07303,25.17983],[91.07302,25.18001],[91.07312,25.18001],[91.07312,25.1801],[91.07302,25.1801],[91.07302,25.18019],[91.07292,25.18019]],[[91.07322,25.17983],[91.07332,25.17983],[91.07332,25.17974],[91.07323,25.17974],[91.07322,25.17983]],[[91.07303,25.17974],[91.07313,25.17974],[91.07313,25.17965],[91.07303,25.17965],[91.07303,25.17974]],[[91.07333,25.17965],[91.07342,25.17965],[91.07343,25.17956],[91.07333,25.17956],[91.07333,25.17965]]]},"properties":{"id":"wetland_patch_e8068abfd591","date":"2026-06-30","area_km2":0.0073,"pixel_count":73,"classification":"OPEN_WATER","interpretation_label":"HH darkening candidate","mean_delta_db":-5.180866489671681,"median_delta_db":-4.887779235839844,"hh_before":-16.026461967050214,"hh_after":-21.207328456721893,"hv_before":-23.861154948195367,"hv_after":-23.9374660335175,"delta_hh":-5.180866489671681,"delta_hv":-0.07631108532213185,"valid_fraction":1.0,"valid_fraction_scope":"region bounding box, all four channels","vegetated_fraction":0.0,"quality_status":"PASS","spatial_status":"PARTIAL","temporal_status":"PARTIAL","temporal_overlap_fraction":null,"threshold_stability":"STABLE","threshold_variation_fraction":0.1206896551724138,"evidence_state":"MODERATE","centroid":[25.1796395057231,91.07345024850054],"data_source":"NISAR","evidence_method":"Rule consistency only; no accuracy estimate or independent reference validation.","baseline_method":"SINGLE_PRECEDING_OBSERVATION","baseline_observation_count":1,"baseline_observation_dates":["2026-06-18"],"baseline_hh_temporal_mad_db":null,"baseline_scene_names":["NISAR_L2_PR_GCOV_023_069_A_014_4005_DHDH_A_20260618T232135_20260618T232210_P05023_N_F_J_001"],"contextual_land_cover":null,"distance_to_water_m":null,"context_status":"NOT_AVAILABLE","reference_validated":false}},{"type":"Feature","geometry":{"type":"Polygon","coordinates":[[[91.07867,25.18017],[91.07868,25.18008],[91.07858,25.18008],[91.07858,25.17999],[91.07868,25.17999],[91.07868,25.1799],[91.07878,25.1799],[91.07878,25.17972],[91.07868,25.17972],[91.07868,25.17963],[91.07858,25.17963],[91.07858,25.17981],[91.07848,25.17981],[91.07848,25.17972],[91.07829,25.17972],[91.07829,25.17963],[91.07839,25.17963],[91.07839,25.17954],[91.07849,25.17954],[91.07849,25.17936],[91.07859,25.17936],[91.07859,25.17927],[91.07869,25.17927],[91.07869,25.17918],[91.07879,25.17918],[91.07879,25.17936],[91.07869,25.17936],[91.07869,25.17945],[91.07898,25.17946],[91.07899,25.17937],[91.07908,25.17937],[91.07908,25.17946],[91.07928,25.17946],[91.07928,25.17973],[91.07938,25.17973],[91.07937,25.18],[91.07907,25.18],[91.07907,25.18009],[91.07887,25.18009],[91.07888,25.18],[91.07878,25.18],[91.07877,25.18018],[91.07867,25.18017]],[[91.07898,25.18],[91.07907,25.18],[91.07908,25.17991],[91.07898,25.17991],[91.07898,25.18]],[[91.07898,25.17982],[91.07908,25.17982],[91.07908,25.17964],[91.07898,25.17964],[91.07898,25.17982]]]},"properties":{"id":"wetland_patch_10e078d8f975","date":"2026-06-30","area_km2":0.0054,"pixel_count":54,"classification":"OPEN_WATER","interpretation_label":"HH darkening candidate","mean_delta_db":-5.815879662831624,"median_delta_db":-5.58742618560791,"hh_before":-15.42896173618458,"hh_after":-21.244841399016202,"hv_before":-24.415013666506166,"hv_after":-24.408752688655145,"delta_hh":-5.815879662831624,"delta_hv":0.0062609778510199655,"valid_fraction":1.0,"valid_fraction_scope":"region bounding box, all four channels","vegetated_fraction":0.0,"quality_status":"PASS","spatial_status":"PARTIAL","temporal_status":"PARTIAL","temporal_overlap_fraction":null,"threshold_stability":"STABLE","threshold_variation_fraction":0.2,"evidence_state":"MODERATE","centroid":[25.17969718712652,91.07888244368367],"data_source":"NISAR","evidence_method":"Rule consistency only; no accuracy estimate or independent reference validation.","baseline_method":"SINGLE_PRECEDING_OBSERVATION","baseline_observation_count":1,"baseline_observation_dates":["2026-06-18"],"baseline_hh_temporal_mad_db":null,"baseline_scene_names":["NISAR_L2_PR_GCOV_023_069_A_014_4005_DHDH_A_20260618T232135_20260618T232210_P05023_N_F_J_001"],"contextual_land_cover":null,"distance_to_water_m":null,"context_status":"NOT_AVAILABLE","reference_validated":false}},{"type":"Feature","geometry":{"type":"Polygon","coordinates":[[[91.06866,25.17986],[91.06866,25.17977],[91.06876,25.17977],[91.06876,25.17959],[91.06886,25.1796],[91.06887,25.17941],[91.06867,25.17941],[91.06867,25.17932],[91.06847,25.17932],[91.06847,25.17941],[91.06817,25.17941],[91.06817,25.17932],[91.06807,25.17931],[91.06808,25.17913],[91.06818,25.17913],[91.06817,25.17923],[91.06827,25.17923],[91.06827,25.17932],[91.06837,25.17932],[91.06837,25.17923],[91.06857,25.17923],[91.06857,25.17896],[91.06877,25.17896],[91.06877,25.17887],[91.06887,25.17887],[91.06888,25.17878],[91.06897,25.17878],[91.06897,25.17896],[91.06887,25.17896],[91.06887,25.17905],[91.06927,25.17906],[91.06927,25.17915],[91.06937,25.17915],[91.06936,25.17924],[91.06926,25.17924],[91.06926,25.17942],[91.06906,25.17942],[91.06906,25.17951],[91.06916,25.17951],[91.06916,25.17969],[91.06926,25.17969],[91.06926,25.17978],[91.06906,25.17978],[91.06906,25.1796],[91.06896,25.1796],[91.06896,25.17969],[91.06886,25.17969],[91.06886,25.17987],[91.06866,25.17986]],[[91.06896,25.17942],[91.06906,25.17942],[91.06907,25.17924],[91.06897,25.17924],[91.06896,25.17942]],[[91.06867,25.17932],[91.06877,25.17932],[91.06877,25.17923],[91.06867,25.17923],[91.06867,25.17932]],[[91.06907,25.17924],[91.06917,25.17924],[91.06917,25.17915],[91.06907,25.17915],[91.06907,25.17924]],[[91.06877,25.17914],[91.06887,25.17914],[91.06887,25.17905],[91.06877,25.17905],[91.06877,25.17914]]]},"properties":{"id":"wetland_patch_bfda60421189","date":"2026-06-30","area_km2":0.005,"pixel_count":50,"classification":"OPEN_WATER","interpretation_label":"HH darkening candidate","mean_delta_db":-4.445117130279541,"median_delta_db":-4.25479793548584,"hh_before":-16.559498462677002,"hh_after":-21.004615592956544,"hv_before":-23.94662700653076,"hv_after":-24.556385459899904,"delta_hh":-4.445117130279541,"delta_hv":-0.6097584533691406,"valid_fraction":1.0,"valid_fraction_scope":"region bounding box, all four channels","vegetated_fraction":0.0,"quality_status":"PASS","spatial_status":"PARTIAL","temporal_status":"PARTIAL","temporal_overlap_fraction":null,"threshold_stability":"SENSITIVE","threshold_variation_fraction":0.30434782608695654,"evidence_state":"UNCERTAIN","centroid":[25.179311218459254,91.06882707109456],"data_source":"NISAR","evidence_method":"Rule consistency only; no accuracy estimate or independent reference validation.","baseline_method":"SINGLE_PRECEDING_OBSERVATION","baseline_observation_count":1,"baseline_observation_dates":["2026-06-18"],"baseline_hh_temporal_mad_db":null,"baseline_scene_names":["NISAR_L2_PR_GCOV_023_069_A_014_4005_DHDH_A_20260618T232135_20260618T232210_P05023_N_F_J_001"],"contextual_land_cover":null,"distance_to_water_m":null,"context_status":"NOT_AVAILABLE","reference_validated":false}},{"type":"Feature","geometry":{"type":"Polygon","coordinates":[[[91.03256,25.17921],[91.03256,25.17912],[91.03246,25.17912],[91.03246,25.17893],[91.03227,25.17893],[91.03227,25.17884],[91.03217,25.17884],[91.03217,25.17875],[91.03207,25.17875],[91.03207,25.17857],[91.03187,25.17857],[91.03188,25.17848],[91.03168,25.17847],[91.03168,25.17865],[91.03158,25.17865],[91.03158,25.17856],[91.03148,25.17856],[91.03148,25.17847],[91.03158,25.17847],[91.03158,25.17829],[91.03148,25.17829],[91.03148,25.17838],[91.03138,25.17838],[91.03138,25.1782],[91.03178,25.1782],[91.03178,25.17838],[91.03188,25.17839],[91.03188,25.17802],[91.03178,25.17802],[91.03179,25.17793],[91.03189,25.17793],[91.03189,25.17784],[91.03179,25.17784],[91.03179,25.17775],[91.03169,25.17775],[91.03169,25.17784],[91.03149,25.17784],[91.03149,25.17793],[91.03169,25.17793],[91.03169,25.17802],[91.03149,25.17802],[91.03149,25.17811],[91.03139,25.17811],[91.03139,25.17757],[91.0312,25.17756],[91.0312,25.17747],[91.0313,25.17748],[91.0313,25.17729],[91.0309,25.17729],[91.0309,25.1772],[91.031,25.1772],[91.03101,25.17711],[91.03091,25.17711],[91.03091,25.17702],[91.03101,25.17702],[91.03101,25.17684],[91.03111,25.17684],[91.03111,25.17702],[91.03121,25.17702],[91.0312,25.17711],[91.0314,25.17712],[91.03141,25.17693],[91.0315,25.17694],[91.03151,25.17685],[91.0317,25.17685],[91.03171,25.17676],[91.0318,25.17676],[91.0318,25.17685],[91.0319,25.17685],[91.0319,25.17694],[91.0318,25.17694],[91.0318,25.17712],[91.0319,25.17712],[91.03189,25.17757],[91.03199,25.17757],[91.03199,25.17776],[91.03219,25.17776],[91.03218,25.17785],[91.03208,25.17785],[91.03208,25.17794],[91.03218,25.17794],[91.03218,25.17803],[91.03198,25.17803],[91.03198,25.17821],[91.03228,25.17821],[91.03228,25.1783],[91.03247,25.1783],[91.03248,25.17812],[91.03277,25.17813],[91.03277,25.17822],[91.03257,25.17821],[91.03257,25.1783],[91.03277,25.17831],[91.03277,25.1784],[91.03257,25.17839],[91.03257,25.17849],[91.03267,25.17849],[91.03267,25.17858],[91.03277,25.17858],[91.03277,25.17867],[91.03267,25.17867],[91.03266,25.17885],[91.03256,25.17885],[91.03256,25.17894],[91.03266,25.17894],[91.03266,25.17921],[91.03256,25.17921]],[[91.03237,25.17884],[91.03247,25.17884],[91.03247,25.17875],[91.03237,25.17875],[91.03237,25.17884]],[[91.03217,25.17866],[91.03227,25.17866],[91.03227,25.17857],[91.03217,25.17857],[91.03217,25.17866]],[[91.03207,25.17848],[91.03217,25.17848],[91.03218,25.17839],[91.03208,25.17839],[91.03207,25.17848]],[[91.03149,25.17775],[91.03159,25.17775],[91.03159,25.17766],[91.03149,25.17766],[91.03149,25.17775]],[[91.03159,25.17766],[91.03179,25.17766],[91.03179,25.17748],[91.03169,25.17748],[91.03169,25.17757],[91.03159,25.17757],[91.03159,25.17766]]]},"properties":{"id":"wetland_patch_5c9fa55f0e12","date":"2026-06-30","area_km2":0.0152,"pixel_count":152,"classification":"OPEN_WATER","interpretation_label":"HH darkening candidate","mean_delta_db":-4.935863789759185,"median_delta_db":-4.552908897399902,"hh_before":-14.456316358164736,"hh_after":-19.39218014792392,"hv_before":-20.19244315122303,"hv_after":-23.31894131710655,"delta_hh":-4.935863789759185,"delta_hv":-3.126498165883516,"valid_fraction":1.0,"valid_fraction_scope":"region bounding box, all four channels","vegetated_fraction":0.0,"quality_status":"PASS","spatial_status":"PARTIAL","temporal_status":"PARTIAL","temporal_overlap_fraction":null,"threshold_stability":"SENSITIVE","threshold_variation_fraction":0.2549019607843137,"evidence_state":"UNCERTAIN","centroid":[25.1779180162858,91.03186960088965],"data_source":"NISAR","evidence_method":"Rule consistency only; no accuracy estimate or independent reference validation.","baseline_method":"SINGLE_PRECEDING_OBSERVATION","baseline_observation_count":1,"baseline_observation_dates":["2026-06-18"],"baseline_hh_temporal_mad_db":null,"baseline_scene_names":["NISAR_L2_PR_GCOV_023_069_A_014_4005_DHDH_A_20260618T232135_20260618T232210_P05023_N_F_J_001"],"contextual_land_cover":null,"distance_to_water_m":null,"context_status":"NOT_AVAILABLE","reference_validated":false}},{"type":"Feature","geometry":{"type":"Polygon","coordinates":[[[91.09148,25.1798],[91.09148,25.17971],[91.09138,25.17971],[91.09138,25.17962],[91.09128,25.17962],[91.09128,25.17953],[91.09168,25.17953],[91.09168,25.17935],[91.09149,25.17935],[91.09149,25.17926],[91.09159,25.17926],[91.09159,25.17917],[91.09119,25.17916],[91.09119,25.17907],[91.09109,25.17907],[91.09109,25.17925],[91.09129,25.17925],[91.09129,25.17934],[91.09099,25.17934],[91.09099,25.17925],[91.09089,25.17925],[91.09089,25.17916],[91.09079,25.17916],[91.0908,25.17907],[91.09099,25.17907],[91.091,25.17898],[91.0909,25.17898],[91.0909,25.17889],[91.0908,25.17889],[91.0908,25.1788],[91.0907,25.1788],[91.0907,25.17889],[91.0906,25.17888],[91.0906,25.17879],[91.0904,25.17879],[91.0904,25.1787],[91.0905,25.1787],[91.0905,25.17861],[91.09041,25.17861],[91.09041,25.17852],[91.09051,25.17852],[91.09051,25.17843],[91.09071,25.17843],[91.0907,25.17852],[91.09061,25.17852],[91.0906,25.1787],[91.0907,25.17871],[91.0907,25.17861],[91.0909,25.17862],[91.0909,25.17853],[91.0912,25.17853],[91.0912,25.17844],[91.0911,25.17844],[91.0911,25.17835],[91.0913,25.17835],[91.0913,25.17844],[91.0914,25.17844],[91.0914,25.17853],[91.0913,25.17853],[91.0913,25.17862],[91.0914,25.17862],[91.0914,25.17871],[91.0913,25.17871],[91.09129,25.17889],[91.09119,25.17889],[91.09119,25.17898],[91.09139,25.17898],[91.09139,25.17889],[91.09159,25.1789],[91.09159,25.17881],[91.09169,25.17881],[91.09169,25.17872],[91.09159,25.17872],[91.0916,25.17863],[91.0915,25.17863],[91.0915,25.17844],[91.0916,25.17845],[91.0916,25.17836],[91.0915,25.17835],[91.0915,25.17826],[91.092,25.17827],[91.092,25.17818],[91.0921,25.17818],[91.0921,25.17827],[91.0922,25.17827],[91.0922,25.17818],[91.0923,25.17818],[91.0923,25.17809],[91.0924,25.17809],[91.09239,25.17864],[91.09219,25.17863],[91.09219,25.17845],[91.09209,25.17845],[91.0921,25.17836],[91.092,25.17836],[91.09199,25.17854],[91.09209,25.17854],[91.09209,25.17881],[91.09199,25.17881],[91.09199,25.1789],[91.09189,25.1789],[91.09189,25.17899],[91.09199,25.17899],[91.09199,25.17908],[91.09208,25.17908],[91.09208,25.17917],[91.09189,25.17917],[91.09189,25.17908],[91.09169,25.17908],[91.09169,25.17926],[91.09178,25.17926],[91.09178,25.17944],[91.09198,25.17944],[91.09198,25.17953],[91.09178,25.17953],[91.09178,25.17971],[91.09168,25.17971],[91.09168,25.17962],[91.09158,25.17962],[91.09158,25.1798],[91.09148,25.1798]],[[91.09139,25.17908],[91.09149,25.17908],[91.09149,25.17899],[91.09139,25.17898],[91.09139,25.17908]],[[91.091,25.17889],[91.0911,25.17889],[91.0911,25.1788],[91.091,25.1788],[91.091,25.17889]],[[91.0911,25.1788],[91.0912,25.1788],[91.0912,25.17862],[91.0911,25.17862],[91.0911,25.1788]],[[91.09189,25.17872],[91.09199,25.17872],[91.09199,25.17863],[91.09189,25.17863],[91.09189,25.17872]],[[91.0917,25.17863],[91.09179,25.17863],[91.0918,25.17845],[91.0917,25.17845],[91.0917,25.17863]],[[91.0922,25.17836],[91.09229,25.17836],[91.0923,25.17827],[91.0922,25.17827],[91.0922,25.17836]]]},"properties":{"id":"wetland_patch_41f7fd539adc","date":"2026-06-30","area_km2":0.0125,"pixel_count":125,"classification":"OPEN_WATER","interpretation_label":"HH darkening candidate","mean_delta_db":-5.265768615722656,"median_delta_db":-4.854791641235352,"hh_before":-14.968003860473633,"hh_after":-20.23377247619629,"hv_before":-23.907045211791992,"hv_after":-23.96033561706543,"delta_hh":-5.265768615722656,"delta_hv":-0.0532904052734375,"valid_fraction":1.0,"valid_fraction_scope":"region bounding box, all four channels","vegetated_fraction":0.0,"quality_status":"PASS","spatial_status":"PARTIAL","temporal_status":"PARTIAL","temporal_overlap_fraction":null,"threshold_stability":"STABLE","threshold_variation_fraction":0.19469026548672566,"evidence_state":"MODERATE","centroid":[25.17882685261199,91.0914955301725],"data_source":"NISAR","evidence_method":"Rule consistency only; no accuracy estimate or independent reference validation.","baseline_method":"SINGLE_PRECEDING_OBSERVATION","baseline_observation_count":1,"baseline_observation_dates":["2026-06-18"],"baseline_hh_temporal_mad_db":null,"baseline_scene_names":["NISAR_L2_PR_GCOV_023_069_A_014_4005_DHDH_A_20260618T232135_20260618T232210_P05023_N_F_J_001"],"contextual_land_cover":null,"distance_to_water_m":null,"context_status":"NOT_AVAILABLE","reference_validated":false}},{"type":"Feature","geometry":{"type":"Polygon","coordinates":[[[91.02989,25.1789],[91.02989,25.17881],[91.02979,25.17881],[91.02979,25.17872],[91.02969,25.17872],[91.02969,25.17854],[91.02979,25.17854],[91.02979,25.17863],[91.02989,25.17863],[91.02989,25.17854],[91.03009,25.17854],[91.03009,25.17836],[91.02999,25.17836],[91.03,25.178],[91.0301,25.178],[91.0301,25.17818],[91.03019,25.17818],[91.0302,25.178],[91.0304,25.178],[91.03039,25.17809],[91.03059,25.1781],[91.03059,25.17801],[91.03069,25.17801],[91.03069,25.1781],[91.03079,25.1781],[91.03079,25.17801],[91.03089,25.17801],[91.03089,25.17792],[91.03079,25.17792],[91.0308,25.17738],[91.0309,25.17738],[91.0309,25.17756],[91.031,25.17756],[91.031,25.17738],[91.0311,25.17738],[91.0311,25.17765],[91.03129,25.17766],[91.03129,25.17784],[91.03119,25.17783],[91.03119,25.17793],[91.03129,25.17793],[91.03129,25.17811],[91.03139,25.17811],[91.03138,25.1782],[91.03129,25.1782],[91.03128,25.17865],[91.03138,25.17865],[91.03138,25.17856],[91.03148,25.17856],[91.03148,25.17865],[91.03158,25.17865],[91.03157,25.17883],[91.03137,25.17883],[91.03138,25.17874],[91.03128,25.17874],[91.03127,25.17892],[91.03117,25.17892],[91.03118,25.17874],[91.03088,25.17873],[91.03088,25.17864],[91.03068,25.17864],[91.03068,25.17873],[91.03038,25.17873],[91.03038,25.17891],[91.03018,25.1789],[91.03018,25.17881],[91.03028,25.17882],[91.03029,25.17873],[91.02999,25.17872],[91.02998,25.1789],[91.02989,25.1789]],[[91.03019,25.17863],[91.03029,25.17864],[91.03029,25.17845],[91.03039,25.17846],[91.03039,25.17855],[91.03049,25.17855],[91.03049,25.17837],[91.03019,25.17836],[91.03019,25.17863]],[[91.03108,25.17865],[91.03118,25.17865],[91.03118,25.17847],[91.03108,25.17847],[91.03108,25.17865]],[[91.03068,25.17855],[91.03078,25.17855],[91.03079,25.17846],[91.03069,25.17846],[91.03068,25.17855]],[[91.03059,25.17846],[91.03069,25.17846],[91.03069,25.17837],[91.03079,25.17837],[91.03079,25.17819],[91.03039,25.17819],[91.03039,25.17828],[91.03059,25.17828],[91.03059,25.17846]],[[91.03098,25.17846],[91.03108,25.17847],[91.03108,25.17837],[91.03099,25.17837],[91.03098,25.17846]],[[91.03089,25.17837],[91.03099,25.17837],[91.03099,25.17819],[91.03089,25.17819],[91.03089,25.17837]],[[91.03108,25.17837],[91.03118,25.17838],[91.03118,25.17829],[91.03109,25.17828],[91.03108,25.17837]],[[91.03109,25.17783],[91.03119,25.17783],[91.03119,25.17774],[91.03109,25.17774],[91.03109,25.17783]]]},"properties":{"id":"wetland_patch_5b3100035ec9","date":"2026-06-30","area_km2":0.0119,"pixel_count":119,"classification":"OPEN_WATER","interpretation_label":"HH darkening candidate","mean_delta_db":-5.350688695907593,"median_delta_db":-5.008069038391113,"hh_before":-11.915168656020604,"hh_after":-17.265857351928197,"hv_before":-18.66451573572239,"hv_after":-22.331033722693178,"delta_hh":-5.350688695907593,"delta_hv":-3.6665179869707893,"valid_fraction":1.0,"valid_fraction_scope":"region bounding box, all four channels","vegetated_fraction":0.0,"quality_status":"PASS","spatial_status":"PARTIAL","temporal_status":"PARTIAL","temporal_overlap_fraction":null,"threshold_stability":"SENSITIVE","threshold_variation_fraction":0.25,"evidence_state":"UNCERTAIN","centroid":[25.178301490461266,91.03072157434424],"data_source":"NISAR","evidence_method":"Rule consistency only; no accuracy estimate or independent reference validation.","baseline_method":"SINGLE_PRECEDING_OBSERVATION","baseline_observation_count":1,"baseline_observation_dates":["2026-06-18"],"baseline_hh_temporal_mad_db":null,"baseline_scene_names":["NISAR_L2_PR_GCOV_023_069_A_014_4005_DHDH_A_20260618T232135_20260618T232210_P05023_N_F_J_001"],"contextual_land_cover":null,"distance_to_water_m":null,"context_status":"NOT_AVAILABLE","reference_validated":false}},{"type":"Feature","geometry":{"type":"Polygon","coordinates":[[[91.08652,25.17964],[91.08652,25.17955],[91.08662,25.17956],[91.08662,25.17946],[91.08642,25.17946],[91.08643,25.17937],[91.08633,25.17937],[91.08633,25.17928],[91.08643,25.17928],[91.08643,25.17919],[91.08653,25.17919],[91.08653,25.17883],[91.08643,25.17883],[91.08643,25.1791],[91.08633,25.1791],[91.08633,25.17901],[91.08613,25.17901],[91.08613,25.17892],[91.08584,25.17891],[91.08583,25.17918],[91.08573,25.17918],[91.08574,25.17891],[91.08564,25.17891],[91.08564,25.17882],[91.08554,25.17882],[91.08554,25.17864],[91.08544,25.17864],[91.08545,25.17855],[91.08535,25.17855],[91.08535,25.17864],[91.08525,25.17863],[91.08525,25.17845],[91.08535,25.17846],[91.08535,25.17837],[91.08525,25.17836],[91.08525,25.17818],[91.08535,25.17818],[91.08535,25.17827],[91.08545,25.17828],[91.08545,25.17819],[91.08565,25.17819],[91.08565,25.1781],[91.08575,25.1781],[91.08575,25.17801],[91.08555,25.17801],[91.08556,25.17792],[91.08575,25.17792],[91.08576,25.17783],[91.08585,25.17783],[91.08586,25.17747],[91.08596,25.17747],[91.08595,25.17792],[91.08585,25.17792],[91.08585,25.17801],[91.08595,25.17801],[91.08594,25.17846],[91.08604,25.17846],[91.08604,25.17855],[91.08614,25.17856],[91.08614,25.17847],[91.08634,25.17847],[91.08634,25.17829],[91.08644,25.17829],[91.08644,25.1782],[91.08625,25.1782],[91.08625,25.17811],[91.08645,25.17811],[91.08645,25.17802],[91.08655,25.17802],[91.08655,25.17793],[91.08665,25.17793],[91.08665,25.17775],[91.08655,25.17775],[91.08655,25.17766],[91.08645,25.17766],[91.08645,25.17757],[91.08655,25.17757],[91.08655,25.17748],[91.08665,25.17748],[91.08665,25.17757],[91.08675,25.17757],[91.08675,25.17748],[91.08705,25.17748],[91.08705,25.17757],[91.08695,25.17757],[91.08695,25.17775],[91.08705,25.17776],[91.08704,25.17812],[91.08734,25.17812],[91.08734,25.17821],[91.08724,25.17821],[91.08724,25.1783],[91.08714,25.1783],[91.08714,25.17821],[91.08694,25.17821],[91.08694,25.1783],[91.08684,25.17829],[91.08683,25.17856],[91.08693,25.17857],[91.08693,25.17866],[91.08683,25.17866],[91.08683,25.17875],[91.08673,25.17874],[91.08673,25.17883],[91.08663,25.17883],[91.08663,25.17901],[91.08673,25.17901],[91.08673,25.17911],[91.08663,25.1791],[91.08663,25.17919],[91.08673,25.1792],[91.08672,25.17929],[91.08653,25.17928],[91.08652,25.17937],[91.08672,25.17938],[91.08672,25.17965],[91.08652,25.17964]],[[91.08633,25.17883],[91.08643,25.17883],[91.08644,25.17865],[91.08634,25.17865],[91.08633,25.17883]],[[91.08564,25.17873],[91.08574,25.17873],[91.08574,25.17864],[91.08594,25.17864],[91.08594,25.17855],[91.08564,25.17855],[91.08564,25.17873]],[[91.08545,25.17855],[91.08564,25.17855],[91.08565,25.17846],[91.08545,25.17846],[91.08545,25.17855]],[[91.08654,25.17856],[91.08674,25.17856],[91.08674,25.17847],[91.08664,25.17847],[91.08664,25.17829],[91.08674,25.17829],[91.08674,25.1782],[91.08654,25.1782],[91.08654,25.17856]],[[91.08545,25.17837],[91.08555,25.17837],[91.08555,25.17828],[91.08545,25.17828],[91.08545,25.17837]],[[91.08684,25.17811],[91.08694,25.17811],[91.08694,25.17802],[91.08684,25.17802],[91.08684,25.17811]],[[91.08674,25.17802],[91.08684,25.17802],[91.08684,25.17793],[91.08675,25.17793],[91.08674,25.17802]],[[91.08665,25.17775],[91.08685,25.17775],[91.08685,25.17766],[91.08665,25.17766],[91.08665,25.17775]]]},"properties":{"id":"wetland_patch_52197a9d6469","date":"2026-06-30","area_km2":0.016,"pixel_count":160,"classification":"OPEN_WATER","interpretation_label":"HH darkening candidate","mean_delta_db":-5.152404514700175,"median_delta_db":-4.9086527824401855,"hh_before":-15.391765978187323,"hh_after":-20.544170492887496,"hv_before":-23.537094408273695,"hv_after":-23.212236574292184,"delta_hh":-5.152404514700175,"delta_hv":0.32485783398151397,"valid_fraction":1.0,"valid_fraction_scope":"region bounding box, all four channels","vegetated_fraction":0.0,"quality_status":"PASS","spatial_status":"PARTIAL","temporal_status":"PARTIAL","temporal_overlap_fraction":null,"threshold_stability":"SENSITIVE","threshold_variation_fraction":0.21933085501858737,"evidence_state":"UNCERTAIN","centroid":[25.178431911977256,91.0862888598908],"data_source":"NISAR","evidence_method":"Rule consistency only; no accuracy estimate or independent reference validation.","baseline_method":"SINGLE_PRECEDING_OBSERVATION","baseline_observation_count":1,"baseline_observation_dates":["2026-06-18"],"baseline_hh_temporal_mad_db":null,"baseline_scene_names":["NISAR_L2_PR_GCOV_023_069_A_014_4005_DHDH_A_20260618T232135_20260618T232210_P05023_N_F_J_001"],"contextual_land_cover":null,"distance_to_water_m":null,"context_status":"NOT_AVAILABLE","reference_validated":false}},{"type":"Feature","geometry":{"type":"Polygon","coordinates":[[[91.07789,25.17935],[91.0779,25.17926],[91.0778,25.17926],[91.0778,25.17917],[91.0776,25.17917],[91.0776,25.17908],[91.0778,25.17908],[91.0778,25.17899],[91.0779,25.17899],[91.0779,25.17908],[91.0781,25.17908],[91.0781,25.17899],[91.0782,25.17899],[91.0782,25.1789],[91.0783,25.17891],[91.0783,25.17882],[91.0782,25.17881],[91.0782,25.17872],[91.0781,25.17872],[91.0781,25.17863],[91.0782,25.17863],[91.0782,25.17854],[91.0783,25.17854],[91.0783,25.17845],[91.0784,25.17846],[91.0784,25.17855],[91.0786,25.17855],[91.0786,25.17837],[91.0787,25.17837],[91.0787,25.17846],[91.0788,25.17846],[91.0788,25.17855],[91.0792,25.17856],[91.07919,25.17865],[91.079,25.17864],[91.07899,25.17873],[91.07909,25.17874],[91.07909,25.17892],[91.07889,25.17891],[91.07889,25.179],[91.07909,25.17901],[91.07909,25.17919],[91.07889,25.17918],[91.07889,25.17909],[91.07859,25.17909],[91.07859,25.179],[91.07849,25.179],[91.07849,25.17936],[91.07839,25.17936],[91.07839,25.17927],[91.07809,25.17926],[91.07809,25.17935],[91.07789,25.17935]],[[91.07829,25.17909],[91.07839,25.17909],[91.0784,25.179],[91.0783,25.179],[91.07829,25.17909]],[[91.0784,25.179],[91.07849,25.179],[91.0785,25.17891],[91.07869,25.17891],[91.0787,25.17864],[91.0785,25.17864],[91.0785,25.17873],[91.0784,25.17873],[91.0784,25.179]],[[91.0783,25.17873],[91.0784,25.17873],[91.0784,25.17864],[91.0783,25.17863],[91.0783,25.17873]],[[91.0788,25.17873],[91.0789,25.17873],[91.0789,25.17864],[91.0788,25.17864],[91.0788,25.17873]]]},"properties":{"id":"wetland_patch_9beb77625129","date":"2026-06-30","area_km2":0.0066,"pixel_count":66,"classification":"OPEN_WATER","interpretation_label":"HH darkening candidate","mean_delta_db":-4.811319929180724,"median_delta_db":-4.596904277801514,"hh_before":-16.727187445669465,"hh_after":-21.538507374850187,"hv_before":-24.52272129058838,"hv_after":-24.405264536539715,"delta_hh":-4.811319929180724,"delta_hv":0.11745675404866536,"valid_fraction":1.0,"valid_fraction_scope":"region bounding box, all four channels","vegetated_fraction":0.0,"quality_status":"PASS","spatial_status":"PARTIAL","temporal_status":"PARTIAL","temporal_overlap_fraction":null,"threshold_stability":"SENSITIVE","threshold_variation_fraction":0.2608695652173913,"evidence_state":"UNCERTAIN","centroid":[25.178913458182944,91.07848705039514],"data_source":"NISAR","evidence_method":"Rule consistency only; no accuracy estimate or independent reference validation.","baseline_method":"SINGLE_PRECEDING_OBSERVATION","baseline_observation_count":1,"baseline_observation_dates":["2026-06-18"],"baseline_hh_temporal_mad_db":null,"baseline_scene_names":["NISAR_L2_PR_GCOV_023_069_A_014_4005_DHDH_A_20260618T232135_20260618T232210_P05023_N_F_J_001"],"contextual_land_cover":null,"distance_to_water_m":null,"context_status":"NOT_AVAILABLE","reference_validated":false}},{"type":"Feature","geometry":{"type":"Polygon","coordinates":[[[91.09952,25.17927],[91.09953,25.17882],[91.09963,25.17882],[91.09963,25.17873],[91.09993,25.17873],[91.09993,25.17864],[91.09983,25.17864],[91.09983,25.17855],[91.09993,25.17855],[91.09993,25.17846],[91.09983,25.17846],[91.09983,25.17837],[91.09993,25.17837],[91.09994,25.1781],[91.09984,25.1781],[91.09984,25.17801],[91.09994,25.17801],[91.09994,25.17792],[91.09984,25.17792],[91.09984,25.17783],[91.10004,25.17783],[91.10004,25.17792],[91.10014,25.17792],[91.10014,25.17801],[91.10024,25.17802],[91.10023,25.17811],[91.10053,25.17811],[91.10053,25.1782],[91.10063,25.1782],[91.10063,25.17829],[91.10043,25.17829],[91.10043,25.17838],[91.10073,25.17838],[91.10073,25.1782],[91.10093,25.1782],[91.10093,25.17811],[91.10103,25.17812],[91.10103,25.1783],[91.10093,25.17829],[91.10093,25.17839],[91.10083,25.17838],[91.10082,25.17856],[91.10072,25.17856],[91.10072,25.17874],[91.10082,25.17874],[91.10082,25.17893],[91.10072,25.17892],[91.10072,25.17901],[91.10082,25.17902],[91.10081,25.17911],[91.10062,25.1791],[91.10061,25.17919],[91.10052,25.17919],[91.10052,25.17892],[91.10042,25.17892],[91.10042,25.17865],[91.10013,25.17865],[91.10013,25.17856],[91.10043,25.17856],[91.10043,25.17847],[91.10023,25.17847],[91.10023,25.17838],[91.10033,25.17838],[91.10033,25.1782],[91.10023,25.1782],[91.10023,25.17829],[91.10013,25.17828],[91.10013,25.17819],[91.10004,25.17819],[91.10002,25.17892],[91.10012,25.17892],[91.10012,25.17901],[91.09992,25.179],[91.09993,25.17882],[91.09983,25.17882],[91.09982,25.179],[91.09973,25.179],[91.09972,25.17909],[91.09982,25.17909],[91.09982,25.17918],[91.09962,25.17918],[91.09962,25.17927],[91.09952,25.17927]],[[91.09963,25.179],[91.09973,25.179],[91.09973,25.17891],[91.09963,25.17891],[91.09963,25.179]],[[91.10062,25.17892],[91.10072,25.17892],[91.10072,25.17883],[91.10062,25.17883],[91.10062,25.17892]],[[91.10053,25.17856],[91.10062,25.17856],[91.10063,25.17847],[91.10053,25.17847],[91.10053,25.17856]]]},"properties":{"id":"wetland_patch_31ff735b49e6","date":"2026-06-30","area_km2":0.0082,"pixel_count":82,"classification":"OPEN_WATER","interpretation_label":"HH darkening candidate","mean_delta_db":-4.736230322500554,"median_delta_db":-4.4478607177734375,"hh_before":-13.787529167605609,"hh_after":-18.523759490106166,"hv_before":-21.85488576423831,"hv_after":-22.320065835627116,"delta_hh":-4.736230322500554,"delta_hv":-0.46518007138880285,"valid_fraction":1.0,"valid_fraction_scope":"region bounding box, all four channels","vegetated_fraction":0.0,"quality_status":"PASS","spatial_status":"PARTIAL","temporal_status":"PARTIAL","temporal_overlap_fraction":null,"threshold_stability":"SENSITIVE","threshold_variation_fraction":0.24031007751937986,"evidence_state":"UNCERTAIN","centroid":[25.178567177103965,91.10026170092675],"data_source":"NISAR","evidence_method":"Rule consistency only; no accuracy estimate or independent reference validation.","baseline_method":"SINGLE_PRECEDING_OBSERVATION","baseline_observation_count":1,"baseline_observation_dates":["2026-06-18"],"baseline_hh_temporal_mad_db":null,"baseline_scene_names":["NISAR_L2_PR_GCOV_023_069_A_014_4005_DHDH_A_20260618T232135_20260618T232210_P05023_N_F_J_001"],"contextual_land_cover":null,"distance_to_water_m":null,"context_status":"NOT_AVAILABLE","reference_validated":false}},{"type":"Feature","geometry":{"type":"Polygon","coordinates":[[[91.07374,25.17839],[91.07374,25.1783],[91.07355,25.1783],[91.07355,25.17821],[91.07365,25.17821],[91.07365,25.17803],[91.07375,25.17803],[91.07375,25.17812],[91.07385,25.17813],[91.07385,25.17804],[91.07395,25.17804],[91.07395,25.17795],[91.07375,25.17794],[91.07375,25.17776],[91.07365,25.17776],[91.07365,25.17767],[91.07356,25.17767],[91.07355,25.17794],[91.07345,25.17794],[91.07345,25.17803],[91.07335,25.17803],[91.07335,25.17785],[91.07345,25.17785],[91.07346,25.17767],[91.07336,25.17767],[91.07336,25.17758],[91.07356,25.17758],[91.07356,25.17713],[91.07346,25.17713],[91.07346,25.17731],[91.07336,25.17731],[91.07337,25.17704],[91.07327,25.17703],[91.07327,25.17712],[91.07307,25.17712],[91.07307,25.17703],[91.07297,25.17703],[91.07297,25.17685],[91.07317,25.17685],[91.07317,25.17694],[91.07327,25.17694],[91.07327,25.17685],[91.07347,25.17686],[91.07347,25.17659],[91.07357,25.17659],[91.07357,25.17677],[91.07367,25.17677],[91.07367,25.17668],[91.07377,25.17668],[91.07377,25.17659],[91.07407,25.17659],[91.07407,25.17668],[91.07397,25.17668],[91.07397,25.17677],[91.07407,25.17677],[91.07406,25.17714],[91.07426,25.17714],[91.07425,25.1775],[91.07415,25.1775],[91.07415,25.17759],[91.07395,25.17759],[91.07395,25.17749],[91.07386,25.17749],[91.07385,25.17758],[91.07376,25.17758],[91.07375,25.17767],[91.07385,25.17767],[91.07385,25.17776],[91.07395,25.17777],[91.07395,25.17768],[91.07405,25.17768],[91.07405,25.17777],[91.07435,25.17777],[91.07435,25.17786],[91.07445,25.17786],[91.07445,25.17768],[91.07465,25.17768],[91.07465,25.1775],[91.07475,25.17751],[91.07474,25.17805],[91.07484,25.17805],[91.07484,25.17814],[91.07474,25.17814],[91.07474,25.17823],[91.07484,25.17823],[91.07483,25.17832],[91.07464,25.17832],[91.07464,25.17814],[91.07454,25.17813],[91.07454,25.17831],[91.07434,25.17831],[91.07434,25.1784],[91.07374,25.17839]],[[91.07394,25.17813],[91.07404,25.17813],[91.07405,25.17804],[91.07395,25.17804],[91.07394,25.17813]],[[91.07424,25.17813],[91.07444,25.17813],[91.07444,25.17804],[91.07424,25.17804],[91.07424,25.17813]],[[91.07405,25.17804],[91.07414,25.17804],[91.07415,25.17786],[91.07405,25.17786],[91.07405,25.17804]],[[91.07444,25.17804],[91.07454,25.17804],[91.07454,25.17795],[91.07444,25.17795],[91.07444,25.17804]],[[91.07454,25.17795],[91.07464,25.17796],[91.07464,25.17777],[91.07455,25.17777],[91.07454,25.17795]],[[91.07366,25.17749],[91.07376,25.17749],[91.07376,25.17731],[91.07366,25.17731],[91.07366,25.17749]],[[91.07395,25.17749],[91.07405,25.1775],[91.07406,25.17723],[91.07396,25.17722],[91.07396,25.17731],[91.07386,25.17731],[91.07386,25.1774],[91.07396,25.1774],[91.07395,25.17749]],[[91.07386,25.17722],[91.07396,25.17722],[91.07396,25.17713],[91.07386,25.17713],[91.07386,25.17722]],[[91.07366,25.17713],[91.07376,25.17713],[91.07377,25.17677],[91.07367,25.17677],[91.07366,25.17713]],[[91.07347,25.17704],[91.07357,25.17704],[91.07357,25.17695],[91.07347,25.17695],[91.07347,25.17704]]]},"properties":{"id":"wetland_patch_d3a864f0274d","date":"2026-06-30","area_km2":0.0142,"pixel_count":142,"classification":"OPEN_WATER","interpretation_label":"HH darkening candidate","mean_delta_db":-5.366539720078589,"median_delta_db":-5.009082794189453,"hh_before":-16.120458670065435,"hh_after":-21.486998390144027,"hv_before":-24.45794805338685,"hv_after":-23.78315667703118,"delta_hh":-5.366539720078589,"delta_hv":0.6747913763556682,"valid_fraction":1.0,"valid_fraction_scope":"region bounding box, all four channels","vegetated_fraction":0.0,"quality_status":"PASS","spatial_status":"PARTIAL","temporal_status":"PARTIAL","temporal_overlap_fraction":null,"threshold_stability":"SENSITIVE","threshold_variation_fraction":0.23318385650224216,"evidence_state":"UNCERTAIN","centroid":[25.177574137562637,91.07393615227885],"data_source":"NISAR","evidence_method":"Rule consistency only; no accuracy estimate or independent reference validation.","baseline_method":"SINGLE_PRECEDING_OBSERVATION","baseline_observation_count":1,"baseline_observation_dates":["2026-06-18"],"baseline_hh_temporal_mad_db":null,"baseline_scene_names":["NISAR_L2_PR_GCOV_023_069_A_014_4005_DHDH_A_20260618T232135_20260618T232210_P05023_N_F_J_001"],"contextual_land_cover":null,"distance_to_water_m":null,"context_status":"NOT_AVAILABLE","reference_validated":false}},{"type":"Feature","geometry":{"type":"Polygon","coordinates":[[[91.08941,25.1786],[91.08942,25.17824],[91.08932,25.17824],[91.08932,25.17833],[91.08922,25.17832],[91.08922,25.17814],[91.08932,25.17815],[91.08932,25.17806],[91.08942,25.17806],[91.08942,25.17797],[91.08913,25.17796],[91.08913,25.17787],[91.08923,25.17787],[91.08923,25.17778],[91.08933,25.17778],[91.08933,25.17787],[91.08943,25.17788],[91.08943,25.1777],[91.08933,25.17769],[91.08933,25.17751],[91.08913,25.17751],[91.08913,25.17742],[91.08923,25.17742],[91.08924,25.17733],[91.08933,25.17733],[91.08934,25.17715],[91.08944,25.17715],[91.08943,25.17724],[91.08983,25.17725],[91.08983,25.17734],[91.09003,25.17734],[91.09003,25.17752],[91.09022,25.17753],[91.09022,25.17762],[91.09002,25.17761],[91.09002,25.17788],[91.08972,25.17788],[91.08972,25.17779],[91.08953,25.17779],[91.08952,25.17788],[91.08962,25.17788],[91.08962,25.17797],[91.08952,25.17797],[91.08952,25.17842],[91.08961,25.17842],[91.08961,25.17851],[91.08951,25.17851],[91.08951,25.1786],[91.08941,25.1786]],[[91.08972,25.17779],[91.08992,25.17779],[91.08993,25.17761],[91.08983,25.17761],[91.08982,25.1777],[91.08973,25.1777],[91.08972,25.17779]],[[91.08943,25.1777],[91.08963,25.1777],[91.08963,25.17761],[91.08953,25.17761],[91.08953,25.17752],[91.08943,25.17752],[91.08943,25.1777]],[[91.08943,25.17742],[91.08953,25.17743],[91.08953,25.17734],[91.08943,25.17733],[91.08943,25.17742]]]},"properties":{"id":"wetland_patch_cf0bb503e913","date":"2026-06-30","area_km2":0.006,"pixel_count":60,"classification":"OPEN_WATER","interpretation_label":"HH darkening candidate","mean_delta_db":-5.170735597610474,"median_delta_db":-4.953309059143066,"hh_before":-15.206135479609172,"hh_after":-20.376871077219644,"hv_before":-24.29837086995443,"hv_after":-24.401763343811034,"delta_hh":-5.170735597610474,"delta_hv":-0.10339247385660807,"valid_fraction":1.0,"valid_fraction_scope":"region bounding box, all four channels","vegetated_fraction":0.0,"quality_status":"PASS","spatial_status":"PARTIAL","temporal_status":"PARTIAL","temporal_overlap_fraction":null,"threshold_stability":"SENSITIVE","threshold_variation_fraction":0.2336448598130841,"evidence_state":"UNCERTAIN","centroid":[25.177711193026028,91.08959128441886],"data_source":"NISAR","evidence_method":"Rule consistency only; no accuracy estimate or independent reference validation.","baseline_method":"SINGLE_PRECEDING_OBSERVATION","baseline_observation_count":1,"baseline_observation_dates":["2026-06-18"],"baseline_hh_temporal_mad_db":null,"baseline_scene_names":["NISAR_L2_PR_GCOV_023_069_A_014_4005_DHDH_A_20260618T232135_20260618T232210_P05023_N_F_J_001"],"contextual_land_cover":null,"distance_to_water_m":null,"context_status":"NOT_AVAILABLE","reference_validated":false}},{"type":"Feature","geometry":{"type":"Polygon","coordinates":[[[91.07841,25.17828],[91.07841,25.17809],[91.07791,25.17809],[91.07792,25.178],[91.07782,25.178],[91.07781,25.17809],[91.07772,25.17809],[91.07772,25.17772],[91.07792,25.17773],[91.07792,25.17764],[91.07802,25.17764],[91.07802,25.17755],[91.07812,25.17755],[91.07812,25.17746],[91.07822,25.17746],[91.07822,25.17773],[91.07832,25.17773],[91.07832,25.17764],[91.07842,25.17764],[91.07842,25.17755],[91.07852,25.17755],[91.07852,25.17746],[91.07872,25.17747],[91.07872,25.17729],[91.07882,25.17729],[91.07882,25.17747],[91.07901,25.17747],[91.07901,25.17756],[91.07881,25.17756],[91.07881,25.17765],[91.07871,25.17765],[91.07871,25.17801],[91.07851,25.17801],[91.07851,25.17828],[91.07841,25.17828]],[[91.07831,25.178],[91.07841,25.178],[91.07841,25.17782],[91.07812,25.17782],[91.07811,25.17791],[91.07831,25.17791],[91.07831,25.178]],[[91.07851,25.17792],[91.07861,25.17792],[91.07861,25.17783],[91.07851,25.17783],[91.07851,25.17792]],[[91.07792,25.17782],[91.07802,25.17782],[91.07802,25.17773],[91.07792,25.17773],[91.07792,25.17782]],[[91.07842,25.17773],[91.07851,25.17773],[91.07852,25.17764],[91.07842,25.17764],[91.07842,25.17773]]]},"properties":{"id":"wetland_patch_35d34045efad","date":"2026-06-30","area_km2":0.0053,"pixel_count":53,"classification":"OPEN_WATER","interpretation_label":"HH darkening candidate","mean_delta_db":-4.265315145816443,"median_delta_db":-3.929035186767578,"hh_before":-16.436759750798064,"hh_after":-20.702074896614505,"hv_before":-24.054283106102133,"hv_after":-24.28477038977281,"delta_hh":-4.265315145816443,"delta_hv":-0.23048728367067733,"valid_fraction":1.0,"valid_fraction_scope":"region bounding box, all four channels","vegetated_fraction":0.0,"quality_status":"PASS","spatial_status":"PARTIAL","temporal_status":"PARTIAL","temporal_overlap_fraction":null,"threshold_stability":"SENSITIVE","threshold_variation_fraction":0.2631578947368421,"evidence_state":"UNCERTAIN","centroid":[25.177792645695195,91.07831617335128],"data_source":"NISAR","evidence_method":"Rule consistency only; no accuracy estimate or independent reference validation.","baseline_method":"SINGLE_PRECEDING_OBSERVATION","baseline_observation_count":1,"baseline_observation_dates":["2026-06-18"],"baseline_hh_temporal_mad_db":null,"baseline_scene_names":["NISAR_L2_PR_GCOV_023_069_A_014_4005_DHDH_A_20260618T232135_20260618T232210_P05023_N_F_J_001"],"contextual_land_cover":null,"distance_to_water_m":null,"context_status":"NOT_AVAILABLE","reference_validated":false}},{"type":"Feature","geometry":{"type":"Polygon","coordinates":[[[91.0798,25.17811],[91.0798,25.17802],[91.0797,25.17802],[91.0797,25.17793],[91.0798,25.17793],[91.0798,25.17784],[91.0799,25.17784],[91.0799,25.17793],[91.08,25.17793],[91.08,25.17784],[91.0801,25.17785],[91.0801,25.17776],[91.08,25.17775],[91.08,25.17766],[91.0799,25.17766],[91.0799,25.17775],[91.0797,25.17775],[91.0797,25.17784],[91.0796,25.17784],[91.07961,25.17766],[91.07981,25.17766],[91.07981,25.17757],[91.07921,25.17756],[91.07921,25.17747],[91.07901,25.17747],[91.07902,25.17738],[91.07912,25.17738],[91.07912,25.17729],[91.07941,25.1773],[91.07941,25.17739],[91.07951,25.17739],[91.07951,25.1773],[91.07971,25.1773],[91.07971,25.17721],[91.07991,25.17721],[91.07991,25.1773],[91.08001,25.1773],[91.08001,25.17721],[91.08011,25.17721],[91.08011,25.17712],[91.08021,25.17712],[91.08021,25.17694],[91.08041,25.17695],[91.08041,25.17704],[91.08051,25.17704],[91.08051,25.17722],[91.08041,25.17722],[91.08041,25.17731],[91.08051,25.17731],[91.0805,25.1774],[91.0807,25.1774],[91.0807,25.17749],[91.0806,25.17749],[91.0806,25.17758],[91.0807,25.17758],[91.0807,25.17767],[91.0808,25.17767],[91.0808,25.17776],[91.0807,25.17776],[91.0807,25.17785],[91.0806,25.17785],[91.0806,25.17776],[91.0805,25.17776],[91.0805,25.17785],[91.0802,25.17785],[91.0802,25.17803],[91.0801,25.17803],[91.0801,25.17812],[91.0798,25.17811]],[[91.0802,25.17776],[91.0804,25.17776],[91.0804,25.17767],[91.0803,25.17767],[91.0803,25.17749],[91.0802,25.17749],[91.0802,25.17776]],[[91.07981,25.17757],[91.07991,25.17757],[91.07991,25.17739],[91.07981,25.17739],[91.07981,25.17757]],[[91.08011,25.17748],[91.0802,25.17749],[91.08021,25.1774],[91.08011,25.17739],[91.08011,25.17748]],[[91.08031,25.17722],[91.08041,25.17722],[91.08041,25.17713],[91.08031,25.17713],[91.08031,25.17722]]]},"properties":{"id":"wetland_patch_c5ef5a125137","date":"2026-06-30","area_km2":0.0088,"pixel_count":88,"classification":"OPEN_WATER","interpretation_label":"HH darkening candidate","mean_delta_db":-5.04107450355183,"median_delta_db":-4.796887397766113,"hh_before":-15.607579491355203,"hh_after":-20.648653994907033,"hv_before":-24.08778329329057,"hv_after":-23.86252359910445,"delta_hh":-5.04107450355183,"delta_hv":0.22525969418612393,"valid_fraction":1.0,"valid_fraction_scope":"region bounding box, all four channels","vegetated_fraction":0.0,"quality_status":"PASS","spatial_status":"PARTIAL","temporal_status":"PARTIAL","temporal_overlap_fraction":null,"threshold_stability":"SENSITIVE","threshold_variation_fraction":0.2537313432835821,"evidence_state":"UNCERTAIN","centroid":[25.177529685449368,91.08002389785223],"data_source":"NISAR","evidence_method":"Rule consistency only; no accuracy estimate or independent reference validation.","baseline_method":"SINGLE_PRECEDING_OBSERVATION","baseline_observation_count":1,"baseline_observation_dates":["2026-06-18"],"baseline_hh_temporal_mad_db":null,"baseline_scene_names":["NISAR_L2_PR_GCOV_023_069_A_014_4005_DHDH_A_20260618T232135_20260618T232210_P05023_N_F_J_001"],"contextual_land_cover":null,"distance_to_water_m":null,"context_status":"NOT_AVAILABLE","reference_validated":false}},{"type":"Feature","geometry":{"type":"Polygon","coordinates":[[[91.08089,25.17813],[91.08089,25.17804],[91.08069,25.17803],[91.08069,25.17794],[91.08079,25.17794],[91.0808,25.17776],[91.0809,25.17777],[91.0809,25.17768],[91.0808,25.17767],[91.0808,25.17758],[91.0807,25.17758],[91.0807,25.17749],[91.0808,25.17749],[91.0808,25.1774],[91.0809,25.1774],[91.0809,25.17731],[91.081,25.17732],[91.081,25.17723],[91.08071,25.17722],[91.08071,25.17713],[91.08081,25.17713],[91.08081,25.17677],[91.08061,25.17677],[91.08062,25.17659],[91.08052,25.17659],[91.08052,25.17641],[91.08042,25.17641],[91.08042,25.17632],[91.08052,25.17632],[91.08052,25.17614],[91.08042,25.17613],[91.08043,25.17586],[91.08033,25.17586],[91.08033,25.17559],[91.08043,25.17559],[91.08043,25.1755],[91.08024,25.1755],[91.08024,25.17541],[91.08034,25.17541],[91.08034,25.17514],[91.08044,25.17514],[91.08044,25.17505],[91.08014,25.17505],[91.08015,25.17496],[91.08024,25.17496],[91.08025,25.17478],[91.08005,25.17478],[91.08005,25.17469],[91.07995,25.17468],[91.07995,25.17486],[91.07975,25.17486],[91.07975,25.17468],[91.07985,25.17468],[91.07985,25.17459],[91.07975,25.17459],[91.07976,25.1745],[91.07966,25.1745],[91.07966,25.17441],[91.07946,25.17441],[91.07946,25.17423],[91.07956,25.17423],[91.07956,25.17414],[91.07966,25.17414],[91.07966,25.17405],[91.07976,25.17405],[91.07977,25.17378],[91.07987,25.17378],[91.07986,25.17387],[91.07996,25.17387],[91.07996,25.17405],[91.07986,25.17405],[91.07986,25.17414],[91.08006,25.17414],[91.08006,25.17405],[91.08026,25.17406],[91.08026,25.17397],[91.08036,25.17397],[91.08036,25.17388],[91.08046,25.17388],[91.08046,25.17406],[91.08066,25.17406],[91.08065,25.17424],[91.08055,25.17424],[91.08055,25.17433],[91.08045,25.17433],[91.08046,25.17415],[91.08036,25.17415],[91.08035,25.17442],[91.08085,25.17442],[91.08085,25.17452],[91.08075,25.17451],[91.08075,25.1746],[91.08085,25.17461],[91.08084,25.17479],[91.08074,25.17478],[91.08074,25.17469],[91.08065,25.17469],[91.08065,25.17451],[91.08055,25.17451],[91.08055,25.17469],[91.08045,25.17469],[91.08045,25.1746],[91.08035,25.1746],[91.08035,25.17487],[91.08064,25.17487],[91.08064,25.17496],[91.08084,25.17497],[91.08084,25.17515],[91.08094,25.17515],[91.08094,25.17506],[91.08104,25.17506],[91.08104,25.17515],[91.08113,25.17515],[91.08113,25.17524],[91.08093,25.17524],[91.08093,25.17533],[91.08103,25.17533],[91.08103,25.17542],[91.08113,25.17542],[91.08113,25.1756],[91.08123,25.1756],[91.08123,25.17569],[91.08132,25.17569],[91.08133,25.1756],[91.08142,25.17561],[91.08142,25.17579],[91.08132,25.17579],[91.08132,25.17597],[91.08152,25.17597],[91.08152,25.17588],[91.08172,25.17588],[91.08172,25.17597],[91.08182,25.17597],[91.08182,25.17588],[91.08192,25.17588],[91.08192,25.17597],[91.08201,25.17597],[91.08202,25.17588],[91.08211,25.17589],[91.08211,25.17616],[91.08191,25.17615],[91.08191,25.17624],[91.08171,25.17624],[91.08171,25.17633],[91.08151,25.17633],[91.08151,25.17651],[91.08141,25.17651],[91.08141,25.1766],[91.08131,25.1766],[91.08131,25.17642],[91.08102,25.17641],[91.08101,25.17659],[91.08111,25.17659],[91.08111,25.17669],[91.08121,25.17669],[91.08121,25.17678],[91.08141,25.17678],[91.08141,25.17687],[91.0815,25.17687],[91.0815,25.17696],[91.0816,25.17696],[91.0816,25.17714],[91.0815,25.17714],[91.0815,25.17705],[91.0814,25.17705],[91.0814,25.17714],[91.0813,25.17714],[91.0813,25.17723],[91.0816,25.17723],[91.0816,25.17732],[91.08179,25.17733],[91.08179,25.1776],[91.08169,25.1776],[91.08169,25.17751],[91.08149,25.1775],[91.08149,25.17759],[91.08139,25.17759],[91.08139,25.17768],[91.08149,25.17768],[91.08149,25.17777],[91.08179,25.17778],[91.08179,25.17787],[91.08119,25.17786],[91.08119,25.17804],[91.08109,25.17804],[91.08109,25.17777],[91.08099,25.17777],[91.08099,25.17813],[91.08089,25.17813]],[[91.0812,25.17759],[91.08129,25.17759],[91.0813,25.1775],[91.0812,25.1775],[91.0812,25.17759]],[[91.0813,25.1775],[91.0814,25.1775],[91.0814,25.17732],[91.0813,25.17732],[91.0813,25.1775]],[[91.08091,25.17695],[91.08101,25.17695],[91.08101,25.17686],[91.08091,25.17686],[91.08091,25.17695]],[[91.08111,25.17687],[91.08121,25.17687],[91.08121,25.17678],[91.08111,25.17678],[91.08111,25.17687]],[[91.08071,25.17668],[91.08081,25.17668],[91.08081,25.17659],[91.08072,25.17659],[91.08071,25.17668]],[[91.08062,25.1765],[91.08072,25.1765],[91.08072,25.17632],[91.08062,25.17632],[91.08062,25.1765]],[[91.08112,25.17632],[91.08122,25.17633],[91.08122,25.17624],[91.08112,25.17623],[91.08112,25.17632]],[[91.08141,25.17633],[91.08151,25.17633],[91.08152,25.17615],[91.08142,25.17615],[91.08142,25.17606],[91.08132,25.17606],[91.08132,25.17615],[91.08122,25.17614],[91.08122,25.17624],[91.08141,25.17624],[91.08141,25.17633]],[[91.08072,25.17623],[91.08092,25.17623],[91.08092,25.17614],[91.08072,25.17614],[91.08072,25.17623]],[[91.08092,25.17614],[91.08102,25.17614],[91.08102,25.17605],[91.08092,25.17605],[91.08092,25.17614]],[[91.08082,25.17596],[91.08092,25.17596],[91.08092,25.17587],[91.08083,25.17587],[91.08082,25.17596]],[[91.08073,25.17578],[91.08093,25.17578],[91.08093,25.17569],[91.08073,25.17569],[91.08073,25.17578]],[[91.08053,25.17559],[91.08063,25.1756],[91.08063,25.17551],[91.08053,25.1755],[91.08053,25.17559]],[[91.08044,25.17541],[91.08063,25.17542],[91.08064,25.17532],[91.08044,25.17532],[91.08044,25.17541]],[[91.08073,25.17533],[91.08083,25.17533],[91.08084,25.17524],[91.08074,25.17524],[91.08073,25.17533]],[[91.08044,25.17523],[91.08074,25.17524],[91.08074,25.17515],[91.08064,25.17514],[91.08064,25.17505],[91.08054,25.17505],[91.08054,25.17514],[91.08044,25.17514],[91.08044,25.17523]],[[91.08005,25.17469],[91.08015,25.17469],[91.08015,25.1746],[91.08005,25.1746],[91.08005,25.17469]],[[91.07995,25.1745],[91.08005,25.1745],[91.08005,25.17441],[91.07996,25.17441],[91.07995,25.1745]],[[91.07976,25.17441],[91.07996,25.17441],[91.07996,25.17432],[91.07976,25.17432],[91.07976,25.17441]],[[91.07956,25.17432],[91.07976,25.17432],[91.07976,25.17423],[91.07956,25.17423],[91.07956,25.17432]],[[91.08006,25.17423],[91.08016,25.17424],[91.08016,25.17415],[91.08006,25.17414],[91.08006,25.17423]]]},"properties":{"id":"wetland_patch_795150881d0e","date":"2026-06-30","area_km2":0.0337,"pixel_count":337,"classification":"OPEN_WATER","interpretation_label":"HH darkening candidate","mean_delta_db":-5.7284967354567895,"median_delta_db":-5.208976745605469,"hh_before":-15.176387594432434,"hh_after":-20.904884329889224,"hv_before":-23.876900256918162,"hv_after":-24.016226692086512,"delta_hh":-5.7284967354567895,"delta_hv":-0.13932643516834836,"valid_fraction":1.0,"valid_fraction_scope":"region bounding box, all four channels","vegetated_fraction":0.0,"quality_status":"PASS","spatial_status":"PARTIAL","temporal_status":"PARTIAL","temporal_overlap_fraction":null,"threshold_stability":"SENSITIVE","threshold_variation_fraction":0.20985691573926868,"evidence_state":"UNCERTAIN","centroid":[25.1759579074177,91.08083664616869],"data_source":"NISAR","evidence_method":"Rule consistency only; no accuracy estimate or independent reference validation.","baseline_method":"SINGLE_PRECEDING_OBSERVATION","baseline_observation_count":1,"baseline_observation_dates":["2026-06-18"],"baseline_hh_temporal_mad_db":null,"baseline_scene_names":["NISAR_L2_PR_GCOV_023_069_A_014_4005_DHDH_A_20260618T232135_20260618T232210_P05023_N_F_J_001"],"contextual_land_cover":null,"distance_to_water_m":null,"context_status":"NOT_AVAILABLE","reference_validated":false}},{"type":"Feature","geometry":{"type":"Polygon","coordinates":[[[91.06453,25.17782],[91.06453,25.17746],[91.06433,25.17746],[91.06434,25.17728],[91.06424,25.17728],[91.06423,25.17755],[91.06403,25.17755],[91.06403,25.17746],[91.06394,25.17745],[91.06393,25.17754],[91.06374,25.17754],[91.06374,25.17745],[91.06384,25.17745],[91.06384,25.17736],[91.06404,25.17737],[91.06404,25.17728],[91.06414,25.17728],[91.06414,25.17719],[91.06424,25.17719],[91.06424,25.1771],[91.06434,25.1771],[91.06434,25.17701],[91.06454,25.17701],[91.06454,25.17692],[91.06414,25.17692],[91.06414,25.17701],[91.06394,25.177],[91.06394,25.17691],[91.06385,25.17691],[91.06384,25.177],[91.06374,25.177],[91.06375,25.17691],[91.06365,25.17691],[91.06365,25.17682],[91.06375,25.17682],[91.06375,25.17655],[91.06385,25.17655],[91.06385,25.17646],[91.06375,25.17646],[91.06375,25.17637],[91.06366,25.17637],[91.06365,25.17646],[91.06346,25.17646],[91.06346,25.17636],[91.06336,25.17636],[91.06336,25.17645],[91.06326,25.17645],[91.06326,25.17627],[91.06316,25.17627],[91.06316,25.17618],[91.06296,25.17618],[91.06296,25.17636],[91.06276,25.17636],[91.06276,25.17627],[91.06286,25.17627],[91.06286,25.17618],[91.06257,25.17617],[91.06257,25.17608],[91.06277,25.17608],[91.06277,25.17599],[91.06267,25.17599],[91.06267,25.17572],[91.06277,25.17572],[91.06277,25.1759],[91.06287,25.17591],[91.06287,25.17609],[91.06297,25.17609],[91.06297,25.176],[91.06307,25.176],[91.06306,25.17609],[91.06316,25.17609],[91.06317,25.17582],[91.06327,25.17582],[91.06327,25.17591],[91.06336,25.17591],[91.06336,25.176],[91.06326,25.176],[91.06326,25.17609],[91.06346,25.17609],[91.06346,25.176],[91.06356,25.17601],[91.06356,25.17591],[91.06346,25.17591],[91.06347,25.17582],[91.06337,25.17582],[91.06337,25.17573],[91.06327,25.17573],[91.06327,25.17564],[91.06307,25.17564],[91.06307,25.17573],[91.06297,25.17573],[91.06298,25.17546],[91.06307,25.17546],[91.06307,25.17555],[91.06327,25.17555],[91.06327,25.17546],[91.06337,25.17546],[91.06337,25.17564],[91.06357,25.17564],[91.06357,25.17555],[91.06347,25.17555],[91.06347,25.17537],[91.06327,25.17537],[91.06328,25.17519],[91.06338,25.17519],[91.06338,25.1751],[91.06348,25.1751],[91.06348,25.17483],[91.06358,25.17483],[91.06358,25.17492],[91.06378,25.17492],[91.06379,25.1742],[91.06389,25.1742],[91.06389,25.17429],[91.06399,25.1743],[91.06398,25.17466],[91.06408,25.17466],[91.06408,25.17475],[91.06418,25.17475],[91.06418,25.17484],[91.06427,25.17484],[91.06428,25.17475],[91.06447,25.17475],[91.06447,25.17484],[91.06457,25.17484],[91.06457,25.17494],[91.06467,25.17494],[91.06467,25.17512],[91.06496,25.17512],[91.06496,25.17521],[91.06486,25.17521],[91.06486,25.1753],[91.06466,25.1753],[91.06467,25.17521],[91.06427,25.1752],[91.06427,25.17529],[91.06437,25.17529],[91.06437,25.17538],[91.06446,25.17538],[91.06446,25.17548],[91.06456,25.17548],[91.06456,25.17539],[91.06476,25.17539],[91.06476,25.17548],[91.06486,25.17548],[91.06486,25.17539],[91.06506,25.17539],[91.06506,25.17548],[91.06496,25.17548],[91.06496,25.17566],[91.06506,25.17566],[91.06506,25.17557],[91.06516,25.17557],[91.06516,25.17548],[91.06555,25.17549],[91.06556,25.1754],[91.06565,25.1754],[91.06566,25.17513],[91.06576,25.17513],[91.06575,25.17549],[91.06595,25.17549],[91.06595,25.17558],[91.06585,25.17558],[91.06585,25.17576],[91.06575,25.17576],[91.06575,25.17558],[91.06565,25.17558],[91.06565,25.17567],[91.06555,25.17567],[91.06555,25.17585],[91.06565,25.17585],[91.06565,25.17594],[91.06575,25.17594],[91.06575,25.17585],[91.06585,25.17585],[91.06584,25.17594],[91.06614,25.17595],[91.06614,25.17604],[91.06624,25.17604],[91.06624,25.17613],[91.06634,25.17613],[91.06634,25.17622],[91.06644,25.17622],[91.06643,25.17631],[91.06624,25.17631],[91.06623,25.1764],[91.06643,25.1764],[91.06643,25.17649],[91.06653,25.1765],[91.06653,25.17659],[91.06693,25.17659],[91.06692,25.17668],[91.06673,25.17668],[91.06672,25.17677],[91.06663,25.17677],[91.06663,25.17668],[91.06653,25.17668],[91.06652,25.17686],[91.06672,25.17686],[91.06672,25.17695],[91.06692,25.17695],[91.06692,25.17686],[91.06712,25.17686],[91.06712,25.17677],[91.06722,25.17678],[91.06722,25.17668],[91.06732,25.17669],[91.06732,25.17651],[91.06742,25.17651],[91.06743,25.17624],[91.06753,25.17624],[91.06752,25.17642],[91.06762,25.17642],[91.06762,25.1766],[91.06782,25.1766],[91.06781,25.17696],[91.06801,25.17697],[91.06801,25.17706],[91.06811,25.17706],[91.06811,25.17715],[91.06801,25.17715],[91.06801,25.17724],[91.06781,25.17723],[91.06781,25.17714],[91.06761,25.17714],[91.06761,25.17723],[91.06731,25.17723],[91.06731,25.17732],[91.06751,25.17732],[91.06751,25.17741],[91.06721,25.17741],[91.06721,25.17723],[91.06711,25.17723],[91.06711,25.17732],[91.06681,25.17731],[91.06682,25.17722],[91.06692,25.17722],[91.06692,25.17713],[91.06652,25.17713],[91.06652,25.17722],[91.06662,25.17722],[91.06662,25.17731],[91.06652,25.17731],[91.06651,25.17749],[91.06632,25.17749],[91.06631,25.17758],[91.06622,25.17757],[91.06621,25.17776],[91.06601,25.17775],[91.06602,25.17748],[91.06572,25.17748],[91.06572,25.17739],[91.06562,25.17739],[91.06562,25.1773],[91.06543,25.17729],[91.06542,25.17738],[91.06552,25.17738],[91.06552,25.17748],[91.06542,25.17747],[91.06542,25.17756],[91.06522,25.17756],[91.06522,25.17765],[91.06512,25.17765],[91.06512,25.17756],[91.06493,25.17756],[91.06493,25.17747],[91.06483,25.17747],[91.06483,25.17738],[91.06473,25.17737],[91.06473,25.17746],[91.06463,25.17746],[91.06463,25.17755],[91.06473,25.17756],[91.06473,25.17765],[91.06463,25.17764],[91.06462,25.17782],[91.06453,25.17782]],[[91.06602,25.17748],[91.06612,25.17748],[91.06612,25.17739],[91.06602,25.17739],[91.06602,25.17748]],[[91.06453,25.17737],[91.06473,25.17737],[91.06473,25.1771],[91.06464,25.1771],[91.06463,25.17719],[91.06454,25.17719],[91.06453,25.17737]],[[91.06612,25.17739],[91.06632,25.1774],[91.06632,25.17731],[91.06622,25.1773],[91.06622,25.17721],[91.06612,25.17721],[91.06612,25.17739]],[[91.06493,25.17729],[91.06503,25.17729],[91.06503,25.1772],[91.06493,25.1772],[91.06493,25.17729]],[[91.06434,25.17719],[91.06444,25.17719],[91.06444,25.1771],[91.06434,25.1771],[91.06434,25.17719]],[[91.06543,25.1772],[91.06563,25.17721],[91.06563,25.17712],[91.06543,25.17711],[91.06543,25.1772]],[[91.06592,25.17721],[91.06612,25.17721],[91.06612,25.17712],[91.06622,25.17712],[91.06622,25.17703],[91.06632,25.17703],[91.06632,25.17721],[91.06642,25.17722],[91.06642,25.17695],[91.06623,25.17694],[91.06623,25.17685],[91.06613,25.17685],[91.06613,25.17694],[91.06603,25.17694],[91.06602,25.17712],[91.06593,25.17712],[91.06592,25.17721]],[[91.06563,25.17712],[91.06573,25.17712],[91.06573,25.17703],[91.06563,25.17703],[91.06563,25.17712]],[[91.06583,25.17712],[91.06593,25.17712],[91.06593,25.17694],[91.06583,25.17694],[91.06583,25.17712]],[[91.06741,25.17714],[91.06751,25.17714],[91.06751,25.17696],[91.06742,25.17696],[91.06742,25.17687],[91.06771,25.17687],[91.06772,25.17678],[91.06742,25.17678],[91.06742,25.17669],[91.06732,25.17669],[91.06732,25.17705],[91.06741,25.17705],[91.06741,25.17714]],[[91.06464,25.17701],[91.06474,25.17701],[91.06474,25.17692],[91.06464,25.17692],[91.06464,25.17701]],[[91.06503,25.17702],[91.06523,25.17702],[91.06524,25.17684],[91.06533,25.17684],[91.06534,25.17675],[91.06514,25.17675],[91.06513,25.17693],[91.06504,25.17693],[91.06503,25.17702]],[[91.06543,25.17702],[91.06553,25.17702],[91.06553,25.17693],[91.06543,25.17693],[91.06543,25.17702]],[[91.06404,25.17691],[91.06414,25.17692],[91.06414,25.17683],[91.06404,25.17682],[91.06404,25.17691]],[[91.06553,25.17693],[91.06563,25.17693],[91.06563,25.17684],[91.06553,25.17684],[91.06553,25.17693]],[[91.06712,25.17695],[91.06722,25.17696],[91.06722,25.17687],[91.06712,25.17686],[91.06712,25.17695]],[[91.06414,25.17683],[91.06424,25.17683],[91.06424,25.17674],[91.06415,25.17673],[91.06414,25.17683]],[[91.06444,25.17683],[91.06454,25.17683],[91.06454,25.17674],[91.06444,25.17674],[91.06444,25.17683]],[[91.06583,25.17685],[91.06593,25.17685],[91.06593,25.17676],[91.06583,25.17676],[91.06583,25.17685]],[[91.06633,25.17685],[91.06643,25.17686],[91.06643,25.17649],[91.06633,25.17649],[91.06633,25.17658],[91.06583,25.17658],[91.06583,25.17667],[91.06623,25.17667],[91.06623,25.17676],[91.06633,25.17676],[91.06633,25.17685]],[[91.06395,25.17673],[91.06405,25.17673],[91.06405,25.17664],[91.06425,25.17665],[91.06425,25.17647],[91.06435,25.17647],[91.06435,25.17665],[91.06444,25.17665],[91.06445,25.17656],[91.06455,25.17656],[91.06455,25.17647],[91.06445,25.17647],[91.06445,25.17638],[91.06435,25.17638],[91.06435,25.17629],[91.06405,25.17628],[91.06405,25.17655],[91.06395,25.17655],[91.06395,25.17673]],[[91.06464,25.17674],[91.06474,25.17674],[91.06474,25.17665],[91.06464,25.17665],[91.06464,25.17674]],[[91.06474,25.17665],[91.06484,25.17665],[91.06484,25.17647],[91.06504,25.17648],[91.06505,25.1763],[91.06475,25.17629],[91.06474,25.17647],[91.06465,25.17647],[91.06464,25.17656],[91.06474,25.17656],[91.06474,25.17665]],[[91.06504,25.17666],[91.06514,25.17666],[91.06514,25.17657],[91.06504,25.17657],[91.06504,25.17666]],[[91.06544,25.17666],[91.06554,25.17666],[91.06554,25.17648],[91.06544,25.17648],[91.06544,25.17666]],[[91.06742,25.1766],[91.06752,25.1766],[91.06752,25.17651],[91.06742,25.17651],[91.06742,25.1766]],[[91.06564,25.17648],[91.06574,25.17648],[91.06574,25.17639],[91.06564,25.17639],[91.06564,25.17648]],[[91.06346,25.17636],[91.06356,25.17637],[91.06356,25.17628],[91.06346,25.17627],[91.06346,25.17636]],[[91.06594,25.1764],[91.06604,25.1764],[91.06604,25.17631],[91.06614,25.17631],[91.06614,25.17622],[91.06624,25.17622],[91.06624,25.17613],[91.06594,25.17613],[91.06594,25.17604],[91.06584,25.17603],[91.06584,25.17613],[91.06574,25.17612],[91.06574,25.17621],[91.06584,25.17622],[91.06584,25.17631],[91.06594,25.17631],[91.06594,25.1764]],[[91.06366,25.17628],[91.06386,25.17628],[91.06386,25.17619],[91.06376,25.17619],[91.06376,25.17601],[91.06366,25.17601],[91.06366,25.17628]],[[91.06435,25.17629],[91.06445,25.17629],[91.06445,25.1762],[91.06455,25.1762],[91.06455,25.17611],[91.06435,25.17611],[91.06435,25.17629]],[[91.06524,25.1763],[91.06534,25.1763],[91.06534,25.17621],[91.06525,25.17621],[91.06524,25.1763]],[[91.06544,25.1763],[91.06564,25.1763],[91.06564,25.17612],[91.06554,25.17612],[91.06554,25.17621],[91.06544,25.17621],[91.06544,25.1763]],[[91.06485,25.1762],[91.06525,25.17621],[91.06525,25.17612],[91.06485,25.17611],[91.06485,25.1762]],[[91.06396,25.1761],[91.06406,25.1761],[91.06406,25.17601],[91.06396,25.17601],[91.06396,25.1761]],[[91.06475,25.17611],[91.06485,25.17611],[91.06485,25.17602],[91.06495,25.17602],[91.06495,25.17584],[91.06485,25.17584],[91.06486,25.17575],[91.06476,25.17575],[91.06475,25.17584],[91.06466,25.17584],[91.06465,25.17602],[91.06475,25.17602],[91.06475,25.17611]],[[91.06544,25.17612],[91.06554,25.17612],[91.06555,25.17585],[91.06545,25.17585],[91.06545,25.17576],[91.06535,25.17576],[91.06535,25.17585],[91.06525,25.17585],[91.06525,25.17603],[91.06545,25.17603],[91.06544,25.17612]],[[91.06445,25.17602],[91.06455,25.17602],[91.06456,25.17557],[91.06436,25.17556],[91.06436,25.17547],[91.06417,25.17547],[91.06416,25.17565],[91.06406,25.17565],[91.06406,25.17583],[91.06416,25.17583],[91.06416,25.17574],[91.06446,25.17575],[91.06445,25.17602]],[[91.06386,25.17592],[91.06396,25.17592],[91.06396,25.17583],[91.06386,25.17583],[91.06386,25.17592]],[[91.06426,25.17592],[91.06436,25.17593],[91.06436,25.17583],[91.06426,25.17583],[91.06426,25.17592]],[[91.06356,25.17582],[91.06366,25.17583],[91.06367,25.17574],[91.06357,25.17573],[91.06356,25.17582]],[[91.06495,25.17584],[91.06505,25.17584],[91.06505,25.17575],[91.06495,25.17575],[91.06495,25.17584]],[[91.06515,25.17576],[91.06525,25.17576],[91.06525,25.17567],[91.06515,25.17566],[91.06515,25.17576]],[[91.06387,25.17565],[91.06406,25.17565],[91.06407,25.17547],[91.06397,25.17547],[91.06397,25.17538],[91.06407,25.17538],[91.06407,25.1752],[91.06397,25.1752],[91.06397,25.17511],[91.06387,25.17511],[91.06388,25.17502],[91.06397,25.17502],[91.06398,25.17475],[91.06388,25.17475],[91.06388,25.17493],[91.06378,25.17492],[91.06378,25.17501],[91.06358,25.17501],[91.06358,25.1751],[91.06377,25.17511],[91.06377,25.1752],[91.06367,25.17519],[91.06367,25.17528],[91.06357,25.17528],[91.06357,25.17546],[91.06367,25.17546],[91.06367,25.17556],[91.06377,25.17556],[91.06377,25.17547],[91.06387,25.17547],[91.06387,25.17565]],[[91.06525,25.17567],[91.06535,25.17567],[91.06535,25.17558],[91.06526,25.17558],[91.06525,25.17567]],[[91.06545,25.17567],[91.06555,25.17567],[91.06555,25.17558],[91.06545,25.17558],[91.06545,25.17567]],[[91.06347,25.17528],[91.06357,25.17528],[91.06357,25.17519],[91.06348,25.17519],[91.06347,25.17528]],[[91.06407,25.17511],[91.06417,25.17511],[91.06417,25.17502],[91.06407,25.17502],[91.06407,25.17511]],[[91.06427,25.17511],[91.06447,25.17511],[91.06447,25.17502],[91.06457,25.17503],[91.06457,25.17494],[91.06437,25.17493],[91.06437,25.17502],[91.06427,25.17502],[91.06427,25.17511]],[[91.06417,25.17502],[91.06427,25.17502],[91.06427,25.17493],[91.06417,25.17493],[91.06417,25.17502]]]},"properties":{"id":"wetland_patch_fb37b7889c2b","date":"2026-06-30","area_km2":0.0626,"pixel_count":626,"classification":"OPEN_WATER","interpretation_label":"HH darkening candidate","mean_delta_db":-5.09837386250115,"median_delta_db":-4.672928810119629,"hh_before":-15.887580684198738,"hh_after":-20.98595454669989,"hv_before":-23.96092028511218,"hv_after":-23.984920913038163,"delta_hh":-5.09837386250115,"delta_hv":-0.024000627925982492,"valid_fraction":1.0,"valid_fraction_scope":"region bounding box, all four channels","vegetated_fraction":0.0,"quality_status":"PASS","spatial_status":"PARTIAL","temporal_status":"PARTIAL","temporal_overlap_fraction":null,"threshold_stability":"SENSITIVE","threshold_variation_fraction":0.22512234910277323,"evidence_state":"UNCERTAIN","centroid":[25.17638316019167,91.06506676807612],"data_source":"NISAR","evidence_method":"Rule consistency only; no accuracy estimate or independent reference validation.","baseline_method":"SINGLE_PRECEDING_OBSERVATION","baseline_observation_count":1,"baseline_observation_dates":["2026-06-18"],"baseline_hh_temporal_mad_db":null,"baseline_scene_names":["NISAR_L2_PR_GCOV_023_069_A_014_4005_DHDH_A_20260618T232135_20260618T232210_P05023_N_F_J_001"],"contextual_land_cover":null,"distance_to_water_m":null,"context_status":"NOT_AVAILABLE","reference_validated":false}},{"type":"Feature","geometry":{"type":"Polygon","coordinates":[[[91.07088,25.17773],[91.07088,25.17764],[91.07078,25.17763],[91.07078,25.17745],[91.07068,25.17745],[91.07068,25.17736],[91.07058,25.17736],[91.07059,25.17727],[91.07029,25.17727],[91.07029,25.17736],[91.07019,25.17736],[91.07019,25.17708],[91.07009,25.17708],[91.0701,25.1769],[91.07039,25.17691],[91.07039,25.17682],[91.07059,25.17682],[91.07059,25.17673],[91.07079,25.17673],[91.07079,25.17682],[91.07089,25.17682],[91.07089,25.17691],[91.07059,25.17691],[91.07059,25.177],[91.07089,25.177],[91.07088,25.17718],[91.07098,25.17719],[91.07098,25.1771],[91.07108,25.1771],[91.07108,25.17728],[91.07128,25.17728],[91.07128,25.17746],[91.07108,25.17746],[91.07108,25.17764],[91.07117,25.17764],[91.07117,25.17773],[91.07088,25.17773]],[[91.07078,25.17745],[91.07088,25.17745],[91.07088,25.17736],[91.07078,25.17736],[91.07078,25.17745]],[[91.07059,25.17727],[91.07078,25.17727],[91.07079,25.17718],[91.07059,25.17718],[91.07059,25.17727]],[[91.07049,25.17709],[91.07059,25.17709],[91.07059,25.177],[91.07049,25.177],[91.07049,25.17709]]]},"properties":{"id":"wetland_patch_ca79357d5a98","date":"2026-06-30","area_km2":0.0056,"pixel_count":56,"classification":"OPEN_WATER","interpretation_label":"HH darkening candidate","mean_delta_db":-5.2195808206285745,"median_delta_db":-4.997876167297363,"hh_before":-15.977554593767438,"hh_after":-21.197135414396012,"hv_before":-23.869401897702897,"hv_after":-24.111433948789323,"delta_hh":-5.2195808206285745,"delta_hv":-0.24203205108642578,"valid_fraction":1.0,"valid_fraction_scope":"region bounding box, all four channels","vegetated_fraction":0.0,"quality_status":"PASS","spatial_status":"PARTIAL","temporal_status":"PARTIAL","temporal_overlap_fraction":null,"threshold_stability":"SENSITIVE","threshold_variation_fraction":0.25,"evidence_state":"UNCERTAIN","centroid":[25.17720587546743,91.07070157787753],"data_source":"NISAR","evidence_method":"Rule consistency only; no accuracy estimate or independent reference validation.","baseline_method":"SINGLE_PRECEDING_OBSERVATION","baseline_observation_count":1,"baseline_observation_dates":["2026-06-18"],"baseline_hh_temporal_mad_db":null,"baseline_scene_names":["NISAR_L2_PR_GCOV_023_069_A_014_4005_DHDH_A_20260618T232135_20260618T232210_P05023_N_F_J_001"],"contextual_land_cover":null,"distance_to_water_m":null,"context_status":"NOT_AVAILABLE","reference_validated":false}},{"type":"Feature","geometry":{"type":"Polygon","coordinates":[[[91.06205,25.17743],[91.06205,25.17725],[91.06195,25.17725],[91.06196,25.17716],[91.06186,25.17716],[91.06186,25.17725],[91.06166,25.17724],[91.06166,25.17697],[91.06176,25.17697],[91.06176,25.17706],[91.06186,25.17707],[91.06186,25.17671],[91.06177,25.1767],[91.06177,25.17661],[91.06167,25.17661],[91.06167,25.17643],[91.06157,25.17643],[91.06157,25.17634],[91.06147,25.17634],[91.06147,25.17625],[91.06138,25.17625],[91.06138,25.17598],[91.06168,25.17598],[91.06168,25.17589],[91.06178,25.17589],[91.06178,25.17607],[91.06197,25.17607],[91.06197,25.17626],[91.06207,25.17626],[91.06207,25.17644],[91.06227,25.17644],[91.06226,25.17653],[91.06236,25.17653],[91.06237,25.17626],[91.06247,25.17626],[91.06247,25.17617],[91.06257,25.17617],[91.06257,25.17626],[91.06266,25.17626],[91.06266,25.17635],[91.06276,25.17636],[91.06276,25.17645],[91.06286,25.17645],[91.06286,25.17654],[91.06266,25.17653],[91.06266,25.17663],[91.06256,25.17662],[91.06256,25.17671],[91.06196,25.17671],[91.06196,25.17707],[91.06206,25.17707],[91.06206,25.17716],[91.06215,25.17716],[91.06215,25.17743],[91.06205,25.17743]],[[91.06216,25.17662],[91.06226,25.17662],[91.06226,25.17653],[91.06216,25.17653],[91.06216,25.17662]],[[91.06177,25.17652],[91.06187,25.17652],[91.06187,25.17634],[91.06177,25.17634],[91.06177,25.17652]],[[91.06197,25.17653],[91.06207,25.17653],[91.06207,25.17644],[91.06197,25.17644],[91.06197,25.17653]],[[91.06157,25.17634],[91.06167,25.17634],[91.06167,25.17616],[91.06158,25.17616],[91.06157,25.17634]]]},"properties":{"id":"wetland_patch_c7a71ab27bcf","date":"2026-06-30","area_km2":0.0074,"pixel_count":74,"classification":"OPEN_WATER","interpretation_label":"HH darkening candidate","mean_delta_db":-4.993002608015731,"median_delta_db":-4.623350143432617,"hh_before":-16.17488585291682,"hh_after":-21.167888460932552,"hv_before":-24.198270153354954,"hv_after":-24.314532151093353,"delta_hh":-4.993002608015731,"delta_hv":-0.11626199773840003,"valid_fraction":1.0,"valid_fraction_scope":"region bounding box, all four channels","vegetated_fraction":0.0,"quality_status":"PASS","spatial_status":"PARTIAL","temporal_status":"PARTIAL","temporal_overlap_fraction":null,"threshold_stability":"SENSITIVE","threshold_variation_fraction":0.2517482517482518,"evidence_state":"UNCERTAIN","centroid":[25.176525353392936,91.06201998329644],"data_source":"NISAR","evidence_method":"Rule consistency only; no accuracy estimate or independent reference validation.","baseline_method":"SINGLE_PRECEDING_OBSERVATION","baseline_observation_count":1,"baseline_observation_dates":["2026-06-18"],"baseline_hh_temporal_mad_db":null,"baseline_scene_names":["NISAR_L2_PR_GCOV_023_069_A_014_4005_DHDH_A_20260618T232135_20260618T232210_P05023_N_F_J_001"],"contextual_land_cover":null,"distance_to_water_m":null,"context_status":"NOT_AVAILABLE","reference_validated":false}},{"type":"Feature","geometry":{"type":"Polygon","coordinates":[[[91.07237,25.17756],[91.07237,25.17747],[91.07227,25.17747],[91.07227,25.17738],[91.07237,25.17738],[91.07237,25.17729],[91.07227,25.17729],[91.07228,25.17702],[91.07198,25.17702],[91.07198,25.17711],[91.07188,25.17711],[91.07188,25.17702],[91.07178,25.17702],[91.07178,25.17692],[91.07168,25.17692],[91.07168,25.17683],[91.07178,25.17683],[91.07179,25.17665],[91.07169,25.17665],[91.07169,25.17656],[91.07159,25.17656],[91.07159,25.17647],[91.07149,25.17647],[91.07149,25.17656],[91.07119,25.17656],[91.07119,25.17665],[91.07099,25.17664],[91.07099,25.17673],[91.07079,25.17673],[91.0708,25.17655],[91.0706,25.17655],[91.0706,25.17637],[91.0707,25.17637],[91.0707,25.17646],[91.0709,25.17646],[91.0709,25.17637],[91.071,25.17637],[91.071,25.17628],[91.0711,25.17628],[91.0711,25.17601],[91.0712,25.17601],[91.07119,25.17638],[91.07149,25.17638],[91.0715,25.1762],[91.07159,25.1762],[91.07159,25.17629],[91.07179,25.17629],[91.07179,25.17638],[91.07199,25.17639],[91.07199,25.1763],[91.07189,25.17629],[91.07189,25.1762],[91.07199,25.17621],[91.07199,25.17602],[91.0718,25.17602],[91.07179,25.17611],[91.0716,25.17611],[91.0716,25.17602],[91.0715,25.17602],[91.0715,25.17593],[91.0714,25.17593],[91.0714,25.17575],[91.0715,25.17575],[91.0715,25.17584],[91.0717,25.17584],[91.0717,25.17566],[91.0718,25.17566],[91.0718,25.17575],[91.072,25.17575],[91.072,25.17566],[91.0719,25.17566],[91.0719,25.17557],[91.0717,25.17557],[91.07171,25.17539],[91.072,25.17539],[91.072,25.17557],[91.0721,25.17557],[91.0721,25.17567],[91.0722,25.17567],[91.0722,25.17576],[91.07249,25.17576],[91.0725,25.17567],[91.0723,25.17567],[91.0723,25.17549],[91.0722,25.17549],[91.0722,25.1754],[91.0721,25.17539],[91.0721,25.1753],[91.07201,25.1753],[91.07201,25.17512],[91.07211,25.17512],[91.07211,25.17503],[91.07181,25.17503],[91.07181,25.17494],[91.07171,25.17494],[91.07171,25.17485],[91.07162,25.17485],[91.07162,25.17476],[91.07152,25.17475],[91.07152,25.17466],[91.07132,25.17466],[91.07132,25.17457],[91.07152,25.17457],[91.07152,25.17448],[91.07162,25.17449],[91.07162,25.17458],[91.07192,25.17458],[91.07192,25.17467],[91.07182,25.17467],[91.07181,25.17485],[91.07191,25.17485],[91.07191,25.17476],[91.07201,25.17476],[91.07202,25.17458],[91.07221,25.17458],[91.07221,25.17467],[91.07241,25.17468],[91.07241,25.17459],[91.07261,25.17459],[91.07261,25.1745],[91.07301,25.1745],[91.07301,25.17459],[91.07291,25.17459],[91.07291,25.17468],[91.07301,25.17468],[91.07301,25.17477],[91.07271,25.17477],[91.07271,25.17495],[91.0729,25.17495],[91.0729,25.17504],[91.073,25.17505],[91.073,25.17523],[91.0729,25.17522],[91.0729,25.17531],[91.0732,25.17532],[91.07319,25.17568],[91.07329,25.17568],[91.07329,25.17577],[91.07339,25.17577],[91.07339,25.17586],[91.07348,25.17586],[91.07348,25.17604],[91.07358,25.17605],[91.07358,25.17596],[91.07378,25.17596],[91.07378,25.17587],[91.07358,25.17587],[91.07359,25.17559],[91.07369,25.1756],[91.07369,25.17569],[91.07378,25.17569],[91.07378,25.17578],[91.07388,25.17578],[91.07388,25.17569],[91.07408,25.17569],[91.07408,25.17578],[91.07398,25.17578],[91.07398,25.17596],[91.07418,25.17596],[91.07418,25.17605],[91.07408,25.17605],[91.07408,25.17614],[91.07368,25.17614],[91.07368,25.17632],[91.07377,25.17632],[91.07377,25.17641],[91.07367,25.17641],[91.07367,25.1765],[91.07377,25.1765],[91.07377,25.17659],[91.07357,25.17659],[91.07357,25.1765],[91.07338,25.17649],[91.07337,25.17658],[91.07327,25.17658],[91.07327,25.17667],[91.07307,25.17667],[91.07307,25.17676],[91.07297,25.17676],[91.07297,25.17685],[91.07287,25.17685],[91.07288,25.17676],[91.07278,25.17676],[91.07277,25.17694],[91.07287,25.17694],[91.07287,25.17703],[91.07277,25.17703],[91.07277,25.17721],[91.07257,25.17721],[91.07257,25.17712],[91.07247,25.17711],[91.07247,25.1773],[91.07267,25.1773],[91.07267,25.17739],[91.07247,25.17739],[91.07247,25.17757],[91.07237,25.17756]],[[91.07188,25.17693],[91.07218,25.17693],[91.07218,25.17684],[91.07228,25.17684],[91.07228,25.17693],[91.07238,25.17693],[91.07238,25.17684],[91.07248,25.17684],[91.07248,25.17675],[91.07278,25.17676],[91.07278,25.17667],[91.07268,25.17667],[91.07268,25.17658],[91.07258,25.17657],[91.07258,25.17648],[91.07248,25.17648],[91.07248,25.17657],[91.07238,25.17657],[91.07238,25.17648],[91.07189,25.17647],[91.07189,25.17657],[91.07199,25.17657],[91.07198,25.17666],[91.07188,25.17666],[91.07188,25.17675],[91.07208,25.17675],[91.07208,25.17684],[91.07188,25.17684],[91.07188,25.17693]],[[91.07089,25.17664],[91.07099,25.17664],[91.07099,25.17655],[91.07089,25.17655],[91.07089,25.17664]],[[91.07278,25.17667],[91.07288,25.17667],[91.07288,25.17658],[91.07278,25.17658],[91.07278,25.17667]],[[91.07169,25.17656],[91.07179,25.17656],[91.07179,25.17647],[91.07169,25.17647],[91.07169,25.17656]],[[91.07308,25.17658],[91.07318,25.17658],[91.07318,25.17649],[91.07308,25.17649],[91.07308,25.17658]],[[91.07109,25.17646],[91.07119,25.17647],[91.07119,25.17638],[91.0711,25.17637],[91.07109,25.17646]],[[91.07268,25.17649],[91.07278,25.17649],[91.07278,25.1764],[91.07288,25.1764],[91.07288,25.17631],[91.07278,25.17631],[91.07278,25.17622],[91.07269,25.17621],[91.07268,25.17649]],[[91.07288,25.17649],[91.07298,25.17649],[91.07298,25.1764],[91.07288,25.1764],[91.07288,25.17649]],[[91.07328,25.17649],[91.07338,25.17649],[91.07338,25.1764],[91.07328,25.1764],[91.07328,25.17649]],[[91.07229,25.17639],[91.07238,25.17639],[91.07239,25.1763],[91.07258,25.1763],[91.07259,25.17621],[91.07249,25.17621],[91.07249,25.17612],[91.07239,25.17612],[91.07239,25.17621],[91.07229,25.17621],[91.07229,25.17612],[91.07209,25.17612],[91.07209,25.1763],[91.07229,25.1763],[91.07229,25.17639]],[[91.07298,25.17631],[91.07328,25.17631],[91.07328,25.17622],[91.07308,25.17622],[91.07308,25.17613],[91.07289,25.17613],[91.07288,25.17622],[91.07298,25.17622],[91.07298,25.17631]],[[91.07308,25.17613],[91.07338,25.17613],[91.07338,25.17604],[91.07328,25.17604],[91.07329,25.17586],[91.07319,25.17586],[91.07319,25.17595],[91.07309,25.17595],[91.07308,25.17613]],[[91.07199,25.17602],[91.07209,25.17603],[91.07209,25.17594],[91.072,25.17593],[91.07199,25.17602]],[[91.07219,25.17603],[91.07239,25.17603],[91.07239,25.17594],[91.07219,25.17594],[91.07219,25.17603]],[[91.07249,25.17603],[91.07269,25.17603],[91.07269,25.17594],[91.07249,25.17594],[91.07249,25.17603]],[[91.07378,25.17605],[91.07388,25.17605],[91.07388,25.17596],[91.07378,25.17596],[91.07378,25.17605]],[[91.07239,25.17594],[91.07249,25.17594],[91.07249,25.17585],[91.07239,25.17585],[91.07239,25.17594]],[[91.07299,25.17595],[91.07309,25.17595],[91.07309,25.17577],[91.07299,25.17577],[91.07299,25.17595]],[[91.07279,25.17585],[91.07289,25.17586],[91.07289,25.17577],[91.07299,25.17577],[91.07299,25.17568],[91.07279,25.17567],[91.07279,25.17585]],[[91.0724,25.17558],[91.0726,25.17558],[91.0726,25.17549],[91.0729,25.1755],[91.0729,25.1754],[91.0726,25.1754],[91.0726,25.17522],[91.0725,25.17522],[91.0725,25.17531],[91.0724,25.17531],[91.0724,25.1754],[91.0723,25.1754],[91.0723,25.17549],[91.0724,25.17549],[91.0724,25.17558]],[[91.0722,25.17531],[91.0723,25.17531],[91.0723,25.17522],[91.0724,25.17522],[91.0724,25.17513],[91.07211,25.17512],[91.07211,25.17521],[91.07221,25.17522],[91.0722,25.17531]],[[91.0727,25.17531],[91.0728,25.17531],[91.0728,25.17522],[91.0727,25.17522],[91.0727,25.17531]],[[91.0728,25.17522],[91.0729,25.17522],[91.0729,25.17513],[91.0728,25.17513],[91.0728,25.17522]],[[91.07221,25.17503],[91.07231,25.17504],[91.07231,25.17486],[91.07201,25.17485],[91.07201,25.17494],[91.07221,25.17494],[91.07221,25.17503]],[[91.07251,25.17504],[91.0726,25.17504],[91.07261,25.17495],[91.07251,25.17495],[91.07251,25.17504]],[[91.07211,25.17476],[91.07221,25.17476],[91.07221,25.17467],[91.07211,25.17467],[91.07211,25.17476]],[[91.07241,25.17477],[91.07251,25.17477],[91.07251,25.17468],[91.07241,25.17468],[91.07241,25.17477]],[[91.07261,25.17477],[91.07271,25.17477],[91.07271,25.17468],[91.07261,25.17468],[91.07261,25.17477]]]},"properties":{"id":"wetland_patch_32716fa41725","date":"2026-06-30","area_km2":0.0355,"pixel_count":355,"classification":"OPEN_WATER","interpretation_label":"HH darkening candidate","mean_delta_db":-4.972353768684495,"median_delta_db":-4.639047622680664,"hh_before":-15.764373739000778,"hh_after":-20.736727507685274,"hv_before":-23.935395544347628,"hv_after":-24.095694464025364,"delta_hh":-4.972353768684495,"delta_hv":-0.16029891967773438,"valid_fraction":1.0,"valid_fraction_scope":"region bounding box, all four channels","vegetated_fraction":0.0,"quality_status":"PASS","spatial_status":"PARTIAL","temporal_status":"PARTIAL","temporal_overlap_fraction":null,"threshold_stability":"SENSITIVE","threshold_variation_fraction":0.21875,"evidence_state":"UNCERTAIN","centroid":[25.17593878283286,91.0724746352305],"data_source":"NISAR","evidence_method":"Rule consistency only; no accuracy estimate or independent reference validation.","baseline_method":"SINGLE_PRECEDING_OBSERVATION","baseline_observation_count":1,"baseline_observation_dates":["2026-06-18"],"baseline_hh_temporal_mad_db":null,"baseline_scene_names":["NISAR_L2_PR_GCOV_023_069_A_014_4005_DHDH_A_20260618T232135_20260618T232210_P05023_N_F_J_001"],"contextual_land_cover":null,"distance_to_water_m":null,"context_status":"NOT_AVAILABLE","reference_validated":false}},{"type":"Feature","geometry":{"type":"Polygon","coordinates":[[[91.0682,25.17724],[91.06821,25.17706],[91.06811,25.17706],[91.06811,25.17697],[91.06801,25.17697],[91.06801,25.17688],[91.06831,25.17688],[91.06831,25.17679],[91.06821,25.17679],[91.06821,25.1767],[91.06792,25.17669],[91.06792,25.17633],[91.06782,25.17633],[91.06783,25.17606],[91.06763,25.17606],[91.06763,25.17597],[91.06743,25.17597],[91.06743,25.17588],[91.06763,25.17588],[91.06763,25.17579],[91.06773,25.17579],[91.06773,25.17561],[91.06783,25.17561],[91.06783,25.17597],[91.06793,25.17597],[91.06793,25.17588],[91.06803,25.17588],[91.06803,25.17579],[91.06823,25.1758],[91.06822,25.17598],[91.06832,25.17598],[91.06833,25.17589],[91.06842,25.17589],[91.06843,25.1758],[91.06853,25.1758],[91.06853,25.17553],[91.06843,25.17553],[91.06843,25.17544],[91.06833,25.17544],[91.06833,25.17553],[91.06813,25.17552],[91.06813,25.17561],[91.06803,25.17561],[91.06804,25.17543],[91.06813,25.17543],[91.06814,25.17534],[91.06843,25.17535],[91.06844,25.17517],[91.06834,25.17516],[91.06834,25.17526],[91.06814,25.17525],[91.06814,25.17516],[91.06794,25.17516],[91.06794,25.17525],[91.06784,25.17525],[91.06784,25.17507],[91.06814,25.17507],[91.06814,25.17498],[91.06834,25.17498],[91.06834,25.17507],[91.06854,25.17508],[91.06854,25.17517],[91.06863,25.17517],[91.06863,25.17526],[91.06883,25.17526],[91.06883,25.17517],[91.06903,25.17517],[91.06903,25.17508],[91.06913,25.17508],[91.06913,25.17518],[91.06923,25.17518],[91.06923,25.17536],[91.06893,25.17535],[91.06893,25.17544],[91.06883,25.17544],[91.06882,25.17589],[91.06872,25.17589],[91.06872,25.17607],[91.06862,25.17607],[91.06862,25.17598],[91.06852,25.17598],[91.06852,25.17616],[91.06862,25.17616],[91.06862,25.17625],[91.06882,25.17625],[91.06882,25.17616],[91.06892,25.17617],[91.06891,25.17644],[91.06901,25.17644],[91.06901,25.17635],[91.06911,25.17635],[91.06911,25.17653],[91.06921,25.17653],[91.06921,25.17671],[91.0693,25.17671],[91.06931,25.17662],[91.06941,25.17662],[91.0694,25.17671],[91.0695,25.17671],[91.0695,25.1768],[91.0696,25.17681],[91.0696,25.17699],[91.0695,25.17699],[91.0695,25.17708],[91.0694,25.17707],[91.0694,25.17689],[91.0692,25.17689],[91.0692,25.17707],[91.0691,25.17707],[91.0691,25.17698],[91.069,25.17698],[91.06901,25.1768],[91.06891,25.1768],[91.0689,25.17689],[91.06871,25.17688],[91.06871,25.17679],[91.06881,25.1768],[91.06881,25.17671],[91.06871,25.1767],[91.06871,25.17661],[91.06841,25.17661],[91.06841,25.17679],[91.06851,25.17679],[91.06851,25.17688],[91.06841,25.17688],[91.06841,25.17697],[91.06871,25.17698],[91.0687,25.17707],[91.0686,25.17706],[91.0686,25.17715],[91.0685,25.17715],[91.06851,25.17706],[91.06841,25.17706],[91.0684,25.17724],[91.0682,25.17724]],[[91.06901,25.17671],[91.06911,25.17671],[91.06911,25.17653],[91.06901,25.17653],[91.06901,25.17671]],[[91.06812,25.17661],[91.06831,25.17661],[91.06832,25.17652],[91.06822,25.17652],[91.06822,25.17643],[91.06812,25.17643],[91.06812,25.17634],[91.06802,25.17633],[91.06802,25.17651],[91.06812,25.17652],[91.06812,25.17661]],[[91.06871,25.17652],[91.06891,25.17653],[91.06891,25.17644],[91.06871,25.17643],[91.06871,25.17652]],[[91.06852,25.17643],[91.06861,25.17643],[91.06862,25.17634],[91.06852,25.17634],[91.06852,25.17643]],[[91.06822,25.17634],[91.06842,25.17634],[91.06842,25.17625],[91.06832,25.17625],[91.06832,25.17616],[91.06842,25.17616],[91.06842,25.17607],[91.06822,25.17607],[91.06822,25.17634]],[[91.06792,25.17624],[91.06802,25.17624],[91.06802,25.17615],[91.06812,25.17616],[91.06813,25.17597],[91.06803,25.17597],[91.06803,25.17606],[91.06793,25.17606],[91.06792,25.17624]],[[91.06862,25.17589],[91.06872,25.17589],[91.06873,25.17571],[91.06863,25.17571],[91.06862,25.17589]],[[91.06853,25.17553],[91.06873,25.17553],[91.06873,25.17544],[91.06853,25.17544],[91.06853,25.17553]]]},"properties":{"id":"wetland_patch_d77fb38e9c09","date":"2026-06-30","area_km2":0.0174,"pixel_count":174,"classification":"OPEN_WATER","interpretation_label":"HH darkening candidate","mean_delta_db":-4.6777182940779065,"median_delta_db":-4.264148712158203,"hh_before":-16.330382226527423,"hh_after":-21.00810052060533,"hv_before":-23.939807409527656,"hv_after":-23.814789541836443,"delta_hh":-4.6777182940779065,"delta_hv":0.12501786769121542,"valid_fraction":1.0,"valid_fraction_scope":"region bounding box, all four channels","vegetated_fraction":0.0,"quality_status":"PASS","spatial_status":"PARTIAL","temporal_status":"PARTIAL","temporal_overlap_fraction":null,"threshold_stability":"SENSITIVE","threshold_variation_fraction":0.27796610169491526,"evidence_state":"UNCERTAIN","centroid":[25.176148646670647,91.0685095271241],"data_source":"NISAR","evidence_method":"Rule consistency only; no accuracy estimate or independent reference validation.","baseline_method":"SINGLE_PRECEDING_OBSERVATION","baseline_observation_count":1,"baseline_observation_dates":["2026-06-18"],"baseline_hh_temporal_mad_db":null,"baseline_scene_names":["NISAR_L2_PR_GCOV_023_069_A_014_4005_DHDH_A_20260618T232135_20260618T232210_P05023_N_F_J_001"],"contextual_land_cover":null,"distance_to_water_m":null,"context_status":"NOT_AVAILABLE","reference_validated":false}},{"type":"Feature","geometry":{"type":"Polygon","coordinates":[[[91.07634,25.17735],[91.07634,25.17707],[91.07624,25.17707],[91.07624,25.17698],[91.07585,25.17698],[91.07585,25.17689],[91.07625,25.17689],[91.07625,25.1768],[91.07615,25.1768],[91.07615,25.17671],[91.07605,25.17671],[91.07605,25.17662],[91.07585,25.17662],[91.07586,25.17644],[91.07576,25.17644],[91.07576,25.17653],[91.07566,25.17652],[91.07565,25.1767],[91.07546,25.1767],[91.07545,25.17679],[91.07526,25.17679],[91.07525,25.17688],[91.07516,25.17688],[91.07515,25.17697],[91.07545,25.17697],[91.07545,25.17715],[91.07535,25.17715],[91.07535,25.17724],[91.07525,25.17724],[91.07525,25.17706],[91.07505,25.17706],[91.07506,25.17679],[91.07496,25.17679],[91.07496,25.1767],[91.07486,25.17669],[91.07486,25.1766],[91.07476,25.1766],[91.07476,25.17651],[91.07496,25.17651],[91.07496,25.17642],[91.07506,25.17643],[91.07506,25.17634],[91.07516,25.17634],[91.07517,25.17616],[91.07507,25.17616],[91.07507,25.17625],[91.07487,25.17624],[91.07486,25.17642],[91.07467,25.17642],[91.07467,25.17633],[91.07457,25.17633],[91.07457,25.17642],[91.07437,25.17642],[91.07437,25.17633],[91.07427,25.17633],[91.07427,25.17624],[91.07417,25.17623],[91.07417,25.17632],[91.07407,25.17632],[91.07408,25.17614],[91.07417,25.17614],[91.07418,25.17605],[91.07447,25.17606],[91.07447,25.17597],[91.07457,25.17597],[91.07458,25.17588],[91.07467,25.17588],[91.07468,25.17579],[91.07497,25.17579],[91.07497,25.17588],[91.07507,25.17588],[91.07507,25.17579],[91.07537,25.1758],[91.07537,25.17607],[91.07527,25.17607],[91.07526,25.17625],[91.07536,25.17625],[91.07536,25.17616],[91.07546,25.17616],[91.07547,25.17607],[91.07556,25.17607],[91.07557,25.17598],[91.07567,25.17598],[91.07566,25.17616],[91.07576,25.17616],[91.07576,25.17625],[91.07586,25.17626],[91.07586,25.17608],[91.07596,25.17608],[91.07596,25.17644],[91.07615,25.17644],[91.07616,25.17635],[91.07625,25.17635],[91.07626,25.17626],[91.07636,25.17626],[91.07636,25.17608],[91.07606,25.17608],[91.07606,25.17599],[91.07616,25.17599],[91.07616,25.1759],[91.07626,25.1759],[91.07626,25.17572],[91.07636,25.17572],[91.07637,25.17563],[91.07646,25.17563],[91.07646,25.17581],[91.07656,25.17581],[91.07656,25.17599],[91.07646,25.17599],[91.07646,25.17608],[91.07666,25.17609],[91.07665,25.17618],[91.07646,25.17617],[91.07645,25.17644],[91.07675,25.17645],[91.07675,25.17654],[91.07655,25.17654],[91.07655,25.17663],[91.07625,25.17662],[91.07625,25.17671],[91.07665,25.17672],[91.07665,25.17663],[91.07675,25.17663],[91.07674,25.1769],[91.07664,25.1769],[91.07664,25.17735],[91.07634,25.17735]],[[91.07526,25.1767],[91.07546,25.1767],[91.07546,25.17661],[91.07526,25.17661],[91.07526,25.1767]],[[91.07496,25.17661],[91.07506,25.17661],[91.07506,25.17652],[91.07496,25.17651],[91.07496,25.17661]],[[91.07536,25.17652],[91.07546,25.17652],[91.07546,25.17643],[91.07536,25.17643],[91.07536,25.17652]],[[91.07615,25.17653],[91.07625,25.17653],[91.07625,25.17644],[91.07615,25.17644],[91.07615,25.17653]],[[91.07635,25.17653],[91.07645,25.17653],[91.07645,25.17644],[91.07635,25.17644],[91.07635,25.17653]],[[91.07566,25.17634],[91.07576,25.17634],[91.07576,25.17625],[91.07566,25.17625],[91.07566,25.17634]],[[91.07497,25.17615],[91.07507,25.17616],[91.07507,25.17606],[91.07517,25.17607],[91.07517,25.17598],[91.07497,25.17597],[91.07497,25.17615]],[[91.07477,25.17606],[91.07487,25.17606],[91.07487,25.17588],[91.07477,25.17588],[91.07477,25.17606]]]},"properties":{"id":"wetland_patch_528d8ebb8bde","date":"2026-06-30","area_km2":0.0184,"pixel_count":184,"classification":"OPEN_WATER","interpretation_label":"HH darkening candidate","mean_delta_db":-5.177707915720732,"median_delta_db":-4.6519012451171875,"hh_before":-16.208294407181118,"hh_after":-21.38600232290185,"hv_before":-24.211222949235335,"hv_after":-24.247235567673393,"delta_hh":-5.177707915720732,"delta_hv":-0.036012618438057274,"valid_fraction":1.0,"valid_fraction_scope":"region bounding box, all four channels","vegetated_fraction":0.0,"quality_status":"PASS","spatial_status":"PARTIAL","temporal_status":"PARTIAL","temporal_overlap_fraction":null,"threshold_stability":"SENSITIVE","threshold_variation_fraction":0.21428571428571427,"evidence_state":"UNCERTAIN","centroid":[25.17643338249181,91.0755911766226],"data_source":"NISAR","evidence_method":"Rule consistency only; no accuracy estimate or independent reference validation.","baseline_method":"SINGLE_PRECEDING_OBSERVATION","baseline_observation_count":1,"baseline_observation_dates":["2026-06-18"],"baseline_hh_temporal_mad_db":null,"baseline_scene_names":["NISAR_L2_PR_GCOV_023_069_A_014_4005_DHDH_A_20260618T232135_20260618T232210_P05023_N_F_J_001"],"contextual_land_cover":null,"distance_to_water_m":null,"context_status":"NOT_AVAILABLE","reference_validated":false}},{"type":"Feature","geometry":{"type":"Polygon","coordinates":[[[91.03875,25.17649],[91.03875,25.1764],[91.03866,25.1764],[91.03866,25.17586],[91.03847,25.17586],[91.03846,25.17595],[91.03837,25.17594],[91.03836,25.17603],[91.03826,25.17603],[91.03827,25.17576],[91.03807,25.17576],[91.03807,25.17567],[91.03797,25.17567],[91.03797,25.17576],[91.03787,25.17576],[91.03788,25.17558],[91.03778,25.17558],[91.03778,25.17539],[91.03758,25.17539],[91.03758,25.1753],[91.03788,25.17531],[91.03788,25.1754],[91.03818,25.1754],[91.03817,25.17549],[91.03798,25.17549],[91.03797,25.17558],[91.03827,25.17558],[91.03827,25.17549],[91.03847,25.17549],[91.03847,25.17558],[91.03857,25.17559],[91.03857,25.17577],[91.03867,25.17577],[91.03867,25.17559],[91.03887,25.17559],[91.03887,25.17532],[91.03877,25.17532],[91.03877,25.1755],[91.03867,25.1755],[91.03867,25.17523],[91.03877,25.17523],[91.03878,25.17496],[91.03868,25.17496],[91.03868,25.17486],[91.03888,25.17487],[91.03888,25.17496],[91.03898,25.17496],[91.03897,25.17505],[91.03888,25.17505],[91.03887,25.17523],[91.03907,25.17523],[91.03907,25.17541],[91.03897,25.17541],[91.03897,25.1755],[91.03907,25.1755],[91.03907,25.17559],[91.03897,25.17559],[91.03896,25.17568],[91.03916,25.17568],[91.03916,25.17577],[91.03906,25.17577],[91.03906,25.17595],[91.03916,25.17595],[91.03915,25.17632],[91.03905,25.17631],[91.03906,25.17622],[91.03886,25.17622],[91.03886,25.17613],[91.03906,25.17613],[91.03906,25.17604],[91.03886,25.17604],[91.03886,25.17595],[91.03876,25.17595],[91.03876,25.17631],[91.03895,25.17631],[91.03895,25.1764],[91.03885,25.1764],[91.03885,25.17649],[91.03875,25.17649]],[[91.03886,25.17595],[91.03896,25.17595],[91.03896,25.17586],[91.03886,25.17586],[91.03886,25.17595]],[[91.03837,25.17576],[91.03847,25.17576],[91.03847,25.17567],[91.03837,25.17567],[91.03837,25.17576]],[[91.03886,25.17577],[91.03896,25.17577],[91.03896,25.17568],[91.03887,25.17568],[91.03886,25.17577]]]},"properties":{"id":"wetland_patch_d5c35da7a634","date":"2026-06-30","area_km2":0.0077,"pixel_count":77,"classification":"OPEN_WATER","interpretation_label":"HH darkening candidate","mean_delta_db":-4.42855978631354,"median_delta_db":-4.249371528625488,"hh_before":-15.943242667557357,"hh_after":-20.3718024538709,"hv_before":-23.943859632913167,"hv_after":-23.59019693151697,"delta_hh":-4.42855978631354,"delta_hv":0.35366270139619904,"valid_fraction":1.0,"valid_fraction_scope":"region bounding box, all four channels","vegetated_fraction":0.0,"quality_status":"PASS","spatial_status":"PARTIAL","temporal_status":"PARTIAL","temporal_overlap_fraction":null,"threshold_stability":"SENSITIVE","threshold_variation_fraction":0.3,"evidence_state":"UNCERTAIN","centroid":[25.175687435335874,91.03860052133314],"data_source":"NISAR","evidence_method":"Rule consistency only; no accuracy estimate or independent reference validation.","baseline_method":"SINGLE_PRECEDING_OBSERVATION","baseline_observation_count":1,"baseline_observation_dates":["2026-06-18"],"baseline_hh_temporal_mad_db":null,"baseline_scene_names":["NISAR_L2_PR_GCOV_023_069_A_014_4005_DHDH_A_20260618T232135_20260618T232210_P05023_N_F_J_001"],"contextual_land_cover":null,"distance_to_water_m":null,"context_status":"NOT_AVAILABLE","reference_validated":false}},{"type":"Feature","geometry":{"type":"Polygon","coordinates":[[[91.03994,25.17651],[91.03995,25.17624],[91.03985,25.17623],[91.03985,25.17614],[91.03975,25.17614],[91.03975,25.17596],[91.04005,25.17597],[91.04005,25.17588],[91.03995,25.17587],[91.03996,25.17569],[91.03986,25.17569],[91.03986,25.1756],[91.03996,25.1756],[91.03996,25.17551],[91.04006,25.17552],[91.04006,25.17542],[91.04016,25.17543],[91.04015,25.1757],[91.04006,25.1757],[91.04005,25.17579],[91.04015,25.17579],[91.04015,25.17606],[91.04035,25.17606],[91.04035,25.17588],[91.04025,25.17588],[91.04026,25.17552],[91.04055,25.17552],[91.04055,25.17561],[91.04045,25.17561],[91.04045,25.1757],[91.04065,25.1757],[91.04065,25.17579],[91.04055,25.17579],[91.04054,25.17615],[91.04064,25.17615],[91.04064,25.17624],[91.04104,25.17625],[91.04104,25.17634],[91.04094,25.17634],[91.04094,25.17643],[91.04104,25.17643],[91.04103,25.17652],[91.04074,25.17652],[91.04074,25.17634],[91.04054,25.17633],[91.04054,25.17642],[91.04034,25.17642],[91.04034,25.17651],[91.03994,25.17651]],[[91.04014,25.17642],[91.04024,25.17642],[91.04025,25.17624],[91.04015,25.17624],[91.04015,25.17615],[91.03995,25.17615],[91.03995,25.17624],[91.04005,25.17624],[91.04005,25.17633],[91.04014,25.17633],[91.04014,25.17642]],[[91.04034,25.17633],[91.04044,25.17633],[91.04044,25.17624],[91.04054,25.17624],[91.04054,25.17615],[91.04035,25.17615],[91.04034,25.17633]]]},"properties":{"id":"wetland_patch_ce25a890e633","date":"2026-06-30","area_km2":0.0064,"pixel_count":64,"classification":"OPEN_WATER","interpretation_label":"HH darkening candidate","mean_delta_db":-4.824407070875168,"median_delta_db":-4.384855270385742,"hh_before":-16.3093199133873,"hh_after":-21.133726984262466,"hv_before":-23.863459274172783,"hv_after":-23.94061040878296,"delta_hh":-4.824407070875168,"delta_hv":-0.07715113461017609,"valid_fraction":1.0,"valid_fraction_scope":"region bounding box, all four channels","vegetated_fraction":0.0,"quality_status":"PASS","spatial_status":"PARTIAL","temporal_status":"PARTIAL","temporal_overlap_fraction":null,"threshold_stability":"SENSITIVE","threshold_variation_fraction":0.29347826086956524,"evidence_state":"UNCERTAIN","centroid":[25.176048810987904,91.04031343668164],"data_source":"NISAR","evidence_method":"Rule consistency only; no accuracy estimate or independent reference validation.","baseline_method":"SINGLE_PRECEDING_OBSERVATION","baseline_observation_count":1,"baseline_observation_dates":["2026-06-18"],"baseline_hh_temporal_mad_db":null,"baseline_scene_names":["NISAR_L2_PR_GCOV_023_069_A_014_4005_DHDH_A_20260618T232135_20260618T232210_P05023_N_F_J_001"],"contextual_land_cover":null,"distance_to_water_m":null,"context_status":"NOT_AVAILABLE","reference_validated":false}},{"type":"Feature","geometry":{"type":"Polygon","coordinates":[[[91.09499,25.17723],[91.095,25.17686],[91.0949,25.17686],[91.0949,25.17677],[91.0947,25.17677],[91.0947,25.17668],[91.0946,25.17668],[91.0946,25.17677],[91.0945,25.17677],[91.0945,25.17686],[91.0944,25.17686],[91.0944,25.17668],[91.0945,25.17668],[91.0945,25.17659],[91.09401,25.17658],[91.09401,25.17667],[91.09391,25.17667],[91.09391,25.17649],[91.09441,25.1765],[91.09441,25.17641],[91.09371,25.1764],[91.09371,25.17649],[91.09361,25.17649],[91.09361,25.17658],[91.09351,25.17657],[91.09351,25.17648],[91.09332,25.17648],[91.09331,25.17657],[91.09312,25.17657],[91.09312,25.17648],[91.09322,25.17648],[91.09322,25.17639],[91.09332,25.17639],[91.09332,25.1763],[91.09352,25.1763],[91.09352,25.17612],[91.09382,25.17613],[91.09382,25.17604],[91.09412,25.17604],[91.09411,25.17622],[91.09421,25.17622],[91.09421,25.17613],[91.09441,25.17613],[91.09441,25.17623],[91.09451,25.17623],[91.09451,25.17632],[91.09461,25.17632],[91.09461,25.1765],[91.0948,25.1765],[91.09481,25.17632],[91.0952,25.17633],[91.0952,25.17642],[91.0949,25.17641],[91.0949,25.1765],[91.095,25.1765],[91.095,25.17677],[91.0951,25.17678],[91.09509,25.17723],[91.09499,25.17723]],[[91.09352,25.17639],[91.09361,25.1764],[91.09362,25.17631],[91.09352,25.1763],[91.09352,25.17639]],[[91.09362,25.17631],[91.09381,25.17631],[91.09382,25.17622],[91.09362,25.17621],[91.09362,25.17631]],[[91.09392,25.17622],[91.09401,25.17622],[91.09402,25.17613],[91.09392,25.17613],[91.09392,25.17622]]]},"properties":{"id":"wetland_patch_dcc408885730","date":"2026-06-30","area_km2":0.0074,"pixel_count":74,"classification":"OPEN_WATER","interpretation_label":"HH darkening candidate","mean_delta_db":-4.38613748550415,"median_delta_db":-3.916104793548584,"hh_before":-14.325635201222187,"hh_after":-18.711772686726338,"hv_before":-23.841406177830052,"hv_after":-24.194614049550648,"delta_hh":-4.38613748550415,"delta_hv":-0.35320787172059753,"valid_fraction":1.0,"valid_fraction_scope":"region bounding box, all four channels","vegetated_fraction":0.0,"quality_status":"PASS","spatial_status":"PARTIAL","temporal_status":"PARTIAL","temporal_overlap_fraction":null,"threshold_stability":"SENSITIVE","threshold_variation_fraction":0.2898550724637681,"evidence_state":"UNCERTAIN","centroid":[25.176466101766934,91.09427321893375],"data_source":"NISAR","evidence_method":"Rule consistency only; no accuracy estimate or independent reference validation.","baseline_method":"SINGLE_PRECEDING_OBSERVATION","baseline_observation_count":1,"baseline_observation_dates":["2026-06-18"],"baseline_hh_temporal_mad_db":null,"baseline_scene_names":["NISAR_L2_PR_GCOV_023_069_A_014_4005_DHDH_A_20260618T232135_20260618T232210_P05023_N_F_J_001"],"contextual_land_cover":null,"distance_to_water_m":null,"context_status":"NOT_AVAILABLE","reference_validated":false}},{"type":"Feature","geometry":{"type":"Polygon","coordinates":[[[91.07863,25.17665],[91.07863,25.17638],[91.07873,25.17638],[91.07874,25.17575],[91.07884,25.17575],[91.07884,25.17593],[91.07894,25.17593],[91.07894,25.17603],[91.07904,25.17603],[91.07904,25.17585],[91.07894,25.17584],[91.07894,25.17566],[91.07904,25.17567],[91.07905,25.17539],[91.07925,25.1754],[91.07925,25.17531],[91.07935,25.17531],[91.07934,25.1754],[91.07964,25.1754],[91.07964,25.17549],[91.07934,25.17549],[91.07934,25.17558],[91.07914,25.17558],[91.07914,25.17576],[91.07924,25.17576],[91.07924,25.17567],[91.07934,25.17567],[91.07934,25.17594],[91.07944,25.17594],[91.07943,25.17603],[91.07933,25.17603],[91.07933,25.17612],[91.07943,25.17612],[91.07943,25.17621],[91.07923,25.17621],[91.07923,25.17612],[91.07914,25.17612],[91.07913,25.17621],[91.07903,25.17621],[91.07903,25.17639],[91.07913,25.17639],[91.07913,25.17657],[91.07903,25.17657],[91.07903,25.17648],[91.07893,25.17648],[91.07893,25.17666],[91.07863,25.17665]],[[91.07873,25.17656],[91.07883,25.17657],[91.07883,25.17648],[91.07873,25.17647],[91.07873,25.17656]]]},"properties":{"id":"wetland_patch_22f5844a5b3d","date":"2026-06-30","area_km2":0.0058,"pixel_count":58,"classification":"OPEN_WATER","interpretation_label":"HH darkening candidate","mean_delta_db":-4.60945987701416,"median_delta_db":-4.286457061767578,"hh_before":-16.151369851211022,"hh_after":-20.760829728225183,"hv_before":-24.186665337661218,"hv_after":-23.886069495102454,"delta_hh":-4.60945987701416,"delta_hv":0.30059584255876215,"valid_fraction":1.0,"valid_fraction_scope":"region bounding box, all four channels","vegetated_fraction":0.0,"quality_status":"PASS","spatial_status":"PARTIAL","temporal_status":"PARTIAL","temporal_overlap_fraction":null,"threshold_stability":"STABLE","threshold_variation_fraction":0.19767441860465115,"evidence_state":"MODERATE","centroid":[25.17600937956047,91.07905303344994],"data_source":"NISAR","evidence_method":"Rule consistency only; no accuracy estimate or independent reference validation.","baseline_method":"SINGLE_PRECEDING_OBSERVATION","baseline_observation_count":1,"baseline_observation_dates":["2026-06-18"],"baseline_hh_temporal_mad_db":null,"baseline_scene_names":["NISAR_L2_PR_GCOV_023_069_A_014_4005_DHDH_A_20260618T232135_20260618T232210_P05023_N_F_J_001"],"contextual_land_cover":null,"distance_to_water_m":null,"context_status":"NOT_AVAILABLE","reference_validated":false}},{"type":"Feature","geometry":{"type":"Polygon","coordinates":[[[91.02279,25.17574],[91.0228,25.17556],[91.0227,25.17555],[91.0227,25.17546],[91.0226,25.17546],[91.0226,25.17555],[91.0225,25.17555],[91.0225,25.17546],[91.0224,25.17546],[91.0224,25.17555],[91.0222,25.17555],[91.02221,25.17528],[91.02231,25.17528],[91.02231,25.1751],[91.02241,25.1751],[91.02241,25.17501],[91.02231,25.17501],[91.02231,25.17492],[91.02221,25.17492],[91.02221,25.17501],[91.02181,25.175],[91.02181,25.17491],[91.02172,25.17491],[91.02172,25.17464],[91.02162,25.17464],[91.02162,25.17455],[91.02212,25.17455],[91.02212,25.17464],[91.02232,25.17465],[91.02232,25.17456],[91.02242,25.17456],[91.02241,25.17492],[91.02271,25.17492],[91.02271,25.17483],[91.02251,25.17483],[91.02251,25.17474],[91.02261,25.17474],[91.02261,25.17456],[91.02271,25.17456],[91.02272,25.17438],[91.02282,25.17438],[91.02281,25.17447],[91.02311,25.17448],[91.02311,25.17457],[91.02321,25.17457],[91.02321,25.17448],[91.02331,25.17448],[91.02331,25.17457],[91.02341,25.17457],[91.02341,25.17439],[91.02361,25.17439],[91.02361,25.17448],[91.02351,25.17448],[91.02351,25.17457],[91.02361,25.17457],[91.0236,25.17466],[91.02331,25.17466],[91.02331,25.17475],[91.0234,25.17475],[91.0234,25.17484],[91.0232,25.17484],[91.02321,25.17475],[91.02301,25.17475],[91.02301,25.17484],[91.02311,25.17484],[91.0231,25.17493],[91.02301,25.17493],[91.023,25.17511],[91.0228,25.1751],[91.0228,25.1752],[91.023,25.1752],[91.023,25.17547],[91.02319,25.17547],[91.02319,25.17565],[91.02289,25.17565],[91.02289,25.17574],[91.02279,25.17574]],[[91.0228,25.17556],[91.0229,25.17556],[91.0229,25.17538],[91.0228,25.17538],[91.0228,25.17556]],[[91.0225,25.17537],[91.0228,25.17538],[91.0228,25.17529],[91.0226,25.17528],[91.0226,25.17519],[91.0225,25.17519],[91.0225,25.17537]],[[91.0227,25.1751],[91.0228,25.1751],[91.02281,25.17501],[91.02271,25.17501],[91.0227,25.1751]],[[91.02191,25.17491],[91.02211,25.17492],[91.02211,25.17482],[91.02221,25.17483],[91.02221,25.17474],[91.02212,25.17473],[91.02212,25.17464],[91.02202,25.17464],[91.02201,25.17482],[91.02192,25.17482],[91.02191,25.17491]],[[91.02281,25.17492],[91.02291,25.17493],[91.02291,25.17484],[91.02281,25.17483],[91.02281,25.17492]],[[91.02271,25.17483],[91.02281,25.17483],[91.02281,25.17474],[91.02271,25.17474],[91.02271,25.17483]]]},"properties":{"id":"wetland_patch_9b9338467944","date":"2026-06-30","area_km2":0.0108,"pixel_count":108,"classification":"OPEN_WATER","interpretation_label":"HH darkening candidate","mean_delta_db":-4.954590258774934,"median_delta_db":-4.603051662445068,"hh_before":-9.502661007421988,"hh_after":-14.457251266196922,"hv_before":-16.858837480898256,"hv_after":-19.386603011025322,"delta_hh":-4.954590258774934,"delta_hv":-2.5277655301270663,"valid_fraction":1.0,"valid_fraction_scope":"region bounding box, all four channels","vegetated_fraction":0.0,"quality_status":"PASS","spatial_status":"PARTIAL","temporal_status":"PARTIAL","temporal_overlap_fraction":null,"threshold_stability":"SENSITIVE","threshold_variation_fraction":0.20125786163522014,"evidence_state":"UNCERTAIN","centroid":[25.174954750148363,91.02263637949109],"data_source":"NISAR","evidence_method":"Rule consistency only; no accuracy estimate or independent reference validation.","baseline_method":"SINGLE_PRECEDING_OBSERVATION","baseline_observation_count":1,"baseline_observation_dates":["2026-06-18"],"baseline_hh_temporal_mad_db":null,"baseline_scene_names":["NISAR_L2_PR_GCOV_023_069_A_014_4005_DHDH_A_20260618T232135_20260618T232210_P05023_N_F_J_001"],"contextual_land_cover":null,"distance_to_water_m":null,"context_status":"NOT_AVAILABLE","reference_validated":false}},{"type":"Feature","geometry":{"type":"Polygon","coordinates":[[[91.04016,25.17543],[91.04016,25.17534],[91.04026,25.17534],[91.04026,25.17525],[91.04016,25.17525],[91.04016,25.17507],[91.04007,25.17506],[91.04007,25.17479],[91.03987,25.17479],[91.03987,25.1747],[91.03977,25.1747],[91.03977,25.17479],[91.03957,25.17479],[91.03958,25.1747],[91.03967,25.1747],[91.03968,25.17461],[91.03978,25.17461],[91.03978,25.17452],[91.03958,25.17452],[91.03958,25.17443],[91.03948,25.17442],[91.03948,25.17469],[91.03938,25.17469],[91.03938,25.17442],[91.03918,25.17442],[91.03919,25.17415],[91.03929,25.17415],[91.03929,25.17424],[91.03938,25.17424],[91.03938,25.17433],[91.03948,25.17433],[91.03949,25.17415],[91.03968,25.17416],[91.03968,25.17407],[91.03978,25.17407],[91.03978,25.17425],[91.03988,25.17425],[91.03988,25.17434],[91.03978,25.17434],[91.03978,25.17443],[91.04017,25.17443],[91.04017,25.17452],[91.04007,25.17452],[91.04007,25.17461],[91.04017,25.17461],[91.04017,25.17479],[91.04057,25.1748],[91.04057,25.17462],[91.04067,25.17462],[91.04067,25.17471],[91.04096,25.17471],[91.04097,25.17462],[91.04126,25.17463],[91.04126,25.17472],[91.04106,25.17472],[91.04106,25.17481],[91.04116,25.17481],[91.04116,25.1749],[91.04096,25.1749],[91.04096,25.1748],[91.04076,25.1748],[91.04076,25.17489],[91.04056,25.17489],[91.04056,25.17498],[91.04036,25.17498],[91.04036,25.17525],[91.04046,25.17525],[91.04046,25.17534],[91.04036,25.17534],[91.04036,25.17543],[91.04016,25.17543]],[[91.04017,25.17497],[91.04027,25.17498],[91.04027,25.17489],[91.04017,25.17488],[91.04017,25.17497]],[[91.03987,25.1747],[91.03997,25.1747],[91.03998,25.17452],[91.03988,25.17452],[91.03987,25.1747]],[[91.03958,25.17443],[91.03968,25.17443],[91.03968,25.17434],[91.03958,25.17434],[91.03958,25.17443]]]},"properties":{"id":"wetland_patch_7e313ae278f5","date":"2026-06-30","area_km2":0.0069,"pixel_count":69,"classification":"OPEN_WATER","interpretation_label":"HH darkening candidate","mean_delta_db":-4.882045994634214,"median_delta_db":-4.431314468383789,"hh_before":-15.560600557189057,"hh_after":-20.44264655182327,"hv_before":-23.592455241991125,"hv_after":-23.283793573794156,"delta_hh":-4.882045994634214,"delta_hv":0.3086616681969684,"valid_fraction":1.0,"valid_fraction_scope":"region bounding box, all four channels","vegetated_fraction":0.0,"quality_status":"PASS","spatial_status":"PARTIAL","temporal_status":"PARTIAL","temporal_overlap_fraction":null,"threshold_stability":"SENSITIVE","threshold_variation_fraction":0.3141025641025641,"evidence_state":"UNCERTAIN","centroid":[25.17468667331189,91.04009112878909],"data_source":"NISAR","evidence_method":"Rule consistency only; no accuracy estimate or independent reference validation.","baseline_method":"SINGLE_PRECEDING_OBSERVATION","baseline_observation_count":1,"baseline_observation_dates":["2026-06-18"],"baseline_hh_temporal_mad_db":null,"baseline_scene_names":["NISAR_L2_PR_GCOV_023_069_A_014_4005_DHDH_A_20260618T232135_20260618T232210_P05023_N_F_J_001"],"contextual_land_cover":null,"distance_to_water_m":null,"context_status":"NOT_AVAILABLE","reference_validated":false}},{"type":"Feature","geometry":{"type":"Polygon","coordinates":[[[91.09422,25.17604],[91.09422,25.17568],[91.09402,25.17568],[91.09402,25.17559],[91.09383,25.17559],[91.09382,25.17568],[91.09373,25.17567],[91.09373,25.17549],[91.09422,25.1755],[91.09423,25.17532],[91.09443,25.17532],[91.09442,25.17541],[91.09432,25.17541],[91.09432,25.1755],[91.09442,25.1755],[91.09442,25.17559],[91.09432,25.17559],[91.09432,25.17586],[91.09442,25.17586],[91.09442,25.17568],[91.09452,25.17568],[91.09452,25.17541],[91.09492,25.17542],[91.09492,25.17533],[91.09512,25.17533],[91.09512,25.17542],[91.09522,25.17542],[91.09521,25.17569],[91.09531,25.1757],[91.09531,25.17551],[91.09541,25.17552],[91.09541,25.17561],[91.09551,25.17561],[91.09551,25.17552],[91.09561,25.17552],[91.09561,25.17543],[91.09571,25.17543],[91.09572,25.17516],[91.09582,25.17516],[91.09582,25.17525],[91.09601,25.17525],[91.09601,25.17534],[91.09591,25.17534],[91.09591,25.17543],[91.09601,25.17543],[91.09601,25.17552],[91.09611,25.17552],[91.09611,25.17562],[91.09621,25.17562],[91.0962,25.17571],[91.09591,25.1757],[91.09591,25.17579],[91.09571,25.17579],[91.09571,25.1757],[91.09551,25.1757],[91.09551,25.17579],[91.09511,25.17578],[91.09512,25.1756],[91.09462,25.1756],[91.09461,25.17596],[91.09451,25.17596],[91.09451,25.17605],[91.09441,25.17604],[91.09442,25.17595],[91.09432,25.17595],[91.09431,25.17604],[91.09422,25.17604]],[[91.09581,25.1757],[91.09591,25.1757],[91.09591,25.17561],[91.09581,25.17561],[91.09581,25.1757]],[[91.09571,25.17561],[91.09581,25.17561],[91.09581,25.17552],[91.09571,25.17552],[91.09571,25.17561]],[[91.09502,25.17551],[91.09512,25.17551],[91.09512,25.17542],[91.09502,25.17542],[91.09502,25.17551]]]},"properties":{"id":"wetland_patch_f26b12d8cf0c","date":"2026-06-30","area_km2":0.0073,"pixel_count":73,"classification":"OPEN_WATER","interpretation_label":"HH darkening candidate","mean_delta_db":-4.91416827946493,"median_delta_db":-4.678034782409668,"hh_before":-14.182290155593662,"hh_after":-19.096458435058594,"hv_before":-23.930235327106633,"hv_after":-23.626990122337865,"delta_hh":-4.91416827946493,"delta_hv":0.3032452047687687,"valid_fraction":1.0,"valid_fraction_scope":"region bounding box, all four channels","vegetated_fraction":0.0,"quality_status":"PASS","spatial_status":"PARTIAL","temporal_status":"PARTIAL","temporal_overlap_fraction":null,"threshold_stability":"SENSITIVE","threshold_variation_fraction":0.22950819672131148,"evidence_state":"UNCERTAIN","centroid":[25.17559397401982,91.09500180264453],"data_source":"NISAR","evidence_method":"Rule consistency only; no accuracy estimate or independent reference validation.","baseline_method":"SINGLE_PRECEDING_OBSERVATION","baseline_observation_count":1,"baseline_observation_dates":["2026-06-18"],"baseline_hh_temporal_mad_db":null,"baseline_scene_names":["NISAR_L2_PR_GCOV_023_069_A_014_4005_DHDH_A_20260618T232135_20260618T232210_P05023_N_F_J_001"],"contextual_land_cover":null,"distance_to_water_m":null,"context_status":"NOT_AVAILABLE","reference_validated":false}},{"type":"Feature","geometry":{"type":"Polygon","coordinates":[[[91.07378,25.17569],[91.07379,25.1756],[91.07369,25.1756],[91.07369,25.17551],[91.07359,25.1755],[91.07359,25.17559],[91.07339,25.17559],[91.07339,25.17541],[91.07329,25.17541],[91.07329,25.17532],[91.0732,25.17532],[91.0732,25.17514],[91.0734,25.17514],[91.0734,25.17505],[91.0732,25.17505],[91.0732,25.17487],[91.0731,25.17487],[91.0731,25.17505],[91.073,25.17505],[91.07301,25.17477],[91.0733,25.17478],[91.0733,25.17496],[91.0735,25.17496],[91.0735,25.17514],[91.07379,25.17515],[91.07379,25.17506],[91.0737,25.17505],[91.0737,25.17487],[91.074,25.17488],[91.074,25.17479],[91.0739,25.17479],[91.0739,25.1747],[91.0741,25.1747],[91.0741,25.17488],[91.07429,25.17488],[91.07429,25.17497],[91.07409,25.17497],[91.07409,25.17506],[91.07419,25.17506],[91.07419,25.17515],[91.07429,25.17515],[91.07429,25.17506],[91.07439,25.17506],[91.07439,25.17497],[91.07449,25.17497],[91.07448,25.17534],[91.07439,25.17533],[91.07438,25.17551],[91.07418,25.17551],[91.07418,25.1756],[91.07408,25.1756],[91.07409,25.17542],[91.07399,25.17542],[91.07399,25.17533],[91.07389,25.17533],[91.07388,25.17569],[91.07378,25.17569]],[[91.07349,25.17541],[91.07359,25.17541],[91.07359,25.17523],[91.0734,25.17523],[91.07339,25.17532],[91.07349,25.17532],[91.07349,25.17541]],[[91.07369,25.17542],[91.07379,25.17542],[91.07379,25.17524],[91.07369,25.17523],[91.07369,25.17542]],[[91.07419,25.17533],[91.07429,25.17533],[91.07429,25.17524],[91.07419,25.17524],[91.07419,25.17533]],[[91.07389,25.17524],[91.07399,25.17524],[91.07399,25.17515],[91.07389,25.17515],[91.07389,25.17524]]]},"properties":{"id":"wetland_patch_73a84cce36eb","date":"2026-06-30","area_km2":0.0073,"pixel_count":73,"classification":"OPEN_WATER","interpretation_label":"HH darkening candidate","mean_delta_db":-4.93948012835359,"median_delta_db":-4.54200553894043,"hh_before":-15.890614248301885,"hh_after":-20.830094376655474,"hv_before":-23.823017982587423,"hv_after":-24.03759018362385,"delta_hh":-4.93948012835359,"delta_hv":-0.21457220103642713,"valid_fraction":1.0,"valid_fraction_scope":"region bounding box, all four channels","vegetated_fraction":0.0,"quality_status":"PASS","spatial_status":"PARTIAL","temporal_status":"PARTIAL","temporal_overlap_fraction":null,"threshold_stability":"STABLE","threshold_variation_fraction":0.1134020618556701,"evidence_state":"MODERATE","centroid":[25.175189817241645,91.07381511488938],"data_source":"NISAR","evidence_method":"Rule consistency only; no accuracy estimate or independent reference validation.","baseline_method":"SINGLE_PRECEDING_OBSERVATION","baseline_observation_count":1,"baseline_observation_dates":["2026-06-18"],"baseline_hh_temporal_mad_db":null,"baseline_scene_names":["NISAR_L2_PR_GCOV_023_069_A_014_4005_DHDH_A_20260618T232135_20260618T232210_P05023_N_F_J_001"],"contextual_land_cover":null,"distance_to_water_m":null,"context_status":"NOT_AVAILABLE","reference_validated":false}},{"type":"Feature","geometry":{"type":"Polygon","coordinates":[[[91.07577,25.17571],[91.07577,25.17562],[91.07557,25.17562],[91.07557,25.17544],[91.07548,25.17544],[91.07548,25.17526],[91.07558,25.17526],[91.07558,25.17535],[91.07568,25.17535],[91.07568,25.17517],[91.07578,25.17517],[91.07578,25.17499],[91.07568,25.17499],[91.07568,25.17508],[91.07558,25.17508],[91.07558,25.17481],[91.07578,25.17481],[91.07579,25.17463],[91.07569,25.17463],[91.07569,25.17454],[91.07579,25.17454],[91.07579,25.17445],[91.07599,25.17445],[91.07599,25.17454],[91.07618,25.17454],[91.07618,25.17464],[91.07608,25.17463],[91.07608,25.17472],[91.07598,25.17472],[91.07598,25.17481],[91.07608,25.17481],[91.07608,25.1749],[91.07628,25.17491],[91.07627,25.17509],[91.07637,25.17509],[91.07637,25.175],[91.07657,25.175],[91.07657,25.17509],[91.07647,25.17509],[91.07647,25.17518],[91.07637,25.17518],[91.07637,25.17536],[91.07627,25.17536],[91.07627,25.17527],[91.07607,25.17527],[91.07607,25.17536],[91.07597,25.17535],[91.07597,25.17563],[91.07607,25.17563],[91.07607,25.17572],[91.07577,25.17571]],[[91.07577,25.17544],[91.07587,25.17544],[91.07587,25.17535],[91.07577,25.17535],[91.07577,25.17544]],[[91.07587,25.17535],[91.07597,25.17535],[91.07598,25.17517],[91.07588,25.17517],[91.07587,25.17535]],[[91.07607,25.17518],[91.07627,25.17518],[91.07627,25.17509],[91.07608,25.17509],[91.07607,25.17518]],[[91.07578,25.1749],[91.07588,25.1749],[91.07588,25.17481],[91.07578,25.17481],[91.07578,25.1749]],[[91.07588,25.17472],[91.07598,25.17472],[91.07598,25.17463],[91.07588,25.17463],[91.07588,25.17472]]]},"properties":{"id":"wetland_patch_b557cd99bc64","date":"2026-06-30","area_km2":0.0061,"pixel_count":61,"classification":"OPEN_WATER","interpretation_label":"HH darkening candidate","mean_delta_db":-4.897255178357734,"median_delta_db":-4.9725494384765625,"hh_before":-16.538137170135,"hh_after":-21.435392348492734,"hv_before":-23.756387397891185,"hv_after":-24.102998889860558,"delta_hh":-4.897255178357734,"delta_hv":-0.34661149196937435,"valid_fraction":1.0,"valid_fraction_scope":"region bounding box, all four channels","vegetated_fraction":0.0,"quality_status":"PASS","spatial_status":"PARTIAL","temporal_status":"PARTIAL","temporal_overlap_fraction":null,"threshold_stability":"SENSITIVE","threshold_variation_fraction":0.22093023255813954,"evidence_state":"UNCERTAIN","centroid":[25.175107536756105,91.07592686294582],"data_source":"NISAR","evidence_method":"Rule consistency only; no accuracy estimate or independent reference validation.","baseline_method":"SINGLE_PRECEDING_OBSERVATION","baseline_observation_count":1,"baseline_observation_dates":["2026-06-18"],"baseline_hh_temporal_mad_db":null,"baseline_scene_names":["NISAR_L2_PR_GCOV_023_069_A_014_4005_DHDH_A_20260618T232135_20260618T232210_P05023_N_F_J_001"],"contextual_land_cover":null,"distance_to_water_m":null,"context_status":"NOT_AVAILABLE","reference_validated":false}},{"type":"Feature","geometry":{"type":"Polygon","coordinates":[[[91.07765,25.17574],[91.07766,25.17547],[91.07776,25.17547],[91.07776,25.1752],[91.07766,25.1752],[91.07766,25.17511],[91.07756,25.1751],[91.07756,25.17519],[91.07746,25.17519],[91.07746,25.1751],[91.07737,25.1751],[91.07737,25.17501],[91.07727,25.17501],[91.07727,25.17492],[91.07697,25.17492],[91.07697,25.17519],[91.07687,25.17519],[91.07687,25.17501],[91.07677,25.175],[91.07677,25.17491],[91.07687,25.17491],[91.07687,25.17482],[91.07697,25.17483],[91.07697,25.17474],[91.07707,25.17474],[91.07707,25.17465],[91.07717,25.17465],[91.07717,25.17483],[91.07727,25.17483],[91.07727,25.17474],[91.07737,25.17474],[91.07737,25.17465],[91.07727,25.17465],[91.07728,25.17447],[91.07718,25.17447],[91.07718,25.1742],[91.07728,25.1742],[91.07728,25.17402],[91.07738,25.17402],[91.07739,25.17384],[91.07748,25.17384],[91.07748,25.17393],[91.07768,25.17393],[91.07768,25.17384],[91.07778,25.17384],[91.07778,25.17375],[91.07798,25.17376],[91.07798,25.17394],[91.07788,25.17393],[91.07787,25.1743],[91.07768,25.17429],[91.07767,25.17438],[91.07777,25.17438],[91.07777,25.17457],[91.07797,25.17457],[91.07797,25.17466],[91.07817,25.17466],[91.07816,25.17484],[91.07806,25.17484],[91.07807,25.17475],[91.07797,25.17475],[91.07796,25.17493],[91.07806,25.17493],[91.07806,25.1752],[91.07816,25.1752],[91.07815,25.17538],[91.07825,25.17538],[91.07825,25.17547],[91.07815,25.17547],[91.07815,25.17556],[91.07795,25.17556],[91.07795,25.17574],[91.07765,25.17574]],[[91.07786,25.17538],[91.07806,25.17538],[91.07806,25.17529],[91.07786,25.17529],[91.07786,25.17538]],[[91.07737,25.17501],[91.07747,25.17501],[91.07747,25.17492],[91.07737,25.17492],[91.07737,25.17501]],[[91.07757,25.17483],[91.07777,25.17484],[91.07777,25.17475],[91.07757,25.17474],[91.07757,25.17483]],[[91.07747,25.17474],[91.07757,25.17474],[91.07757,25.17465],[91.07747,25.17465],[91.07747,25.17474]],[[91.07777,25.17475],[91.07787,25.17475],[91.07787,25.17466],[91.07777,25.17466],[91.07777,25.17475]],[[91.07738,25.17447],[91.07747,25.17447],[91.07748,25.17438],[91.07738,25.17438],[91.07738,25.17447]],[[91.07757,25.17447],[91.07767,25.17447],[91.07767,25.17438],[91.07758,25.17438],[91.07757,25.17447]],[[91.07748,25.17429],[91.07758,25.17429],[91.07758,25.1742],[91.07748,25.1742],[91.07748,25.17429]],[[91.07758,25.17411],[91.07768,25.17411],[91.07768,25.17402],[91.07758,25.17402],[91.07758,25.17411]],[[91.07768,25.17402],[91.07778,25.17402],[91.07778,25.17393],[91.07768,25.17393],[91.07768,25.17402]]]},"properties":{"id":"wetland_patch_13194a9371a1","date":"2026-06-30","area_km2":0.0119,"pixel_count":119,"classification":"OPEN_WATER","interpretation_label":"HH darkening candidate","mean_delta_db":-5.30117620740618,"median_delta_db":-4.900051116943359,"hh_before":-15.390211417895404,"hh_after":-20.691387625301587,"hv_before":-24.93269152601226,"hv_after":-24.46641396274086,"delta_hh":-5.30117620740618,"delta_hv":0.4662775632714023,"valid_fraction":1.0,"valid_fraction_scope":"region bounding box, all four channels","vegetated_fraction":0.0,"quality_status":"PASS","spatial_status":"PARTIAL","temporal_status":"PARTIAL","temporal_overlap_fraction":null,"threshold_stability":"SENSITIVE","threshold_variation_fraction":0.22099447513812154,"evidence_state":"UNCERTAIN","centroid":[25.17474982884558,91.07762894250453],"data_source":"NISAR","evidence_method":"Rule consistency only; no accuracy estimate or independent reference validation.","baseline_method":"SINGLE_PRECEDING_OBSERVATION","baseline_observation_count":1,"baseline_observation_dates":["2026-06-18"],"baseline_hh_temporal_mad_db":null,"baseline_scene_names":["NISAR_L2_PR_GCOV_023_069_A_014_4005_DHDH_A_20260618T232135_20260618T232210_P05023_N_F_J_001"],"contextual_land_cover":null,"distance_to_water_m":null,"context_status":"NOT_AVAILABLE","reference_validated":false}},{"type":"Feature","geometry":{"type":"Polygon","coordinates":[[[91.06229,25.17518],[91.06229,25.175],[91.06219,25.17499],[91.06219,25.1749],[91.06209,25.1749],[91.0621,25.17436],[91.0623,25.17436],[91.0623,25.17445],[91.06269,25.17446],[91.06269,25.17437],[91.06279,25.17437],[91.06279,25.17455],[91.06269,25.17455],[91.06269,25.17464],[91.06279,25.17464],[91.06279,25.17491],[91.06288,25.17491],[91.06289,25.17482],[91.06299,25.17482],[91.06299,25.17473],[91.06309,25.17474],[91.06309,25.17464],[91.06289,25.17464],[91.06289,25.17446],[91.06299,25.17446],[91.06299,25.17455],[91.06329,25.17456],[91.06329,25.17447],[91.06309,25.17446],[91.06309,25.17437],[91.06299,25.17437],[91.06299,25.17428],[91.06309,25.17428],[91.06309,25.17419],[91.06319,25.17419],[91.06319,25.17429],[91.06329,25.17429],[91.06329,25.1742],[91.06339,25.1742],[91.06339,25.17438],[91.06349,25.17438],[91.06349,25.17447],[91.06339,25.17447],[91.06338,25.17465],[91.06329,25.17465],[91.06328,25.17483],[91.06338,25.17483],[91.06338,25.1751],[91.06328,25.1751],[91.06328,25.17501],[91.06298,25.175],[91.06298,25.17519],[91.06288,25.17518],[91.06288,25.17509],[91.06268,25.17509],[91.06269,25.17491],[91.06259,25.17491],[91.06259,25.17482],[91.06269,25.17482],[91.06269,25.17473],[91.06259,25.17473],[91.06259,25.17464],[91.06239,25.17464],[91.06239,25.17473],[91.06249,25.17473],[91.06249,25.17482],[91.06239,25.17482],[91.06239,25.17491],[91.06249,25.17491],[91.06249,25.175],[91.06259,25.175],[91.06258,25.17509],[91.06239,25.17509],[91.06238,25.17518],[91.06229,25.17518]],[[91.06219,25.1749],[91.06229,25.17491],[91.06229,25.17481],[91.06219,25.17481],[91.06219,25.1749]],[[91.06219,25.17472],[91.06229,25.17472],[91.0623,25.17454],[91.0622,25.17454],[91.06219,25.17472]]]},"properties":{"id":"wetland_patch_408859be370a","date":"2026-06-30","area_km2":0.0074,"pixel_count":74,"classification":"OPEN_WATER","interpretation_label":"HH darkening candidate","mean_delta_db":-4.95147925454217,"median_delta_db":-4.839351654052734,"hh_before":-15.748961487331906,"hh_after":-20.700440741874075,"hv_before":-23.527620547526592,"hv_after":-23.988553176055085,"delta_hh":-4.95147925454217,"delta_hv":-0.4609326285284919,"valid_fraction":1.0,"valid_fraction_scope":"region bounding box, all four channels","vegetated_fraction":0.0,"quality_status":"PASS","spatial_status":"PARTIAL","temporal_status":"PARTIAL","temporal_overlap_fraction":null,"threshold_stability":"SENSITIVE","threshold_variation_fraction":0.20833333333333334,"evidence_state":"UNCERTAIN","centroid":[25.174709186429663,91.06279005025318],"data_source":"NISAR","evidence_method":"Rule consistency only; no accuracy estimate or independent reference validation.","baseline_method":"SINGLE_PRECEDING_OBSERVATION","baseline_observation_count":1,"baseline_observation_dates":["2026-06-18"],"baseline_hh_temporal_mad_db":null,"baseline_scene_names":["NISAR_L2_PR_GCOV_023_069_A_014_4005_DHDH_A_20260618T232135_20260618T232210_P05023_N_F_J_001"],"contextual_land_cover":null,"distance_to_water_m":null,"context_status":"NOT_AVAILABLE","reference_validated":false}},{"type":"Feature","geometry":{"type":"Polygon","coordinates":[[[91.06496,25.17512],[91.06497,25.17503],[91.06507,25.17503],[91.06507,25.17494],[91.06487,25.17494],[91.06487,25.17485],[91.06507,25.17485],[91.06507,25.17476],[91.06477,25.17476],[91.06477,25.17485],[91.06467,25.17485],[91.06467,25.17476],[91.06447,25.17475],[91.06448,25.17466],[91.06438,25.17466],[91.06438,25.17448],[91.06448,25.17448],[91.06448,25.17439],[91.06458,25.17439],[91.06458,25.1743],[91.06448,25.1743],[91.06448,25.17421],[91.06438,25.17421],[91.06438,25.1743],[91.06428,25.1743],[91.06428,25.17421],[91.06419,25.17421],[91.06419,25.17412],[91.06429,25.17412],[91.06429,25.17403],[91.06409,25.17403],[91.06409,25.17412],[91.06399,25.17411],[91.06399,25.17421],[91.06389,25.1742],[91.06389,25.17411],[91.06379,25.17411],[91.06379,25.17402],[91.06389,25.17402],[91.06389,25.17393],[91.06379,25.17393],[91.06379,25.17384],[91.0637,25.17384],[91.0637,25.17375],[91.0638,25.17375],[91.0638,25.17366],[91.0639,25.17366],[91.0639,25.17375],[91.06399,25.17375],[91.06399,25.17384],[91.06419,25.17385],[91.06419,25.17394],[91.06439,25.17394],[91.06439,25.17412],[91.06458,25.17412],[91.06458,25.17421],[91.06468,25.17421],[91.06468,25.17412],[91.06488,25.17413],[91.06488,25.17422],[91.06498,25.17422],[91.06498,25.17431],[91.06468,25.1743],[91.06468,25.17449],[91.06488,25.17449],[91.06487,25.17467],[91.06497,25.17467],[91.06497,25.17458],[91.06517,25.17458],[91.06517,25.17476],[91.06527,25.17476],[91.06527,25.17485],[91.06517,25.17485],[91.06516,25.17512],[91.06496,25.17512]],[[91.06458,25.17457],[91.06468,25.17458],[91.06468,25.17449],[91.06458,25.17448],[91.06458,25.17457]],[[91.06399,25.17402],[91.06409,25.17403],[91.06409,25.17394],[91.06399,25.17393],[91.06399,25.17402]]]},"properties":{"id":"wetland_patch_43919020491c","date":"2026-06-30","area_km2":0.0059,"pixel_count":59,"classification":"OPEN_WATER","interpretation_label":"HH darkening candidate","mean_delta_db":-4.698713189464504,"median_delta_db":-4.263801574707031,"hh_before":-15.698138689590714,"hh_after":-20.396851879055216,"hv_before":-23.30543404918606,"hv_after":-23.156639842663783,"delta_hh":-4.698713189464504,"delta_hv":0.14879420652227887,"valid_fraction":1.0,"valid_fraction_scope":"region bounding box, all four channels","vegetated_fraction":0.0,"quality_status":"PASS","spatial_status":"PARTIAL","temporal_status":"PARTIAL","temporal_overlap_fraction":null,"threshold_stability":"SENSITIVE","threshold_variation_fraction":0.30666666666666664,"evidence_state":"UNCERTAIN","centroid":[25.174381470049145,91.06454002738465],"data_source":"NISAR","evidence_method":"Rule consistency only; no accuracy estimate or independent reference validation.","baseline_method":"SINGLE_PRECEDING_OBSERVATION","baseline_observation_count":1,"baseline_observation_dates":["2026-06-18"],"baseline_hh_temporal_mad_db":null,"baseline_scene_names":["NISAR_L2_PR_GCOV_023_069_A_014_4005_DHDH_A_20260618T232135_20260618T232210_P05023_N_F_J_001"],"contextual_land_cover":null,"distance_to_water_m":null,"context_status":"NOT_AVAILABLE","reference_validated":false}},{"type":"Feature","geometry":{"type":"Polygon","coordinates":[[[91.03224,25.17451],[91.03224,25.17433],[91.03234,25.17433],[91.03234,25.17424],[91.03204,25.17424],[91.03205,25.17414],[91.03224,25.17415],[91.03225,25.17388],[91.03235,25.17388],[91.03235,25.17379],[91.03245,25.17379],[91.03245,25.1737],[91.03255,25.1737],[91.03255,25.17388],[91.03284,25.17388],[91.03284,25.17379],[91.03265,25.17379],[91.03265,25.1737],[91.03285,25.1737],[91.03285,25.17361],[91.03265,25.17361],[91.03265,25.17352],[91.03225,25.17352],[91.03226,25.17343],[91.03245,25.17343],[91.03246,25.17325],[91.03236,25.17325],[91.03236,25.17316],[91.03256,25.17316],[91.03256,25.17325],[91.03265,25.17325],[91.03266,25.17316],[91.03276,25.17316],[91.03275,25.17325],[91.03285,25.17325],[91.03285,25.17334],[91.03275,25.17334],[91.03275,25.17352],[91.03285,25.17352],[91.03285,25.17343],[91.03305,25.17344],[91.03305,25.17335],[91.03295,25.17334],[91.03295,25.17316],[91.03305,25.17317],[91.03305,25.17326],[91.03325,25.17326],[91.03325,25.17308],[91.03335,25.17308],[91.03335,25.17317],[91.03345,25.17317],[91.03345,25.17335],[91.03355,25.17335],[91.03354,25.17344],[91.03394,25.17345],[91.03394,25.17354],[91.03404,25.17354],[91.03404,25.17363],[91.03414,25.17363],[91.03414,25.17372],[91.03374,25.17372],[91.03374,25.17381],[91.03384,25.17381],[91.03383,25.1739],[91.03393,25.1739],[91.03394,25.17381],[91.03403,25.17381],[91.03403,25.17417],[91.03393,25.17417],[91.03393,25.17408],[91.03383,25.17408],[91.03383,25.17426],[91.03343,25.17425],[91.03343,25.17416],[91.03333,25.17416],[91.03333,25.17425],[91.03323,25.17425],[91.03324,25.17398],[91.03314,25.17398],[91.03314,25.17416],[91.03304,25.17416],[91.03304,25.17425],[91.03294,25.17425],[91.03293,25.17434],[91.03303,25.17434],[91.03303,25.17443],[91.03254,25.17442],[91.03254,25.17415],[91.03244,25.17415],[91.03244,25.17442],[91.03234,25.17442],[91.03234,25.17451],[91.03224,25.17451]],[[91.03264,25.17433],[91.03274,25.17433],[91.03274,25.17424],[91.03284,25.17425],[91.03284,25.17416],[91.03294,25.17416],[91.03294,25.17407],[91.03284,25.17407],[91.03284,25.17397],[91.03274,25.17397],[91.03274,25.17415],[91.03264,25.17415],[91.03264,25.17433]],[[91.03254,25.17415],[91.03264,25.17415],[91.03264,25.17406],[91.03254,25.17406],[91.03254,25.17415]],[[91.03234,25.17406],[91.03244,25.17406],[91.03244,25.17397],[91.03235,25.17397],[91.03234,25.17406]],[[91.03373,25.17399],[91.03383,25.17399],[91.03383,25.1739],[91.03374,25.1739],[91.03373,25.17399]],[[91.03294,25.17389],[91.03304,25.17389],[91.03304,25.1738],[91.03294,25.1738],[91.03294,25.17389]],[[91.03314,25.1738],[91.03344,25.1738],[91.03344,25.17371],[91.03334,25.17371],[91.03334,25.17362],[91.03324,25.17362],[91.03324,25.17371],[91.03314,25.17371],[91.03314,25.1738]],[[91.03344,25.17371],[91.03354,25.17371],[91.03354,25.17362],[91.03344,25.17362],[91.03344,25.17371]],[[91.03364,25.17371],[91.03374,25.17372],[91.03374,25.17363],[91.03364,25.17362],[91.03364,25.17371]],[[91.03354,25.17362],[91.03364,25.17362],[91.03364,25.17353],[91.03354,25.17353],[91.03354,25.17362]],[[91.03384,25.17363],[91.03394,25.17363],[91.03394,25.17354],[91.03384,25.17354],[91.03384,25.17363]],[[91.03325,25.17353],[91.03344,25.17353],[91.03345,25.17344],[91.03325,25.17344],[91.03325,25.17353]],[[91.03255,25.17343],[91.03265,25.17343],[91.03265,25.17334],[91.03255,25.17334],[91.03255,25.17343]]]},"properties":{"id":"wetland_patch_45d01fbe4a6d","date":"2026-06-30","area_km2":0.0149,"pixel_count":149,"classification":"OPEN_WATER","interpretation_label":"HH darkening candidate","mean_delta_db":-5.057767029576653,"median_delta_db":-4.509969711303711,"hh_before":-15.639237583083595,"hh_after":-20.697004612660248,"hv_before":-24.185606335633555,"hv_after":-23.6513219999787,"delta_hh":-5.057767029576653,"delta_hv":0.534284335654854,"valid_fraction":1.0,"valid_fraction_scope":"region bounding box, all four channels","vegetated_fraction":0.0,"quality_status":"PASS","spatial_status":"PARTIAL","temporal_status":"PARTIAL","temporal_overlap_fraction":null,"threshold_stability":"SENSITIVE","threshold_variation_fraction":0.208955223880597,"evidence_state":"UNCERTAIN","centroid":[25.173808402678297,91.03310140886269],"data_source":"NISAR","evidence_method":"Rule consistency only; no accuracy estimate or independent reference validation.","baseline_method":"SINGLE_PRECEDING_OBSERVATION","baseline_observation_count":1,"baseline_observation_dates":["2026-06-18"],"baseline_hh_temporal_mad_db":null,"baseline_scene_names":["NISAR_L2_PR_GCOV_023_069_A_014_4005_DHDH_A_20260618T232135_20260618T232210_P05023_N_F_J_001"],"contextual_land_cover":null,"distance_to_water_m":null,"context_status":"NOT_AVAILABLE","reference_validated":false}},{"type":"Feature","geometry":{"type":"Polygon","coordinates":[[[91.0977,25.17536],[91.0977,25.17527],[91.0976,25.17527],[91.0976,25.17518],[91.0975,25.17518],[91.0975,25.17509],[91.0976,25.17509],[91.0976,25.175],[91.09751,25.175],[91.09751,25.17491],[91.09761,25.17491],[91.09761,25.17464],[91.09751,25.17464],[91.09752,25.17437],[91.09742,25.17437],[91.09742,25.17419],[91.09732,25.17419],[91.09732,25.1741],[91.09742,25.1741],[91.09742,25.17401],[91.09752,25.17401],[91.09752,25.17392],[91.09713,25.17391],[91.09713,25.17382],[91.09723,25.17382],[91.09723,25.17373],[91.09713,25.17373],[91.09713,25.17355],[91.09723,25.17355],[91.09723,25.17337],[91.09743,25.17338],[91.09743,25.17347],[91.09753,25.17347],[91.09753,25.17329],[91.09704,25.17328],[91.09704,25.17319],[91.09714,25.17319],[91.09714,25.1731],[91.09724,25.1731],[91.09724,25.17319],[91.09763,25.1732],[91.09763,25.17311],[91.09773,25.17311],[91.09773,25.17302],[91.09803,25.17302],[91.09803,25.17311],[91.09823,25.17311],[91.09823,25.17293],[91.09833,25.17294],[91.09834,25.17266],[91.09843,25.17267],[91.09843,25.17285],[91.09863,25.17285],[91.09863,25.17276],[91.09853,25.17276],[91.09853,25.17267],[91.09883,25.17267],[91.09883,25.17258],[91.09844,25.17258],[91.09844,25.17249],[91.09903,25.17249],[91.09903,25.1724],[91.09884,25.1724],[91.09884,25.17222],[91.09894,25.17222],[91.09894,25.17213],[91.09914,25.17213],[91.09914,25.17222],[91.09923,25.17222],[91.09924,25.17213],[91.09943,25.17214],[91.09944,25.17205],[91.09954,25.17205],[91.09953,25.17214],[91.09963,25.17214],[91.09963,25.17223],[91.09973,25.17223],[91.09973,25.17232],[91.09993,25.17232],[91.09993,25.17223],[91.09983,25.17223],[91.09983,25.17196],[91.09993,25.17196],[91.09993,25.17187],[91.10013,25.17188],[91.10013,25.17206],[91.10023,25.17206],[91.10024,25.1717],[91.10004,25.17169],[91.10004,25.17178],[91.09994,25.17178],[91.09994,25.1716],[91.09984,25.1716],[91.09984,25.17151],[91.10014,25.17151],[91.10014,25.1716],[91.10024,25.17161],[91.10024,25.17152],[91.10044,25.17152],[91.10044,25.17134],[91.10034,25.17134],[91.10034,25.17125],[91.10024,25.17124],[91.10024,25.17115],[91.10005,25.17115],[91.10005,25.17106],[91.10024,25.17106],[91.10025,25.17097],[91.10054,25.17098],[91.10054,25.17116],[91.10084,25.17116],[91.10084,25.17107],[91.10094,25.17107],[91.10094,25.17116],[91.10104,25.17116],[91.10104,25.17098],[91.10124,25.17099],[91.10124,25.17117],[91.10143,25.17117],[91.10144,25.17099],[91.10154,25.17099],[91.10154,25.1709],[91.10164,25.1709],[91.10164,25.17081],[91.10154,25.17081],[91.10154,25.17054],[91.10164,25.17054],[91.10164,25.17036],[91.10174,25.17036],[91.10174,25.17045],[91.10184,25.17045],[91.10184,25.17063],[91.10204,25.17064],[91.10204,25.17073],[91.10194,25.17072],[91.10194,25.17081],[91.10203,25.17082],[91.10203,25.17091],[91.10213,25.17091],[91.10213,25.171],[91.10203,25.171],[91.10203,25.17109],[91.10193,25.17109],[91.10193,25.17127],[91.10183,25.17126],[91.10183,25.17136],[91.10173,25.17135],[91.10173,25.17117],[91.10163,25.17117],[91.10163,25.17126],[91.10133,25.17126],[91.10133,25.17135],[91.10163,25.17135],[91.10163,25.17144],[91.10173,25.17144],[91.10173,25.17153],[91.10192,25.17154],[91.10192,25.17172],[91.10182,25.17172],[91.10182,25.17181],[91.10172,25.17181],[91.10172,25.17171],[91.10143,25.17171],[91.10142,25.1718],[91.10132,25.1718],[91.10132,25.17189],[91.10122,25.17189],[91.10123,25.17171],[91.10113,25.17171],[91.10113,25.17189],[91.10093,25.17189],[91.10092,25.17207],[91.10063,25.17206],[91.10062,25.17215],[91.10072,25.17215],[91.10072,25.17251],[91.10042,25.17251],[91.10042,25.1726],[91.10052,25.1726],[91.10052,25.17269],[91.10042,25.17269],[91.10042,25.17287],[91.10032,25.17287],[91.10031,25.17305],[91.10021,25.17305],[91.10021,25.17314],[91.10001,25.17314],[91.10001,25.17323],[91.10011,25.17323],[91.10011,25.17341],[91.09991,25.17341],[91.09991,25.17332],[91.09981,25.17332],[91.09981,25.17323],[91.09972,25.17322],[91.09971,25.17331],[91.09961,25.17331],[91.09962,25.17322],[91.09932,25.17322],[91.09932,25.17331],[91.09912,25.17331],[91.09912,25.17349],[91.09922,25.17349],[91.09921,25.17358],[91.09911,25.17358],[91.09911,25.17367],[91.09882,25.17366],[91.09881,25.17375],[91.09842,25.17375],[91.09841,25.17393],[91.09822,25.17393],[91.09822,25.17402],[91.09831,25.17402],[91.09831,25.17429],[91.09811,25.17429],[91.09811,25.17438],[91.09841,25.17438],[91.09841,25.17447],[91.09831,25.17447],[91.09831,25.17456],[91.09841,25.17456],[91.0984,25.17465],[91.0983,25.17465],[91.0983,25.17474],[91.0982,25.17474],[91.09821,25.17465],[91.09811,25.17465],[91.0981,25.17474],[91.09801,25.17474],[91.098,25.17483],[91.0979,25.17483],[91.0979,25.17492],[91.098,25.17492],[91.098,25.17501],[91.0979,25.17501],[91.0979,25.1751],[91.0981,25.1751],[91.0981,25.17519],[91.0979,25.17519],[91.0979,25.17528],[91.0978,25.17528],[91.0978,25.17537],[91.0977,25.17536]],[[91.09811,25.17456],[91.09821,25.17456],[91.09821,25.17447],[91.09811,25.17447],[91.09811,25.17456]],[[91.09771,25.17446],[91.09781,25.17446],[91.09781,25.17437],[91.09771,25.17437],[91.09771,25.17446]],[[91.09791,25.17446],[91.09801,25.17447],[91.09801,25.17438],[91.09791,25.17437],[91.09791,25.17446]],[[91.09801,25.17429],[91.09811,25.17429],[91.09811,25.17411],[91.09802,25.1741],[91.09801,25.17429]],[[91.09752,25.17419],[91.09762,25.17419],[91.09762,25.1741],[91.09752,25.1741],[91.09752,25.17419]],[[91.09762,25.17401],[91.09772,25.17401],[91.09772,25.17383],[91.09762,25.17383],[91.09762,25.17401]],[[91.09792,25.17401],[91.09802,25.17401],[91.09802,25.17383],[91.09812,25.17384],[91.09812,25.17375],[91.09782,25.17374],[91.09782,25.17383],[91.09792,25.17383],[91.09792,25.17401]],[[91.09723,25.17373],[91.09743,25.17374],[91.09743,25.17365],[91.09723,25.17364],[91.09723,25.17373]],[[91.09753,25.17374],[91.09762,25.17374],[91.09763,25.17365],[91.09772,25.17365],[91.09773,25.17356],[91.09753,25.17356],[91.09753,25.17374]],[[91.09812,25.17375],[91.09822,25.17375],[91.09822,25.17366],[91.09812,25.17365],[91.09812,25.17375]],[[91.09832,25.17375],[91.09842,25.17375],[91.09842,25.17357],[91.09832,25.17357],[91.09832,25.17375]],[[91.09802,25.17365],[91.09812,25.17365],[91.09812,25.17356],[91.09802,25.17356],[91.09802,25.17365]],[[91.09882,25.17357],[91.09892,25.17357],[91.09892,25.1733],[91.09862,25.1733],[91.09862,25.17339],[91.09882,25.17339],[91.09882,25.17357]],[[91.09783,25.17347],[91.09793,25.17347],[91.09793,25.17329],[91.09773,25.17329],[91.09773,25.17338],[91.09783,25.17338],[91.09783,25.17347]],[[91.09842,25.17339],[91.09852,25.17339],[91.09852,25.1733],[91.09862,25.1733],[91.09862,25.17321],[91.09843,25.17321],[91.09842,25.17339]],[[91.09902,25.17331],[91.09912,25.17331],[91.09912,25.17322],[91.09902,25.17321],[91.09902,25.17331]],[[91.09882,25.17321],[91.09892,25.17321],[91.09892,25.17312],[91.09882,25.17312],[91.09882,25.17321]],[[91.09873,25.17312],[91.09882,25.17312],[91.09883,25.17303],[91.09902,25.17303],[91.09903,25.17294],[91.09893,25.17294],[91.09893,25.17285],[91.09883,25.17285],[91.09883,25.17294],[91.09873,25.17294],[91.09873,25.17312]],[[91.09912,25.17313],[91.09922,25.17313],[91.09922,25.17304],[91.09912,25.17304],[91.09912,25.17313]],[[91.09942,25.17313],[91.09952,25.17313],[91.09952,25.17304],[91.09942,25.17304],[91.09942,25.17313]],[[91.09952,25.17295],[91.09962,25.17295],[91.09962,25.17286],[91.09972,25.17286],[91.09972,25.17277],[91.09962,25.17277],[91.09963,25.17259],[91.09953,25.17259],[91.09953,25.17268],[91.09943,25.17268],[91.09942,25.17277],[91.09952,25.17277],[91.09952,25.17295]],[[91.10002,25.17269],[91.10012,25.17269],[91.10012,25.1726],[91.10002,25.1726],[91.10002,25.17269]],[[91.09943,25.17259],[91.09953,25.17259],[91.09953,25.1725],[91.09943,25.1725],[91.09943,25.17259]],[[91.09963,25.17259],[91.09973,25.17259],[91.09973,25.1725],[91.09963,25.1725],[91.09963,25.17259]],[[91.09982,25.17259],[91.09992,25.17259],[91.09993,25.1725],[91.09983,25.1725],[91.09982,25.17259]],[[91.09973,25.1725],[91.09983,25.1725],[91.09983,25.17241],[91.09973,25.17241],[91.09973,25.1725]],[[91.09923,25.17241],[91.09943,25.17241],[91.09943,25.17232],[91.09923,25.17231],[91.09923,25.17241]],[[91.10012,25.17242],[91.10022,25.17242],[91.10023,25.17233],[91.10013,25.17233],[91.10012,25.17242]],[[91.10003,25.17233],[91.10013,25.17233],[91.10013,25.17206],[91.10003,25.17205],[91.10003,25.17233]],[[91.10043,25.17224],[91.10062,25.17224],[91.10062,25.17215],[91.10043,25.17215],[91.10043,25.17224]],[[91.10043,25.17179],[91.10053,25.17179],[91.10053,25.1717],[91.10043,25.1717],[91.10043,25.17179]],[[91.10093,25.1718],[91.10103,25.1718],[91.10103,25.17162],[91.10093,25.17161],[91.10093,25.1718]],[[91.10033,25.1717],[91.10043,25.1717],[91.10043,25.17161],[91.10034,25.17161],[91.10033,25.1717]],[[91.10153,25.17162],[91.10163,25.17162],[91.10163,25.17153],[91.10153,25.17153],[91.10153,25.17162]],[[91.10054,25.17152],[91.10063,25.17152],[91.10064,25.17143],[91.10054,25.17143],[91.10054,25.17152]],[[91.10093,25.17143],[91.10103,25.17144],[91.10103,25.17135],[91.10094,25.17134],[91.10093,25.17143]],[[91.10113,25.17144],[91.10123,25.17144],[91.10123,25.17126],[91.10113,25.17126],[91.10113,25.17144]],[[91.10054,25.17134],[91.10064,25.17134],[91.10064,25.17125],[91.10054,25.17125],[91.10054,25.17134]],[[91.10034,25.17125],[91.10044,25.17125],[91.10044,25.17107],[91.10034,25.17107],[91.10034,25.17125]],[[91.10104,25.17125],[91.10113,25.17126],[91.10114,25.17117],[91.10104,25.17116],[91.10104,25.17125]],[[91.10174,25.17081],[91.10184,25.17081],[91.10184,25.17072],[91.10174,25.17072],[91.10174,25.17081]],[[91.10164,25.17072],[91.10174,25.17072],[91.10174,25.17063],[91.10164,25.17063],[91.10164,25.17072]]]},"properties":{"id":"wetland_patch_76a8199fb90d","date":"2026-06-30","area_km2":0.0593,"pixel_count":593,"classification":"OPEN_WATER","interpretation_label":"HH darkening candidate","mean_delta_db":-5.558940228081071,"median_delta_db":-5.241718292236328,"hh_before":-15.00334736951085,"hh_after":-20.562287597591922,"hv_before":-23.75715074330116,"hv_after":-24.232469253154065,"delta_hh":-5.558940228081071,"delta_hv":-0.4753185098529063,"valid_fraction":1.0,"valid_fraction_scope":"region bounding box, all four channels","vegetated_fraction":0.0,"quality_status":"PASS","spatial_status":"PARTIAL","temporal_status":"PARTIAL","temporal_overlap_fraction":null,"threshold_stability":"SENSITIVE","threshold_variation_fraction":0.2296,"evidence_state":"UNCERTAIN","centroid":[25.172777958027243,91.09939689194505],"data_source":"NISAR","evidence_method":"Rule consistency only; no accuracy estimate or independent reference validation.","baseline_method":"SINGLE_PRECEDING_OBSERVATION","baseline_observation_count":1,"baseline_observation_dates":["2026-06-18"],"baseline_hh_temporal_mad_db":null,"baseline_scene_names":["NISAR_L2_PR_GCOV_023_069_A_014_4005_DHDH_A_20260618T232135_20260618T232210_P05023_N_F_J_001"],"contextual_land_cover":null,"distance_to_water_m":null,"context_status":"NOT_AVAILABLE","reference_validated":false}},{"type":"Feature","geometry":{"type":"Polygon","coordinates":[[[91.08332,25.17482],[91.08332,25.17464],[91.08342,25.17464],[91.08343,25.17446],[91.08333,25.17446],[91.08333,25.17428],[91.08323,25.17428],[91.08323,25.17418],[91.08294,25.17418],[91.08294,25.174],[91.08304,25.174],[91.08304,25.17391],[91.08314,25.17391],[91.08314,25.174],[91.08324,25.174],[91.08324,25.17391],[91.08353,25.17392],[91.08353,25.17401],[91.08373,25.17401],[91.08373,25.17392],[91.08383,25.17392],[91.08383,25.17401],[91.08403,25.17401],[91.08403,25.1741],[91.08383,25.1741],[91.08383,25.17419],[91.08413,25.1742],[91.08413,25.17411],[91.08423,25.17411],[91.08422,25.17429],[91.08412,25.17429],[91.08412,25.17438],[91.08383,25.17437],[91.08383,25.17428],[91.08373,25.17428],[91.08372,25.17446],[91.08363,25.17446],[91.08362,25.17455],[91.08372,25.17455],[91.08372,25.17473],[91.08362,25.17473],[91.08362,25.17464],[91.08352,25.17464],[91.08352,25.17473],[91.08342,25.17473],[91.08342,25.17482],[91.08332,25.17482]],[[91.08343,25.17446],[91.08353,25.17446],[91.08353,25.17437],[91.08343,25.17437],[91.08343,25.17446]],[[91.08333,25.17428],[91.08343,25.17428],[91.08343,25.17419],[91.08333,25.17419],[91.08333,25.17428]],[[91.08353,25.17419],[91.08363,25.17419],[91.08363,25.1741],[91.08353,25.1741],[91.08353,25.17419]],[[91.08333,25.1741],[91.08343,25.1741],[91.08343,25.17401],[91.08333,25.17401],[91.08333,25.1741]]]},"properties":{"id":"wetland_patch_accf9d5831e6","date":"2026-06-30","area_km2":0.0052,"pixel_count":52,"classification":"OPEN_WATER","interpretation_label":"HH darkening candidate","mean_delta_db":-5.92012909742502,"median_delta_db":-5.608198642730713,"hh_before":-14.928255502994244,"hh_after":-20.848384600419266,"hv_before":-24.271455984849197,"hv_after":-24.343367099761963,"delta_hh":-5.92012909742502,"delta_hv":-0.07191111491276668,"valid_fraction":1.0,"valid_fraction_scope":"region bounding box, all four channels","vegetated_fraction":0.0,"quality_status":"PASS","spatial_status":"PARTIAL","temporal_status":"PARTIAL","temporal_overlap_fraction":null,"threshold_stability":"SENSITIVE","threshold_variation_fraction":0.20588235294117646,"evidence_state":"UNCERTAIN","centroid":[25.17424819599119,91.08356182681781],"data_source":"NISAR","evidence_method":"Rule consistency only; no accuracy estimate or independent reference validation.","baseline_method":"SINGLE_PRECEDING_OBSERVATION","baseline_observation_count":1,"baseline_observation_dates":["2026-06-18"],"baseline_hh_temporal_mad_db":null,"baseline_scene_names":["NISAR_L2_PR_GCOV_023_069_A_014_4005_DHDH_A_20260618T232135_20260618T232210_P05023_N_F_J_001"],"contextual_land_cover":null,"distance_to_water_m":null,"context_status":"NOT_AVAILABLE","reference_validated":false}},{"type":"Feature","geometry":{"type":"Polygon","coordinates":[[[91.03175,25.17405],[91.03175,25.17387],[91.03165,25.17387],[91.03166,25.17369],[91.03185,25.17369],[91.03186,25.17342],[91.03176,25.17342],[91.03176,25.17333],[91.03196,25.17333],[91.03196,25.17315],[91.03147,25.17314],[91.03147,25.17305],[91.03137,25.17305],[91.03137,25.17296],[91.03157,25.17296],[91.03157,25.17306],[91.03167,25.17306],[91.03167,25.17297],[91.03177,25.17297],[91.03176,25.17306],[91.03186,25.17306],[91.03187,25.17288],[91.03197,25.17288],[91.03197,25.17279],[91.03187,25.17279],[91.03187,25.1727],[91.03207,25.1727],[91.03207,25.17261],[91.03217,25.17261],[91.03217,25.17252],[91.03227,25.17252],[91.03227,25.17234],[91.03237,25.17234],[91.03237,25.17243],[91.03247,25.17244],[91.03247,25.17253],[91.03237,25.17252],[91.03236,25.17279],[91.03227,25.17279],[91.03226,25.17288],[91.03236,25.17289],[91.03236,25.17307],[91.03226,25.17306],[91.03226,25.17324],[91.03216,25.17324],[91.03216,25.17333],[91.03206,25.17333],[91.03206,25.17342],[91.03216,25.17342],[91.03215,25.1736],[91.03205,25.1736],[91.03206,25.17351],[91.03196,25.17351],[91.03195,25.17387],[91.03185,25.17387],[91.03185,25.17405],[91.03175,25.17405]],[[91.03206,25.17324],[91.03216,25.17324],[91.03216,25.17297],[91.03206,25.17297],[91.03206,25.17324]]]},"properties":{"id":"wetland_patch_75bdf7cb5be2","date":"2026-06-30","area_km2":0.0056,"pixel_count":56,"classification":"OPEN_WATER","interpretation_label":"HH darkening candidate","mean_delta_db":-4.675614135605948,"median_delta_db":-4.52858829498291,"hh_before":-16.400466459138052,"hh_after":-21.076080594744003,"hv_before":-23.913505690438406,"hv_after":-24.328396729060582,"delta_hh":-4.675614135605948,"delta_hv":-0.41489103862217497,"valid_fraction":1.0,"valid_fraction_scope":"region bounding box, all four channels","vegetated_fraction":0.0,"quality_status":"PASS","spatial_status":"PARTIAL","temporal_status":"PARTIAL","temporal_overlap_fraction":null,"threshold_stability":"SENSITIVE","threshold_variation_fraction":0.2980769230769231,"evidence_state":"UNCERTAIN","centroid":[25.173125456559138,91.03200121699837],"data_source":"NISAR","evidence_method":"Rule consistency only; no accuracy estimate or independent reference validation.","baseline_method":"SINGLE_PRECEDING_OBSERVATION","baseline_observation_count":1,"baseline_observation_dates":["2026-06-18"],"baseline_hh_temporal_mad_db":null,"baseline_scene_names":["NISAR_L2_PR_GCOV_023_069_A_014_4005_DHDH_A_20260618T232135_20260618T232210_P05023_N_F_J_001"],"contextual_land_cover":null,"distance_to_water_m":null,"context_status":"NOT_AVAILABLE","reference_validated":false}},{"type":"Feature","geometry":{"type":"Polygon","coordinates":[[[91.09532,25.17488],[91.09533,25.17479],[91.09523,25.17479],[91.09523,25.1747],[91.09513,25.1747],[91.09513,25.17479],[91.09503,25.17479],[91.09503,25.1747],[91.09483,25.1747],[91.09483,25.17461],[91.09503,25.17461],[91.09503,25.17452],[91.09493,25.17452],[91.09494,25.17443],[91.09484,25.17443],[91.09483,25.17452],[91.09474,25.17451],[91.09474,25.17442],[91.09464,25.17442],[91.09464,25.17433],[91.09474,25.17433],[91.09474,25.17415],[91.09484,25.17415],[91.09484,25.17424],[91.09494,25.17425],[91.09494,25.17407],[91.09514,25.17407],[91.09514,25.17416],[91.09524,25.17416],[91.09524,25.17425],[91.09533,25.17425],[91.09534,25.17416],[91.09544,25.17416],[91.09544,25.17398],[91.09534,25.17398],[91.09534,25.17389],[91.09564,25.17389],[91.09563,25.17407],[91.09554,25.17407],[91.09553,25.17434],[91.09573,25.17435],[91.09573,25.17426],[91.09563,25.17425],[91.09563,25.17416],[91.09583,25.17417],[91.09583,25.17444],[91.09553,25.17443],[91.09553,25.17452],[91.09543,25.17452],[91.09543,25.17461],[91.09533,25.17461],[91.09533,25.1747],[91.09543,25.1747],[91.09542,25.17488],[91.09532,25.17488]],[[91.09494,25.17443],[91.09503,25.17443],[91.09504,25.17434],[91.09494,25.17434],[91.09494,25.17443]],[[91.09504,25.17425],[91.09514,25.17425],[91.09514,25.17416],[91.09504,25.17416],[91.09504,25.17425]]]},"properties":{"id":"wetland_patch_6b8e8a4738ab","date":"2026-06-30","area_km2":0.0055,"pixel_count":55,"classification":"OPEN_WATER","interpretation_label":"HH darkening candidate","mean_delta_db":-5.177230713584207,"median_delta_db":-4.950577735900879,"hh_before":-14.740388159318403,"hh_after":-19.91761887290261,"hv_before":-23.742626918445932,"hv_after":-23.823645678433504,"delta_hh":-5.177230713584207,"delta_hv":-0.08101875998757102,"valid_fraction":1.0,"valid_fraction_scope":"region bounding box, all four channels","vegetated_fraction":0.0,"quality_status":"PASS","spatial_status":"PARTIAL","temporal_status":"PARTIAL","temporal_overlap_fraction":null,"threshold_stability":"STABLE","threshold_variation_fraction":0.15789473684210525,"evidence_state":"MODERATE","centroid":[25.174372090283544,91.0952488082439],"data_source":"NISAR","evidence_method":"Rule consistency only; no accuracy estimate or independent reference validation.","baseline_method":"SINGLE_PRECEDING_OBSERVATION","baseline_observation_count":1,"baseline_observation_dates":["2026-06-18"],"baseline_hh_temporal_mad_db":null,"baseline_scene_names":["NISAR_L2_PR_GCOV_023_069_A_014_4005_DHDH_A_20260618T232135_20260618T232210_P05023_N_F_J_001"],"contextual_land_cover":null,"distance_to_water_m":null,"context_status":"NOT_AVAILABLE","reference_validated":false}},{"type":"Feature","geometry":{"type":"Polygon","coordinates":[[[91.0626,25.17428],[91.0626,25.1741],[91.0625,25.1741],[91.0625,25.17401],[91.0626,25.17401],[91.06261,25.17374],[91.06251,25.17373],[91.06251,25.17364],[91.06271,25.17365],[91.0627,25.17374],[91.0628,25.17374],[91.06281,25.17365],[91.0629,25.17365],[91.06291,25.17347],[91.06281,25.17347],[91.06281,25.17338],[91.06271,25.17338],[91.06271,25.1732],[91.06261,25.17319],[91.06262,25.1731],[91.06242,25.1731],[91.06242,25.17301],[91.06252,25.17301],[91.06252,25.17292],[91.06262,25.17292],[91.06262,25.17283],[91.06242,25.17283],[91.06242,25.17265],[91.06252,25.17265],[91.06252,25.17274],[91.06272,25.17274],[91.06272,25.17292],[91.06282,25.17293],[91.06282,25.17302],[91.06272,25.17301],[91.06271,25.17311],[91.06311,25.17311],[91.06311,25.17329],[91.06291,25.17329],[91.06291,25.17338],[91.06301,25.17338],[91.06301,25.17347],[91.06321,25.17347],[91.0632,25.17356],[91.06301,25.17356],[91.063,25.17374],[91.0629,25.17374],[91.0629,25.17401],[91.0628,25.17401],[91.0628,25.17419],[91.063,25.17419],[91.06299,25.17428],[91.0626,25.17428]]]},"properties":{"id":"wetland_patch_365b4de47816","date":"2026-06-30","area_km2":0.005,"pixel_count":50,"classification":"OPEN_WATER","interpretation_label":"HH darkening candidate","mean_delta_db":-4.428905258178711,"median_delta_db":-4.034773826599121,"hh_before":-15.709381980895996,"hh_after":-20.138287239074707,"hv_before":-23.829337615966796,"hv_after":-23.983835296630858,"delta_hh":-4.428905258178711,"delta_hv":-0.1544976806640625,"valid_fraction":1.0,"valid_fraction_scope":"region bounding box, all four channels","vegetated_fraction":0.0,"quality_status":"PASS","spatial_status":"PARTIAL","temporal_status":"PARTIAL","temporal_overlap_fraction":null,"threshold_stability":"SENSITIVE","threshold_variation_fraction":0.34210526315789475,"evidence_state":"UNCERTAIN","centroid":[25.173508526275914,91.06276801191011],"data_source":"NISAR","evidence_method":"Rule consistency only; no accuracy estimate or independent reference validation.","baseline_method":"SINGLE_PRECEDING_OBSERVATION","baseline_observation_count":1,"baseline_observation_dates":["2026-06-18"],"baseline_hh_temporal_mad_db":null,"baseline_scene_names":["NISAR_L2_PR_GCOV_023_069_A_014_4005_DHDH_A_20260618T232135_20260618T232210_P05023_N_F_J_001"],"contextual_land_cover":null,"distance_to_water_m":null,"context_status":"NOT_AVAILABLE","reference_validated":false}},{"type":"Feature","geometry":{"type":"Polygon","coordinates":[[[91.0379,25.17386],[91.0379,25.17377],[91.03771,25.17377],[91.03771,25.17368],[91.03791,25.17368],[91.03791,25.17341],[91.03781,25.17341],[91.03781,25.17359],[91.03771,25.17359],[91.03771,25.1735],[91.03751,25.1735],[91.03751,25.17341],[91.03712,25.1734],[91.03712,25.17313],[91.03722,25.17313],[91.03722,25.17322],[91.03732,25.17322],[91.03732,25.17331],[91.03751,25.17331],[91.03752,25.17313],[91.03762,25.17314],[91.03761,25.17332],[91.03771,25.17332],[91.03772,25.17296],[91.03762,25.17296],[91.03762,25.17286],[91.03782,25.17287],[91.03782,25.17296],[91.03802,25.17296],[91.03802,25.17278],[91.03792,25.17278],[91.03792,25.1726],[91.03782,25.1726],[91.03782,25.17251],[91.03802,25.17251],[91.03802,25.1726],[91.03822,25.1726],[91.03822,25.17251],[91.03832,25.17251],[91.03832,25.1726],[91.03842,25.1726],[91.03842,25.17269],[91.03822,25.17269],[91.03822,25.17278],[91.03812,25.17278],[91.03812,25.17287],[91.03832,25.17287],[91.03831,25.17296],[91.03851,25.17297],[91.03851,25.17288],[91.03871,25.17288],[91.03871,25.17297],[91.03861,25.17297],[91.03861,25.17315],[91.03841,25.17315],[91.03841,25.17306],[91.03821,25.17305],[91.03821,25.17332],[91.03831,25.17333],[91.03831,25.17342],[91.03841,25.17342],[91.0384,25.1736],[91.0383,25.1736],[91.0383,25.17351],[91.03821,25.1735],[91.03821,25.17341],[91.03811,25.17341],[91.03811,25.17359],[91.03801,25.17359],[91.038,25.17377],[91.0381,25.17377],[91.0381,25.17386],[91.0379,25.17386]],[[91.03791,25.17332],[91.03801,25.17332],[91.03801,25.17305],[91.03792,25.17305],[91.03791,25.17332]],[[91.03801,25.17305],[91.03811,25.17305],[91.03812,25.17296],[91.03802,25.17296],[91.03801,25.17305]]]},"properties":{"id":"wetland_patch_4339d629829e","date":"2026-06-30","area_km2":0.0075,"pixel_count":75,"classification":"OPEN_WATER","interpretation_label":"HH darkening candidate","mean_delta_db":-4.426966692606608,"median_delta_db":-4.079748153686523,"hh_before":-16.322340176900227,"hh_after":-20.749306869506835,"hv_before":-23.808015721639,"hv_after":-23.750222651163735,"delta_hh":-4.426966692606608,"delta_hv":0.057793070475260416,"valid_fraction":1.0,"valid_fraction_scope":"region bounding box, all four channels","vegetated_fraction":0.0,"quality_status":"PASS","spatial_status":"PARTIAL","temporal_status":"PARTIAL","temporal_overlap_fraction":null,"threshold_stability":"SENSITIVE","threshold_variation_fraction":0.25210084033613445,"evidence_state":"UNCERTAIN","centroid":[25.173175606865893,91.03795910503888],"data_source":"NISAR","evidence_method":"Rule consistency only; no accuracy estimate or independent reference validation.","baseline_method":"SINGLE_PRECEDING_OBSERVATION","baseline_observation_count":1,"baseline_observation_dates":["2026-06-18"],"baseline_hh_temporal_mad_db":null,"baseline_scene_names":["NISAR_L2_PR_GCOV_023_069_A_014_4005_DHDH_A_20260618T232135_20260618T232210_P05023_N_F_J_001"],"contextual_land_cover":null,"distance_to_water_m":null,"context_status":"NOT_AVAILABLE","reference_validated":false}},{"type":"Feature","geometry":{"type":"Polygon","coordinates":[[[91.07619,25.17427],[91.07619,25.17409],[91.07649,25.1741],[91.07649,25.17392],[91.07639,25.17392],[91.07639,25.17383],[91.07659,25.17383],[91.07659,25.17374],[91.07649,25.17374],[91.0765,25.17347],[91.0764,25.17346],[91.0764,25.17337],[91.0763,25.17337],[91.0763,25.17346],[91.0762,25.17346],[91.0762,25.17328],[91.0763,25.17328],[91.0763,25.17319],[91.0768,25.1732],[91.0768,25.17329],[91.0771,25.17329],[91.07709,25.17338],[91.0768,25.17338],[91.0768,25.17347],[91.0767,25.17347],[91.0767,25.17356],[91.0766,25.17356],[91.07659,25.17365],[91.07669,25.17365],[91.07669,25.17374],[91.07679,25.17374],[91.07679,25.17356],[91.07689,25.17356],[91.07689,25.17347],[91.07709,25.17347],[91.07709,25.17356],[91.07729,25.17357],[91.07729,25.17348],[91.07739,25.17348],[91.07739,25.17339],[91.07789,25.17339],[91.07789,25.17348],[91.07799,25.17348],[91.07798,25.17367],[91.07778,25.17366],[91.07778,25.17375],[91.07768,25.17375],[91.07769,25.17366],[91.07729,25.17366],[91.07729,25.17384],[91.07699,25.17383],[91.07699,25.17392],[91.07719,25.17393],[91.07718,25.17402],[91.07689,25.17401],[91.07689,25.17392],[91.07679,25.17392],[91.07679,25.17401],[91.07659,25.17401],[91.07658,25.17428],[91.07649,25.17428],[91.07649,25.17419],[91.07629,25.17419],[91.07629,25.17428],[91.07619,25.17427]],[[91.07689,25.17383],[91.07699,25.17383],[91.07699,25.17374],[91.07689,25.17374],[91.07689,25.17383]],[[91.07739,25.17357],[91.07749,25.17357],[91.07749,25.17348],[91.07739,25.17348],[91.07739,25.17357]],[[91.0764,25.17337],[91.0767,25.17338],[91.0767,25.17329],[91.0764,25.17328],[91.0764,25.17337]]]},"properties":{"id":"wetland_patch_d5d35a888356","date":"2026-06-30","area_km2":0.0077,"pixel_count":77,"classification":"OPEN_WATER","interpretation_label":"HH darkening candidate","mean_delta_db":-5.134493059926219,"median_delta_db":-4.697460174560547,"hh_before":-15.702248498990938,"hh_after":-20.836741558917158,"hv_before":-24.07995838313908,"hv_after":-24.384473602493088,"delta_hh":-5.134493059926219,"delta_hv":-0.30451521935401027,"valid_fraction":1.0,"valid_fraction_scope":"region bounding box, all four channels","vegetated_fraction":0.0,"quality_status":"PASS","spatial_status":"PARTIAL","temporal_status":"PARTIAL","temporal_overlap_fraction":null,"threshold_stability":"SENSITIVE","threshold_variation_fraction":0.2558139534883721,"evidence_state":"UNCERTAIN","centroid":[25.173650386331726,91.07696109477403],"data_source":"NISAR","evidence_method":"Rule consistency only; no accuracy estimate or independent reference validation.","baseline_method":"SINGLE_PRECEDING_OBSERVATION","baseline_observation_count":1,"baseline_observation_dates":["2026-06-18"],"baseline_hh_temporal_mad_db":null,"baseline_scene_names":["NISAR_L2_PR_GCOV_023_069_A_014_4005_DHDH_A_20260618T232135_20260618T232210_P05023_N_F_J_001"],"contextual_land_cover":null,"distance_to_water_m":null,"context_status":"NOT_AVAILABLE","reference_validated":false}},{"type":"Feature","geometry":{"type":"Polygon","coordinates":[[[91.02938,25.17348],[91.02938,25.17339],[91.02928,25.17339],[91.02928,25.1733],[91.02898,25.17329],[91.02899,25.17311],[91.02909,25.17311],[91.02908,25.1732],[91.02918,25.1732],[91.02918,25.17311],[91.02928,25.17312],[91.02928,25.17321],[91.02938,25.17321],[91.02938,25.17312],[91.02948,25.17312],[91.02949,25.17285],[91.02919,25.17284],[91.02919,25.17266],[91.02929,25.17266],[91.02929,25.17257],[91.02939,25.17257],[91.0294,25.1723],[91.0295,25.17231],[91.02949,25.17249],[91.02969,25.17249],[91.0297,25.17222],[91.02979,25.17222],[91.02979,25.17258],[91.02989,25.17258],[91.02988,25.17276],[91.02998,25.17276],[91.02998,25.17285],[91.03008,25.17285],[91.03008,25.17295],[91.02998,25.17294],[91.02998,25.17303],[91.02988,25.17303],[91.02988,25.17285],[91.02978,25.17285],[91.02978,25.17294],[91.02968,25.17294],[91.02968,25.17321],[91.02958,25.17321],[91.02958,25.1733],[91.02948,25.1733],[91.02948,25.17339],[91.02958,25.17339],[91.02958,25.17348],[91.02938,25.17348]],[[91.02949,25.17267],[91.02959,25.17267],[91.02959,25.17258],[91.02949,25.17258],[91.02949,25.17267]]]},"properties":{"id":"wetland_patch_0b67b3cd3310","date":"2026-06-30","area_km2":0.0054,"pixel_count":54,"classification":"OPEN_WATER","interpretation_label":"HH darkening candidate","mean_delta_db":-5.46922050582038,"median_delta_db":-4.6616106033325195,"hh_before":-12.401178386476305,"hh_after":-17.870398892296684,"hv_before":-19.286635451846653,"hv_after":-22.431553981922292,"delta_hh":-5.46922050582038,"delta_hv":-3.1449185300756386,"valid_fraction":1.0,"valid_fraction_scope":"region bounding box, all four channels","vegetated_fraction":0.0,"quality_status":"PASS","spatial_status":"PARTIAL","temporal_status":"PARTIAL","temporal_overlap_fraction":null,"threshold_stability":"STABLE","threshold_variation_fraction":0.18518518518518517,"evidence_state":"MODERATE","centroid":[25.17286944520718,91.02954330260879],"data_source":"NISAR","evidence_method":"Rule consistency only; no accuracy estimate or independent reference validation.","baseline_method":"SINGLE_PRECEDING_OBSERVATION","baseline_observation_count":1,"baseline_observation_dates":["2026-06-18"],"baseline_hh_temporal_mad_db":null,"baseline_scene_names":["NISAR_L2_PR_GCOV_023_069_A_014_4005_DHDH_A_20260618T232135_20260618T232210_P05023_N_F_J_001"],"contextual_land_cover":null,"distance_to_water_m":null,"context_status":"NOT_AVAILABLE","reference_validated":false}},{"type":"Feature","geometry":{"type":"Polygon","coordinates":[[[91.04624,25.1737],[91.04624,25.17361],[91.04644,25.17361],[91.04644,25.17352],[91.04654,25.17352],[91.04654,25.17334],[91.04674,25.17335],[91.04674,25.17326],[91.04694,25.17326],[91.04694,25.17317],[91.04684,25.17317],[91.04684,25.17308],[91.04674,25.17308],[91.04675,25.17281],[91.04695,25.17281],[91.04695,25.17272],[91.04705,25.17272],[91.04704,25.1729],[91.04724,25.1729],[91.04725,25.17272],[91.04734,25.17272],[91.04735,25.17245],[91.04745,25.17245],[91.04745,25.17236],[91.04755,25.17236],[91.04755,25.17245],[91.04765,25.17246],[91.04765,25.17228],[91.04805,25.17228],[91.04804,25.17246],[91.04794,25.17246],[91.04794,25.17264],[91.04804,25.17264],[91.04804,25.17282],[91.04784,25.17282],[91.04784,25.17264],[91.04754,25.17263],[91.04755,25.17254],[91.04745,25.17254],[91.04744,25.17272],[91.04764,25.17273],[91.04764,25.17282],[91.04754,25.17282],[91.04754,25.17309],[91.04724,25.17308],[91.04724,25.17299],[91.04704,25.17299],[91.04704,25.17308],[91.04714,25.17308],[91.04714,25.17326],[91.04734,25.17326],[91.04734,25.17317],[91.04744,25.17318],[91.04744,25.17327],[91.04753,25.17327],[91.04753,25.17336],[91.04684,25.17335],[91.04684,25.17344],[91.04664,25.17344],[91.04664,25.17353],[91.04674,25.17353],[91.04674,25.17362],[91.04654,25.17361],[91.04654,25.1737],[91.04624,25.1737]],[[91.04684,25.17299],[91.04694,25.17299],[91.04695,25.1729],[91.04685,25.1729],[91.04684,25.17299]],[[91.04784,25.17246],[91.04794,25.17246],[91.04795,25.17237],[91.04785,25.17237],[91.04784,25.17246]]]},"properties":{"id":"wetland_patch_d4ebc09487a4","date":"2026-06-30","area_km2":0.0072,"pixel_count":72,"classification":"OPEN_WATER","interpretation_label":"HH darkening candidate","mean_delta_db":-5.045604242218865,"median_delta_db":-4.619500160217285,"hh_before":-15.592770483758715,"hh_after":-20.63837472597758,"hv_before":-24.134366777208115,"hv_after":-24.20434856414795,"delta_hh":-5.045604242218865,"delta_hv":-0.0699817869398329,"valid_fraction":1.0,"valid_fraction_scope":"region bounding box, all four channels","vegetated_fraction":0.0,"quality_status":"PASS","spatial_status":"PARTIAL","temporal_status":"PARTIAL","temporal_overlap_fraction":null,"threshold_stability":"SENSITIVE","threshold_variation_fraction":0.25,"evidence_state":"UNCERTAIN","centroid":[25.172932297796407,91.04727253816614],"data_source":"NISAR","evidence_method":"Rule consistency only; no accuracy estimate or independent reference validation.","baseline_method":"SINGLE_PRECEDING_OBSERVATION","baseline_observation_count":1,"baseline_observation_dates":["2026-06-18"],"baseline_hh_temporal_mad_db":null,"baseline_scene_names":["NISAR_L2_PR_GCOV_023_069_A_014_4005_DHDH_A_20260618T232135_20260618T232210_P05023_N_F_J_001"],"contextual_land_cover":null,"distance_to_water_m":null,"context_status":"NOT_AVAILABLE","reference_validated":false}},{"type":"Feature","geometry":{"type":"Polygon","coordinates":[[[91.03484,25.17292],[91.03485,25.17274],[91.03465,25.17274],[91.03465,25.17283],[91.03455,25.17282],[91.03455,25.17264],[91.03445,25.17264],[91.03445,25.17273],[91.03435,25.17273],[91.03435,25.17264],[91.03425,25.17264],[91.03425,25.17255],[91.03415,25.17255],[91.03416,25.17246],[91.03425,25.17246],[91.03426,25.17237],[91.03436,25.17237],[91.03435,25.17246],[91.03445,25.17246],[91.03446,25.17228],[91.03436,25.17228],[91.03436,25.17219],[91.03416,25.17219],[91.03416,25.1721],[91.03426,25.1721],[91.03426,25.17201],[91.03416,25.17201],[91.03417,25.17183],[91.03397,25.17182],[91.03397,25.17173],[91.03387,25.17173],[91.03387,25.17155],[91.03407,25.17155],[91.03407,25.17173],[91.03417,25.17174],[91.03417,25.17165],[91.03437,25.17165],[91.03437,25.17174],[91.03446,25.17174],[91.03447,25.17165],[91.03457,25.17165],[91.03456,25.17174],[91.03466,25.17174],[91.03466,25.17183],[91.03456,25.17183],[91.03456,25.17192],[91.03466,25.17192],[91.03466,25.17219],[91.03456,25.17219],[91.03455,25.17228],[91.03465,25.17228],[91.03465,25.17246],[91.03475,25.17247],[91.03475,25.17265],[91.03505,25.17265],[91.03504,25.17274],[91.03514,25.17274],[91.03514,25.17283],[91.03494,25.17283],[91.03494,25.17292],[91.03484,25.17292]],[[91.03445,25.17255],[91.03455,25.17255],[91.03455,25.17246],[91.03445,25.17246],[91.03445,25.17255]],[[91.03436,25.1721],[91.03446,25.1721],[91.03446,25.17201],[91.03436,25.17201],[91.03436,25.1721]],[[91.03426,25.17183],[91.03436,25.17183],[91.03437,25.17174],[91.03427,25.17174],[91.03426,25.17183]]]},"properties":{"id":"wetland_patch_f862ad910c0b","date":"2026-06-30","area_km2":0.0058,"pixel_count":58,"classification":"OPEN_WATER","interpretation_label":"HH darkening candidate","mean_delta_db":-4.74693173375623,"median_delta_db":-4.546084403991699,"hh_before":-15.611944823429502,"hh_after":-20.35887655718573,"hv_before":-24.39842700958252,"hv_after":-24.160532359419197,"delta_hh":-4.74693173375623,"delta_hv":0.23789465016332165,"valid_fraction":1.0,"valid_fraction_scope":"region bounding box, all four channels","vegetated_fraction":0.0,"quality_status":"PASS","spatial_status":"PARTIAL","temporal_status":"PARTIAL","temporal_overlap_fraction":null,"threshold_stability":"SENSITIVE","threshold_variation_fraction":0.22916666666666666,"evidence_state":"UNCERTAIN","centroid":[25.172217397055736,91.0344619551568],"data_source":"NISAR","evidence_method":"Rule consistency only; no accuracy estimate or independent reference validation.","baseline_method":"SINGLE_PRECEDING_OBSERVATION","baseline_observation_count":1,"baseline_observation_dates":["2026-06-18"],"baseline_hh_temporal_mad_db":null,"baseline_scene_names":["NISAR_L2_PR_GCOV_023_069_A_014_4005_DHDH_A_20260618T232135_20260618T232210_P05023_N_F_J_001"],"contextual_land_cover":null,"distance_to_water_m":null,"context_status":"NOT_AVAILABLE","reference_validated":false}},{"type":"Feature","geometry":{"type":"Polygon","coordinates":[[[91.08324,25.17346],[91.08325,25.17328],[91.08335,25.17328],[91.08335,25.17319],[91.08345,25.17319],[91.08345,25.1731],[91.08355,25.17311],[91.08355,25.17293],[91.08375,25.17293],[91.08375,25.17284],[91.08385,25.17284],[91.08385,25.17275],[91.08375,25.17275],[91.08375,25.17266],[91.08385,25.17266],[91.08385,25.17257],[91.08395,25.17257],[91.08395,25.17266],[91.08415,25.17266],[91.08415,25.17257],[91.08425,25.17257],[91.08425,25.17266],[91.08445,25.17267],[91.08445,25.17258],[91.08455,25.17258],[91.08455,25.17267],[91.08465,25.17267],[91.08465,25.17258],[91.08494,25.17258],[91.08494,25.17267],[91.08474,25.17267],[91.08474,25.17276],[91.08464,25.17276],[91.08464,25.17285],[91.08454,25.17285],[91.08454,25.17294],[91.08444,25.17294],[91.08444,25.17285],[91.08434,25.17285],[91.08434,25.17294],[91.08424,25.17293],[91.08424,25.17302],[91.08404,25.17302],[91.08404,25.17311],[91.08394,25.17311],[91.08394,25.1732],[91.08384,25.1732],[91.08384,25.17329],[91.08394,25.17329],[91.08394,25.17347],[91.08384,25.17347],[91.08384,25.17338],[91.08364,25.17338],[91.08364,25.17329],[91.08354,25.17329],[91.08354,25.17338],[91.08344,25.17338],[91.08344,25.17347],[91.08324,25.17346]],[[91.08355,25.1732],[91.08365,25.1732],[91.08365,25.17311],[91.08355,25.17311],[91.08355,25.1732]]]},"properties":{"id":"wetland_patch_3843bca62938","date":"2026-06-30","area_km2":0.0061,"pixel_count":61,"classification":"OPEN_WATER","interpretation_label":"HH darkening candidate","mean_delta_db":-5.623329866127889,"median_delta_db":-5.07391357421875,"hh_before":-15.508791048018658,"hh_after":-21.132120914146547,"hv_before":-23.660073952596697,"hv_after":-23.803978278988698,"delta_hh":-5.623329866127889,"delta_hv":-0.1439043263920018,"valid_fraction":1.0,"valid_fraction_scope":"region bounding box, all four channels","vegetated_fraction":0.0,"quality_status":"PASS","spatial_status":"PARTIAL","temporal_status":"PARTIAL","temporal_overlap_fraction":null,"threshold_stability":"STABLE","threshold_variation_fraction":0.19047619047619047,"evidence_state":"MODERATE","centroid":[25.172961197522326,91.08399105417625],"data_source":"NISAR","evidence_method":"Rule consistency only; no accuracy estimate or independent reference validation.","baseline_method":"SINGLE_PRECEDING_OBSERVATION","baseline_observation_count":1,"baseline_observation_dates":["2026-06-18"],"baseline_hh_temporal_mad_db":null,"baseline_scene_names":["NISAR_L2_PR_GCOV_023_069_A_014_4005_DHDH_A_20260618T232135_20260618T232210_P05023_N_F_J_001"],"contextual_land_cover":null,"distance_to_water_m":null,"context_status":"NOT_AVAILABLE","reference_validated":false}},{"type":"Feature","geometry":{"type":"Polygon","coordinates":[[[91.07997,25.17333],[91.07997,25.17324],[91.07987,25.17324],[91.07988,25.17315],[91.07978,25.17315],[91.07978,25.17306],[91.07968,25.17306],[91.07968,25.17297],[91.07948,25.17296],[91.07948,25.17287],[91.07938,25.17287],[91.07939,25.17278],[91.07919,25.17278],[91.07919,25.17269],[91.07929,25.17269],[91.07929,25.1726],[91.07919,25.1726],[91.07919,25.17242],[91.07929,25.17242],[91.07929,25.17251],[91.07939,25.17251],[91.07939,25.17269],[91.07949,25.17269],[91.07949,25.17242],[91.07939,25.17242],[91.07939,25.17233],[91.0791,25.17233],[91.0791,25.17224],[91.079,25.17223],[91.079,25.17214],[91.0791,25.17215],[91.0791,25.17205],[91.0792,25.17206],[91.0792,25.17197],[91.0793,25.17197],[91.0793,25.17206],[91.0794,25.17206],[91.07939,25.17224],[91.07989,25.17225],[91.07989,25.17207],[91.07999,25.17207],[91.08,25.17189],[91.0799,25.17188],[91.0799,25.17179],[91.0801,25.1718],[91.0801,25.17162],[91.0803,25.17162],[91.0803,25.17171],[91.08039,25.17171],[91.0804,25.17162],[91.0805,25.17162],[91.0805,25.17153],[91.0806,25.17153],[91.08059,25.17162],[91.08089,25.17163],[91.08089,25.17172],[91.08109,25.17172],[91.08109,25.1719],[91.08089,25.1719],[91.08089,25.17199],[91.08079,25.17199],[91.08079,25.17181],[91.08069,25.1718],[91.08069,25.17171],[91.08049,25.17171],[91.08049,25.1718],[91.08059,25.1718],[91.08059,25.17207],[91.08069,25.17208],[91.08069,25.17217],[91.08059,25.17216],[91.08058,25.17225],[91.08078,25.17226],[91.08078,25.17235],[91.08058,25.17235],[91.08058,25.17253],[91.08028,25.17252],[91.08028,25.17243],[91.08018,25.17243],[91.08018,25.17306],[91.08027,25.17306],[91.08028,25.17297],[91.08047,25.17298],[91.08047,25.17307],[91.08057,25.17307],[91.08057,25.17316],[91.08007,25.17315],[91.08007,25.17333],[91.07997,25.17333]],[[91.07988,25.17297],[91.07998,25.17297],[91.07998,25.17288],[91.07988,25.17288],[91.07988,25.17297]],[[91.07959,25.17269],[91.07968,25.17269],[91.07969,25.17251],[91.07959,25.17251],[91.07959,25.17269]],[[91.07978,25.1727],[91.07988,25.1727],[91.07988,25.17261],[91.07979,25.17261],[91.07978,25.1727]],[[91.07988,25.17261],[91.08008,25.17261],[91.08008,25.17252],[91.07999,25.17252],[91.07999,25.17243],[91.07979,25.17242],[91.07979,25.17252],[91.07989,25.17252],[91.07988,25.17261]],[[91.07949,25.17242],[91.07969,25.17242],[91.07969,25.17233],[91.07949,25.17233],[91.07949,25.17242]],[[91.08029,25.17216],[91.08049,25.17216],[91.08049,25.17207],[91.08029,25.17207],[91.08029,25.17216]]]},"properties":{"id":"wetland_patch_5c1dd3d9a820","date":"2026-06-30","area_km2":0.015,"pixel_count":150,"classification":"OPEN_WATER","interpretation_label":"HH darkening candidate","mean_delta_db":-5.793203118642171,"median_delta_db":-5.551985263824463,"hh_before":-14.942052872975667,"hh_after":-20.735255991617837,"hv_before":-24.333104502360026,"hv_after":-24.33690071105957,"delta_hh":-5.793203118642171,"delta_hv":-0.0037962086995442707,"valid_fraction":1.0,"valid_fraction_scope":"region bounding box, all four channels","vegetated_fraction":0.0,"quality_status":"PASS","spatial_status":"PARTIAL","temporal_status":"PARTIAL","temporal_overlap_fraction":null,"threshold_stability":"SENSITIVE","threshold_variation_fraction":0.20918367346938777,"evidence_state":"UNCERTAIN","centroid":[25.172374720606264,91.08004166590028],"data_source":"NISAR","evidence_method":"Rule consistency only; no accuracy estimate or independent reference validation.","baseline_method":"SINGLE_PRECEDING_OBSERVATION","baseline_observation_count":1,"baseline_observation_dates":["2026-06-18"],"baseline_hh_temporal_mad_db":null,"baseline_scene_names":["NISAR_L2_PR_GCOV_023_069_A_014_4005_DHDH_A_20260618T232135_20260618T232210_P05023_N_F_J_001"],"contextual_land_cover":null,"distance_to_water_m":null,"context_status":"NOT_AVAILABLE","reference_validated":false}},{"type":"Feature","geometry":{"type":"Polygon","coordinates":[[[91.1015,25.17343],[91.1015,25.17325],[91.1014,25.17325],[91.1014,25.17316],[91.10111,25.17315],[91.10111,25.17306],[91.10091,25.17306],[91.10091,25.17297],[91.1015,25.17298],[91.10151,25.1728],[91.10171,25.1728],[91.10171,25.17253],[91.10181,25.17253],[91.10181,25.17262],[91.10201,25.17262],[91.10201,25.17253],[91.10191,25.17253],[91.10191,25.17235],[91.10201,25.17235],[91.10201,25.17244],[91.10211,25.17244],[91.10211,25.17253],[91.10221,25.17253],[91.1022,25.17262],[91.10211,25.17262],[91.1021,25.17271],[91.1022,25.17271],[91.1022,25.1728],[91.1024,25.17281],[91.1024,25.17308],[91.1025,25.17308],[91.10249,25.17317],[91.1023,25.17317],[91.10229,25.17326],[91.10239,25.17326],[91.10239,25.17335],[91.10229,25.17335],[91.10229,25.17344],[91.10219,25.17344],[91.1022,25.17326],[91.1021,25.17325],[91.10209,25.17334],[91.102,25.17334],[91.10199,25.17343],[91.10189,25.17343],[91.1019,25.17316],[91.1017,25.17316],[91.1017,25.17334],[91.1016,25.17334],[91.1016,25.17343],[91.1015,25.17343]],[[91.1014,25.17316],[91.1016,25.17316],[91.1016,25.17307],[91.1014,25.17307],[91.1014,25.17316]],[[91.1019,25.17316],[91.1021,25.17316],[91.1021,25.17307],[91.1019,25.17307],[91.1019,25.17316]],[[91.1022,25.17317],[91.1023,25.17317],[91.1023,25.17308],[91.1022,25.17308],[91.1022,25.17317]],[[91.102,25.17298],[91.1023,25.17299],[91.1023,25.1729],[91.1022,25.17289],[91.1022,25.1728],[91.1021,25.1728],[91.1021,25.17289],[91.102,25.17289],[91.102,25.17298]]]},"properties":{"id":"wetland_patch_f8724655e2f5","date":"2026-06-30","area_km2":0.0069,"pixel_count":69,"classification":"OPEN_WATER","interpretation_label":"HH darkening candidate","mean_delta_db":-5.076189642367155,"median_delta_db":-5.026492118835449,"hh_before":-12.480855755184008,"hh_after":-17.557045397551164,"hv_before":-20.700865980507672,"hv_after":-21.692514461019766,"delta_hh":-5.076189642367155,"delta_hv":-0.9916484805120938,"valid_fraction":1.0,"valid_fraction_scope":"region bounding box, all four channels","vegetated_fraction":0.0,"quality_status":"PASS","spatial_status":"PARTIAL","temporal_status":"PARTIAL","temporal_overlap_fraction":null,"threshold_stability":"SENSITIVE","threshold_variation_fraction":0.20238095238095238,"evidence_state":"UNCERTAIN","centroid":[25.172981054967426,91.10184345827696],"data_source":"NISAR","evidence_method":"Rule consistency only; no accuracy estimate or independent reference validation.","baseline_method":"SINGLE_PRECEDING_OBSERVATION","baseline_observation_count":1,"baseline_observation_dates":["2026-06-18"],"baseline_hh_temporal_mad_db":null,"baseline_scene_names":["NISAR_L2_PR_GCOV_023_069_A_014_4005_DHDH_A_20260618T232135_20260618T232210_P05023_N_F_J_001"],"contextual_land_cover":null,"distance_to_water_m":null,"context_status":"NOT_AVAILABLE","reference_validated":false}},{"type":"Feature","geometry":{"type":"Polygon","coordinates":[[[91.03713,25.1725],[91.03713,25.17241],[91.03683,25.1724],[91.03684,25.17231],[91.03703,25.17232],[91.03704,25.17223],[91.03714,25.17223],[91.03714,25.17214],[91.03694,25.17213],[91.03694,25.17195],[91.03714,25.17196],[91.03714,25.17168],[91.03754,25.17169],[91.03754,25.1716],[91.03774,25.1716],[91.03774,25.17187],[91.03813,25.17188],[91.03813,25.17197],[91.03823,25.17197],[91.03823,25.17206],[91.03833,25.17206],[91.03833,25.17215],[91.03823,25.17215],[91.03822,25.17242],[91.03812,25.17242],[91.03813,25.17233],[91.03803,25.17233],[91.03802,25.17242],[91.03763,25.17241],[91.03763,25.1725],[91.03713,25.1725]],[[91.03733,25.17241],[91.03753,25.17241],[91.03753,25.17223],[91.03743,25.17223],[91.03743,25.17232],[91.03733,25.17232],[91.03733,25.17241]],[[91.03773,25.17232],[91.03793,25.17233],[91.03793,25.17215],[91.03803,25.17215],[91.03803,25.17206],[91.03793,25.17206],[91.03793,25.17197],[91.03773,25.17196],[91.03773,25.17205],[91.03763,25.17205],[91.03763,25.17214],[91.03773,25.17214],[91.03773,25.17232]],[[91.03733,25.17223],[91.03743,25.17223],[91.03744,25.17205],[91.03734,25.17205],[91.03733,25.17223]],[[91.03753,25.17223],[91.03763,25.17223],[91.03763,25.17214],[91.03753,25.17214],[91.03753,25.17223]],[[91.03714,25.17214],[91.03724,25.17214],[91.03724,25.17205],[91.03714,25.17205],[91.03714,25.17214]],[[91.03724,25.17205],[91.03734,25.17205],[91.03734,25.17178],[91.03724,25.17178],[91.03724,25.17205]],[[91.03744,25.17196],[91.03764,25.17196],[91.03764,25.17187],[91.03744,25.17187],[91.03744,25.17196]]]},"properties":{"id":"wetland_patch_e91eefca9425","date":"2026-06-30","area_km2":0.007,"pixel_count":70,"classification":"OPEN_WATER","interpretation_label":"HH darkening candidate","mean_delta_db":-4.599090548924037,"median_delta_db":-4.235292434692383,"hh_before":-15.692868477957589,"hh_after":-20.291959026881628,"hv_before":-23.645494542803082,"hv_after":-23.972695514134,"delta_hh":-4.599090548924037,"delta_hv":-0.3272009713309152,"valid_fraction":1.0,"valid_fraction_scope":"region bounding box, all four channels","vegetated_fraction":0.0,"quality_status":"PASS","spatial_status":"PARTIAL","temporal_status":"PARTIAL","temporal_overlap_fraction":null,"threshold_stability":"STABLE","threshold_variation_fraction":0.1724137931034483,"evidence_state":"MODERATE","centroid":[25.172103160186545,91.03756502360342],"data_source":"NISAR","evidence_method":"Rule consistency only; no accuracy estimate or independent reference validation.","baseline_method":"SINGLE_PRECEDING_OBSERVATION","baseline_observation_count":1,"baseline_observation_dates":["2026-06-18"],"baseline_hh_temporal_mad_db":null,"baseline_scene_names":["NISAR_L2_PR_GCOV_023_069_A_014_4005_DHDH_A_20260618T232135_20260618T232210_P05023_N_F_J_001"],"contextual_land_cover":null,"distance_to_water_m":null,"context_status":"NOT_AVAILABLE","reference_validated":false}},{"type":"Feature","geometry":{"type":"Polygon","coordinates":[[[91.08544,25.1725],[91.08545,25.17187],[91.08535,25.17187],[91.08536,25.17168],[91.08545,25.17169],[91.08546,25.1716],[91.08555,25.1716],[91.08555,25.17169],[91.08575,25.17169],[91.08575,25.1716],[91.08585,25.1716],[91.08586,25.17133],[91.08596,25.17133],[91.08595,25.1716],[91.08615,25.1716],[91.08615,25.17151],[91.08625,25.17152],[91.08625,25.17161],[91.08635,25.17161],[91.08635,25.17152],[91.08645,25.17152],[91.08645,25.1717],[91.08595,25.17169],[91.08595,25.17178],[91.08625,25.17179],[91.08624,25.17188],[91.08615,25.17188],[91.08614,25.17197],[91.08605,25.17196],[91.08605,25.17187],[91.08585,25.17187],[91.08585,25.17196],[91.08595,25.17196],[91.08594,25.17214],[91.08614,25.17215],[91.08614,25.17224],[91.08604,25.17224],[91.08604,25.17233],[91.08594,25.17232],[91.08594,25.17223],[91.08584,25.17223],[91.08584,25.17214],[91.08574,25.17214],[91.08574,25.17223],[91.08555,25.17223],[91.08554,25.1725],[91.08544,25.1725]],[[91.08575,25.17205],[91.08585,25.17205],[91.08585,25.17196],[91.08575,25.17196],[91.08575,25.17205]],[[91.08575,25.17187],[91.08585,25.17187],[91.08585,25.17178],[91.08575,25.17178],[91.08575,25.17187]]]},"properties":{"id":"wetland_patch_581deafac471","date":"2026-06-30","area_km2":0.0051,"pixel_count":51,"classification":"OPEN_WATER","interpretation_label":"HH darkening candidate","mean_delta_db":-4.921581436606014,"median_delta_db":-4.737174987792969,"hh_before":-16.717348136153877,"hh_after":-21.63892957275989,"hv_before":-23.96575710820217,"hv_after":-24.561508814493816,"delta_hh":-4.921581436606014,"delta_hv":-0.5957517062916475,"valid_fraction":1.0,"valid_fraction_scope":"region bounding box, all four channels","vegetated_fraction":0.0,"quality_status":"PASS","spatial_status":"PARTIAL","temporal_status":"PARTIAL","temporal_overlap_fraction":null,"threshold_stability":"SENSITIVE","threshold_variation_fraction":0.26229508196721313,"evidence_state":"UNCERTAIN","centroid":[25.171887800086132,91.08580223212441],"data_source":"NISAR","evidence_method":"Rule consistency only; no accuracy estimate or independent reference validation.","baseline_method":"SINGLE_PRECEDING_OBSERVATION","baseline_observation_count":1,"baseline_observation_dates":["2026-06-18"],"baseline_hh_temporal_mad_db":null,"baseline_scene_names":["NISAR_L2_PR_GCOV_023_069_A_014_4005_DHDH_A_20260618T232135_20260618T232210_P05023_N_F_J_001"],"contextual_land_cover":null,"distance_to_water_m":null,"context_status":"NOT_AVAILABLE","reference_validated":false}},{"type":"Feature","geometry":{"type":"Polygon","coordinates":[[[90.99817,25.17107],[90.99818,25.17062],[90.99808,25.17062],[90.99808,25.17044],[90.99788,25.17044],[90.99788,25.17035],[90.99778,25.17035],[90.99778,25.17044],[90.99758,25.17043],[90.99759,25.17034],[90.99749,25.17034],[90.99749,25.17016],[90.99729,25.17016],[90.99729,25.17034],[90.99719,25.17034],[90.99719,25.17043],[90.99709,25.17043],[90.99708,25.17079],[90.99718,25.17079],[90.99718,25.17097],[90.99688,25.17096],[90.99688,25.17087],[90.99678,25.17087],[90.99678,25.17078],[90.99698,25.17079],[90.99698,25.1707],[90.99689,25.17069],[90.99689,25.1706],[90.99679,25.1706],[90.99679,25.17051],[90.99689,25.17051],[90.99689,25.17042],[90.99699,25.17042],[90.99699,25.17033],[90.99709,25.17034],[90.9971,25.16988],[90.997,25.16988],[90.99699,25.17006],[90.9969,25.17006],[90.99689,25.17015],[90.99679,25.17015],[90.99679,25.17024],[90.99669,25.17024],[90.99669,25.17033],[90.99659,25.17033],[90.99659,25.1706],[90.99649,25.1706],[90.99649,25.17042],[90.99639,25.17042],[90.9964,25.17033],[90.9963,25.17032],[90.9963,25.17023],[90.9966,25.17024],[90.9966,25.17006],[90.9964,25.17006],[90.9964,25.17015],[90.9962,25.17014],[90.9962,25.17005],[90.9963,25.17005],[90.99631,25.16978],[90.99621,25.16978],[90.99621,25.1696],[90.99611,25.1696],[90.99611,25.16942],[90.99621,25.16942],[90.99621,25.16933],[90.99631,25.16933],[90.99631,25.16924],[90.99621,25.16924],[90.99622,25.16915],[90.99632,25.16915],[90.99632,25.16906],[90.99622,25.16906],[90.99622,25.16897],[90.99602,25.16897],[90.99602,25.16915],[90.99612,25.16915],[90.99612,25.16924],[90.99592,25.16924],[90.99592,25.16897],[90.99582,25.16896],[90.99582,25.16887],[90.99592,25.16888],[90.99592,25.16879],[90.99583,25.16878],[90.99583,25.1686],[90.99593,25.1686],[90.99593,25.16842],[90.99583,25.16842],[90.99583,25.16851],[90.99573,25.16851],[90.99573,25.16842],[90.99553,25.16842],[90.99554,25.16833],[90.99563,25.16833],[90.99564,25.16824],[90.99593,25.16824],[90.99594,25.16806],[90.99574,25.16806],[90.99574,25.16788],[90.99564,25.16788],[90.99564,25.16797],[90.99544,25.16797],[90.99544,25.16815],[90.99524,25.16814],[90.99524,25.16796],[90.99534,25.16796],[90.99535,25.16769],[90.99545,25.1677],[90.99545,25.16761],[90.99505,25.1676],[90.99505,25.16751],[90.99485,25.16751],[90.99486,25.16742],[90.99525,25.16742],[90.99525,25.16733],[90.99535,25.16733],[90.99535,25.16751],[90.99555,25.16752],[90.99555,25.16761],[90.99575,25.16761],[90.99574,25.1677],[90.99584,25.1677],[90.99585,25.16752],[90.99565,25.16752],[90.99565,25.16734],[90.99545,25.16733],[90.99545,25.16724],[90.99555,25.16725],[90.99555,25.16716],[90.99565,25.16716],[90.99566,25.16707],[90.99575,25.16707],[90.99576,25.16689],[90.99586,25.16689],[90.99586,25.1668],[90.99576,25.1668],[90.99576,25.16671],[90.99566,25.16671],[90.99566,25.16652],[90.99556,25.16652],[90.99557,25.16643],[90.99547,25.16643],[90.99547,25.16634],[90.99567,25.16634],[90.99567,25.16643],[90.99586,25.16644],[90.99586,25.16662],[90.99596,25.16662],[90.99596,25.1668],[90.99606,25.1668],[90.99606,25.16662],[90.99616,25.16662],[90.99616,25.16644],[90.99626,25.16644],[90.99625,25.1668],[90.99616,25.1668],[90.99615,25.16689],[90.99625,25.16689],[90.99624,25.16744],[90.99615,25.16743],[90.99615,25.16734],[90.99605,25.16734],[90.99605,25.16725],[90.99615,25.16725],[90.99615,25.16716],[90.99605,25.16716],[90.99605,25.16698],[90.99585,25.16698],[90.99585,25.16725],[90.99595,25.16725],[90.99594,25.16761],[90.99604,25.16761],[90.99604,25.16752],[90.99614,25.16752],[90.99614,25.16789],[90.99624,25.16789],[90.99624,25.16798],[90.99604,25.16797],[90.99603,25.16815],[90.99613,25.16816],[90.99613,25.16825],[90.99623,25.16825],[90.99622,25.16879],[90.99652,25.16879],[90.99653,25.16843],[90.99662,25.16843],[90.99663,25.16825],[90.99673,25.16825],[90.99673,25.16834],[90.99692,25.16835],[90.99692,25.16853],[90.99682,25.16853],[90.99682,25.1688],[90.99702,25.1688],[90.99702,25.16871],[90.99722,25.16871],[90.99721,25.1688],[90.99751,25.16881],[90.99751,25.1689],[90.99761,25.1689],[90.99761,25.16881],[90.99781,25.16881],[90.99781,25.1689],[90.99801,25.1689],[90.998,25.16899],[90.9981,25.169],[90.9981,25.16909],[90.9984,25.16909],[90.9984,25.16927],[90.9983,25.16927],[90.9983,25.16936],[90.9982,25.16936],[90.99819,25.16963],[90.99839,25.16963],[90.99839,25.16954],[90.99849,25.16954],[90.99849,25.16972],[90.99859,25.16972],[90.99859,25.16981],[90.99849,25.16981],[90.99848,25.16999],[90.99868,25.17],[90.99868,25.17009],[90.99858,25.17009],[90.99858,25.17018],[90.99848,25.17017],[90.99848,25.17026],[90.99868,25.17027],[90.99868,25.17036],[90.99878,25.17036],[90.99877,25.17045],[90.99867,25.17045],[90.99867,25.17063],[90.99877,25.17063],[90.99877,25.17072],[90.99837,25.17071],[90.99837,25.1708],[90.99827,25.1708],[90.99827,25.17107],[90.99817,25.17107]],[[90.99759,25.17034],[90.99768,25.17034],[90.99769,25.17025],[90.99759,25.17025],[90.99759,25.17034]],[[90.99798,25.17035],[90.99818,25.17035],[90.99818,25.17008],[90.99779,25.17007],[90.99779,25.17025],[90.99798,25.17026],[90.99798,25.17035]],[[90.99828,25.17035],[90.99838,25.17035],[90.99838,25.17008],[90.99828,25.17008],[90.99828,25.17035]],[[90.99719,25.17007],[90.99729,25.17007],[90.99729,25.16998],[90.99719,25.16998],[90.99719,25.17007]],[[90.9966,25.16997],[90.9967,25.16997],[90.9967,25.16988],[90.9966,25.16988],[90.9966,25.16997]],[[90.99769,25.16998],[90.99789,25.16999],[90.99789,25.1699],[90.99769,25.16989],[90.99769,25.16998]],[[90.9968,25.16988],[90.9969,25.16988],[90.9969,25.16979],[90.9968,25.16979],[90.9968,25.16988]],[[90.9964,25.16978],[90.9965,25.16979],[90.9965,25.1697],[90.99641,25.16969],[90.9964,25.16978]],[[90.9969,25.16979],[90.997,25.16979],[90.997,25.1697],[90.9969,25.1697],[90.9969,25.16979]],[[90.9966,25.1697],[90.9967,25.1697],[90.9967,25.16961],[90.99661,25.16961],[90.9966,25.1697]],[[90.9968,25.1697],[90.9969,25.1697],[90.9969,25.16961],[90.9968,25.16961],[90.9968,25.1697]],[[90.9971,25.16961],[90.9972,25.16961],[90.9972,25.16952],[90.9971,25.16952],[90.9971,25.16961]],[[90.9977,25.16962],[90.9978,25.16962],[90.9978,25.16953],[90.9977,25.16953],[90.9977,25.16962]],[[90.9975,25.16944],[90.9977,25.16944],[90.9977,25.16926],[90.9976,25.16926],[90.9976,25.16935],[90.9975,25.16935],[90.9975,25.16944]],[[90.9979,25.16917],[90.9981,25.16918],[90.9981,25.16909],[90.9979,25.16908],[90.9979,25.16917]],[[90.99661,25.16907],[90.99671,25.16907],[90.99671,25.16898],[90.99662,25.16898],[90.99661,25.16907]],[[90.99761,25.16899],[90.99771,25.16899],[90.99771,25.1689],[90.99761,25.1689],[90.99761,25.16899]],[[90.99652,25.16888],[90.99662,25.16888],[90.99662,25.16879],[90.99652,25.16879],[90.99652,25.16888]],[[90.99603,25.1687],[90.99612,25.1687],[90.99613,25.16861],[90.99603,25.16861],[90.99603,25.1687]],[[90.99593,25.16833],[90.99603,25.16834],[90.99603,25.16825],[90.99593,25.16824],[90.99593,25.16833]],[[90.99584,25.16797],[90.99594,25.16797],[90.99594,25.16788],[90.99584,25.16788],[90.99584,25.16797]],[[90.99565,25.16725],[90.99575,25.16725],[90.99575,25.16716],[90.99565,25.16716],[90.99565,25.16725]]]},"properties":{"id":"wetland_patch_964a266edeb4","date":"2026-06-30","area_km2":0.0523,"pixel_count":523,"classification":"OPEN_WATER","interpretation_label":"HH darkening candidate","mean_delta_db":-5.920694618448473,"median_delta_db":-5.596332550048828,"hh_before":-12.751426870804671,"hh_after":-18.672121489253144,"hv_before":-19.64637996316184,"hv_after":-22.47547410778972,"delta_hh":-5.920694618448473,"delta_hv":-2.8290941446278794,"valid_fraction":0.9427884615384615,"valid_fraction_scope":"region bounding box, all four channels","vegetated_fraction":0.0,"quality_status":"PASS","spatial_status":"PARTIAL","temporal_status":"PARTIAL","temporal_overlap_fraction":null,"threshold_stability":"SENSITIVE","threshold_variation_fraction":0.22324510932105868,"evidence_state":"UNCERTAIN","centroid":[25.16913710953632,90.99694423184448],"data_source":"NISAR","evidence_method":"Rule consistency only; no accuracy estimate or independent reference validation.","baseline_method":"SINGLE_PRECEDING_OBSERVATION","baseline_observation_count":1,"baseline_observation_dates":["2026-06-18"],"baseline_hh_temporal_mad_db":null,"baseline_scene_names":["NISAR_L2_PR_GCOV_023_069_A_014_4005_DHDH_A_20260618T232135_20260618T232210_P05023_N_F_J_001"],"contextual_land_cover":null,"distance_to_water_m":null,"context_status":"NOT_AVAILABLE","reference_validated":false}},{"type":"Feature","geometry":{"type":"Polygon","coordinates":[[[91.03785,25.17115],[91.03785,25.17106],[91.03765,25.17106],[91.03765,25.17079],[91.03785,25.17079],[91.03785,25.17088],[91.03795,25.17088],[91.03795,25.17061],[91.03786,25.17061],[91.03786,25.17034],[91.03776,25.17034],[91.03775,25.1707],[91.03766,25.1707],[91.03767,25.1698],[91.03757,25.16979],[91.03757,25.1697],[91.03747,25.1697],[91.03747,25.16979],[91.03727,25.16979],[91.03728,25.16961],[91.03738,25.16961],[91.03738,25.16952],[91.03748,25.16952],[91.03748,25.16943],[91.03777,25.16944],[91.03777,25.16962],[91.03767,25.16962],[91.03767,25.16971],[91.03777,25.16971],[91.03776,25.17025],[91.03796,25.17025],[91.03796,25.17043],[91.03816,25.17043],[91.03816,25.17025],[91.03836,25.17026],[91.03835,25.17053],[91.03825,25.17053],[91.03825,25.17071],[91.03835,25.17071],[91.03835,25.17098],[91.03844,25.17098],[91.03844,25.17107],[91.03854,25.17107],[91.03854,25.17116],[91.03834,25.17116],[91.03834,25.17107],[91.03824,25.17107],[91.03825,25.17098],[91.03805,25.17097],[91.03805,25.17106],[91.03795,25.17106],[91.03795,25.17115],[91.03785,25.17115]],[[91.03815,25.17089],[91.03825,25.17089],[91.03825,25.1708],[91.03815,25.1708],[91.03815,25.17089]],[[91.03805,25.17079],[91.03815,25.1708],[91.03815,25.17071],[91.03805,25.1707],[91.03805,25.17079]],[[91.03795,25.17061],[91.03805,25.17061],[91.03806,25.17052],[91.03796,25.17052],[91.03795,25.17061]],[[91.03747,25.16961],[91.03757,25.16961],[91.03758,25.16952],[91.03748,25.16952],[91.03747,25.16961]]]},"properties":{"id":"wetland_patch_3727b4ce1340","date":"2026-06-30","area_km2":0.0066,"pixel_count":66,"classification":"OPEN_WATER","interpretation_label":"HH darkening candidate","mean_delta_db":-4.444803194566206,"median_delta_db":-4.162670135498047,"hh_before":-15.578747402537953,"hh_after":-20.02355059710416,"hv_before":-23.94076243313876,"hv_after":-24.179379434296578,"delta_hh":-4.444803194566206,"delta_hv":-0.23861700115781842,"valid_fraction":1.0,"valid_fraction_scope":"region bounding box, all four channels","vegetated_fraction":0.0,"quality_status":"PASS","spatial_status":"PARTIAL","temporal_status":"PARTIAL","temporal_overlap_fraction":null,"threshold_stability":"SENSITIVE","threshold_variation_fraction":0.29770992366412213,"evidence_state":"UNCERTAIN","centroid":[25.170425666035072,91.03790490053083],"data_source":"NISAR","evidence_method":"Rule consistency only; no accuracy estimate or independent reference validation.","baseline_method":"SINGLE_PRECEDING_OBSERVATION","baseline_observation_count":1,"baseline_observation_dates":["2026-06-18"],"baseline_hh_temporal_mad_db":null,"baseline_scene_names":["NISAR_L2_PR_GCOV_023_069_A_014_4005_DHDH_A_20260618T232135_20260618T232210_P05023_N_F_J_001"],"contextual_land_cover":null,"distance_to_water_m":null,"context_status":"NOT_AVAILABLE","reference_validated":false}},{"type":"Feature","geometry":{"type":"Polygon","coordinates":[[[91.02089,25.17057],[91.0209,25.17029],[91.0208,25.17029],[91.0208,25.17002],[91.0209,25.17002],[91.0209,25.16993],[91.021,25.16994],[91.021,25.16984],[91.0209,25.16984],[91.02091,25.16975],[91.02081,25.16975],[91.02081,25.16957],[91.02061,25.16957],[91.02061,25.16948],[91.02081,25.16948],[91.02081,25.1693],[91.02072,25.1693],[91.02071,25.16939],[91.02032,25.16938],[91.02032,25.16902],[91.02052,25.16903],[91.02052,25.16912],[91.02062,25.16912],[91.02062,25.16921],[91.02092,25.16921],[91.02091,25.1693],[91.02101,25.1693],[91.02101,25.16939],[91.02131,25.1694],[91.02131,25.16949],[91.02141,25.16949],[91.02141,25.1694],[91.02161,25.1694],[91.02161,25.16931],[91.02181,25.16931],[91.02181,25.16922],[91.02161,25.16922],[91.02161,25.16913],[91.02191,25.16913],[91.02191,25.16923],[91.02201,25.16923],[91.022,25.16932],[91.0221,25.16932],[91.02211,25.16914],[91.0223,25.16914],[91.0223,25.16923],[91.0224,25.16923],[91.0224,25.16932],[91.0225,25.16932],[91.0225,25.16905],[91.0226,25.16905],[91.0226,25.16914],[91.0228,25.16915],[91.0228,25.16924],[91.0227,25.16924],[91.0227,25.16951],[91.0225,25.1695],[91.0225,25.16959],[91.0224,25.16959],[91.0224,25.16968],[91.0222,25.16968],[91.02219,25.16986],[91.02229,25.16986],[91.02229,25.16995],[91.02199,25.16995],[91.022,25.16977],[91.0221,25.16977],[91.0221,25.16968],[91.0218,25.16968],[91.0218,25.16977],[91.0219,25.16977],[91.0219,25.16986],[91.0218,25.16986],[91.0218,25.16995],[91.0219,25.16995],[91.02189,25.17004],[91.02179,25.17004],[91.02179,25.17013],[91.02189,25.17013],[91.02189,25.17022],[91.02179,25.17022],[91.02179,25.17031],[91.02159,25.1703],[91.02159,25.17021],[91.02169,25.17022],[91.0217,25.16985],[91.0216,25.16985],[91.0216,25.16976],[91.0215,25.16976],[91.02149,25.1703],[91.02139,25.1703],[91.02139,25.17057],[91.02119,25.17057],[91.02119,25.17048],[91.02129,25.17048],[91.02129,25.17039],[91.021,25.17039],[91.02099,25.17057],[91.02089,25.17057]],[[91.0212,25.17021],[91.0213,25.17021],[91.0213,25.17012],[91.0212,25.17012],[91.0212,25.17021]],[[91.0211,25.17012],[91.0212,25.17012],[91.0212,25.17003],[91.0211,25.17003],[91.0211,25.17012]],[[91.02121,25.16967],[91.0213,25.16967],[91.02131,25.16958],[91.02121,25.16958],[91.02121,25.16967]],[[91.0214,25.16967],[91.0215,25.16967],[91.0215,25.16958],[91.02141,25.16958],[91.0214,25.16967]],[[91.02101,25.16957],[91.02111,25.16958],[91.02111,25.16949],[91.02101,25.16948],[91.02101,25.16957]],[[91.0221,25.16959],[91.0224,25.16959],[91.0224,25.16941],[91.0222,25.16941],[91.0222,25.1695],[91.0221,25.1695],[91.0221,25.16959]],[[91.0218,25.16949],[91.0219,25.1695],[91.0219,25.16941],[91.0218,25.1694],[91.0218,25.16949]],[[91.0222,25.16932],[91.0223,25.16932],[91.0223,25.16923],[91.0222,25.16923],[91.0222,25.16932]]]},"properties":{"id":"wetland_patch_c034503ab167","date":"2026-06-30","area_km2":0.016,"pixel_count":160,"classification":"OPEN_WATER","interpretation_label":"HH darkening candidate","mean_delta_db":-5.658492332696914,"median_delta_db":-5.393166542053223,"hh_before":-13.132060450315475,"hh_after":-18.79055278301239,"hv_before":-20.366270607709886,"hv_after":-22.669811844825745,"delta_hh":-5.658492332696914,"delta_hv":-2.30354123711586,"valid_fraction":1.0,"valid_fraction_scope":"region bounding box, all four channels","vegetated_fraction":0.0,"quality_status":"PASS","spatial_status":"PARTIAL","temporal_status":"PARTIAL","temporal_overlap_fraction":null,"threshold_stability":"STABLE","threshold_variation_fraction":0.12264150943396226,"evidence_state":"MODERATE","centroid":[25.169687118025944,91.0214777416893],"data_source":"NISAR","evidence_method":"Rule consistency only; no accuracy estimate or independent reference validation.","baseline_method":"SINGLE_PRECEDING_OBSERVATION","baseline_observation_count":1,"baseline_observation_dates":["2026-06-18"],"baseline_hh_temporal_mad_db":null,"baseline_scene_names":["NISAR_L2_PR_GCOV_023_069_A_014_4005_DHDH_A_20260618T232135_20260618T232210_P05023_N_F_J_001"],"contextual_land_cover":null,"distance_to_water_m":null,"context_status":"NOT_AVAILABLE","reference_validated":false}},{"type":"Feature","geometry":{"type":"Polygon","coordinates":[[[91.01802,25.17026],[91.01802,25.17017],[91.01812,25.17017],[91.01812,25.17008],[91.01793,25.17007],[91.01793,25.16989],[91.01783,25.16989],[91.01782,25.17016],[91.01773,25.17016],[91.01773,25.17007],[91.01763,25.17007],[91.01763,25.16989],[91.01773,25.16989],[91.01774,25.16953],[91.01783,25.16953],[91.01784,25.16935],[91.01774,25.16935],[91.01774,25.16944],[91.01764,25.16944],[91.01764,25.16935],[91.01754,25.16935],[91.01754,25.16944],[91.01744,25.16944],[91.01744,25.16935],[91.01724,25.16934],[91.01724,25.16943],[91.01704,25.16943],[91.01704,25.16952],[91.01684,25.16952],[91.01684,25.16943],[91.01694,25.16943],[91.01695,25.16916],[91.01675,25.16916],[91.01675,25.16925],[91.01685,25.16925],[91.01685,25.16934],[91.01665,25.16934],[91.01664,25.16952],[91.01635,25.16951],[91.01635,25.16942],[91.01645,25.16942],[91.01645,25.16924],[91.01635,25.16924],[91.01635,25.16915],[91.01625,25.16915],[91.01626,25.16906],[91.01645,25.16906],[91.01645,25.16915],[91.01665,25.16915],[91.01665,25.16906],[91.01655,25.16906],[91.01655,25.16897],[91.01675,25.16898],[91.01675,25.16907],[91.01685,25.16907],[91.01685,25.16898],[91.01715,25.16898],[91.01715,25.16907],[91.01725,25.16907],[91.01725,25.16898],[91.01735,25.16898],[91.01735,25.16889],[91.01725,25.16889],[91.01725,25.16871],[91.01745,25.16871],[91.01745,25.16853],[91.01755,25.16853],[91.01755,25.16844],[91.01765,25.16845],[91.01766,25.16818],[91.01756,25.16817],[91.01756,25.16808],[91.01736,25.16808],[91.01736,25.16799],[91.01746,25.16799],[91.01746,25.1679],[91.01766,25.1679],[91.01766,25.16781],[91.01776,25.16782],[91.01776,25.16773],[91.01767,25.16772],[91.01767,25.16763],[91.01777,25.16764],[91.01777,25.16745],[91.01757,25.16745],[91.01757,25.16727],[91.01767,25.16727],[91.01767,25.16736],[91.01787,25.16737],[91.01787,25.16746],[91.01817,25.16746],[91.01817,25.16737],[91.01846,25.16737],[91.01846,25.16746],[91.01827,25.16746],[91.01826,25.16755],[91.01836,25.16755],[91.01836,25.16764],[91.01816,25.16764],[91.01816,25.16773],[91.01826,25.16773],[91.01826,25.16782],[91.01836,25.16782],[91.01836,25.168],[91.01816,25.168],[91.01815,25.16827],[91.01825,25.16827],[91.01825,25.16818],[91.01835,25.16818],[91.01835,25.16837],[91.01825,25.16836],[91.01825,25.16845],[91.01835,25.16846],[91.01835,25.16855],[91.01845,25.16855],[91.01845,25.16828],[91.01865,25.16828],[91.01865,25.16837],[91.01875,25.16837],[91.01874,25.16846],[91.01855,25.16846],[91.01854,25.16864],[91.01864,25.16864],[91.01864,25.16855],[91.01874,25.16855],[91.01874,25.16864],[91.01894,25.16864],[91.01894,25.16873],[91.01884,25.16873],[91.01884,25.16882],[91.01874,25.16882],[91.01874,25.16873],[91.01854,25.16873],[91.01854,25.16882],[91.01834,25.16882],[91.01834,25.16909],[91.01814,25.16908],[91.01814,25.16917],[91.01853,25.16918],[91.01853,25.16927],[91.01873,25.16927],[91.01873,25.16936],[91.01883,25.16936],[91.01883,25.16909],[91.01893,25.1691],[91.01893,25.16955],[91.01912,25.16955],[91.01912,25.16964],[91.01922,25.16964],[91.01922,25.16973],[91.01932,25.16973],[91.01932,25.16955],[91.01922,25.16955],[91.01922,25.16946],[91.01932,25.16946],[91.01933,25.16937],[91.01913,25.16937],[91.01913,25.16901],[91.01923,25.16901],[91.01923,25.16892],[91.01894,25.16891],[91.01894,25.16882],[91.01904,25.16883],[91.01904,25.16874],[91.01914,25.16874],[91.01914,25.16883],[91.01933,25.16883],[91.01933,25.16892],[91.01953,25.16892],[91.01953,25.16901],[91.01973,25.16902],[91.01973,25.16911],[91.01983,25.16911],[91.01983,25.16902],[91.01993,25.16902],[91.01992,25.16911],[91.02012,25.16911],[91.02012,25.1692],[91.02022,25.1692],[91.02022,25.16947],[91.02041,25.16948],[91.02041,25.16957],[91.02051,25.16957],[91.02051,25.16966],[91.02041,25.16966],[91.02041,25.16975],[91.02071,25.16975],[91.02071,25.16993],[91.02041,25.16993],[91.02041,25.17002],[91.02051,25.17002],[91.0205,25.17011],[91.02031,25.17011],[91.02031,25.17002],[91.02021,25.17001],[91.02021,25.16992],[91.02011,25.16992],[91.02011,25.17001],[91.02001,25.17001],[91.02001,25.16983],[91.01981,25.16983],[91.01981,25.16992],[91.01971,25.16992],[91.01971,25.16983],[91.01962,25.16983],[91.01961,25.16992],[91.01951,25.16992],[91.01951,25.17001],[91.01932,25.17],[91.01932,25.16991],[91.01942,25.16991],[91.01942,25.16982],[91.01922,25.16982],[91.01922,25.16991],[91.01912,25.16991],[91.01912,25.16973],[91.01902,25.16973],[91.01902,25.16964],[91.01892,25.16964],[91.01892,25.16973],[91.01882,25.16973],[91.01882,25.16982],[91.01902,25.16982],[91.01902,25.17],[91.01892,25.17],[91.01892,25.16991],[91.01882,25.16991],[91.01882,25.17018],[91.01862,25.17017],[91.01862,25.17008],[91.01852,25.17008],[91.01852,25.17017],[91.01842,25.17017],[91.01842,25.16999],[91.01822,25.16999],[91.01822,25.17026],[91.01802,25.17026]],[[91.01813,25.1699],[91.01823,25.1699],[91.01823,25.16981],[91.01813,25.16981],[91.01813,25.1699]],[[91.01862,25.1699],[91.01872,25.1699],[91.01872,25.16981],[91.01862,25.16981],[91.01862,25.1699]],[[91.01793,25.1698],[91.01803,25.16981],[91.01803,25.16971],[91.01793,25.16971],[91.01793,25.1698]],[[91.02011,25.16983],[91.02021,25.16983],[91.02021,25.16974],[91.02011,25.16974],[91.02011,25.16983]],[[91.01872,25.16972],[91.01882,25.16973],[91.01883,25.16964],[91.01873,25.16963],[91.01872,25.16972]],[[91.01982,25.16974],[91.01991,25.16974],[91.01992,25.16965],[91.01982,25.16965],[91.01982,25.16974]],[[91.01823,25.16963],[91.01843,25.16963],[91.01843,25.16945],[91.01813,25.16945],[91.01813,25.16954],[91.01823,25.16954],[91.01823,25.16963]],[[91.01942,25.16964],[91.01962,25.16965],[91.01962,25.16956],[91.01942,25.16955],[91.01942,25.16964]],[[91.01992,25.16965],[91.02011,25.16965],[91.02012,25.16956],[91.01992,25.16956],[91.01992,25.16965]],[[91.01962,25.16956],[91.01982,25.16956],[91.01982,25.16938],[91.01972,25.16938],[91.01972,25.1692],[91.01963,25.16919],[91.01962,25.16928],[91.01953,25.16928],[91.01952,25.16937],[91.01942,25.16937],[91.01942,25.16946],[91.01962,25.16947],[91.01962,25.16956]],[[91.01843,25.16945],[91.01853,25.16945],[91.01853,25.16927],[91.01843,25.16927],[91.01843,25.16945]],[[91.01863,25.16945],[91.01873,25.16945],[91.01873,25.16936],[91.01863,25.16936],[91.01863,25.16945]],[[91.01992,25.16947],[91.02002,25.16947],[91.02002,25.16938],[91.01992,25.16938],[91.01992,25.16947]],[[91.01704,25.16934],[91.01714,25.16934],[91.01715,25.16916],[91.01705,25.16916],[91.01704,25.16934]],[[91.01804,25.16935],[91.01814,25.16936],[91.01814,25.16926],[91.01804,25.16926],[91.01804,25.16935]],[[91.01992,25.16929],[91.02002,25.16929],[91.02002,25.1692],[91.01992,25.1692],[91.01992,25.16929]],[[91.01695,25.16916],[91.01705,25.16916],[91.01705,25.16907],[91.01695,25.16907],[91.01695,25.16916]],[[91.01754,25.16917],[91.01764,25.16917],[91.01764,25.16908],[91.01754,25.16908],[91.01754,25.16917]],[[91.01784,25.16908],[91.01804,25.16908],[91.01804,25.1689],[91.01784,25.1689],[91.01784,25.16908]],[[91.01755,25.16899],[91.01774,25.16899],[91.01775,25.1689],[91.01755,25.1689],[91.01755,25.16899]],[[91.01735,25.16889],[91.01745,25.16889],[91.01745,25.1688],[91.01735,25.1688],[91.01735,25.16889]],[[91.01775,25.16881],[91.01795,25.16881],[91.01795,25.16872],[91.01775,25.16872],[91.01775,25.16881]],[[91.01824,25.16882],[91.01834,25.16882],[91.01834,25.16873],[91.01824,25.16872],[91.01824,25.16882]],[[91.01755,25.16863],[91.01765,25.16863],[91.01765,25.16854],[91.01755,25.16853],[91.01755,25.16863]],[[91.01785,25.16854],[91.01795,25.16854],[91.01795,25.16845],[91.01785,25.16845],[91.01785,25.16854]],[[91.01786,25.16827],[91.01795,25.16827],[91.01796,25.16818],[91.01786,25.16818],[91.01786,25.16827]],[[91.01796,25.168],[91.01806,25.168],[91.01806,25.16791],[91.01816,25.16791],[91.01816,25.16782],[91.01786,25.16782],[91.01786,25.16791],[91.01796,25.16791],[91.01796,25.168]],[[91.01786,25.16773],[91.01806,25.16773],[91.01806,25.16764],[91.01816,25.16764],[91.01816,25.16755],[91.01797,25.16755],[91.01796,25.16764],[91.01787,25.16764],[91.01786,25.16773]]]},"properties":{"id":"wetland_patch_a557f5c939a8","date":"2026-06-30","area_km2":0.0415,"pixel_count":415,"classification":"OPEN_WATER","interpretation_label":"HH darkening candidate","mean_delta_db":-5.436953781311771,"median_delta_db":-5.006662368774414,"hh_before":-13.817885488487152,"hh_after":-19.25483926979892,"hv_before":-20.65863633213273,"hv_after":-22.992322393210536,"delta_hh":-5.436953781311771,"delta_hv":-2.3336860610778074,"valid_fraction":1.0,"valid_fraction_scope":"region bounding box, all four channels","vegetated_fraction":0.0,"quality_status":"PASS","spatial_status":"PARTIAL","temporal_status":"PARTIAL","temporal_overlap_fraction":null,"threshold_stability":"SENSITIVE","threshold_variation_fraction":0.2296774193548387,"evidence_state":"UNCERTAIN","centroid":[25.169112576766143,91.01842943427894],"data_source":"NISAR","evidence_method":"Rule consistency only; no accuracy estimate or independent reference validation.","baseline_method":"SINGLE_PRECEDING_OBSERVATION","baseline_observation_count":1,"baseline_observation_dates":["2026-06-18"],"baseline_hh_temporal_mad_db":null,"baseline_scene_names":["NISAR_L2_PR_GCOV_023_069_A_014_4005_DHDH_A_20260618T232135_20260618T232210_P05023_N_F_J_001"],"contextual_land_cover":null,"distance_to_water_m":null,"context_status":"NOT_AVAILABLE","reference_validated":false}},{"type":"Feature","geometry":{"type":"Polygon","coordinates":[[[91.10342,25.17074],[91.10343,25.17056],[91.10353,25.17056],[91.10353,25.17047],[91.10313,25.17047],[91.10313,25.17038],[91.10303,25.17038],[91.10303,25.17047],[91.10293,25.17047],[91.10293,25.17056],[91.10283,25.17056],[91.10283,25.17065],[91.10273,25.17064],[91.10273,25.17046],[91.10283,25.17047],[91.10283,25.17038],[91.10254,25.17037],[91.10254,25.17028],[91.10264,25.17028],[91.10264,25.1701],[91.10254,25.1701],[91.10254,25.16992],[91.10274,25.16992],[91.10274,25.17001],[91.10284,25.17001],[91.10284,25.16992],[91.10294,25.16993],[91.10294,25.17002],[91.10304,25.17002],[91.10304,25.16993],[91.10314,25.16993],[91.10314,25.16984],[91.10324,25.16984],[91.10325,25.16948],[91.10334,25.16948],[91.10334,25.16957],[91.10344,25.16957],[91.10344,25.16966],[91.10354,25.16966],[91.10354,25.16975],[91.10364,25.16975],[91.10364,25.16984],[91.10393,25.16985],[91.10393,25.16994],[91.10403,25.16994],[91.10403,25.17003],[91.10423,25.17003],[91.10423,25.17012],[91.10403,25.17012],[91.10403,25.17021],[91.10373,25.17021],[91.10373,25.1703],[91.10363,25.17029],[91.10362,25.17066],[91.10352,25.17065],[91.10352,25.17075],[91.10342,25.17074]],[[91.10313,25.17038],[91.10333,25.17038],[91.10333,25.17029],[91.10313,25.17029],[91.10313,25.17038]],[[91.10343,25.17038],[91.10353,25.17038],[91.10353,25.17029],[91.10343,25.17029],[91.10343,25.17038]],[[91.10274,25.17028],[91.10284,25.17028],[91.10284,25.17019],[91.10274,25.17019],[91.10274,25.17028]],[[91.10304,25.1702],[91.10314,25.1702],[91.10314,25.17011],[91.10304,25.17011],[91.10304,25.1702]],[[91.10333,25.1702],[91.10343,25.1702],[91.10343,25.17011],[91.10333,25.17011],[91.10333,25.1702]],[[91.10363,25.17011],[91.10393,25.17012],[91.10393,25.17003],[91.10383,25.17003],[91.10383,25.16994],[91.10373,25.16994],[91.10373,25.17003],[91.10363,25.17002],[91.10363,25.17011]],[[91.10353,25.17002],[91.10363,25.17002],[91.10364,25.16993],[91.10354,25.16993],[91.10353,25.17002]],[[91.10344,25.16993],[91.10354,25.16993],[91.10354,25.16984],[91.10344,25.16984],[91.10344,25.16993]],[[91.10334,25.16975],[91.10344,25.16975],[91.10344,25.16966],[91.10334,25.16966],[91.10334,25.16975]]]},"properties":{"id":"wetland_patch_ce8542a9957e","date":"2026-06-30","area_km2":0.0085,"pixel_count":85,"classification":"OPEN_WATER","interpretation_label":"HH darkening candidate","mean_delta_db":-4.885618063982795,"median_delta_db":-4.4390974044799805,"hh_before":-15.037790343340706,"hh_after":-19.9234084073235,"hv_before":-23.763799330767462,"hv_after":-24.37255271462833,"delta_hh":-4.885618063982795,"delta_hv":-0.6087533838608685,"valid_fraction":1.0,"valid_fraction_scope":"region bounding box, all four channels","vegetated_fraction":0.0,"quality_status":"PASS","spatial_status":"PARTIAL","temporal_status":"PARTIAL","temporal_overlap_fraction":null,"threshold_stability":"SENSITIVE","threshold_variation_fraction":0.275,"evidence_state":"UNCERTAIN","centroid":[25.17013182398992,91.10328735986326],"data_source":"NISAR","evidence_method":"Rule consistency only; no accuracy estimate or independent reference validation.","baseline_method":"SINGLE_PRECEDING_OBSERVATION","baseline_observation_count":1,"baseline_observation_dates":["2026-06-18"],"baseline_hh_temporal_mad_db":null,"baseline_scene_names":["NISAR_L2_PR_GCOV_023_069_A_014_4005_DHDH_A_20260618T232135_20260618T232210_P05023_N_F_J_001"],"contextual_land_cover":null,"distance_to_water_m":null,"context_status":"NOT_AVAILABLE","reference_validated":false}},{"type":"Feature","geometry":{"type":"Polygon","coordinates":[[[91.09133,25.17023],[91.09133,25.16996],[91.09123,25.16996],[91.09124,25.16986],[91.09114,25.16986],[91.09113,25.17004],[91.09094,25.17004],[91.09094,25.16995],[91.09084,25.16995],[91.09084,25.17004],[91.09074,25.17004],[91.09074,25.17013],[91.09064,25.17013],[91.09064,25.17004],[91.09054,25.17004],[91.09054,25.16968],[91.09045,25.16967],[91.09045,25.16949],[91.09055,25.16949],[91.09055,25.16959],[91.09065,25.16959],[91.09064,25.16968],[91.09074,25.16968],[91.09074,25.16959],[91.09084,25.16959],[91.09085,25.16941],[91.09095,25.16941],[91.09094,25.1695],[91.09114,25.1695],[91.09114,25.16941],[91.09105,25.16941],[91.09105,25.16932],[91.09124,25.16932],[91.09125,25.16914],[91.09135,25.16914],[91.09135,25.16905],[91.09155,25.16906],[91.09155,25.16897],[91.09165,25.16897],[91.09165,25.16906],[91.09174,25.16906],[91.09175,25.16897],[91.09185,25.16897],[91.09184,25.16906],[91.09224,25.16907],[91.09224,25.16916],[91.09204,25.16915],[91.09204,25.16924],[91.09214,25.16924],[91.09214,25.16943],[91.09243,25.16943],[91.09243,25.16934],[91.09263,25.16934],[91.09263,25.16943],[91.09253,25.16943],[91.09253,25.16952],[91.09194,25.16951],[91.09194,25.16942],[91.09184,25.16942],[91.09184,25.1696],[91.09174,25.1696],[91.09174,25.16969],[91.09183,25.16969],[91.09183,25.16978],[91.09193,25.16978],[91.09193,25.16996],[91.09173,25.16996],[91.09173,25.17005],[91.09193,25.17005],[91.09193,25.17014],[91.09143,25.17014],[91.09143,25.17023],[91.09133,25.17023]],[[91.09074,25.16995],[91.09084,25.16995],[91.09084,25.16986],[91.09074,25.16986],[91.09074,25.16995]],[[91.09153,25.16996],[91.09163,25.16996],[91.09163,25.16987],[91.09153,25.16987],[91.09153,25.16996]],[[91.09094,25.16977],[91.09124,25.16977],[91.09124,25.16968],[91.09114,25.16968],[91.09114,25.16959],[91.09104,25.16959],[91.09104,25.16968],[91.09094,25.16968],[91.09094,25.16977]],[[91.09154,25.16978],[91.09163,25.16978],[91.09164,25.16969],[91.09154,25.16969],[91.09154,25.16978]],[[91.09084,25.16968],[91.09094,25.16968],[91.09094,25.16959],[91.09084,25.16959],[91.09084,25.16968]],[[91.09144,25.16969],[91.09154,25.16969],[91.09154,25.16942],[91.09144,25.16942],[91.09144,25.16924],[91.09135,25.16923],[91.09134,25.1696],[91.09144,25.1696],[91.09144,25.16969]],[[91.09154,25.16942],[91.09164,25.16942],[91.09164,25.16924],[91.09154,25.16924],[91.09154,25.16942]],[[91.09194,25.16942],[91.09204,25.16942],[91.09204,25.16933],[91.09194,25.16933],[91.09194,25.16942]]]},"properties":{"id":"wetland_patch_7542dcd3d694","date":"2026-06-30","area_km2":0.0117,"pixel_count":117,"classification":"OPEN_WATER","interpretation_label":"HH darkening candidate","mean_delta_db":-5.2222712101080475,"median_delta_db":-4.634368896484375,"hh_before":-15.217835842034756,"hh_after":-20.440107052142803,"hv_before":-24.068067860399555,"hv_after":-24.28303658249032,"delta_hh":-5.2222712101080475,"delta_hv":-0.2149687220907619,"valid_fraction":1.0,"valid_fraction_scope":"region bounding box, all four channels","vegetated_fraction":0.0,"quality_status":"PASS","spatial_status":"PARTIAL","temporal_status":"PARTIAL","temporal_overlap_fraction":null,"threshold_stability":"SENSITIVE","threshold_variation_fraction":0.22,"evidence_state":"UNCERTAIN","centroid":[25.16960170927151,91.09144603773535],"data_source":"NISAR","evidence_method":"Rule consistency only; no accuracy estimate or independent reference validation.","baseline_method":"SINGLE_PRECEDING_OBSERVATION","baseline_observation_count":1,"baseline_observation_dates":["2026-06-18"],"baseline_hh_temporal_mad_db":null,"baseline_scene_names":["NISAR_L2_PR_GCOV_023_069_A_014_4005_DHDH_A_20260618T232135_20260618T232210_P05023_N_F_J_001"],"contextual_land_cover":null,"distance_to_water_m":null,"context_status":"NOT_AVAILABLE","reference_validated":false}},{"type":"Feature","geometry":{"type":"Polygon","coordinates":[[[91.01626,25.16897],[91.01626,25.16888],[91.01616,25.16888],[91.01616,25.1687],[91.01626,25.1687],[91.01626,25.16861],[91.01646,25.16861],[91.01646,25.16852],[91.01626,25.16852],[91.01627,25.16843],[91.01617,25.16843],[91.01616,25.16861],[91.01606,25.16861],[91.01607,25.16842],[91.01597,25.16842],[91.01597,25.16824],[91.01587,25.16824],[91.01587,25.16815],[91.01607,25.16815],[91.01607,25.16824],[91.01617,25.16825],[91.01617,25.16834],[91.01627,25.16834],[91.01627,25.16816],[91.01657,25.16816],[91.01657,25.16807],[91.01647,25.16807],[91.01648,25.16771],[91.01657,25.16771],[91.01657,25.16798],[91.01667,25.16798],[91.01667,25.16807],[91.01677,25.16807],[91.01677,25.16798],[91.01687,25.16798],[91.01687,25.16807],[91.01697,25.16808],[91.01696,25.16817],[91.01706,25.16817],[91.01706,25.16826],[91.01696,25.16826],[91.01696,25.16844],[91.01706,25.16844],[91.01706,25.16853],[91.01716,25.16853],[91.01716,25.16862],[91.01686,25.16862],[91.01686,25.16853],[91.01666,25.16852],[91.01666,25.16843],[91.01656,25.16843],[91.01656,25.16861],[91.01666,25.16861],[91.01666,25.1687],[91.01646,25.1687],[91.01646,25.16888],[91.01636,25.16888],[91.01636,25.16897],[91.01626,25.16897]],[[91.01626,25.16879],[91.01636,25.16879],[91.01636,25.1687],[91.01626,25.1687],[91.01626,25.16879]],[[91.01647,25.16834],[91.01686,25.16835],[91.01686,25.16825],[91.01676,25.16825],[91.01677,25.16816],[91.01667,25.16816],[91.01667,25.16825],[91.01647,25.16825],[91.01647,25.16834]]]},"properties":{"id":"wetland_patch_17ea902b07c0","date":"2026-06-30","area_km2":0.0057,"pixel_count":57,"classification":"OPEN_WATER","interpretation_label":"HH darkening candidate","mean_delta_db":-4.579984572895786,"median_delta_db":-4.244329452514648,"hh_before":-10.964476643947133,"hh_after":-15.544461216842919,"hv_before":-18.17145590196576,"hv_after":-20.311473997015703,"delta_hh":-4.579984572895786,"delta_hv":-2.1400180950499417,"valid_fraction":1.0,"valid_fraction_scope":"region bounding box, all four channels","vegetated_fraction":0.0,"quality_status":"PASS","spatial_status":"PARTIAL","temporal_status":"PARTIAL","temporal_overlap_fraction":null,"threshold_stability":"SENSITIVE","threshold_variation_fraction":0.23076923076923078,"evidence_state":"UNCERTAIN","centroid":[25.168376198868458,91.01652126541393],"data_source":"NISAR","evidence_method":"Rule consistency only; no accuracy estimate or independent reference validation.","baseline_method":"SINGLE_PRECEDING_OBSERVATION","baseline_observation_count":1,"baseline_observation_dates":["2026-06-18"],"baseline_hh_temporal_mad_db":null,"baseline_scene_names":["NISAR_L2_PR_GCOV_023_069_A_014_4005_DHDH_A_20260618T232135_20260618T232210_P05023_N_F_J_001"],"contextual_land_cover":null,"distance_to_water_m":null,"context_status":"NOT_AVAILABLE","reference_validated":false}},{"type":"Feature","geometry":{"type":"Polygon","coordinates":[[[91.10364,25.16975],[91.10364,25.16966],[91.10354,25.16966],[91.10354,25.16957],[91.10344,25.16957],[91.10344,25.16948],[91.10334,25.16948],[91.10335,25.16939],[91.10354,25.16939],[91.10355,25.1693],[91.10345,25.1693],[91.10345,25.16921],[91.10335,25.16921],[91.10335,25.16912],[91.10325,25.16912],[91.10325,25.16921],[91.10315,25.16921],[91.10315,25.16912],[91.10305,25.16911],[91.10306,25.16893],[91.10315,25.16893],[91.10316,25.16884],[91.10326,25.16885],[91.10326,25.16867],[91.10336,25.16867],[91.10335,25.16885],[91.10375,25.16885],[91.10375,25.16876],[91.10365,25.16876],[91.10365,25.16867],[91.10385,25.16867],[91.10385,25.16858],[91.10395,25.16858],[91.10395,25.16867],[91.10405,25.16868],[91.10405,25.16886],[91.10395,25.16885],[91.10395,25.16904],[91.10385,25.16903],[91.10385,25.16894],[91.10375,25.16894],[91.10375,25.16903],[91.10355,25.16903],[91.10355,25.16912],[91.10365,25.16912],[91.10365,25.16921],[91.10394,25.16922],[91.10394,25.16931],[91.10374,25.1693],[91.10374,25.16948],[91.10384,25.16949],[91.10384,25.16939],[91.10394,25.1694],[91.10394,25.16958],[91.10384,25.16958],[91.10384,25.16976],[91.10364,25.16975]],[[91.10325,25.16903],[91.10335,25.16903],[91.10335,25.16894],[91.10325,25.16894],[91.10325,25.16903]]]},"properties":{"id":"wetland_patch_8ed44587c0fd","date":"2026-06-30","area_km2":0.0056,"pixel_count":56,"classification":"OPEN_WATER","interpretation_label":"HH darkening candidate","mean_delta_db":-5.2156319958823065,"median_delta_db":-4.99529504776001,"hh_before":-14.842823335102626,"hh_after":-20.058455330984934,"hv_before":-23.53339638028826,"hv_after":-23.847763504300797,"delta_hh":-5.2156319958823065,"delta_hv":-0.31436712401253836,"valid_fraction":1.0,"valid_fraction_scope":"region bounding box, all four channels","vegetated_fraction":0.0,"quality_status":"PASS","spatial_status":"PARTIAL","temporal_status":"PARTIAL","temporal_overlap_fraction":null,"threshold_stability":"SENSITIVE","threshold_variation_fraction":0.25,"evidence_state":"UNCERTAIN","centroid":[25.169135494803815,91.1035980449922],"data_source":"NISAR","evidence_method":"Rule consistency only; no accuracy estimate or independent reference validation.","baseline_method":"SINGLE_PRECEDING_OBSERVATION","baseline_observation_count":1,"baseline_observation_dates":["2026-06-18"],"baseline_hh_temporal_mad_db":null,"baseline_scene_names":["NISAR_L2_PR_GCOV_023_069_A_014_4005_DHDH_A_20260618T232135_20260618T232210_P05023_N_F_J_001"],"contextual_land_cover":null,"distance_to_water_m":null,"context_status":"NOT_AVAILABLE","reference_validated":false}},{"type":"Feature","geometry":{"type":"Polygon","coordinates":[[[91.00863,25.16805],[91.00863,25.16796],[91.00854,25.16796],[91.00854,25.16787],[91.00834,25.16787],[91.00834,25.16778],[91.00824,25.16778],[91.00824,25.16787],[91.00814,25.16787],[91.00814,25.16778],[91.00804,25.16778],[91.00805,25.1675],[91.00795,25.1675],[91.00795,25.16759],[91.00775,25.16759],[91.00775,25.1675],[91.00735,25.1675],[91.00735,25.1674],[91.00765,25.16741],[91.00765,25.16732],[91.00755,25.16732],[91.00756,25.16714],[91.00776,25.16714],[91.00775,25.16723],[91.00805,25.16723],[91.00805,25.16741],[91.00815,25.16742],[91.00815,25.16714],[91.00805,25.16714],[91.00805,25.16705],[91.00825,25.16706],[91.00825,25.16697],[91.00796,25.16696],[91.00796,25.16687],[91.00806,25.16687],[91.00806,25.1666],[91.00796,25.1666],[91.00796,25.16678],[91.00786,25.16678],[91.00787,25.16651],[91.00816,25.16651],[91.00817,25.16633],[91.00826,25.16633],[91.00826,25.16679],[91.00855,25.16679],[91.00855,25.16688],[91.00865,25.16688],[91.00865,25.16697],[91.00915,25.16698],[91.00914,25.16716],[91.00934,25.16716],[91.00934,25.16725],[91.00944,25.16725],[91.00944,25.16707],[91.00974,25.16708],[91.00974,25.16717],[91.00964,25.16716],[91.00964,25.16726],[91.01004,25.16726],[91.01004,25.16717],[91.01014,25.16717],[91.01014,25.16708],[91.01024,25.16708],[91.01024,25.1669],[91.01014,25.1669],[91.01014,25.16699],[91.01004,25.16699],[91.01004,25.1669],[91.00994,25.1669],[91.00994,25.16681],[91.01014,25.16681],[91.01014,25.16672],[91.00994,25.16672],[91.00995,25.16663],[91.01034,25.16663],[91.01034,25.16681],[91.01044,25.16681],[91.01044,25.16672],[91.01054,25.16673],[91.01054,25.16682],[91.01064,25.16682],[91.01064,25.16664],[91.01074,25.16664],[91.01073,25.16727],[91.01083,25.16727],[91.01083,25.16736],[91.01073,25.16736],[91.01073,25.16745],[91.01092,25.16745],[91.01092,25.16754],[91.01102,25.16754],[91.01102,25.16763],[91.01062,25.16763],[91.01063,25.16754],[91.01053,25.16754],[91.01053,25.16745],[91.01043,25.16745],[91.01043,25.16754],[91.01023,25.16753],[91.01023,25.16744],[91.01003,25.16744],[91.01003,25.16735],[91.00993,25.16735],[91.00993,25.16744],[91.00954,25.16743],[91.00953,25.16752],[91.00944,25.16752],[91.00943,25.16779],[91.00953,25.1678],[91.00953,25.16798],[91.00913,25.16797],[91.00913,25.16788],[91.00903,25.16788],[91.00903,25.16779],[91.00894,25.16779],[91.00893,25.16788],[91.00883,25.16788],[91.00883,25.16797],[91.00873,25.16797],[91.00873,25.16806],[91.00863,25.16805]],[[91.00864,25.16787],[91.00874,25.16787],[91.00874,25.16778],[91.00864,25.16778],[91.00864,25.16787]],[[91.00814,25.1676],[91.00824,25.1676],[91.00825,25.16751],[91.00834,25.16751],[91.00834,25.1676],[91.00844,25.1676],[91.00845,25.16742],[91.00815,25.16742],[91.00814,25.1676]],[[91.00874,25.1676],[91.00884,25.16761],[91.00884,25.16752],[91.00874,25.16751],[91.00874,25.1676]],[[91.00894,25.16761],[91.00904,25.16761],[91.00904,25.16743],[91.00884,25.16742],[91.00884,25.16752],[91.00894,25.16752],[91.00894,25.16761]],[[91.00864,25.16742],[91.00884,25.16742],[91.00885,25.16715],[91.00875,25.16715],[91.00874,25.16733],[91.00865,25.16733],[91.00864,25.16742]],[[91.00924,25.16743],[91.00934,25.16743],[91.00934,25.16734],[91.00924,25.16734],[91.00924,25.16743]],[[91.01023,25.16744],[91.01033,25.16744],[91.01033,25.16735],[91.01023,25.16735],[91.01023,25.16744]],[[91.00894,25.16734],[91.00914,25.16734],[91.00914,25.16716],[91.00904,25.16716],[91.00904,25.16725],[91.00894,25.16725],[91.00894,25.16734]],[[91.01043,25.16736],[91.01053,25.16736],[91.01053,25.16718],[91.01043,25.16718],[91.01043,25.16736]],[[91.00895,25.16716],[91.00904,25.16716],[91.00905,25.16707],[91.00895,25.16707],[91.00895,25.16716]],[[91.00835,25.16706],[91.00845,25.16706],[91.00845,25.16697],[91.00835,25.16697],[91.00835,25.16706]]]},"properties":{"id":"wetland_patch_fd667d2a9e7e","date":"2026-06-30","area_km2":0.0238,"pixel_count":238,"classification":"OPEN_WATER","interpretation_label":"HH darkening candidate","mean_delta_db":-5.622183172642684,"median_delta_db":-5.403056621551514,"hh_before":-13.872532698286681,"hh_after":-19.494715870929365,"hv_before":-21.2770019419053,"hv_after":-23.285352995415696,"delta_hh":-5.622183172642684,"delta_hv":-2.0083510535103932,"valid_fraction":1.0,"valid_fraction_scope":"region bounding box, all four channels","vegetated_fraction":0.0,"quality_status":"PASS","spatial_status":"PARTIAL","temporal_status":"PARTIAL","temporal_overlap_fraction":null,"threshold_stability":"SENSITIVE","threshold_variation_fraction":0.20057306590257878,"evidence_state":"UNCERTAIN","centroid":[25.167295363414354,91.0091326055543],"data_source":"NISAR","evidence_method":"Rule consistency only; no accuracy estimate or independent reference validation.","baseline_method":"SINGLE_PRECEDING_OBSERVATION","baseline_observation_count":1,"baseline_observation_dates":["2026-06-18"],"baseline_hh_temporal_mad_db":null,"baseline_scene_names":["NISAR_L2_PR_GCOV_023_069_A_014_4005_DHDH_A_20260618T232135_20260618T232210_P05023_N_F_J_001"],"contextual_land_cover":null,"distance_to_water_m":null,"context_status":"NOT_AVAILABLE","reference_validated":false}},{"type":"Feature","geometry":{"type":"Polygon","coordinates":[[[90.98842,25.16652],[90.98843,25.16616],[90.98853,25.16616],[90.98853,25.16598],[90.98843,25.16598],[90.98843,25.16589],[90.98853,25.16589],[90.98853,25.1658],[90.98843,25.16579],[90.98844,25.1657],[90.98824,25.1657],[90.98824,25.16579],[90.98804,25.16579],[90.98804,25.16561],[90.98824,25.16561],[90.98824,25.16552],[90.98844,25.16552],[90.98844,25.16543],[90.98794,25.16543],[90.98795,25.16534],[90.98824,25.16534],[90.98825,25.16525],[90.98834,25.16525],[90.98835,25.16516],[90.98845,25.16516],[90.98844,25.16534],[90.98854,25.16534],[90.98855,25.16498],[90.98845,25.16498],[90.98845,25.16489],[90.98835,25.16489],[90.98835,25.1648],[90.98845,25.1648],[90.98845,25.16471],[90.98855,25.16471],[90.98855,25.16489],[90.98865,25.1649],[90.98864,25.16508],[90.98884,25.16508],[90.98884,25.16499],[90.98894,25.16499],[90.98894,25.16508],[90.98904,25.16508],[90.98904,25.16499],[90.98914,25.16499],[90.98914,25.16508],[90.98924,25.16508],[90.98924,25.16499],[90.98934,25.16499],[90.98934,25.1649],[90.98914,25.1649],[90.98915,25.16481],[90.98905,25.16481],[90.98905,25.16472],[90.98925,25.16472],[90.98925,25.16463],[90.98905,25.16463],[90.98905,25.16454],[90.98915,25.16454],[90.98915,25.16445],[90.98905,25.16445],[90.98905,25.16436],[90.98915,25.16436],[90.98915,25.16427],[90.98925,25.16427],[90.98925,25.16418],[90.98916,25.16418],[90.98916,25.16409],[90.98955,25.16409],[90.98956,25.164],[90.98965,25.16401],[90.98966,25.16392],[90.98976,25.16392],[90.98976,25.16383],[90.98986,25.16383],[90.98986,25.16365],[90.98976,25.16365],[90.98976,25.16356],[90.98986,25.16356],[90.98986,25.16338],[90.98976,25.16338],[90.98977,25.16329],[90.98967,25.16328],[90.98967,25.16319],[90.98977,25.1632],[90.98977,25.1631],[90.98987,25.16311],[90.98987,25.16284],[90.98967,25.16283],[90.98967,25.16292],[90.98957,25.16292],[90.98957,25.16301],[90.98947,25.16301],[90.98948,25.16274],[90.98977,25.16274],[90.98978,25.16265],[90.98997,25.16266],[90.98998,25.16257],[90.99007,25.16257],[90.99007,25.16266],[90.99017,25.16266],[90.99017,25.16257],[90.99037,25.16257],[90.99037,25.16248],[90.99057,25.16248],[90.99057,25.16239],[90.99038,25.16239],[90.99038,25.1623],[90.99048,25.1623],[90.99048,25.16221],[90.99058,25.16221],[90.99058,25.16212],[90.99068,25.16212],[90.99067,25.1623],[90.99077,25.16231],[90.99077,25.1624],[90.99087,25.1624],[90.99087,25.16267],[90.99106,25.16267],[90.99106,25.16276],[90.99116,25.16276],[90.99116,25.16285],[90.99126,25.16285],[90.99126,25.16294],[90.99146,25.16295],[90.99146,25.16277],[90.99126,25.16276],[90.99127,25.16249],[90.99146,25.1625],[90.99146,25.16268],[90.99156,25.16268],[90.99155,25.16322],[90.99145,25.16322],[90.99145,25.16331],[90.99165,25.16331],[90.99165,25.1634],[90.99145,25.1634],[90.99145,25.16349],[90.99125,25.16349],[90.99125,25.16358],[90.99145,25.16358],[90.99145,25.16367],[90.99164,25.16367],[90.99164,25.16376],[90.99144,25.16376],[90.99144,25.16385],[90.99134,25.16385],[90.99134,25.16394],[90.99184,25.16395],[90.99184,25.16386],[90.99194,25.16386],[90.99193,25.16431],[90.99173,25.16431],[90.99173,25.16449],[90.99163,25.16448],[90.99163,25.16466],[90.99143,25.16466],[90.99143,25.16457],[90.99133,25.16457],[90.99133,25.16448],[90.99113,25.16448],[90.99114,25.16439],[90.99104,25.16439],[90.99103,25.16457],[90.99093,25.16457],[90.99093,25.16466],[90.99073,25.16465],[90.99073,25.16483],[90.99083,25.16483],[90.99083,25.16492],[90.99063,25.16492],[90.99063,25.16501],[90.99073,25.16501],[90.99072,25.16528],[90.99063,25.16528],[90.99062,25.16537],[90.99072,25.16537],[90.99072,25.16556],[90.99092,25.16556],[90.99092,25.16565],[90.99102,25.16565],[90.99101,25.16574],[90.99111,25.16574],[90.99111,25.16583],[90.99091,25.16583],[90.99092,25.16574],[90.99082,25.16574],[90.99081,25.16601],[90.99071,25.16601],[90.99072,25.16583],[90.99062,25.16582],[90.99061,25.16601],[90.99051,25.166],[90.99052,25.16591],[90.99022,25.16591],[90.99022,25.16582],[90.99012,25.16582],[90.99012,25.16573],[90.99002,25.16573],[90.99003,25.16555],[90.98973,25.16554],[90.98973,25.16563],[90.98983,25.16563],[90.98982,25.16572],[90.98963,25.16572],[90.98962,25.16581],[90.98953,25.16581],[90.98952,25.16617],[90.98942,25.16617],[90.98942,25.16626],[90.98922,25.16626],[90.98922,25.16644],[90.98902,25.16643],[90.98902,25.16616],[90.98892,25.16616],[90.98892,25.16643],[90.98882,25.16643],[90.98882,25.16634],[90.98872,25.16634],[90.98872,25.16643],[90.98852,25.16643],[90.98852,25.16652],[90.98842,25.16652]],[[90.98853,25.16634],[90.98862,25.16634],[90.98863,25.16616],[90.98853,25.16616],[90.98853,25.16634]],[[90.98863,25.16616],[90.98873,25.16616],[90.98873,25.16607],[90.98863,25.16607],[90.98863,25.16616]],[[90.98912,25.16617],[90.98922,25.16617],[90.98922,25.16608],[90.98942,25.16608],[90.98943,25.1659],[90.98933,25.1659],[90.98932,25.16599],[90.98913,25.16598],[90.98912,25.16617]],[[90.98883,25.16598],[90.98893,25.16598],[90.98893,25.16589],[90.98933,25.1659],[90.98933,25.16563],[90.98923,25.16563],[90.98923,25.16581],[90.98883,25.1658],[90.98883,25.16598]],[[90.98863,25.16589],[90.98873,25.16589],[90.98873,25.1658],[90.98863,25.1658],[90.98863,25.16589]],[[90.99032,25.16582],[90.99042,25.16582],[90.99042,25.16573],[90.99032,25.16573],[90.99032,25.16582]],[[90.98883,25.16571],[90.98893,25.16571],[90.98893,25.16562],[90.98903,25.16562],[90.98903,25.16553],[90.98933,25.16554],[90.98933,25.16545],[90.98923,25.16544],[90.98924,25.16517],[90.98904,25.16517],[90.98904,25.16526],[90.98914,25.16526],[90.98913,25.16544],[90.98904,25.16544],[90.98904,25.16535],[90.98874,25.16535],[90.98874,25.16553],[90.98884,25.16553],[90.98883,25.16571]],[[90.98903,25.16571],[90.98913,25.16571],[90.98913,25.16562],[90.98903,25.16562],[90.98903,25.16571]],[[90.99042,25.16573],[90.99052,25.16573],[90.99052,25.16564],[90.99042,25.16564],[90.99042,25.16573]],[[90.98933,25.16563],[90.98943,25.16563],[90.98943,25.16554],[90.98933,25.16554],[90.98933,25.16563]],[[90.99012,25.16564],[90.99022,25.16564],[90.99022,25.16555],[90.99013,25.16555],[90.99012,25.16564]],[[90.99052,25.16564],[90.99062,25.16564],[90.99062,25.16555],[90.99052,25.16555],[90.99052,25.16564]],[[90.98953,25.16536],[90.98963,25.16536],[90.98963,25.16527],[90.98953,25.16527],[90.98953,25.16536]],[[90.98884,25.16526],[90.98894,25.16526],[90.98894,25.16517],[90.98884,25.16517],[90.98884,25.16526]],[[90.98944,25.16527],[90.98953,25.16527],[90.98954,25.16518],[90.98944,25.16518],[90.98944,25.16527]],[[90.99053,25.16519],[90.99063,25.16519],[90.99063,25.1651],[90.99053,25.1651],[90.99053,25.16519]],[[90.99033,25.1651],[90.99043,25.1651],[90.99043,25.16501],[90.99033,25.16501],[90.99033,25.1651]],[[90.99043,25.16501],[90.99053,25.16501],[90.99053,25.16492],[90.99043,25.16492],[90.99043,25.16501]],[[90.98944,25.16473],[90.98964,25.16473],[90.98964,25.16464],[90.98945,25.16464],[90.98944,25.16473]],[[90.98974,25.16473],[90.98984,25.16473],[90.98984,25.16464],[90.98974,25.16464],[90.98974,25.16473]],[[90.99004,25.16473],[90.99014,25.16473],[90.99014,25.16464],[90.99004,25.16464],[90.99004,25.16473]],[[90.98935,25.16463],[90.98945,25.16464],[90.98945,25.16454],[90.98935,25.16454],[90.98935,25.16463]],[[90.99044,25.16465],[90.99054,25.16465],[90.99054,25.16456],[90.99044,25.16456],[90.99044,25.16465]],[[90.99064,25.16465],[90.99073,25.16465],[90.99074,25.16456],[90.99064,25.16456],[90.99064,25.16465]],[[90.99133,25.16448],[90.99143,25.16448],[90.99144,25.16412],[90.99124,25.16412],[90.99124,25.16403],[90.99114,25.16403],[90.99114,25.16412],[90.99074,25.16411],[90.99074,25.1642],[90.99094,25.1642],[90.99094,25.16429],[90.99134,25.1643],[90.99133,25.16448]],[[90.98995,25.16437],[90.99005,25.16437],[90.99005,25.16428],[90.98995,25.16428],[90.98995,25.16437]],[[90.99064,25.16438],[90.99074,25.16438],[90.99074,25.16429],[90.99064,25.16429],[90.99064,25.16438]],[[90.98935,25.16427],[90.98945,25.16427],[90.98945,25.16418],[90.98935,25.16418],[90.98935,25.16427]],[[90.98965,25.16428],[90.98975,25.16428],[90.98975,25.16419],[90.98965,25.16419],[90.98965,25.16428]],[[90.98975,25.16419],[90.98995,25.16419],[90.98995,25.1641],[90.98975,25.1641],[90.98975,25.16419]],[[90.99154,25.16412],[90.99174,25.16412],[90.99174,25.16403],[90.99154,25.16403],[90.99154,25.16412]],[[90.99035,25.16402],[90.99045,25.16402],[90.99045,25.16393],[90.99035,25.16393],[90.99035,25.16402]],[[90.99075,25.16402],[90.99084,25.16402],[90.99085,25.16393],[90.99075,25.16393],[90.99075,25.16402]],[[90.99085,25.16393],[90.99095,25.16393],[90.99095,25.16384],[90.99085,25.16384],[90.99085,25.16393]],[[90.99104,25.16393],[90.99114,25.16394],[90.99114,25.16385],[90.99105,25.16384],[90.99104,25.16393]],[[90.99114,25.16385],[90.99134,25.16385],[90.99134,25.16376],[90.99115,25.16376],[90.99114,25.16385]],[[90.99065,25.16375],[90.99085,25.16375],[90.99085,25.16366],[90.99075,25.16366],[90.99075,25.16357],[90.99065,25.16357],[90.99065,25.16375]],[[90.99016,25.16365],[90.99026,25.16365],[90.99026,25.16356],[90.99016,25.16356],[90.99016,25.16365]],[[90.99036,25.16356],[90.99046,25.16357],[90.99046,25.16348],[90.99036,25.16347],[90.99036,25.16356]],[[90.98996,25.16347],[90.99006,25.16347],[90.99006,25.16329],[90.98996,25.16329],[90.98996,25.16347]],[[90.99046,25.16348],[90.99056,25.16348],[90.99056,25.16339],[90.99046,25.16338],[90.99046,25.16348]],[[90.98986,25.16329],[90.98996,25.16329],[90.98997,25.1632],[90.98987,25.1632],[90.98986,25.16329]],[[90.99106,25.16321],[90.99116,25.16321],[90.99116,25.16285],[90.99106,25.16285],[90.99106,25.16303],[90.99096,25.16303],[90.99096,25.16312],[90.99106,25.16312],[90.99106,25.16321]],[[90.99066,25.16312],[90.99076,25.16312],[90.99076,25.16294],[90.99056,25.16294],[90.99056,25.16303],[90.99066,25.16303],[90.99066,25.16312]],[[90.99126,25.16313],[90.99136,25.16313],[90.99136,25.16304],[90.99126,25.16303],[90.99126,25.16313]],[[90.99007,25.16302],[90.99027,25.16302],[90.99027,25.16293],[90.99007,25.16293],[90.99007,25.16302]],[[90.99086,25.16303],[90.99096,25.16303],[90.99096,25.16294],[90.99086,25.16294],[90.99086,25.16303]],[[90.98987,25.16284],[90.98997,25.16284],[90.98997,25.16275],[90.98987,25.16275],[90.98987,25.16284]],[[90.99047,25.16284],[90.99057,25.16284],[90.99057,25.16266],[90.99047,25.16266],[90.99047,25.16284]],[[90.99077,25.16276],[90.99087,25.16276],[90.99087,25.16267],[90.99077,25.16267],[90.99077,25.16276]]]},"properties":{"id":"wetland_patch_e70ca5f192fc","date":"2026-06-30","area_km2":0.0707,"pixel_count":707,"classification":"OPEN_WATER","interpretation_label":"HH darkening candidate","mean_delta_db":-5.954172034201224,"median_delta_db":-5.64505672454834,"hh_before":-9.95183652483422,"hh_after":-15.906008559035445,"hv_before":-17.734132247396033,"hv_after":-21.273745799840256,"delta_hh":-5.954172034201224,"delta_hv":-3.5396135524442207,"valid_fraction":1.0,"valid_fraction_scope":"region bounding box, all four channels","vegetated_fraction":0.0,"quality_status":"PASS","spatial_status":"PARTIAL","temporal_status":"PARTIAL","temporal_overlap_fraction":null,"threshold_stability":"SENSITIVE","threshold_variation_fraction":0.20340586565752128,"evidence_state":"UNCERTAIN","centroid":[25.16440783120315,90.99012056895126],"data_source":"NISAR","evidence_method":"Rule consistency only; no accuracy estimate or independent reference validation.","baseline_method":"SINGLE_PRECEDING_OBSERVATION","baseline_observation_count":1,"baseline_observation_dates":["2026-06-18"],"baseline_hh_temporal_mad_db":null,"baseline_scene_names":["NISAR_L2_PR_GCOV_023_069_A_014_4005_DHDH_A_20260618T232135_20260618T232210_P05023_N_F_J_001"],"contextual_land_cover":null,"distance_to_water_m":null,"context_status":"NOT_AVAILABLE","reference_validated":false}},{"type":"Feature","geometry":{"type":"Polygon","coordinates":[[[90.99313,25.1636],[90.99313,25.16351],[90.99304,25.16351],[90.99304,25.16324],[90.99284,25.16324],[90.99284,25.16315],[90.99274,25.16315],[90.99275,25.16287],[90.99255,25.16287],[90.99255,25.16296],[90.99235,25.16296],[90.99235,25.16305],[90.99225,25.16305],[90.99225,25.16287],[90.99245,25.16287],[90.99245,25.16278],[90.99265,25.16278],[90.99265,25.16269],[90.99275,25.16269],[90.99275,25.1626],[90.99295,25.16261],[90.99295,25.1627],[90.99305,25.1627],[90.99305,25.16288],[90.99324,25.16288],[90.99324,25.16297],[90.99334,25.16297],[90.99334,25.16288],[90.99344,25.16288],[90.99344,25.16297],[90.99354,25.16298],[90.99354,25.16307],[90.99344,25.16306],[90.99344,25.16315],[90.99334,25.16315],[90.99333,25.16351],[90.99323,25.16351],[90.99323,25.1636],[90.99313,25.1636]],[[90.99314,25.16333],[90.99324,25.16333],[90.99324,25.16324],[90.99314,25.16324],[90.99314,25.16333]],[[90.99314,25.16306],[90.99324,25.16306],[90.99324,25.16297],[90.99314,25.16297],[90.99314,25.16306]]]},"properties":{"id":"wetland_patch_4aa43a5e1074","date":"2026-06-30","area_km2":0.005,"pixel_count":50,"classification":"OPEN_WATER","interpretation_label":"HH darkening candidate","mean_delta_db":-5.551406145095825,"median_delta_db":-5.241629600524902,"hh_before":-12.394888639450073,"hh_after":-17.9462947845459,"hv_before":-20.057299900054932,"hv_after":-22.864344596862793,"delta_hh":-5.551406145095825,"delta_hv":-2.8070446968078615,"valid_fraction":1.0,"valid_fraction_scope":"region bounding box, all four channels","vegetated_fraction":0.0,"quality_status":"PASS","spatial_status":"PARTIAL","temporal_status":"PARTIAL","temporal_overlap_fraction":null,"threshold_stability":"SENSITIVE","threshold_variation_fraction":0.2894736842105263,"evidence_state":"UNCERTAIN","centroid":[25.163040109651185,90.99298323602447],"data_source":"NISAR","evidence_method":"Rule consistency only; no accuracy estimate or independent reference validation.","baseline_method":"SINGLE_PRECEDING_OBSERVATION","baseline_observation_count":1,"baseline_observation_dates":["2026-06-18"],"baseline_hh_temporal_mad_db":null,"baseline_scene_names":["NISAR_L2_PR_GCOV_023_069_A_014_4005_DHDH_A_20260618T232135_20260618T232210_P05023_N_F_J_001"],"contextual_land_cover":null,"distance_to_water_m":null,"context_status":"NOT_AVAILABLE","reference_validated":false}},{"type":"Feature","geometry":{"type":"Polygon","coordinates":[[[91.02686,25.1636],[91.02686,25.16333],[91.02676,25.16333],[91.02677,25.16315],[91.02657,25.16315],[91.02656,25.16333],[91.02637,25.16333],[91.02637,25.16324],[91.02647,25.16324],[91.02647,25.16306],[91.02667,25.16306],[91.02667,25.16288],[91.02677,25.16288],[91.02677,25.16279],[91.02657,25.16279],[91.02657,25.1627],[91.02648,25.1627],[91.02648,25.16261],[91.02668,25.16261],[91.02668,25.16252],[91.02707,25.16252],[91.02708,25.16243],[91.02727,25.16244],[91.02727,25.16253],[91.02757,25.16253],[91.02757,25.16244],[91.02767,25.16244],[91.02767,25.16262],[91.02757,25.16262],[91.02757,25.16271],[91.02737,25.16271],[91.02737,25.16262],[91.02727,25.16262],[91.02727,25.16271],[91.02717,25.16271],[91.02717,25.1628],[91.02707,25.16279],[91.02707,25.16297],[91.02717,25.16298],[91.02716,25.16307],[91.02687,25.16306],[91.02686,25.16324],[91.02696,25.16324],[91.02696,25.16333],[91.02706,25.16334],[91.02706,25.16343],[91.02696,25.16342],[91.02696,25.16361],[91.02686,25.1636]],[[91.02677,25.16297],[91.02697,25.16297],[91.02697,25.16288],[91.02677,25.16288],[91.02677,25.16297]],[[91.02707,25.16261],[91.02717,25.16262],[91.02717,25.16252],[91.02707,25.16252],[91.02707,25.16261]]]},"properties":{"id":"wetland_patch_998c798b3351","date":"2026-06-30","area_km2":0.0052,"pixel_count":52,"classification":"OPEN_WATER","interpretation_label":"HH darkening candidate","mean_delta_db":-5.758969105207003,"median_delta_db":-5.14080810546875,"hh_before":-15.197888099230253,"hh_after":-20.956857204437256,"hv_before":-23.13060602774987,"hv_after":-23.302687718318058,"delta_hh":-5.758969105207003,"delta_hv":-0.17208169056819037,"valid_fraction":1.0,"valid_fraction_scope":"region bounding box, all four channels","vegetated_fraction":0.0,"quality_status":"PASS","spatial_status":"PARTIAL","temporal_status":"PARTIAL","temporal_overlap_fraction":null,"threshold_stability":"STABLE","threshold_variation_fraction":0.2,"evidence_state":"MODERATE","centroid":[25.16286207834428,91.0269461713395],"data_source":"NISAR","evidence_method":"Rule consistency only; no accuracy estimate or independent reference validation.","baseline_method":"SINGLE_PRECEDING_OBSERVATION","baseline_observation_count":1,"baseline_observation_dates":["2026-06-18"],"baseline_hh_temporal_mad_db":null,"baseline_scene_names":["NISAR_L2_PR_GCOV_023_069_A_014_4005_DHDH_A_20260618T232135_20260618T232210_P05023_N_F_J_001"],"contextual_land_cover":null,"distance_to_water_m":null,"context_status":"NOT_AVAILABLE","reference_validated":false}},{"type":"Feature","geometry":{"type":"Polygon","coordinates":[[[91.03529,25.16326],[91.0353,25.16317],[91.0354,25.16318],[91.0354,25.163],[91.0355,25.163],[91.0355,25.16282],[91.0354,25.16281],[91.0354,25.16291],[91.0353,25.1629],[91.0353,25.16299],[91.0351,25.16299],[91.0351,25.16308],[91.035,25.16308],[91.035,25.16299],[91.0349,25.16299],[91.0349,25.1629],[91.035,25.1629],[91.035,25.16281],[91.0351,25.16281],[91.03511,25.16272],[91.0353,25.16272],[91.03531,25.16245],[91.03541,25.16245],[91.0354,25.16272],[91.0355,25.16273],[91.0355,25.16264],[91.0356,25.16264],[91.03561,25.16246],[91.0357,25.16246],[91.0357,25.16264],[91.0359,25.16264],[91.0359,25.16273],[91.036,25.16273],[91.036,25.16282],[91.0361,25.16282],[91.0361,25.16264],[91.0362,25.16264],[91.0362,25.16246],[91.0364,25.16247],[91.0364,25.16256],[91.0365,25.16256],[91.0365,25.16247],[91.0366,25.16247],[91.0366,25.1622],[91.0367,25.1622],[91.0367,25.16202],[91.03651,25.16202],[91.0365,25.16211],[91.03631,25.1621],[91.03631,25.16174],[91.03641,25.16174],[91.03641,25.16184],[91.03651,25.16184],[91.03651,25.16166],[91.03661,25.16166],[91.03661,25.16184],[91.0369,25.16184],[91.0369,25.16211],[91.037,25.16211],[91.037,25.16202],[91.0371,25.16202],[91.0371,25.16212],[91.0372,25.16212],[91.0372,25.16194],[91.0377,25.16194],[91.0377,25.16185],[91.03829,25.16186],[91.03829,25.16195],[91.03819,25.16195],[91.03819,25.16204],[91.03799,25.16204],[91.03799,25.16213],[91.03779,25.16212],[91.03779,25.16221],[91.03769,25.16221],[91.03769,25.1623],[91.03729,25.1623],[91.03729,25.16248],[91.03719,25.16248],[91.03719,25.1623],[91.037,25.16229],[91.037,25.16238],[91.03709,25.16239],[91.03709,25.16248],[91.03689,25.16247],[91.03689,25.16265],[91.03679,25.16265],[91.03679,25.16274],[91.03659,25.16274],[91.03659,25.16283],[91.03629,25.16283],[91.03629,25.16292],[91.03599,25.16291],[91.03599,25.16309],[91.03579,25.16309],[91.03579,25.16327],[91.03569,25.16327],[91.03569,25.16318],[91.03559,25.16318],[91.0356,25.16309],[91.0355,25.16309],[91.03549,25.16327],[91.03529,25.16326]],[[91.03569,25.16309],[91.03579,25.16309],[91.0358,25.16282],[91.0356,25.16282],[91.0356,25.16291],[91.0357,25.16291],[91.03569,25.16309]],[[91.0351,25.1629],[91.0352,25.1629],[91.0352,25.16281],[91.0351,25.16281],[91.0351,25.1629]],[[91.0367,25.16247],[91.0368,25.16247],[91.0368,25.16238],[91.0367,25.16238],[91.0367,25.16247]],[[91.0369,25.16229],[91.037,25.16229],[91.037,25.1622],[91.0369,25.1622],[91.0369,25.16229]],[[91.03759,25.16212],[91.03769,25.16212],[91.0377,25.16203],[91.0376,25.16203],[91.03759,25.16212]],[[91.0367,25.16202],[91.0368,25.16202],[91.0368,25.16193],[91.0367,25.16193],[91.0367,25.16202]],[[91.03779,25.16203],[91.03789,25.16204],[91.03789,25.16195],[91.0378,25.16194],[91.03779,25.16203]]]},"properties":{"id":"wetland_patch_0781864fa330","date":"2026-06-30","area_km2":0.0144,"pixel_count":144,"classification":"OPEN_WATER","interpretation_label":"HH darkening candidate","mean_delta_db":-5.580501819650332,"median_delta_db":-5.336294651031494,"hh_before":-13.243091200788816,"hh_after":-18.823593020439148,"hv_before":-22.48419749074512,"hv_after":-22.60477092530992,"delta_hh":-5.580501819650332,"delta_hv":-0.12057343456480238,"valid_fraction":1.0,"valid_fraction_scope":"region bounding box, all four channels","vegetated_fraction":0.0,"quality_status":"PASS","spatial_status":"PARTIAL","temporal_status":"PARTIAL","temporal_overlap_fraction":null,"threshold_stability":"SENSITIVE","threshold_variation_fraction":0.2720306513409962,"evidence_state":"UNCERTAIN","centroid":[25.162444860827293,91.03652779893343],"data_source":"NISAR","evidence_method":"Rule consistency only; no accuracy estimate or independent reference validation.","baseline_method":"SINGLE_PRECEDING_OBSERVATION","baseline_observation_count":1,"baseline_observation_dates":["2026-06-18"],"baseline_hh_temporal_mad_db":null,"baseline_scene_names":["NISAR_L2_PR_GCOV_023_069_A_014_4005_DHDH_A_20260618T232135_20260618T232210_P05023_N_F_J_001"],"contextual_land_cover":null,"distance_to_water_m":null,"context_status":"NOT_AVAILABLE","reference_validated":false}},{"type":"Feature","geometry":{"type":"Polygon","coordinates":[[[91.02261,25.16282],[91.02261,25.16264],[91.02221,25.16264],[91.02221,25.16255],[91.02211,25.16255],[91.02212,25.16228],[91.02202,25.16228],[91.02202,25.16246],[91.02192,25.16245],[91.02192,25.16236],[91.02182,25.16236],[91.02182,25.16227],[91.02192,25.16227],[91.02192,25.16218],[91.02222,25.16219],[91.02222,25.1621],[91.02192,25.16209],[91.02192,25.162],[91.02182,25.162],[91.02182,25.16209],[91.02172,25.16209],[91.02173,25.16164],[91.02213,25.16165],[91.02213,25.16155],[91.02183,25.16155],[91.02185,25.16074],[91.02214,25.16074],[91.02214,25.16083],[91.02224,25.16083],[91.02224,25.16074],[91.02254,25.16075],[91.02254,25.16093],[91.02244,25.16093],[91.02243,25.1612],[91.02253,25.1612],[91.02253,25.16129],[91.02283,25.16129],[91.02283,25.16138],[91.02263,25.16138],[91.02263,25.16147],[91.02273,25.16147],[91.02272,25.16174],[91.02282,25.16174],[91.02282,25.16165],[91.02292,25.16166],[91.02292,25.16157],[91.02312,25.16157],[91.02312,25.16166],[91.02322,25.16166],[91.02322,25.16175],[91.02342,25.16175],[91.02342,25.16166],[91.02332,25.16166],[91.02332,25.16157],[91.02342,25.16157],[91.02342,25.16148],[91.02352,25.16148],[91.02352,25.16157],[91.02362,25.16157],[91.02362,25.16148],[91.02402,25.16149],[91.02402,25.1614],[91.02422,25.1614],[91.02421,25.16149],[91.02411,25.16149],[91.02411,25.16167],[91.02421,25.16167],[91.02421,25.16158],[91.02441,25.16159],[91.02441,25.1614],[91.02451,25.16141],[91.02451,25.16132],[91.02471,25.16132],[91.02471,25.16123],[91.02452,25.16123],[91.02452,25.16114],[91.02442,25.16113],[91.02442,25.16095],[91.02432,25.16095],[91.02433,25.1605],[91.02443,25.1605],[91.02443,25.16041],[91.02433,25.16041],[91.02433,25.16032],[91.02453,25.16032],[91.02453,25.1605],[91.02482,25.16051],[91.02482,25.1606],[91.02472,25.1606],[91.02472,25.16069],[91.02462,25.16069],[91.02462,25.16096],[91.02472,25.16096],[91.02472,25.16087],[91.02482,25.16087],[91.02482,25.16105],[91.02511,25.16105],[91.02512,25.16096],[91.02492,25.16096],[91.02492,25.16087],[91.02522,25.16087],[91.02521,25.16096],[91.02531,25.16097],[91.02531,25.16088],[91.02541,25.16088],[91.02542,25.16079],[91.02551,25.16079],[91.02551,25.16097],[91.02561,25.16097],[91.02561,25.16088],[91.02571,25.16088],[91.02571,25.16106],[91.02551,25.16106],[91.02551,25.16115],[91.02561,25.16115],[91.02561,25.16124],[91.02571,25.16124],[91.0257,25.16142],[91.026,25.16143],[91.026,25.16152],[91.0259,25.16151],[91.0259,25.16161],[91.0258,25.1616],[91.0258,25.16151],[91.0257,25.16151],[91.0257,25.1616],[91.0256,25.1616],[91.0256,25.16169],[91.0252,25.16169],[91.0252,25.16178],[91.0255,25.16178],[91.0255,25.16187],[91.0252,25.16187],[91.0252,25.16205],[91.0253,25.16205],[91.02529,25.16214],[91.0251,25.16214],[91.02509,25.16232],[91.02499,25.16232],[91.02499,25.16241],[91.02519,25.16241],[91.02519,25.1625],[91.02509,25.1625],[91.02509,25.16259],[91.02499,25.16259],[91.02499,25.1625],[91.02489,25.16249],[91.02489,25.16267],[91.02479,25.16267],[91.02479,25.16249],[91.02469,25.16249],[91.02469,25.16258],[91.02459,25.16258],[91.02459,25.16267],[91.02449,25.16267],[91.0245,25.16249],[91.0244,25.16249],[91.0244,25.1624],[91.0242,25.16239],[91.0242,25.16212],[91.0241,25.16212],[91.0241,25.1623],[91.0239,25.1623],[91.0239,25.16221],[91.02381,25.16221],[91.0238,25.16239],[91.0237,25.16239],[91.02371,25.16221],[91.02361,25.16221],[91.02361,25.16212],[91.02351,25.16211],[91.02351,25.16202],[91.02341,25.16202],[91.02341,25.16211],[91.02321,25.16211],[91.02321,25.16202],[91.02302,25.16202],[91.02301,25.16211],[91.02291,25.16211],[91.02291,25.16238],[91.02301,25.16238],[91.02301,25.16247],[91.02281,25.16247],[91.02281,25.16256],[91.02271,25.16256],[91.02271,25.16265],[91.02281,25.16265],[91.0228,25.16283],[91.02261,25.16282]],[[91.02231,25.16246],[91.02241,25.16246],[91.02241,25.16237],[91.02231,25.16237],[91.02231,25.16246]],[[91.02261,25.16246],[91.02271,25.16247],[91.02271,25.16238],[91.02261,25.16237],[91.02261,25.16246]],[[91.02459,25.16249],[91.02469,25.16249],[91.0247,25.1624],[91.0246,25.1624],[91.02459,25.16249]],[[91.0245,25.1624],[91.0246,25.1624],[91.0246,25.16222],[91.0245,25.16222],[91.0245,25.1624]],[[91.02222,25.16228],[91.02232,25.16228],[91.02232,25.16219],[91.02222,25.16219],[91.02222,25.16228]],[[91.02242,25.16228],[91.02251,25.16228],[91.02252,25.1621],[91.02242,25.1621],[91.02242,25.16228]],[[91.02271,25.16228],[91.02281,25.16229],[91.02282,25.16202],[91.02272,25.16201],[91.02272,25.16174],[91.02262,25.16174],[91.02263,25.16156],[91.02243,25.16156],[91.02243,25.16165],[91.02233,25.16165],[91.02232,25.16183],[91.02262,25.16183],[91.02262,25.16201],[91.02252,25.16201],[91.02252,25.1621],[91.02262,25.1621],[91.02262,25.16219],[91.02271,25.16219],[91.02271,25.16228]],[[91.0246,25.16222],[91.0248,25.16222],[91.0248,25.16213],[91.0246,25.16213],[91.0246,25.16222]],[[91.02361,25.16212],[91.02381,25.16212],[91.02381,25.16203],[91.02361,25.16203],[91.02361,25.16212]],[[91.0248,25.16213],[91.0249,25.16213],[91.0249,25.16204],[91.0248,25.16204],[91.0248,25.16213]],[[91.02192,25.162],[91.02202,25.162],[91.02202,25.16191],[91.02193,25.16191],[91.02192,25.162]],[[91.02232,25.16201],[91.02242,25.16201],[91.02242,25.16192],[91.02232,25.16192],[91.02232,25.16201]],[[91.02421,25.16203],[91.0243,25.16204],[91.02431,25.16194],[91.02421,25.16194],[91.02421,25.16203]],[[91.0244,25.16204],[91.0245,25.16204],[91.02451,25.16186],[91.0246,25.16186],[91.02461,25.16177],[91.02451,25.16177],[91.02451,25.16168],[91.02441,25.16168],[91.0244,25.16204]],[[91.02292,25.16193],[91.02302,25.16193],[91.02302,25.16175],[91.02292,25.16175],[91.02292,25.16193]],[[91.02312,25.16193],[91.02351,25.16193],[91.02351,25.16184],[91.02312,25.16184],[91.02312,25.16193]],[[91.02371,25.16194],[91.02381,25.16194],[91.02382,25.16158],[91.02372,25.16158],[91.02371,25.16194]],[[91.0248,25.16195],[91.0249,25.16195],[91.0249,25.16186],[91.0248,25.16186],[91.0248,25.16195]],[[91.02183,25.16182],[91.02193,25.16182],[91.02193,25.16173],[91.02183,25.16173],[91.02183,25.16182]],[[91.02203,25.16182],[91.02222,25.16183],[91.02223,25.16174],[91.02203,25.16173],[91.02203,25.16182]],[[91.02351,25.16184],[91.02361,25.16185],[91.02361,25.16176],[91.02352,25.16175],[91.02351,25.16184]],[[91.02421,25.16185],[91.02431,25.16185],[91.02431,25.16176],[91.02421,25.16176],[91.02421,25.16185]],[[91.025,25.16186],[91.0251,25.16187],[91.0251,25.16178],[91.025,25.16177],[91.025,25.16186]],[[91.02471,25.16168],[91.02481,25.16168],[91.02481,25.16159],[91.02471,25.16159],[91.02471,25.16168]],[[91.0251,25.16168],[91.0252,25.16169],[91.0252,25.1616],[91.0251,25.16159],[91.0251,25.16168]],[[91.02223,25.16156],[91.02243,25.16156],[91.02243,25.16147],[91.02223,25.16147],[91.02223,25.16156]],[[91.0254,25.1616],[91.0256,25.1616],[91.0256,25.16151],[91.0254,25.16151],[91.0254,25.1616]],[[91.02213,25.16146],[91.02223,25.16147],[91.02223,25.16138],[91.02213,25.16137],[91.02213,25.16146]],[[91.02243,25.16147],[91.02253,25.16147],[91.02253,25.16138],[91.02243,25.16138],[91.02243,25.16147]],[[91.02491,25.1615],[91.02501,25.1615],[91.02501,25.16141],[91.02491,25.16141],[91.02491,25.1615]],[[91.02521,25.16151],[91.0254,25.16151],[91.02541,25.16142],[91.02521,25.16142],[91.02521,25.16151]],[[91.02501,25.16141],[91.02511,25.16141],[91.02511,25.16132],[91.02501,25.16132],[91.02501,25.16141]],[[91.02203,25.16128],[91.02213,25.16128],[91.02214,25.1611],[91.02204,25.1611],[91.02204,25.16101],[91.02194,25.16101],[91.02194,25.16119],[91.02204,25.16119],[91.02203,25.16128]],[[91.02223,25.16129],[91.02243,25.16129],[91.02243,25.1612],[91.02223,25.1612],[91.02223,25.16129]],[[91.02481,25.16132],[91.02501,25.16132],[91.02501,25.16123],[91.02481,25.16123],[91.02481,25.16132]],[[91.02531,25.16133],[91.02541,25.16133],[91.02541,25.16124],[91.02531,25.16124],[91.02531,25.16133]],[[91.02551,25.16133],[91.02561,25.16133],[91.02561,25.16124],[91.02551,25.16124],[91.02551,25.16133]],[[91.02471,25.16123],[91.02481,25.16123],[91.02481,25.16114],[91.02472,25.16114],[91.02471,25.16123]],[[91.02531,25.16115],[91.02541,25.16115],[91.02541,25.16097],[91.02531,25.16097],[91.02531,25.16115]],[[91.02204,25.16101],[91.02234,25.16102],[91.02234,25.16084],[91.02224,25.16083],[91.02224,25.16092],[91.02204,25.16092],[91.02204,25.16101]]]},"properties":{"id":"wetland_patch_26b19b0db1de","date":"2026-06-30","area_km2":0.0406,"pixel_count":406,"classification":"OPEN_WATER","interpretation_label":"HH darkening candidate","mean_delta_db":-5.164690111658256,"median_delta_db":-4.974601745605469,"hh_before":-14.714971756112986,"hh_after":-19.879661867771244,"hv_before":-23.63549054432385,"hv_after":-23.57263618149781,"delta_hh":-5.164690111658256,"delta_hv":0.06285436282604198,"valid_fraction":1.0,"valid_fraction_scope":"region bounding box, all four channels","vegetated_fraction":0.0,"quality_status":"PASS","spatial_status":"PARTIAL","temporal_status":"PARTIAL","temporal_overlap_fraction":null,"threshold_stability":"SENSITIVE","threshold_variation_fraction":0.2161339421613394,"evidence_state":"UNCERTAIN","centroid":[25.161696082352154,91.0237692552615],"data_source":"NISAR","evidence_method":"Rule consistency only; no accuracy estimate or independent reference validation.","baseline_method":"SINGLE_PRECEDING_OBSERVATION","baseline_observation_count":1,"baseline_observation_dates":["2026-06-18"],"baseline_hh_temporal_mad_db":null,"baseline_scene_names":["NISAR_L2_PR_GCOV_023_069_A_014_4005_DHDH_A_20260618T232135_20260618T232210_P05023_N_F_J_001"],"contextual_land_cover":null,"distance_to_water_m":null,"context_status":"NOT_AVAILABLE","reference_validated":false}},{"type":"Feature","geometry":{"type":"Polygon","coordinates":[[[91.03044,25.16293],[91.03044,25.16266],[91.03034,25.16266],[91.03035,25.16248],[91.03025,25.16248],[91.03025,25.16239],[91.03055,25.16239],[91.03055,25.16221],[91.03045,25.16221],[91.03045,25.16212],[91.03035,25.16212],[91.03035,25.16221],[91.03025,25.1622],[91.03026,25.16202],[91.03055,25.16203],[91.03055,25.16212],[91.03065,25.16212],[91.03065,25.16194],[91.03075,25.16194],[91.03075,25.16212],[91.03085,25.16212],[91.03085,25.1623],[91.03095,25.1623],[91.03095,25.16221],[91.03105,25.16222],[91.03105,25.16213],[91.03125,25.16213],[91.03125,25.16204],[91.03135,25.16204],[91.03134,25.16231],[91.03164,25.16231],[91.03164,25.1624],[91.03144,25.1624],[91.03144,25.16249],[91.03124,25.16249],[91.03124,25.16258],[91.03144,25.16258],[91.03144,25.16267],[91.03124,25.16267],[91.03124,25.16276],[91.03094,25.16276],[91.03094,25.16267],[91.03084,25.16266],[91.03084,25.16275],[91.03074,25.16275],[91.03074,25.16293],[91.03044,25.16293]],[[91.03044,25.16266],[91.03054,25.16266],[91.03054,25.16257],[91.03045,25.16257],[91.03044,25.16266]],[[91.03094,25.16248],[91.03104,25.16249],[91.03104,25.1624],[91.03094,25.16239],[91.03094,25.16248]],[[91.03124,25.1624],[91.03134,25.1624],[91.03134,25.16231],[91.03124,25.16231],[91.03124,25.1624]],[[91.03104,25.16231],[91.03114,25.16231],[91.03115,25.16222],[91.03105,25.16222],[91.03104,25.16231]]]},"properties":{"id":"wetland_patch_eb8e4c0df440","date":"2026-06-30","area_km2":0.0073,"pixel_count":73,"classification":"OPEN_WATER","interpretation_label":"HH darkening candidate","mean_delta_db":-5.080239260033386,"median_delta_db":-4.441131591796875,"hh_before":-13.842100427575307,"hh_after":-18.922339687608694,"hv_before":-22.94480271535377,"hv_after":-23.16977247473312,"delta_hh":-5.080239260033386,"delta_hv":-0.2249697593793477,"valid_fraction":1.0,"valid_fraction_scope":"region bounding box, all four channels","vegetated_fraction":0.0,"quality_status":"PASS","spatial_status":"PARTIAL","temporal_status":"PARTIAL","temporal_overlap_fraction":null,"threshold_stability":"SENSITIVE","threshold_variation_fraction":0.2111111111111111,"evidence_state":"UNCERTAIN","centroid":[25.16244574297963,91.03084491535206],"data_source":"NISAR","evidence_method":"Rule consistency only; no accuracy estimate or independent reference validation.","baseline_method":"SINGLE_PRECEDING_OBSERVATION","baseline_observation_count":1,"baseline_observation_dates":["2026-06-18"],"baseline_hh_temporal_mad_db":null,"baseline_scene_names":["NISAR_L2_PR_GCOV_023_069_A_014_4005_DHDH_A_20260618T232135_20260618T232210_P05023_N_F_J_001"],"contextual_land_cover":null,"distance_to_water_m":null,"context_status":"NOT_AVAILABLE","reference_validated":false}},{"type":"Feature","geometry":{"type":"Polygon","coordinates":[[[91.02043,25.16243],[91.02043,25.16234],[91.02033,25.16234],[91.02033,25.16225],[91.02023,25.16225],[91.02024,25.16216],[91.02014,25.16216],[91.02014,25.1618],[91.02004,25.1618],[91.02004,25.16189],[91.01984,25.16189],[91.01984,25.1618],[91.01994,25.1618],[91.01995,25.16171],[91.02014,25.16171],[91.02014,25.16162],[91.02044,25.16162],[91.02044,25.16153],[91.02074,25.16154],[91.02074,25.16172],[91.02084,25.16172],[91.02084,25.16181],[91.02094,25.16181],[91.02093,25.1619],[91.02113,25.1619],[91.02113,25.16199],[91.02083,25.16199],[91.02083,25.16208],[91.02063,25.16208],[91.02063,25.16217],[91.02053,25.16217],[91.02053,25.16226],[91.02063,25.16226],[91.02063,25.16235],[91.02053,25.16235],[91.02053,25.16244],[91.02043,25.16243]],[[91.02033,25.16216],[91.02043,25.16216],[91.02044,25.16198],[91.02034,25.16198],[91.02033,25.16216]]]},"properties":{"id":"wetland_patch_a25908b6e354","date":"2026-06-30","area_km2":0.0055,"pixel_count":55,"classification":"OPEN_WATER","interpretation_label":"HH darkening candidate","mean_delta_db":-5.477004137906161,"median_delta_db":-5.230991363525391,"hh_before":-15.09105425747958,"hh_after":-20.56805839538574,"hv_before":-23.36645962108265,"hv_after":-22.95176474831321,"delta_hh":-5.477004137906161,"delta_hv":0.41469487276944245,"valid_fraction":1.0,"valid_fraction_scope":"region bounding box, all four channels","vegetated_fraction":0.0,"quality_status":"PASS","spatial_status":"PARTIAL","temporal_status":"PARTIAL","temporal_overlap_fraction":null,"threshold_stability":"STABLE","threshold_variation_fraction":0.15476190476190477,"evidence_state":"MODERATE","centroid":[25.16190934812074,91.02047476244361],"data_source":"NISAR","evidence_method":"Rule consistency only; no accuracy estimate or independent reference validation.","baseline_method":"SINGLE_PRECEDING_OBSERVATION","baseline_observation_count":1,"baseline_observation_dates":["2026-06-18"],"baseline_hh_temporal_mad_db":null,"baseline_scene_names":["NISAR_L2_PR_GCOV_023_069_A_014_4005_DHDH_A_20260618T232135_20260618T232210_P05023_N_F_J_001"],"contextual_land_cover":null,"distance_to_water_m":null,"context_status":"NOT_AVAILABLE","reference_validated":false}},{"type":"Feature","geometry":{"type":"Polygon","coordinates":[[[91.02122,25.16236],[91.02123,25.1619],[91.02113,25.1619],[91.02113,25.16181],[91.02094,25.16181],[91.02094,25.16172],[91.02084,25.16172],[91.02084,25.16136],[91.02055,25.16135],[91.02054,25.16144],[91.02015,25.16144],[91.02015,25.16126],[91.02005,25.16126],[91.02005,25.16144],[91.01995,25.16144],[91.01995,25.16116],[91.02005,25.16117],[91.02005,25.16108],[91.02025,25.16108],[91.02025,25.16117],[91.02035,25.16117],[91.02035,25.16099],[91.02045,25.16099],[91.02046,25.16081],[91.02055,25.16081],[91.02056,25.16072],[91.02066,25.16072],[91.02066,25.16054],[91.02076,25.16054],[91.02076,25.16063],[91.02086,25.16064],[91.02085,25.16073],[91.02095,25.16073],[91.02095,25.161],[91.02105,25.161],[91.02105,25.16109],[91.02115,25.16109],[91.02115,25.161],[91.02125,25.161],[91.02124,25.16109],[91.02134,25.16109],[91.02135,25.16082],[91.02105,25.16082],[91.02105,25.16073],[91.02115,25.16073],[91.02115,25.16064],[91.02145,25.16064],[91.02145,25.16055],[91.02155,25.16055],[91.02155,25.16064],[91.02165,25.16065],[91.02165,25.16074],[91.02175,25.16074],[91.02174,25.1611],[91.02154,25.1611],[91.02154,25.16119],[91.02144,25.16118],[91.02144,25.16136],[91.02154,25.16137],[91.02154,25.16146],[91.02173,25.16146],[91.02173,25.16164],[91.02133,25.16163],[91.02133,25.16172],[91.02143,25.16173],[91.02143,25.16182],[91.02153,25.16182],[91.02153,25.16191],[91.02163,25.16191],[91.02163,25.16209],[91.02143,25.16209],[91.02143,25.16218],[91.02133,25.16218],[91.02132,25.16236],[91.02122,25.16236]],[[91.02133,25.162],[91.02143,25.162],[91.02143,25.16182],[91.02133,25.16181],[91.02133,25.162]],[[91.02113,25.16181],[91.02123,25.16181],[91.02124,25.16163],[91.02114,25.16163],[91.02113,25.16181]],[[91.02104,25.16163],[91.02114,25.16163],[91.02114,25.16136],[91.02094,25.16136],[91.02094,25.16145],[91.02104,25.16145],[91.02104,25.16163]],[[91.02124,25.16145],[91.02134,25.16145],[91.02134,25.16118],[91.02124,25.16118],[91.02124,25.16145]],[[91.02025,25.16135],[91.02035,25.16135],[91.02035,25.16126],[91.02025,25.16126],[91.02025,25.16135]],[[91.02045,25.16126],[91.02055,25.16126],[91.02055,25.16117],[91.02065,25.16117],[91.02065,25.1609],[91.02055,25.1609],[91.02055,25.16108],[91.02045,25.16108],[91.02045,25.16126]],[[91.02085,25.16118],[91.02095,25.16118],[91.02095,25.16109],[91.02085,25.16109],[91.02085,25.16118]],[[91.02075,25.16108],[91.02085,25.16109],[91.02085,25.16073],[91.02075,25.16072],[91.02075,25.16108]],[[91.02144,25.16109],[91.02154,25.1611],[91.02154,25.16092],[91.02145,25.16091],[91.02144,25.16109]],[[91.02145,25.16082],[91.02165,25.16083],[91.02165,25.16074],[91.02145,25.16073],[91.02145,25.16082]]]},"properties":{"id":"wetland_patch_6740f7cc4a16","date":"2026-06-30","area_km2":0.0123,"pixel_count":123,"classification":"OPEN_WATER","interpretation_label":"HH darkening candidate","mean_delta_db":-4.778317846902987,"median_delta_db":-4.450876235961914,"hh_before":-15.335133002056338,"hh_after":-20.113450848959324,"hv_before":-24.288701499380718,"hv_after":-23.708333845061016,"delta_hh":-4.778317846902987,"delta_hv":0.5803676543197012,"valid_fraction":1.0,"valid_fraction_scope":"region bounding box, all four channels","vegetated_fraction":0.0,"quality_status":"PASS","spatial_status":"PARTIAL","temporal_status":"PARTIAL","temporal_overlap_fraction":null,"threshold_stability":"SENSITIVE","threshold_variation_fraction":0.22321428571428573,"evidence_state":"UNCERTAIN","centroid":[25.161282165784698,91.02103459372802],"data_source":"NISAR","evidence_method":"Rule consistency only; no accuracy estimate or independent reference validation.","baseline_method":"SINGLE_PRECEDING_OBSERVATION","baseline_observation_count":1,"baseline_observation_dates":["2026-06-18"],"baseline_hh_temporal_mad_db":null,"baseline_scene_names":["NISAR_L2_PR_GCOV_023_069_A_014_4005_DHDH_A_20260618T232135_20260618T232210_P05023_N_F_J_001"],"contextual_land_cover":null,"distance_to_water_m":null,"context_status":"NOT_AVAILABLE","reference_validated":false}},{"type":"Feature","geometry":{"type":"Polygon","coordinates":[[[90.99168,25.16151],[90.99168,25.16124],[90.99158,25.16123],[90.99158,25.16141],[90.99148,25.16141],[90.99148,25.16132],[90.99138,25.16132],[90.99138,25.16141],[90.99128,25.16141],[90.99129,25.16114],[90.99139,25.16114],[90.99139,25.16105],[90.99109,25.16105],[90.99109,25.16096],[90.99119,25.16096],[90.99119,25.16087],[90.99129,25.16087],[90.99129,25.16078],[90.99139,25.16078],[90.9914,25.16042],[90.9915,25.16042],[90.99149,25.16078],[90.99189,25.16079],[90.99188,25.16115],[90.99198,25.16115],[90.99199,25.16097],[90.99208,25.16097],[90.99209,25.16088],[90.99219,25.16088],[90.99219,25.16079],[90.99229,25.16079],[90.99228,25.16088],[90.99238,25.16088],[90.99239,25.16079],[90.99248,25.16079],[90.99248,25.16088],[90.99258,25.16089],[90.99258,25.16098],[90.99278,25.16098],[90.99278,25.16107],[90.99248,25.16107],[90.99248,25.16134],[90.99228,25.16133],[90.99228,25.16142],[90.99218,25.16142],[90.99218,25.16151],[90.99208,25.16151],[90.99208,25.16142],[90.99198,25.16142],[90.99198,25.16124],[90.99178,25.16124],[90.99178,25.16151],[90.99168,25.16151]],[[90.99208,25.16115],[90.99228,25.16115],[90.99228,25.16106],[90.99208,25.16106],[90.99208,25.16115]]]},"properties":{"id":"wetland_patch_061810aa72e4","date":"2026-06-30","area_km2":0.0077,"pixel_count":77,"classification":"OPEN_WATER","interpretation_label":"HH darkening candidate","mean_delta_db":-5.76036330012532,"median_delta_db":-5.332313537597656,"hh_before":-11.357808354613068,"hh_after":-17.11817165473839,"hv_before":-19.418492738302653,"hv_after":-22.319913789823456,"delta_hh":-5.76036330012532,"delta_hv":-2.901421051520806,"valid_fraction":1.0,"valid_fraction_scope":"region bounding box, all four channels","vegetated_fraction":0.0,"quality_status":"PASS","spatial_status":"PARTIAL","temporal_status":"PARTIAL","temporal_overlap_fraction":null,"threshold_stability":"STABLE","threshold_variation_fraction":0.1958762886597938,"evidence_state":"MODERATE","centroid":[25.161066840891703,90.99185708979489],"data_source":"NISAR","evidence_method":"Rule consistency only; no accuracy estimate or independent reference validation.","baseline_method":"SINGLE_PRECEDING_OBSERVATION","baseline_observation_count":1,"baseline_observation_dates":["2026-06-18"],"baseline_hh_temporal_mad_db":null,"baseline_scene_names":["NISAR_L2_PR_GCOV_023_069_A_014_4005_DHDH_A_20260618T232135_20260618T232210_P05023_N_F_J_001"],"contextual_land_cover":null,"distance_to_water_m":null,"context_status":"NOT_AVAILABLE","reference_validated":false}},{"type":"Feature","geometry":{"type":"Polygon","coordinates":[[[91.03135,25.16168],[91.03135,25.16159],[91.03125,25.16159],[91.03126,25.1615],[91.03145,25.1615],[91.03145,25.16159],[91.03155,25.16159],[91.03156,25.16123],[91.03166,25.16123],[91.03166,25.16114],[91.03176,25.16114],[91.03177,25.16069],[91.03186,25.16069],[91.03187,25.1606],[91.03216,25.16061],[91.03216,25.16051],[91.03226,25.16052],[91.03227,25.16043],[91.03217,25.16042],[91.03217,25.16033],[91.03227,25.16034],[91.03227,25.16025],[91.03237,25.16025],[91.03237,25.16034],[91.03256,25.16034],[91.03257,25.16025],[91.03266,25.16025],[91.03267,25.16016],[91.03286,25.16016],[91.03286,25.16034],[91.03306,25.16035],[91.03306,25.16044],[91.03296,25.16044],[91.03296,25.16053],[91.03286,25.16052],[91.03286,25.1607],[91.03276,25.1607],[91.03276,25.16079],[91.03266,25.16079],[91.03265,25.16097],[91.03275,25.16097],[91.03275,25.16115],[91.03285,25.16116],[91.03285,25.16125],[91.03295,25.16125],[91.03294,25.16143],[91.03275,25.16143],[91.03275,25.16134],[91.03265,25.16133],[91.03264,25.16151],[91.03255,25.16151],[91.03254,25.1616],[91.03274,25.16161],[91.03274,25.1617],[91.03225,25.16169],[91.03225,25.1616],[91.03215,25.1616],[91.03215,25.16151],[91.03195,25.16151],[91.03195,25.1616],[91.03185,25.16159],[91.03185,25.1615],[91.03175,25.1615],[91.03175,25.16159],[91.03165,25.16159],[91.03165,25.16168],[91.03135,25.16168]],[[91.03165,25.1615],[91.03175,25.1615],[91.03175,25.16141],[91.03165,25.16141],[91.03165,25.1615]],[[91.03175,25.16141],[91.03185,25.16141],[91.03185,25.16132],[91.03176,25.16132],[91.03175,25.16141]],[[91.03195,25.16141],[91.03215,25.16142],[91.03215,25.16133],[91.03195,25.16132],[91.03195,25.16141]],[[91.03235,25.16142],[91.03245,25.16142],[91.03245,25.16133],[91.03235,25.16133],[91.03235,25.16142]],[[91.03185,25.16132],[91.03195,25.16132],[91.03195,25.16123],[91.03186,25.16123],[91.03185,25.16132]],[[91.03195,25.16123],[91.03205,25.16124],[91.03206,25.16096],[91.03196,25.16096],[91.03196,25.16105],[91.03186,25.16105],[91.03186,25.16114],[91.03196,25.16114],[91.03195,25.16123]],[[91.03245,25.16097],[91.03255,25.16097],[91.03256,25.16088],[91.03246,25.16088],[91.03245,25.16097]],[[91.03206,25.16087],[91.03216,25.16088],[91.03216,25.16079],[91.03206,25.16078],[91.03206,25.16087]],[[91.03186,25.16078],[91.03196,25.16078],[91.03196,25.16069],[91.03186,25.16069],[91.03186,25.16078]],[[91.03216,25.16079],[91.03226,25.16079],[91.03226,25.1607],[91.03216,25.1607],[91.03216,25.16079]],[[91.03256,25.16079],[91.03266,25.16079],[91.03266,25.16061],[91.03256,25.16061],[91.03256,25.16079]],[[91.03266,25.16061],[91.03276,25.16061],[91.03276,25.16052],[91.03266,25.16052],[91.03266,25.16061]],[[91.03276,25.16043],[91.03286,25.16043],[91.03286,25.16034],[91.03276,25.16034],[91.03276,25.16043]]]},"properties":{"id":"wetland_patch_81812baa781b","date":"2026-06-30","area_km2":0.0136,"pixel_count":136,"classification":"OPEN_WATER","interpretation_label":"HH darkening candidate","mean_delta_db":-5.99302418792949,"median_delta_db":-5.719421863555908,"hh_before":-14.229167082730461,"hh_after":-20.222191270659952,"hv_before":-23.455995629815494,"hv_after":-23.455243811887854,"delta_hh":-5.99302418792949,"delta_hv":0.0007518179276410271,"valid_fraction":1.0,"valid_fraction_scope":"region bounding box, all four channels","vegetated_fraction":0.0,"quality_status":"PASS","spatial_status":"PARTIAL","temporal_status":"PARTIAL","temporal_overlap_fraction":null,"threshold_stability":"STABLE","threshold_variation_fraction":0.1881720430107527,"evidence_state":"MODERATE","centroid":[25.16101717063065,91.03229304521975],"data_source":"NISAR","evidence_method":"Rule consistency only; no accuracy estimate or independent reference validation.","baseline_method":"SINGLE_PRECEDING_OBSERVATION","baseline_observation_count":1,"baseline_observation_dates":["2026-06-18"],"baseline_hh_temporal_mad_db":null,"baseline_scene_names":["NISAR_L2_PR_GCOV_023_069_A_014_4005_DHDH_A_20260618T232135_20260618T232210_P05023_N_F_J_001"],"contextual_land_cover":null,"distance_to_water_m":null,"context_status":"NOT_AVAILABLE","reference_validated":false}},{"type":"Feature","geometry":{"type":"Polygon","coordinates":[[[90.9905,25.16095],[90.9905,25.16086],[90.9904,25.16086],[90.9904,25.16077],[90.9901,25.16076],[90.99011,25.16058],[90.99001,25.16058],[90.99001,25.16049],[90.98981,25.16049],[90.98982,25.16022],[90.99001,25.16022],[90.99001,25.16031],[90.99021,25.16031],[90.99021,25.1604],[90.99031,25.1604],[90.99031,25.16013],[90.99051,25.16014],[90.99051,25.16032],[90.99061,25.16032],[90.99061,25.16023],[90.99071,25.16023],[90.99071,25.16032],[90.99091,25.16032],[90.99091,25.16023],[90.99101,25.16023],[90.991,25.16032],[90.9913,25.16033],[90.9913,25.16051],[90.9912,25.16051],[90.9912,25.16042],[90.991,25.16041],[90.991,25.16059],[90.9909,25.16059],[90.9909,25.16068],[90.9908,25.16068],[90.9908,25.16077],[90.991,25.16077],[90.991,25.16086],[90.9909,25.16086],[90.99089,25.16095],[90.9905,25.16095]],[[90.9904,25.16077],[90.9905,25.16077],[90.9905,25.16068],[90.9904,25.16068],[90.9904,25.16077]],[[90.9906,25.16068],[90.9907,25.16068],[90.9907,25.1605],[90.9906,25.1605],[90.9906,25.16068]]]},"properties":{"id":"wetland_patch_1150f01f6710","date":"2026-06-30","area_km2":0.0067,"pixel_count":67,"classification":"OPEN_WATER","interpretation_label":"HH darkening candidate","mean_delta_db":-5.70320491937559,"median_delta_db":-5.310390472412109,"hh_before":-9.76905046358927,"hh_after":-15.47225538296486,"hv_before":-16.985677114173548,"hv_after":-20.943708960689715,"delta_hh":-5.70320491937559,"delta_hv":-3.958031846516168,"valid_fraction":1.0,"valid_fraction_scope":"region bounding box, all four channels","vegetated_fraction":0.0,"quality_status":"PASS","spatial_status":"PARTIAL","temporal_status":"PARTIAL","temporal_overlap_fraction":null,"threshold_stability":"STABLE","threshold_variation_fraction":0.15789473684210525,"evidence_state":"MODERATE","centroid":[25.16052335046197,90.99051911116369],"data_source":"NISAR","evidence_method":"Rule consistency only; no accuracy estimate or independent reference validation.","baseline_method":"SINGLE_PRECEDING_OBSERVATION","baseline_observation_count":1,"baseline_observation_dates":["2026-06-18"],"baseline_hh_temporal_mad_db":null,"baseline_scene_names":["NISAR_L2_PR_GCOV_023_069_A_014_4005_DHDH_A_20260618T232135_20260618T232210_P05023_N_F_J_001"],"contextual_land_cover":null,"distance_to_water_m":null,"context_status":"NOT_AVAILABLE","reference_validated":false}},{"type":"Feature","geometry":{"type":"Polygon","coordinates":[[[91.01628,25.1613],[91.01628,25.16121],[91.01608,25.1612],[91.01609,25.16111],[91.01638,25.16112],[91.01639,25.16103],[91.01599,25.16102],[91.01599,25.16093],[91.01589,25.16093],[91.01589,25.16084],[91.01619,25.16084],[91.01619,25.16093],[91.01659,25.16094],[91.01659,25.16067],[91.01639,25.16067],[91.01639,25.16058],[91.0161,25.16057],[91.0161,25.16048],[91.0162,25.16048],[91.0162,25.16039],[91.0163,25.16039],[91.01629,25.16048],[91.01639,25.16049],[91.0164,25.16039],[91.01649,25.1604],[91.0165,25.16031],[91.0163,25.1603],[91.0163,25.16021],[91.0164,25.16021],[91.0164,25.16012],[91.0163,25.16012],[91.0163,25.16003],[91.0164,25.16003],[91.0164,25.15994],[91.0165,25.15994],[91.0165,25.15985],[91.0166,25.15986],[91.0166,25.15977],[91.0165,25.15976],[91.01651,25.15967],[91.01641,25.15967],[91.01641,25.15958],[91.01651,25.15958],[91.01651,25.15949],[91.01671,25.1595],[91.01671,25.15941],[91.01651,25.1594],[91.01651,25.15931],[91.01671,25.15932],[91.01671,25.15923],[91.01661,25.15922],[91.01661,25.15913],[91.01671,25.15914],[91.01671,25.15904],[91.01662,25.15904],[91.01662,25.15895],[91.01672,25.15895],[91.01672,25.15886],[91.01662,25.15886],[91.01662,25.15868],[91.01682,25.15869],[91.01682,25.15887],[91.01721,25.15887],[91.01721,25.15896],[91.01731,25.15896],[91.01731,25.15905],[91.01721,25.15905],[91.01721,25.15914],[91.01701,25.15914],[91.01701,25.15905],[91.01691,25.15905],[91.01691,25.15923],[91.01681,25.15923],[91.0168,25.15968],[91.0169,25.15968],[91.0169,25.15977],[91.017,25.15977],[91.017,25.15986],[91.0169,25.15986],[91.0169,25.16004],[91.017,25.16004],[91.01699,25.16013],[91.0169,25.16013],[91.01689,25.16022],[91.01709,25.16022],[91.0171,25.16004],[91.01719,25.16004],[91.01719,25.16032],[91.01699,25.16031],[91.01699,25.16058],[91.01709,25.16058],[91.01709,25.1604],[91.01719,25.16041],[91.01719,25.1605],[91.01729,25.1605],[91.01729,25.16059],[91.01738,25.16059],[91.01739,25.1605],[91.01748,25.1605],[91.01748,25.16059],[91.01768,25.16059],[91.01768,25.16068],[91.01728,25.16068],[91.01728,25.16077],[91.01718,25.16077],[91.01718,25.16068],[91.01709,25.16067],[91.01708,25.16095],[91.01698,25.16094],[91.01698,25.16076],[91.01689,25.16076],[91.01689,25.16067],[91.01669,25.16067],[91.01669,25.16085],[91.01678,25.16085],[91.01678,25.16094],[91.01668,25.16094],[91.01668,25.16103],[91.01688,25.16103],[91.01688,25.16112],[91.01658,25.16112],[91.01658,25.16121],[91.01638,25.16121],[91.01638,25.1613],[91.01628,25.1613]],[[91.01679,25.16049],[91.01689,25.16049],[91.01689,25.16022],[91.0167,25.16022],[91.01669,25.16031],[91.01679,25.16031],[91.01679,25.16049]],[[91.0165,25.16031],[91.0166,25.16031],[91.0166,25.16022],[91.0165,25.16022],[91.0165,25.16031]],[[91.01681,25.15905],[91.01691,25.15905],[91.01691,25.15896],[91.01682,25.15896],[91.01681,25.15905]]]},"properties":{"id":"wetland_patch_a66aa664ad51","date":"2026-06-30","area_km2":0.0137,"pixel_count":137,"classification":"OPEN_WATER","interpretation_label":"HH darkening candidate","mean_delta_db":-5.183477387811146,"median_delta_db":-4.766458511352539,"hh_before":-15.783118366324988,"hh_after":-20.966595754136133,"hv_before":-24.28669603723679,"hv_after":-24.43333293051615,"delta_hh":-5.183477387811146,"delta_hv":-0.14663689327936102,"valid_fraction":1.0,"valid_fraction_scope":"region bounding box, all four channels","vegetated_fraction":0.0,"quality_status":"PASS","spatial_status":"PARTIAL","temporal_status":"PARTIAL","temporal_overlap_fraction":null,"threshold_stability":"SENSITIVE","threshold_variation_fraction":0.2775330396475771,"evidence_state":"UNCERTAIN","centroid":[25.16015176965864,91.01672701997808],"data_source":"NISAR","evidence_method":"Rule consistency only; no accuracy estimate or independent reference validation.","baseline_method":"SINGLE_PRECEDING_OBSERVATION","baseline_observation_count":1,"baseline_observation_dates":["2026-06-18"],"baseline_hh_temporal_mad_db":null,"baseline_scene_names":["NISAR_L2_PR_GCOV_023_069_A_014_4005_DHDH_A_20260618T232135_20260618T232210_P05023_N_F_J_001"],"contextual_land_cover":null,"distance_to_water_m":null,"context_status":"NOT_AVAILABLE","reference_validated":false}},{"type":"Feature","geometry":{"type":"Polygon","coordinates":[[[91.02739,25.16126],[91.02739,25.16108],[91.02759,25.16109],[91.02759,25.161],[91.02769,25.161],[91.02769,25.16091],[91.02779,25.16091],[91.0278,25.16082],[91.0277,25.16082],[91.0277,25.16073],[91.0278,25.16073],[91.0278,25.16055],[91.028,25.16055],[91.028,25.16037],[91.0279,25.16037],[91.0279,25.16019],[91.0281,25.16019],[91.0281,25.16028],[91.0282,25.16028],[91.0282,25.1601],[91.02801,25.1601],[91.02801,25.15992],[91.02791,25.15992],[91.02791,25.15983],[91.02761,25.15982],[91.02761,25.15973],[91.02771,25.15973],[91.02772,25.15964],[91.02762,25.15964],[91.02762,25.15955],[91.02742,25.15955],[91.02742,25.15946],[91.02732,25.15946],[91.02732,25.15937],[91.02742,25.15937],[91.02742,25.15919],[91.02752,25.15919],[91.02753,25.1591],[91.02762,25.1591],[91.02762,25.15928],[91.02752,25.15928],[91.02752,25.15946],[91.02772,25.15946],[91.02772,25.15955],[91.02801,25.15956],[91.02802,25.15947],[91.02811,25.15947],[91.02812,25.15938],[91.02822,25.15938],[91.02822,25.15929],[91.02832,25.15929],[91.02832,25.15911],[91.02822,25.15911],[91.02822,25.15902],[91.02842,25.15902],[91.02842,25.15893],[91.02832,25.15893],[91.02832,25.15875],[91.02793,25.15874],[91.02793,25.15883],[91.02822,25.15884],[91.02822,25.15893],[91.02783,25.15892],[91.02783,25.15865],[91.02813,25.15866],[91.02813,25.15857],[91.02823,25.15857],[91.02823,25.15866],[91.02852,25.15866],[91.02853,25.15857],[91.02863,25.15857],[91.02863,25.15839],[91.02873,25.15839],[91.02872,25.15857],[91.02902,25.15858],[91.02902,25.15867],[91.02892,25.15867],[91.02892,25.15876],[91.02862,25.15875],[91.02862,25.15884],[91.02902,25.15885],[91.02901,25.15912],[91.02891,25.15912],[91.02892,25.15903],[91.02882,25.15903],[91.02881,25.15912],[91.02862,25.15911],[91.02861,25.1592],[91.02901,25.15921],[91.02901,25.1593],[91.02911,25.1593],[91.02911,25.15948],[91.02921,25.15948],[91.0292,25.15957],[91.02891,25.15957],[91.02891,25.15948],[91.02901,25.15948],[91.02901,25.15939],[91.02881,25.15939],[91.02881,25.15966],[91.029,25.15966],[91.029,25.15975],[91.0292,25.15975],[91.0292,25.15993],[91.0293,25.15994],[91.0293,25.16003],[91.0292,25.16002],[91.0292,25.16011],[91.02949,25.16012],[91.02949,25.16003],[91.02959,25.16003],[91.0296,25.15994],[91.0295,25.15994],[91.0295,25.15967],[91.0297,25.15967],[91.0297,25.15949],[91.0299,25.15949],[91.0299,25.15967],[91.03029,25.15968],[91.0303,25.15959],[91.03039,25.15959],[91.0304,25.1595],[91.03049,25.1595],[91.0305,25.15941],[91.03069,25.15941],[91.0307,25.15932],[91.0308,25.15932],[91.03079,25.1595],[91.03059,25.1595],[91.03059,25.15968],[91.03079,25.15968],[91.03079,25.15977],[91.03069,25.15977],[91.03069,25.15986],[91.03049,25.15986],[91.03049,25.15995],[91.03039,25.15995],[91.03039,25.15986],[91.03029,25.15986],[91.03029,25.15995],[91.03009,25.15995],[91.03009,25.15986],[91.02999,25.15985],[91.02999,25.15994],[91.02989,25.15994],[91.02989,25.16021],[91.02969,25.16021],[91.02969,25.1603],[91.02989,25.1603],[91.02988,25.16048],[91.02969,25.16048],[91.02968,25.16057],[91.02949,25.16057],[91.02948,25.16066],[91.02929,25.16066],[91.02929,25.16057],[91.02919,25.16057],[91.02919,25.16048],[91.02909,25.16047],[91.02909,25.16065],[91.02879,25.16065],[91.02879,25.16056],[91.02869,25.16056],[91.02869,25.16065],[91.02849,25.16065],[91.02849,25.16074],[91.028,25.16073],[91.02799,25.16082],[91.02829,25.16082],[91.02829,25.16091],[91.02819,25.16091],[91.02819,25.161],[91.02789,25.161],[91.02789,25.16118],[91.02749,25.16117],[91.02749,25.16127],[91.02739,25.16126]],[[91.0282,25.16064],[91.02829,25.16064],[91.0283,25.16055],[91.02839,25.16056],[91.0284,25.16019],[91.0283,25.16019],[91.0283,25.16046],[91.0282,25.16046],[91.0282,25.16064]],[[91.02859,25.16056],[91.02869,25.16056],[91.02869,25.16047],[91.02899,25.16047],[91.02899,25.16029],[91.0289,25.16029],[91.0289,25.1602],[91.0288,25.1602],[91.0288,25.16011],[91.0287,25.16011],[91.0287,25.16002],[91.0286,25.16002],[91.0286,25.16011],[91.0285,25.16011],[91.0285,25.16001],[91.0284,25.16001],[91.02841,25.15992],[91.02831,25.15992],[91.0283,25.1601],[91.0284,25.1601],[91.0284,25.16019],[91.0287,25.1602],[91.0287,25.16038],[91.0286,25.16038],[91.02859,25.16056]],[[91.02929,25.16057],[91.02939,25.16057],[91.02939,25.16048],[91.02929,25.16048],[91.02929,25.16057]],[[91.0281,25.16046],[91.0282,25.16046],[91.0282,25.16037],[91.0281,25.16037],[91.0281,25.16046]],[[91.02939,25.16048],[91.02959,25.16048],[91.02959,25.16039],[91.02949,25.16039],[91.02949,25.1603],[91.02939,25.1603],[91.02939,25.16048]],[[91.0289,25.1602],[91.029,25.1602],[91.029,25.16011],[91.0289,25.16011],[91.0289,25.1602]],[[91.029,25.16011],[91.0291,25.16011],[91.0291,25.16002],[91.029,25.16002],[91.029,25.16011]],[[91.02959,25.16012],[91.02969,25.16012],[91.02969,25.16003],[91.02959,25.16003],[91.02959,25.16012]],[[91.02821,25.15992],[91.02831,25.15992],[91.02831,25.15983],[91.02821,25.15983],[91.02821,25.15992]],[[91.0285,25.15992],[91.0288,25.15993],[91.0288,25.15984],[91.0287,25.15984],[91.02871,25.15966],[91.02861,25.15966],[91.02861,25.15947],[91.02851,25.15947],[91.02851,25.15965],[91.02841,25.15965],[91.02841,25.15974],[91.02861,25.15975],[91.0286,25.15984],[91.02851,25.15983],[91.0285,25.15992]],[[91.0289,25.15993],[91.0291,25.15993],[91.0291,25.15984],[91.029,25.15984],[91.029,25.15975],[91.0289,25.15975],[91.0289,25.15993]],[[91.02791,25.15983],[91.02801,25.15983],[91.02801,25.15974],[91.02821,25.15974],[91.02821,25.15965],[91.02791,25.15965],[91.02791,25.15983]],[[91.03009,25.15986],[91.03019,25.15986],[91.03019,25.15977],[91.03009,25.15977],[91.03009,25.15986]],[[91.03039,25.15977],[91.03059,25.15977],[91.03059,25.15968],[91.03039,25.15968],[91.03039,25.15977]],[[91.02831,25.15965],[91.02841,25.15965],[91.02841,25.15956],[91.02831,25.15956],[91.02831,25.15965]],[[91.02861,25.15947],[91.02871,25.15948],[91.02871,25.15939],[91.02861,25.15938],[91.02861,25.15947]],[[91.02831,25.15938],[91.02841,25.15938],[91.02842,25.15929],[91.02832,25.15929],[91.02831,25.15938]],[[91.02851,25.15938],[91.02861,25.15938],[91.02861,25.15929],[91.02851,25.15929],[91.02851,25.15938]],[[91.02852,25.15911],[91.02862,25.15911],[91.02862,25.15902],[91.02852,25.15902],[91.02852,25.15911]],[[91.02872,25.15902],[91.02882,25.15903],[91.02882,25.15894],[91.02872,25.15893],[91.02872,25.15902]]]},"properties":{"id":"wetland_patch_01763eb7d811","date":"2026-06-30","area_km2":0.03,"pixel_count":300,"classification":"OPEN_WATER","interpretation_label":"HH darkening candidate","mean_delta_db":-4.945768829981486,"median_delta_db":-4.4625325202941895,"hh_before":-14.891511157353719,"hh_after":-19.837279987335204,"hv_before":-23.42903071085612,"hv_after":-23.719302406311034,"delta_hh":-4.945768829981486,"delta_hv":-0.2902716954549154,"valid_fraction":1.0,"valid_fraction_scope":"region bounding box, all four channels","vegetated_fraction":0.0,"quality_status":"PASS","spatial_status":"PARTIAL","temporal_status":"PARTIAL","temporal_overlap_fraction":null,"threshold_stability":"SENSITIVE","threshold_variation_fraction":0.24866785079928952,"evidence_state":"UNCERTAIN","centroid":[25.159846093997544,91.02877689045611],"data_source":"NISAR","evidence_method":"Rule consistency only; no accuracy estimate or independent reference validation.","baseline_method":"SINGLE_PRECEDING_OBSERVATION","baseline_observation_count":1,"baseline_observation_dates":["2026-06-18"],"baseline_hh_temporal_mad_db":null,"baseline_scene_names":["NISAR_L2_PR_GCOV_023_069_A_014_4005_DHDH_A_20260618T232135_20260618T232210_P05023_N_F_J_001"],"contextual_land_cover":null,"distance_to_water_m":null,"context_status":"NOT_AVAILABLE","reference_validated":false}},{"type":"Feature","geometry":{"type":"Polygon","coordinates":[[[91.03394,25.16117],[91.03394,25.16108],[91.03354,25.16107],[91.03355,25.16098],[91.03335,25.16098],[91.03335,25.16071],[91.03325,25.16071],[91.03325,25.16062],[91.03315,25.16062],[91.03316,25.16035],[91.03336,25.16035],[91.03336,25.16026],[91.03356,25.16026],[91.03356,25.16035],[91.03366,25.16035],[91.03365,25.16044],[91.03375,25.16045],[91.03375,25.16063],[91.03385,25.16063],[91.03385,25.16045],[91.03395,25.16045],[91.03395,25.16036],[91.03385,25.16036],[91.03385,25.16027],[91.03395,25.16027],[91.03396,25.16018],[91.03415,25.16018],[91.03415,25.16027],[91.03405,25.16027],[91.03405,25.16045],[91.03415,25.16045],[91.03415,25.16054],[91.03425,25.16054],[91.03425,25.16063],[91.03415,25.16063],[91.03415,25.16072],[91.03434,25.16072],[91.03434,25.161],[91.03414,25.16099],[91.03414,25.1609],[91.03404,25.1609],[91.03404,25.16117],[91.03394,25.16117]],[[91.03384,25.16099],[91.03394,25.16099],[91.03394,25.1609],[91.03384,25.1609],[91.03384,25.16099]],[[91.03375,25.1609],[91.03384,25.1609],[91.03385,25.16081],[91.03375,25.16081],[91.03375,25.1609]],[[91.03325,25.16062],[91.03355,25.16062],[91.03355,25.16053],[91.03326,25.16053],[91.03325,25.16062]]]},"properties":{"id":"wetland_patch_442689d86141","date":"2026-06-30","area_km2":0.007,"pixel_count":70,"classification":"OPEN_WATER","interpretation_label":"HH darkening candidate","mean_delta_db":-5.2224745886666435,"median_delta_db":-4.749867916107178,"hh_before":-15.072076783861434,"hh_after":-20.294551372528076,"hv_before":-23.868168667384555,"hv_after":-24.012303488595144,"delta_hh":-5.2224745886666435,"delta_hv":-0.14413482121058874,"valid_fraction":1.0,"valid_fraction_scope":"region bounding box, all four channels","vegetated_fraction":0.0,"quality_status":"PASS","spatial_status":"PASS","temporal_status":"PARTIAL","temporal_overlap_fraction":null,"threshold_stability":"SENSITIVE","threshold_variation_fraction":0.2073170731707317,"evidence_state":"MODERATE","centroid":[25.160681905656,91.03376042204077],"data_source":"NISAR","evidence_method":"Rule consistency only; no accuracy estimate or independent reference validation.","baseline_method":"SINGLE_PRECEDING_OBSERVATION","baseline_observation_count":1,"baseline_observation_dates":["2026-06-18"],"baseline_hh_temporal_mad_db":null,"baseline_scene_names":["NISAR_L2_PR_GCOV_023_069_A_014_4005_DHDH_A_20260618T232135_20260618T232210_P05023_N_F_J_001"],"contextual_land_cover":null,"distance_to_water_m":null,"context_status":"NOT_AVAILABLE","reference_validated":false}},{"type":"Feature","geometry":{"type":"Polygon","coordinates":[[[91.02293,25.16093],[91.02293,25.16084],[91.02303,25.16084],[91.02304,25.16066],[91.02294,25.16066],[91.02294,25.16057],[91.02284,25.16057],[91.02284,25.16066],[91.02274,25.16066],[91.02274,25.16057],[91.02254,25.16057],[91.02255,25.16039],[91.02245,25.16039],[91.02245,25.1602],[91.02255,25.16021],[91.02255,25.1603],[91.02284,25.1603],[91.02285,25.16021],[91.02265,25.16021],[91.02265,25.16012],[91.02275,25.16012],[91.02275,25.16003],[91.02285,25.16003],[91.02285,25.16012],[91.02295,25.16012],[91.02295,25.15994],[91.02305,25.15994],[91.02305,25.15985],[91.02295,25.15985],[91.02295,25.15976],[91.02305,25.15976],[91.02305,25.15967],[91.02315,25.15967],[91.02315,25.15976],[91.02335,25.15977],[91.02334,25.16004],[91.02354,25.16004],[91.02354,25.16022],[91.02344,25.16022],[91.02344,25.16013],[91.02324,25.16013],[91.02324,25.16022],[91.02334,25.16022],[91.02334,25.16031],[91.02344,25.16031],[91.02344,25.16049],[91.02334,25.16049],[91.02334,25.1604],[91.02314,25.16039],[91.02314,25.16021],[91.02304,25.16021],[91.02304,25.16039],[91.02284,25.16039],[91.02284,25.16048],[91.02304,25.16048],[91.02304,25.16057],[91.02353,25.16058],[91.02353,25.16067],[91.02363,25.16067],[91.02363,25.16085],[91.02353,25.16085],[91.02353,25.16076],[91.02323,25.16076],[91.02324,25.16067],[91.02314,25.16067],[91.02313,25.16085],[91.02323,25.16085],[91.02323,25.16094],[91.02293,25.16093]],[[91.02264,25.16048],[91.02274,25.16048],[91.02274,25.16039],[91.02264,25.16039],[91.02264,25.16048]]]},"properties":{"id":"wetland_patch_df9d79526c6c","date":"2026-06-30","area_km2":0.0065,"pixel_count":65,"classification":"OPEN_WATER","interpretation_label":"HH darkening candidate","mean_delta_db":-4.352628605182354,"median_delta_db":-3.5812530517578125,"hh_before":-15.180922831021823,"hh_after":-19.533551436204178,"hv_before":-23.33713895357572,"hv_after":-23.439650344848634,"delta_hh":-4.352628605182354,"delta_hv":-0.10251139127291166,"valid_fraction":1.0,"valid_fraction_scope":"region bounding box, all four channels","vegetated_fraction":0.0,"quality_status":"PASS","spatial_status":"PARTIAL","temporal_status":"PARTIAL","temporal_overlap_fraction":null,"threshold_stability":"SENSITIVE","threshold_variation_fraction":0.23958333333333334,"evidence_state":"UNCERTAIN","centroid":[25.16032099430812,91.02307975477402],"data_source":"NISAR","evidence_method":"Rule consistency only; no accuracy estimate or independent reference validation.","baseline_method":"SINGLE_PRECEDING_OBSERVATION","baseline_observation_count":1,"baseline_observation_dates":["2026-06-18"],"baseline_hh_temporal_mad_db":null,"baseline_scene_names":["NISAR_L2_PR_GCOV_023_069_A_014_4005_DHDH_A_20260618T232135_20260618T232210_P05023_N_F_J_001"],"contextual_land_cover":null,"distance_to_water_m":null,"context_status":"NOT_AVAILABLE","reference_validated":false}},{"type":"Feature","geometry":{"type":"Polygon","coordinates":[[[91.02581,25.16097],[91.02581,25.16088],[91.02571,25.16088],[91.02571,25.16079],[91.02551,25.16079],[91.02552,25.16061],[91.02562,25.16061],[91.02562,25.16052],[91.02542,25.16052],[91.02542,25.16043],[91.02552,25.16043],[91.02552,25.16034],[91.02542,25.16033],[91.02543,25.16015],[91.02533,25.16015],[91.02533,25.16006],[91.02523,25.16006],[91.02523,25.15988],[91.02533,25.15988],[91.02533,25.15979],[91.02543,25.15979],[91.02543,25.15988],[91.02563,25.15989],[91.02563,25.15998],[91.02573,25.15998],[91.02573,25.15989],[91.02583,25.15989],[91.02583,25.15971],[91.02603,25.15971],[91.02603,25.15962],[91.02583,25.15962],[91.02583,25.15953],[91.02613,25.15953],[91.02613,25.15935],[91.02633,25.15935],[91.02633,25.15953],[91.02643,25.15954],[91.02643,25.15963],[91.02653,25.15963],[91.02652,25.15972],[91.02633,25.15972],[91.02632,25.15981],[91.02622,25.1598],[91.02622,25.15998],[91.02612,25.15998],[91.02612,25.16007],[91.02622,25.16007],[91.02622,25.16016],[91.02632,25.16017],[91.02632,25.16035],[91.02641,25.16035],[91.02641,25.16044],[91.02651,25.16044],[91.02651,25.16053],[91.02661,25.16053],[91.02661,25.16044],[91.02681,25.16044],[91.02681,25.16035],[91.02701,25.16036],[91.02701,25.16045],[91.02691,25.16044],[91.02691,25.16054],[91.02701,25.16054],[91.02701,25.16063],[91.02681,25.16062],[91.02681,25.16053],[91.02671,25.16053],[91.02671,25.16062],[91.02641,25.16062],[91.02641,25.16071],[91.02631,25.16071],[91.02631,25.1608],[91.02621,25.1608],[91.02621,25.16089],[91.02611,25.16089],[91.02611,25.1608],[91.02601,25.16079],[91.02601,25.16052],[91.02592,25.16052],[91.02591,25.16061],[91.02582,25.16061],[91.02581,25.16079],[91.02591,25.16079],[91.02591,25.16097],[91.02581,25.16097]],[[91.02611,25.16071],[91.02621,25.16071],[91.02621,25.16062],[91.02611,25.16061],[91.02611,25.16071]],[[91.02582,25.16043],[91.02602,25.16043],[91.02602,25.16016],[91.02592,25.16016],[91.02592,25.16025],[91.02582,25.16025],[91.02582,25.16043]],[[91.02612,25.16043],[91.02631,25.16044],[91.02632,25.16035],[91.02612,25.16034],[91.02612,25.16043]],[[91.02552,25.16034],[91.02562,25.16034],[91.02562,25.16016],[91.02552,25.16016],[91.02552,25.16034]],[[91.02543,25.16006],[91.02553,25.16007],[91.02553,25.15998],[91.02543,25.15997],[91.02543,25.16006]],[[91.02592,25.16007],[91.02602,25.16007],[91.02602,25.15989],[91.02593,25.15989],[91.02592,25.16007]],[[91.02613,25.15971],[91.02623,25.15971],[91.02623,25.15962],[91.02613,25.15962],[91.02613,25.15971]]]},"properties":{"id":"wetland_patch_0cf901ff98fb","date":"2026-06-30","area_km2":0.011,"pixel_count":110,"classification":"OPEN_WATER","interpretation_label":"HH darkening candidate","mean_delta_db":-4.977635279568759,"median_delta_db":-4.605900287628174,"hh_before":-14.727935895052823,"hh_after":-19.705571174621582,"hv_before":-23.521944046020508,"hv_after":-23.605444041165438,"delta_hh":-4.977635279568759,"delta_hv":-0.08349999514493076,"valid_fraction":1.0,"valid_fraction_scope":"region bounding box, all four channels","vegetated_fraction":0.0,"quality_status":"PASS","spatial_status":"PARTIAL","temporal_status":"PARTIAL","temporal_overlap_fraction":null,"threshold_stability":"SENSITIVE","threshold_variation_fraction":0.21951219512195122,"evidence_state":"UNCERTAIN","centroid":[25.160217900221255,91.02600258683431],"data_source":"NISAR","evidence_method":"Rule consistency only; no accuracy estimate or independent reference validation.","baseline_method":"SINGLE_PRECEDING_OBSERVATION","baseline_observation_count":1,"baseline_observation_dates":["2026-06-18"],"baseline_hh_temporal_mad_db":null,"baseline_scene_names":["NISAR_L2_PR_GCOV_023_069_A_014_4005_DHDH_A_20260618T232135_20260618T232210_P05023_N_F_J_001"],"contextual_land_cover":null,"distance_to_water_m":null,"context_status":"NOT_AVAILABLE","reference_validated":false}},{"type":"Feature","geometry":{"type":"Polygon","coordinates":[[[91.02076,25.16045],[91.02076,25.16036],[91.02056,25.16036],[91.02056,25.16018],[91.02037,25.16018],[91.02037,25.16],[91.02027,25.16],[91.02027,25.15991],[91.02017,25.1599],[91.02017,25.15981],[91.02037,25.15982],[91.02037,25.15991],[91.02047,25.15991],[91.02047,25.15982],[91.02057,25.15982],[91.02057,25.15973],[91.02107,25.15974],[91.02107,25.15946],[91.02117,25.15947],[91.02117,25.15929],[91.02127,25.15929],[91.02128,25.15911],[91.02118,25.1591],[91.02118,25.15901],[91.02138,25.15902],[91.02138,25.15893],[91.02128,25.15893],[91.02128,25.15865],[91.02118,25.15865],[91.02118,25.15892],[91.02108,25.15892],[91.02108,25.15901],[91.02088,25.15901],[91.02088,25.1591],[91.02068,25.1591],[91.02068,25.15901],[91.02058,25.15901],[91.02059,25.15883],[91.02069,25.15883],[91.02069,25.15874],[91.02059,25.15874],[91.02059,25.15865],[91.02049,25.15864],[91.02049,25.15855],[91.02059,25.15856],[91.02059,25.15837],[91.02069,25.15838],[91.02069,25.15829],[91.02079,25.15829],[91.02079,25.15838],[91.02089,25.15838],[91.02089,25.15847],[91.02099,25.15847],[91.02099,25.15856],[91.02079,25.15856],[91.02079,25.15865],[91.02089,25.15865],[91.02089,25.15874],[91.02079,25.15874],[91.02078,25.15892],[91.02088,25.15892],[91.02088,25.15883],[91.02108,25.15883],[91.02108,25.15874],[91.02098,25.15874],[91.02099,25.15865],[91.02109,25.15865],[91.02109,25.15856],[91.02148,25.15857],[91.02148,25.15866],[91.02138,25.15866],[91.02138,25.15875],[91.02148,25.15875],[91.02148,25.15893],[91.02158,25.15893],[91.02157,25.15911],[91.02177,25.15911],[91.02177,25.1592],[91.02147,25.1592],[91.02147,25.15911],[91.02138,25.15911],[91.02137,25.15929],[91.02147,25.15929],[91.02147,25.15938],[91.02137,25.15938],[91.02137,25.15947],[91.02127,25.15947],[91.02127,25.15956],[91.02117,25.15956],[91.02117,25.15965],[91.02127,25.15965],[91.02126,25.15983],[91.02117,25.15983],[91.02116,25.16019],[91.02106,25.16019],[91.02106,25.16037],[91.02116,25.16037],[91.02116,25.16046],[91.02076,25.16045]],[[91.02076,25.16036],[91.02096,25.16037],[91.02096,25.16009],[91.02106,25.1601],[91.02107,25.15983],[91.02097,25.15982],[91.02097,25.15991],[91.02087,25.15991],[91.02086,25.16027],[91.02076,25.16027],[91.02076,25.16036]],[[91.02066,25.16027],[91.02076,25.16027],[91.02077,25.15982],[91.02067,25.15982],[91.02067,25.15991],[91.02057,25.15991],[91.02057,25.16],[91.02067,25.16],[91.02066,25.16027]]]},"properties":{"id":"wetland_patch_b95de594270f","date":"2026-06-30","area_km2":0.01,"pixel_count":100,"classification":"OPEN_WATER","interpretation_label":"HH darkening candidate","mean_delta_db":-5.014722747802734,"median_delta_db":-4.668091773986816,"hh_before":-16.038648414611817,"hh_after":-21.05337116241455,"hv_before":-24.18525037765503,"hv_after":-23.48923500061035,"delta_hh":-5.014722747802734,"delta_hv":0.6960153770446778,"valid_fraction":1.0,"valid_fraction_scope":"region bounding box, all four channels","vegetated_fraction":0.0,"quality_status":"PASS","spatial_status":"PARTIAL","temporal_status":"PARTIAL","temporal_overlap_fraction":null,"threshold_stability":"SENSITIVE","threshold_variation_fraction":0.271356783919598,"evidence_state":"UNCERTAIN","centroid":[25.159367983839278,91.02095493005363],"data_source":"NISAR","evidence_method":"Rule consistency only; no accuracy estimate or independent reference validation.","baseline_method":"SINGLE_PRECEDING_OBSERVATION","baseline_observation_count":1,"baseline_observation_dates":["2026-06-18"],"baseline_hh_temporal_mad_db":null,"baseline_scene_names":["NISAR_L2_PR_GCOV_023_069_A_014_4005_DHDH_A_20260618T232135_20260618T232210_P05023_N_F_J_001"],"contextual_land_cover":null,"distance_to_water_m":null,"context_status":"NOT_AVAILABLE","reference_validated":false}},{"type":"Feature","geometry":{"type":"Polygon","coordinates":[[[91.02661,25.16035],[91.02662,25.16017],[91.02671,25.16017],[91.02672,25.1599],[91.02682,25.1599],[91.02682,25.15972],[91.02672,25.15972],[91.02672,25.15954],[91.02692,25.15954],[91.02693,25.15936],[91.02683,25.15936],[91.02683,25.15945],[91.02663,25.15945],[91.02662,25.15963],[91.02653,25.15963],[91.02653,25.15936],[91.02673,25.15936],[91.02673,25.15927],[91.02604,25.15926],[91.02603,25.15935],[91.02593,25.15935],[91.02593,25.15944],[91.02583,25.15944],[91.02584,25.15908],[91.02574,25.15908],[91.02574,25.15889],[91.02555,25.15889],[91.02554,25.15898],[91.02544,25.15898],[91.02545,25.1588],[91.02535,25.1588],[91.02535,25.15898],[91.02525,25.15898],[91.02524,25.15907],[91.02505,25.15907],[91.02505,25.15889],[91.02525,25.15889],[91.02525,25.1588],[91.02515,25.1588],[91.02515,25.15871],[91.02555,25.15871],[91.02555,25.1588],[91.02574,25.1588],[91.02575,25.15862],[91.02555,25.15862],[91.02555,25.15853],[91.02545,25.15853],[91.02545,25.15844],[91.02535,25.15844],[91.02535,25.15853],[91.02515,25.15853],[91.02516,25.15844],[91.02525,25.15844],[91.02526,25.15835],[91.02555,25.15835],[91.02555,25.15844],[91.02565,25.15844],[91.02565,25.15853],[91.02575,25.15853],[91.02575,25.15844],[91.02585,25.15844],[91.02585,25.15854],[91.02605,25.15854],[91.02605,25.15863],[91.02624,25.15863],[91.02624,25.15872],[91.02634,25.15872],[91.02635,25.15845],[91.02644,25.15845],[91.02644,25.15854],[91.02654,25.15854],[91.02654,25.15872],[91.02644,25.15872],[91.02644,25.15881],[91.02664,25.15882],[91.02664,25.15891],[91.02654,25.15891],[91.02653,25.15909],[91.02663,25.15909],[91.02663,25.15918],[91.02673,25.15918],[91.02673,25.15909],[91.02683,25.15909],[91.02683,25.159],[91.02713,25.159],[91.02713,25.15918],[91.02683,25.15918],[91.02683,25.15927],[91.02703,25.15927],[91.02703,25.15936],[91.02712,25.15936],[91.02713,25.15927],[91.02723,25.15928],[91.02722,25.15946],[91.02732,25.15946],[91.02732,25.15973],[91.02742,25.15973],[91.02741,25.15982],[91.02751,25.15982],[91.02751,25.15991],[91.02731,25.15991],[91.02731,25.16],[91.02721,25.16],[91.02721,25.16009],[91.02751,25.16009],[91.02751,25.16],[91.02771,25.16],[91.02771,25.16018],[91.02761,25.16018],[91.02761,25.16027],[91.02741,25.16027],[91.02741,25.16018],[91.02721,25.16018],[91.02721,25.16027],[91.02701,25.16027],[91.02701,25.16018],[91.02691,25.16017],[91.02691,25.16026],[91.02671,25.16026],[91.02671,25.16035],[91.02661,25.16035]],[[91.02681,25.16017],[91.02691,25.16017],[91.02692,25.15999],[91.02682,25.15999],[91.02681,25.16017]],[[91.02701,25.16009],[91.02711,25.16009],[91.02712,25.15991],[91.02702,25.1599],[91.02701,25.16009]],[[91.02692,25.1599],[91.02702,25.1599],[91.02702,25.15981],[91.02692,25.15981],[91.02692,25.1599]],[[91.02702,25.15972],[91.02712,25.15973],[91.02712,25.15964],[91.02722,25.15964],[91.02722,25.15955],[91.02712,25.15955],[91.02712,25.15945],[91.02702,25.15945],[91.02702,25.15972]],[[91.02594,25.15926],[91.02604,25.15926],[91.02604,25.15917],[91.02614,25.15917],[91.02614,25.15908],[91.02624,25.15908],[91.02623,25.15917],[91.02633,25.15917],[91.02634,25.15881],[91.02624,25.15881],[91.02624,25.15899],[91.02614,25.15899],[91.02614,25.1589],[91.02604,25.1589],[91.02604,25.15881],[91.02594,25.15881],[91.02594,25.15872],[91.02585,25.15872],[91.02584,25.15899],[91.02604,25.15899],[91.02604,25.15908],[91.02594,25.15908],[91.02594,25.15926]],[[91.02604,25.15881],[91.02614,25.15881],[91.02614,25.15872],[91.02604,25.15872],[91.02604,25.15881]]]},"properties":{"id":"wetland_patch_e1129af225b7","date":"2026-06-30","area_km2":0.0144,"pixel_count":144,"classification":"OPEN_WATER","interpretation_label":"HH darkening candidate","mean_delta_db":-4.783999668227302,"median_delta_db":-4.4032158851623535,"hh_before":-15.146893580754599,"hh_after":-19.9308932489819,"hv_before":-23.59157799349891,"hv_after":-23.57008186976115,"delta_hh":-4.783999668227302,"delta_hv":0.02149612373775906,"valid_fraction":1.0,"valid_fraction_scope":"region bounding box, all four channels","vegetated_fraction":0.0,"quality_status":"PASS","spatial_status":"PARTIAL","temporal_status":"PARTIAL","temporal_overlap_fraction":null,"threshold_stability":"SENSITIVE","threshold_variation_fraction":0.26512968299711814,"evidence_state":"UNCERTAIN","centroid":[25.159292712904307,91.02648303668396],"data_source":"NISAR","evidence_method":"Rule consistency only; no accuracy estimate or independent reference validation.","baseline_method":"SINGLE_PRECEDING_OBSERVATION","baseline_observation_count":1,"baseline_observation_dates":["2026-06-18"],"baseline_hh_temporal_mad_db":null,"baseline_scene_names":["NISAR_L2_PR_GCOV_023_069_A_014_4005_DHDH_A_20260618T232135_20260618T232210_P05023_N_F_J_001"],"contextual_land_cover":null,"distance_to_water_m":null,"context_status":"NOT_AVAILABLE","reference_validated":false}},{"type":"Feature","geometry":{"type":"Polygon","coordinates":[[[91.02354,25.15995],[91.02355,25.15986],[91.02345,25.15986],[91.02345,25.15968],[91.02375,25.15968],[91.02375,25.15932],[91.02405,25.15932],[91.02405,25.15941],[91.02415,25.15942],[91.02415,25.15923],[91.02445,25.15924],[91.02445,25.15933],[91.02455,25.15933],[91.02455,25.15924],[91.02465,25.15924],[91.02465,25.15933],[91.02474,25.15933],[91.02475,25.15915],[91.02465,25.15915],[91.02465,25.15906],[91.02475,25.15906],[91.02475,25.15897],[91.02485,25.15897],[91.02485,25.15888],[91.02475,25.15888],[91.02475,25.15879],[91.02485,25.15879],[91.02485,25.1587],[91.02466,25.1587],[91.02466,25.15861],[91.02456,25.15861],[91.02456,25.15852],[91.02446,25.15852],[91.02446,25.15879],[91.02436,25.15879],[91.02436,25.1587],[91.02416,25.15869],[91.02416,25.1586],[91.02426,25.1586],[91.02426,25.15851],[91.02436,25.15852],[91.02436,25.15842],[91.02446,25.15843],[91.02446,25.15834],[91.02476,25.15834],[91.02476,25.15825],[91.02486,25.15825],[91.02486,25.15843],[91.02496,25.15843],[91.02496,25.15816],[91.02506,25.15816],[91.02506,25.15852],[91.02496,25.15852],[91.02495,25.15861],[91.02515,25.15862],[91.02515,25.15871],[91.02505,25.15871],[91.02505,25.1588],[91.02495,25.15879],[91.02495,25.15915],[91.02514,25.15916],[91.02514,25.15925],[91.02504,25.15925],[91.02504,25.15943],[91.02494,25.15943],[91.02494,25.15952],[91.02454,25.15951],[91.02454,25.1596],[91.02444,25.1596],[91.02445,25.15942],[91.02435,25.15942],[91.02434,25.15951],[91.02415,25.15951],[91.02415,25.1596],[91.02405,25.15959],[91.02405,25.1595],[91.02395,25.1595],[91.02395,25.15941],[91.02385,25.15941],[91.02385,25.15959],[91.02395,25.15959],[91.02395,25.15968],[91.02404,25.15968],[91.02404,25.15977],[91.02375,25.15977],[91.02374,25.15986],[91.02364,25.15986],[91.02364,25.15995],[91.02354,25.15995]],[[91.02485,25.15924],[91.02494,25.15925],[91.02495,25.15915],[91.02485,25.15915],[91.02485,25.15924]],[[91.02476,25.15861],[91.02486,25.15861],[91.02486,25.15852],[91.02476,25.15852],[91.02476,25.15861]]]},"properties":{"id":"wetland_patch_93e9478754d3","date":"2026-06-30","area_km2":0.0086,"pixel_count":86,"classification":"OPEN_WATER","interpretation_label":"HH darkening candidate","mean_delta_db":-4.917075844698174,"median_delta_db":-4.573116302490234,"hh_before":-14.802875563155773,"hh_after":-19.719951407853948,"hv_before":-22.60994441010231,"hv_after":-23.48227605154348,"delta_hh":-4.917075844698174,"delta_hv":-0.8723316414411678,"valid_fraction":1.0,"valid_fraction_scope":"region bounding box, all four channels","vegetated_fraction":0.0,"quality_status":"PASS","spatial_status":"PARTIAL","temporal_status":"PARTIAL","temporal_overlap_fraction":null,"threshold_stability":"STABLE","threshold_variation_fraction":0.19444444444444445,"evidence_state":"MODERATE","centroid":[25.159089001479742,91.02448547330124],"data_source":"NISAR","evidence_method":"Rule consistency only; no accuracy estimate or independent reference validation.","baseline_method":"SINGLE_PRECEDING_OBSERVATION","baseline_observation_count":1,"baseline_observation_dates":["2026-06-18"],"baseline_hh_temporal_mad_db":null,"baseline_scene_names":["NISAR_L2_PR_GCOV_023_069_A_014_4005_DHDH_A_20260618T232135_20260618T232210_P05023_N_F_J_001"],"contextual_land_cover":null,"distance_to_water_m":null,"context_status":"NOT_AVAILABLE","reference_validated":false}},{"type":"Feature","geometry":{"type":"Polygon","coordinates":[[[91.01095,25.15969],[91.01096,25.15942],[91.01106,25.15942],[91.01106,25.15924],[91.01096,25.15924],[91.01096,25.15906],[91.01086,25.15906],[91.01086,25.15897],[91.01076,25.15897],[91.01077,25.15887],[91.01096,25.15888],[91.01097,25.15879],[91.01087,25.15879],[91.01087,25.1587],[91.01077,25.15869],[91.01077,25.1586],[91.01097,25.15861],[91.01097,25.15843],[91.01087,25.15842],[91.01087,25.15833],[91.01078,25.15833],[91.01078,25.15815],[91.01058,25.15815],[91.01058,25.15806],[91.01068,25.15806],[91.01069,25.1577],[91.01079,25.1577],[91.01078,25.15797],[91.01088,25.15797],[91.01088,25.15779],[91.01098,25.15779],[91.01098,25.15788],[91.01128,25.15789],[91.01127,25.15825],[91.01117,25.15825],[91.01117,25.15834],[91.01137,25.15834],[91.01137,25.15825],[91.01147,25.15825],[91.01147,25.15816],[91.01157,25.15816],[91.01157,25.15798],[91.01167,25.15798],[91.01167,25.15807],[91.01187,25.15808],[91.01187,25.15799],[91.01197,25.15799],[91.01197,25.15781],[91.01207,25.15781],[91.01208,25.15763],[91.01227,25.15763],[91.01227,25.15781],[91.01247,25.15781],[91.01247,25.15799],[91.01257,25.158],[91.01257,25.15782],[91.01267,25.15782],[91.01267,25.158],[91.01276,25.158],[91.01276,25.15809],[91.01266,25.15809],[91.01266,25.15827],[91.01256,25.15827],[91.01256,25.15836],[91.01306,25.15836],[91.01306,25.15818],[91.01296,25.15818],[91.01296,25.15809],[91.01286,25.15809],[91.01287,25.15782],[91.01306,25.15782],[91.01306,25.15791],[91.01336,25.15792],[91.01336,25.1581],[91.01326,25.1581],[91.01326,25.15828],[91.01355,25.15828],[91.01355,25.15837],[91.01335,25.15837],[91.01335,25.15846],[91.01286,25.15845],[91.01285,25.15854],[91.01295,25.15854],[91.01295,25.15872],[91.01335,25.15873],[91.01335,25.15864],[91.01315,25.15864],[91.01315,25.15855],[91.01385,25.15856],[91.01384,25.15865],[91.01375,25.15864],[91.01374,25.15891],[91.01364,25.15891],[91.01364,25.159],[91.01354,25.159],[91.01354,25.15891],[91.01344,25.15891],[91.01344,25.159],[91.01314,25.159],[91.01315,25.15891],[91.01295,25.1589],[91.01295,25.15881],[91.01265,25.15881],[91.01265,25.1589],[91.01255,25.1589],[91.01255,25.15899],[91.01245,25.15899],[91.01245,25.1589],[91.01225,25.15889],[91.01226,25.1588],[91.01196,25.1588],[91.01196,25.15862],[91.01206,25.15862],[91.01206,25.15844],[91.01196,25.15844],[91.01196,25.15853],[91.01186,25.15853],[91.01186,25.1588],[91.01176,25.1588],[91.01176,25.15889],[91.01166,25.15889],[91.01166,25.15871],[91.01156,25.1587],[91.01156,25.1588],[91.01146,25.15879],[91.01146,25.15888],[91.01156,25.15889],[91.01156,25.15907],[91.01146,25.15906],[91.01146,25.15897],[91.01136,25.15897],[91.01136,25.15906],[91.01126,25.15906],[91.01126,25.15915],[91.01136,25.15915],[91.01135,25.15942],[91.01125,25.15942],[91.01125,25.15933],[91.01116,25.15933],[91.01115,25.15951],[91.01105,25.15951],[91.01105,25.15969],[91.01095,25.15969]],[[91.01116,25.15924],[91.01126,25.15924],[91.01126,25.15915],[91.01116,25.15915],[91.01116,25.15924]],[[91.01106,25.15897],[91.01136,25.15897],[91.01136,25.15888],[91.01116,25.15888],[91.01117,25.1587],[91.01107,25.1587],[91.01106,25.15897]],[[91.01334,25.15891],[91.01344,25.15891],[91.01345,25.15882],[91.01335,25.15882],[91.01334,25.15891]],[[91.01235,25.15881],[91.01255,25.15881],[91.01255,25.15872],[91.01246,25.15872],[91.01246,25.15863],[91.01236,25.15863],[91.01235,25.15881]],[[91.01345,25.15882],[91.01364,25.15882],[91.01365,25.15873],[91.01345,25.15873],[91.01345,25.15882]],[[91.01166,25.15871],[91.01176,25.15871],[91.01176,25.15862],[91.01166,25.15862],[91.01166,25.15871]],[[91.01206,25.15871],[91.01216,25.15871],[91.01216,25.15862],[91.01206,25.15862],[91.01206,25.15871]],[[91.01156,25.15861],[91.01166,25.15862],[91.01166,25.15853],[91.01157,25.15852],[91.01156,25.15861]],[[91.01216,25.15862],[91.01236,25.15863],[91.01236,25.15835],[91.01226,25.15835],[91.01226,25.15844],[91.01216,25.15844],[91.01216,25.15862]],[[91.01246,25.15863],[91.01265,25.15863],[91.01266,25.15845],[91.01246,25.15845],[91.01246,25.15863]],[[91.01117,25.15852],[91.01137,25.15852],[91.01137,25.15843],[91.01117,25.15843],[91.01117,25.15852]],[[91.01186,25.15844],[91.01196,25.15844],[91.01197,25.15835],[91.01216,25.15835],[91.01217,25.15817],[91.01187,25.15817],[91.01187,25.15826],[91.01177,25.15826],[91.01177,25.15835],[91.01187,25.15835],[91.01186,25.15844]],[[91.01097,25.15834],[91.01107,25.15834],[91.01107,25.15825],[91.01097,25.15825],[91.01097,25.15834]],[[91.01088,25.15824],[91.01097,25.15825],[91.01098,25.15807],[91.01088,25.15806],[91.01088,25.15824]],[[91.01246,25.15818],[91.01256,25.15818],[91.01256,25.15809],[91.01247,25.15809],[91.01246,25.15818]],[[91.01207,25.15808],[91.01237,25.15808],[91.01237,25.1579],[91.01227,25.1579],[91.01227,25.15799],[91.01207,25.15799],[91.01207,25.15808]],[[91.01296,25.15809],[91.01316,25.15809],[91.01316,25.158],[91.01296,25.158],[91.01296,25.15809]]]},"properties":{"id":"wetland_patch_035b7443ac78","date":"2026-06-30","area_km2":0.0242,"pixel_count":242,"classification":"OPEN_WATER","interpretation_label":"HH darkening candidate","mean_delta_db":-4.949759225214809,"median_delta_db":-4.4476447105407715,"hh_before":-15.840431573962377,"hh_after":-20.790190799177186,"hv_before":-23.795223236083984,"hv_after":-23.87029988312524,"delta_hh":-4.949759225214809,"delta_hv":-0.07507664704125774,"valid_fraction":1.0,"valid_fraction_scope":"region bounding box, all four channels","vegetated_fraction":0.0,"quality_status":"PASS","spatial_status":"PARTIAL","temporal_status":"PARTIAL","temporal_overlap_fraction":null,"threshold_stability":"SENSITIVE","threshold_variation_fraction":0.24433249370277077,"evidence_state":"UNCERTAIN","centroid":[25.15847127643805,91.01204921449927],"data_source":"NISAR","evidence_method":"Rule consistency only; no accuracy estimate or independent reference validation.","baseline_method":"SINGLE_PRECEDING_OBSERVATION","baseline_observation_count":1,"baseline_observation_dates":["2026-06-18"],"baseline_hh_temporal_mad_db":null,"baseline_scene_names":["NISAR_L2_PR_GCOV_023_069_A_014_4005_DHDH_A_20260618T232135_20260618T232210_P05023_N_F_J_001"],"contextual_land_cover":null,"distance_to_water_m":null,"context_status":"NOT_AVAILABLE","reference_validated":false}},{"type":"Feature","geometry":{"type":"Polygon","coordinates":[[[91.01442,25.15974],[91.01442,25.15965],[91.01423,25.15964],[91.01423,25.15955],[91.01413,25.15955],[91.01413,25.15964],[91.01363,25.15964],[91.01363,25.15955],[91.01353,25.15954],[91.01354,25.15918],[91.01384,25.15919],[91.01384,25.15874],[91.01394,25.15874],[91.01394,25.15865],[91.01404,25.15865],[91.01404,25.15874],[91.01424,25.15874],[91.01424,25.15856],[91.01434,25.15856],[91.01434,25.15847],[91.01444,25.15847],[91.01444,25.15838],[91.01435,25.15838],[91.01435,25.15829],[91.01445,25.15829],[91.01445,25.1582],[91.01474,25.15821],[91.01474,25.15857],[91.01464,25.15857],[91.01464,25.15866],[91.01474,25.15866],[91.01474,25.15875],[91.01484,25.15875],[91.01483,25.15884],[91.01464,25.15884],[91.01463,25.15893],[91.01434,25.15892],[91.01433,25.15901],[91.01443,25.15901],[91.01443,25.1591],[91.01433,25.1591],[91.01433,25.15928],[91.01423,25.15928],[91.01423,25.15937],[91.01443,25.15938],[91.01443,25.15929],[91.01453,25.15929],[91.01453,25.1592],[91.01463,25.1592],[91.01463,25.15938],[91.01482,25.15938],[91.01483,25.15929],[91.01502,25.15929],[91.01502,25.15947],[91.01522,25.15948],[91.01522,25.15957],[91.01482,25.15956],[91.01482,25.15965],[91.01502,25.15965],[91.01502,25.15974],[91.01442,25.15974]],[[91.01423,25.15955],[91.01443,25.15956],[91.01443,25.15947],[91.01423,25.15946],[91.01423,25.15955]],[[91.01393,25.15946],[91.01413,25.15946],[91.01413,25.15937],[91.01393,25.15937],[91.01393,25.15946]],[[91.01482,25.15947],[91.01492,25.15947],[91.01492,25.15938],[91.01482,25.15938],[91.01482,25.15947]],[[91.01413,25.15919],[91.01423,25.15919],[91.01423,25.1591],[91.01414,25.1591],[91.01413,25.15919]],[[91.01404,25.1591],[91.01414,25.1591],[91.01414,25.15901],[91.01404,25.15901],[91.01404,25.1591]],[[91.01424,25.15883],[91.01434,25.15883],[91.01434,25.15874],[91.01424,25.15874],[91.01424,25.15883]],[[91.01454,25.15838],[91.01464,25.15839],[91.01464,25.15829],[91.01454,25.15829],[91.01454,25.15838]]]},"properties":{"id":"wetland_patch_e808853dc035","date":"2026-06-30","area_km2":0.0118,"pixel_count":118,"classification":"OPEN_WATER","interpretation_label":"HH darkening candidate","mean_delta_db":-5.893004789190777,"median_delta_db":-5.339424133300781,"hh_before":-14.526876675880562,"hh_after":-20.419881465071338,"hv_before":-23.64931352259749,"hv_after":-23.3340426622811,"delta_hh":-5.893004789190777,"delta_hv":0.3152708603163897,"valid_fraction":1.0,"valid_fraction_scope":"region bounding box, all four channels","vegetated_fraction":0.0,"quality_status":"PASS","spatial_status":"PARTIAL","temporal_status":"PARTIAL","temporal_overlap_fraction":null,"threshold_stability":"SENSITIVE","threshold_variation_fraction":0.21212121212121213,"evidence_state":"UNCERTAIN","centroid":[25.159132714559423,91.01430435702942],"data_source":"NISAR","evidence_method":"Rule consistency only; no accuracy estimate or independent reference validation.","baseline_method":"SINGLE_PRECEDING_OBSERVATION","baseline_observation_count":1,"baseline_observation_dates":["2026-06-18"],"baseline_hh_temporal_mad_db":null,"baseline_scene_names":["NISAR_L2_PR_GCOV_023_069_A_014_4005_DHDH_A_20260618T232135_20260618T232210_P05023_N_F_J_001"],"contextual_land_cover":null,"distance_to_water_m":null,"context_status":"NOT_AVAILABLE","reference_validated":false}},{"type":"Feature","geometry":{"type":"Polygon","coordinates":[[[90.98725,25.15919],[90.98726,25.1591],[90.98716,25.1591],[90.98716,25.15901],[90.98706,25.15901],[90.98706,25.15892],[90.98696,25.15891],[90.98696,25.15882],[90.98676,25.15882],[90.98677,25.15873],[90.98667,25.15873],[90.98666,25.15891],[90.98656,25.15891],[90.98657,25.15873],[90.98627,25.15872],[90.98627,25.15863],[90.98637,25.15864],[90.98637,25.15854],[90.98617,25.15854],[90.98617,25.15845],[90.98627,25.15845],[90.98628,25.15836],[90.98637,25.15836],[90.98638,25.15827],[90.98648,25.15828],[90.98648,25.15819],[90.98598,25.15818],[90.98598,25.15827],[90.98588,25.15827],[90.98588,25.15809],[90.98608,25.15809],[90.98608,25.158],[90.98618,25.158],[90.98618,25.15809],[90.98628,25.15809],[90.98628,25.158],[90.98638,25.158],[90.98638,25.15809],[90.98668,25.1581],[90.98668,25.15801],[90.98658,25.15801],[90.98658,25.15783],[90.98648,25.15782],[90.98648,25.15773],[90.98629,25.15773],[90.98629,25.15755],[90.98639,25.15755],[90.98639,25.15728],[90.98659,25.15728],[90.98659,25.15737],[90.98649,25.15737],[90.98649,25.15755],[90.98659,25.15755],[90.98659,25.15746],[90.98679,25.15747],[90.98678,25.15756],[90.98688,25.15756],[90.98689,25.15747],[90.98738,25.15748],[90.98738,25.15766],[90.98728,25.15765],[90.98728,25.15774],[90.98708,25.15774],[90.98708,25.15765],[90.98698,25.15765],[90.98698,25.15783],[90.98718,25.15783],[90.98718,25.15792],[90.98727,25.15793],[90.98727,25.15802],[90.98717,25.15801],[90.98717,25.1581],[90.98707,25.1581],[90.98707,25.15828],[90.98687,25.15828],[90.98687,25.15837],[90.98677,25.15837],[90.98677,25.15846],[90.98667,25.15846],[90.98667,25.15855],[90.98687,25.15855],[90.98687,25.15864],[90.98706,25.15864],[90.98706,25.15883],[90.98716,25.15883],[90.98716,25.15892],[90.98726,25.15892],[90.98726,25.15901],[90.98736,25.15901],[90.98735,25.15919],[90.98725,25.15919]],[[90.98647,25.15837],[90.98657,25.15837],[90.98657,25.15828],[90.98648,25.15828],[90.98647,25.15837]],[[90.98678,25.1581],[90.98687,25.1581],[90.98688,25.15801],[90.98678,25.15801],[90.98678,25.1581]],[[90.98698,25.15801],[90.98707,25.15801],[90.98708,25.15792],[90.98698,25.15792],[90.98698,25.15801]],[[90.98668,25.15792],[90.98678,25.15792],[90.98678,25.15783],[90.98668,25.15783],[90.98668,25.15792]],[[90.98678,25.15783],[90.98688,25.15783],[90.98688,25.15774],[90.98678,25.15774],[90.98678,25.15783]],[[90.98658,25.15765],[90.98668,25.15765],[90.98669,25.15756],[90.98659,25.15755],[90.98658,25.15765]],[[90.98718,25.15765],[90.98728,25.15765],[90.98728,25.15756],[90.98718,25.15756],[90.98718,25.15765]]]},"properties":{"id":"wetland_patch_3dfb8f5b23a6","date":"2026-06-30","area_km2":0.0108,"pixel_count":108,"classification":"OPEN_WATER","interpretation_label":"HH darkening candidate","mean_delta_db":-5.48336237889749,"median_delta_db":-5.18678092956543,"hh_before":-13.72259834960655,"hh_after":-19.20596072850404,"hv_before":-21.05252778971637,"hv_after":-22.46528865231408,"delta_hh":-5.48336237889749,"delta_hv":-1.4127608625977128,"valid_fraction":1.0,"valid_fraction_scope":"region bounding box, all four channels","vegetated_fraction":0.0,"quality_status":"PASS","spatial_status":"PARTIAL","temporal_status":"PARTIAL","temporal_overlap_fraction":null,"threshold_stability":"SENSITIVE","threshold_variation_fraction":0.21428571428571427,"evidence_state":"UNCERTAIN","centroid":[25.15813854475893,90.98672545018925],"data_source":"NISAR","evidence_method":"Rule consistency only; no accuracy estimate or independent reference validation.","baseline_method":"SINGLE_PRECEDING_OBSERVATION","baseline_observation_count":1,"baseline_observation_dates":["2026-06-18"],"baseline_hh_temporal_mad_db":null,"baseline_scene_names":["NISAR_L2_PR_GCOV_023_069_A_014_4005_DHDH_A_20260618T232135_20260618T232210_P05023_N_F_J_001"],"contextual_land_cover":null,"distance_to_water_m":null,"context_status":"NOT_AVAILABLE","reference_validated":false}},{"type":"Feature","geometry":{"type":"Polygon","coordinates":[[[91.03595,25.15948],[91.03595,25.1593],[91.03566,25.1593],[91.03566,25.15921],[91.03576,25.15921],[91.03576,25.15912],[91.03596,25.15912],[91.03595,25.15921],[91.03615,25.15921],[91.03615,25.15912],[91.03635,25.15913],[91.03635,25.15904],[91.03626,25.15903],[91.03626,25.15894],[91.03636,25.15895],[91.03636,25.15886],[91.03626,25.15885],[91.03626,25.15858],[91.03616,25.15858],[91.03616,25.15849],[91.03636,25.15849],[91.03636,25.15858],[91.03646,25.15859],[91.03646,25.15868],[91.03656,25.15868],[91.03656,25.15877],[91.03676,25.15877],[91.03676,25.15868],[91.03666,25.15868],[91.03666,25.15859],[91.03656,25.15859],[91.03656,25.15841],[91.03666,25.15841],[91.03666,25.1585],[91.03676,25.1585],[91.03676,25.15859],[91.03686,25.15859],[91.03686,25.15868],[91.03696,25.15868],[91.03695,25.15877],[91.03685,25.15877],[91.03685,25.15895],[91.03695,25.15895],[91.03695,25.15904],[91.03685,25.15904],[91.03685,25.15913],[91.03695,25.15913],[91.03695,25.15922],[91.03675,25.15922],[91.03675,25.15931],[91.03655,25.15931],[91.03655,25.1594],[91.03645,25.1594],[91.03645,25.15922],[91.03635,25.15922],[91.03635,25.1594],[91.03625,25.1594],[91.03625,25.15931],[91.03605,25.1593],[91.03605,25.15948],[91.03595,25.15948]],[[91.03655,25.15904],[91.03675,25.15904],[91.03675,25.15895],[91.03655,25.15895],[91.03655,25.15904]],[[91.03646,25.15895],[91.03655,25.15895],[91.03656,25.15886],[91.03646,25.15886],[91.03646,25.15895]],[[91.03636,25.15886],[91.03646,25.15886],[91.03646,25.15877],[91.03636,25.15877],[91.03636,25.15886]]]},"properties":{"id":"wetland_patch_19ed036afc0a","date":"2026-06-30","area_km2":0.0057,"pixel_count":57,"classification":"OPEN_WATER","interpretation_label":"HH darkening candidate","mean_delta_db":-4.420143010323508,"median_delta_db":-4.025485992431641,"hh_before":-16.318921490719443,"hh_after":-20.73906450104295,"hv_before":-24.123589733190705,"hv_after":-24.41529826114052,"delta_hh":-4.420143010323508,"delta_hv":-0.2917085279498184,"valid_fraction":1.0,"valid_fraction_scope":"region bounding box, all four channels","vegetated_fraction":0.0,"quality_status":"PASS","spatial_status":"PARTIAL","temporal_status":"PARTIAL","temporal_overlap_fraction":null,"threshold_stability":"SENSITIVE","threshold_variation_fraction":0.3125,"evidence_state":"UNCERTAIN","centroid":[25.158993675838197,91.0364516536196],"data_source":"NISAR","evidence_method":"Rule consistency only; no accuracy estimate or independent reference validation.","baseline_method":"SINGLE_PRECEDING_OBSERVATION","baseline_observation_count":1,"baseline_observation_dates":["2026-06-18"],"baseline_hh_temporal_mad_db":null,"baseline_scene_names":["NISAR_L2_PR_GCOV_023_069_A_014_4005_DHDH_A_20260618T232135_20260618T232210_P05023_N_F_J_001"],"contextual_land_cover":null,"distance_to_water_m":null,"context_status":"NOT_AVAILABLE","reference_validated":false}},{"type":"Feature","geometry":{"type":"Polygon","coordinates":[[[90.98528,25.15862],[90.98529,25.15826],[90.98548,25.15826],[90.98549,25.15808],[90.98539,25.15808],[90.98539,25.15817],[90.98479,25.15816],[90.98479,25.15807],[90.98469,25.15807],[90.98469,25.15798],[90.9846,25.15798],[90.98459,25.15807],[90.98449,25.15807],[90.98449,25.15816],[90.98439,25.15816],[90.9844,25.15807],[90.9843,25.15807],[90.98429,25.15825],[90.984,25.15824],[90.98399,25.15833],[90.9839,25.15833],[90.9839,25.15815],[90.9838,25.15815],[90.9838,25.15788],[90.98351,25.15787],[90.9835,25.15796],[90.98341,25.15796],[90.98341,25.15778],[90.98321,25.15778],[90.98321,25.15796],[90.98311,25.15796],[90.98311,25.15805],[90.98291,25.15805],[90.98291,25.15823],[90.98271,25.15822],[90.98271,25.15813],[90.98261,25.15813],[90.98261,25.15804],[90.98241,25.15804],[90.98241,25.15822],[90.98231,25.15822],[90.98231,25.15795],[90.98212,25.15795],[90.98212,25.15786],[90.98202,25.15785],[90.98202,25.15776],[90.98192,25.15776],[90.98192,25.15767],[90.98212,25.15767],[90.98213,25.1574],[90.98203,25.1574],[90.98203,25.15731],[90.98213,25.15731],[90.98213,25.15722],[90.98173,25.15722],[90.98173,25.15704],[90.98183,25.15704],[90.98183,25.15713],[90.98203,25.15713],[90.98203,25.15704],[90.98193,25.15704],[90.98194,25.15677],[90.98154,25.15676],[90.98154,25.15685],[90.98184,25.15686],[90.98184,25.15695],[90.98154,25.15694],[90.98154,25.15703],[90.98144,25.15703],[90.98144,25.15658],[90.98135,25.15658],[90.98135,25.15613],[90.98125,25.15613],[90.98126,25.15595],[90.98106,25.15594],[90.98106,25.15604],[90.98096,25.15603],[90.98096,25.15585],[90.98126,25.15586],[90.98126,25.15568],[90.98116,25.15568],[90.98116,25.15577],[90.98106,25.15576],[90.98106,25.15567],[90.98096,25.15567],[90.98097,25.15558],[90.98116,25.15559],[90.98116,25.1555],[90.98097,25.15549],[90.98097,25.1554],[90.98117,25.1554],[90.98117,25.15531],[90.98097,25.15531],[90.98097,25.15513],[90.98117,25.15513],[90.98117,25.15504],[90.98097,25.15504],[90.98098,25.15459],[90.98088,25.15459],[90.98088,25.1545],[90.98108,25.1545],[90.98108,25.15459],[90.98128,25.15459],[90.98128,25.1545],[90.98138,25.1545],[90.98138,25.1546],[90.98148,25.1546],[90.98148,25.15469],[90.98138,25.15469],[90.98137,25.15487],[90.98147,25.15487],[90.98147,25.15496],[90.98157,25.15496],[90.98157,25.15505],[90.98167,25.15505],[90.98167,25.15523],[90.98176,25.15523],[90.98176,25.15532],[90.98166,25.15532],[90.98166,25.15541],[90.98156,25.15541],[90.98156,25.1555],[90.98146,25.1555],[90.98146,25.15568],[90.98176,25.15568],[90.98175,25.15586],[90.98185,25.15587],[90.98185,25.15596],[90.98195,25.15596],[90.98195,25.15578],[90.98205,25.15578],[90.98205,25.15605],[90.98215,25.15605],[90.98215,25.15587],[90.98225,25.15587],[90.98225,25.15596],[90.98235,25.15596],[90.98234,25.15632],[90.98244,25.15632],[90.98244,25.15642],[90.98264,25.15642],[90.98264,25.15624],[90.98294,25.15624],[90.98294,25.15642],[90.98313,25.15642],[90.98313,25.15633],[90.98333,25.15634],[90.98333,25.15625],[90.98343,25.15625],[90.98343,25.15643],[90.98333,25.15643],[90.98333,25.15652],[90.98343,25.15652],[90.98343,25.15661],[90.98333,25.15661],[90.98333,25.1567],[90.98343,25.1567],[90.98342,25.15679],[90.98352,25.15679],[90.98353,25.1567],[90.98392,25.15671],[90.98392,25.1568],[90.98402,25.1568],[90.98402,25.15671],[90.98432,25.15671],[90.98432,25.1568],[90.98442,25.1568],[90.98442,25.15662],[90.98462,25.15663],[90.98462,25.15672],[90.98481,25.15672],[90.98481,25.15681],[90.98491,25.15681],[90.98491,25.15672],[90.98501,25.15672],[90.98502,25.15654],[90.98512,25.15654],[90.98512,25.15636],[90.98532,25.15636],[90.98531,25.15645],[90.98541,25.15646],[90.98541,25.15655],[90.98521,25.15654],[90.98521,25.15663],[90.98511,25.15663],[90.98511,25.1569],[90.98501,25.1569],[90.98501,25.15708],[90.98511,25.15708],[90.98511,25.15699],[90.98521,25.15699],[90.9852,25.15717],[90.9853,25.15718],[90.9853,25.15727],[90.9854,25.15727],[90.9854,25.15736],[90.9856,25.15736],[90.9856,25.15727],[90.9855,25.15727],[90.9855,25.15709],[90.9856,25.15709],[90.9856,25.15718],[90.9857,25.15718],[90.9857,25.15727],[90.98609,25.15728],[90.9861,25.15719],[90.9862,25.15719],[90.9862,25.15701],[90.9864,25.15701],[90.98639,25.15728],[90.98619,25.15728],[90.98619,25.15737],[90.98609,25.15737],[90.98609,25.15746],[90.98629,25.15746],[90.98629,25.15755],[90.98609,25.15755],[90.98609,25.15764],[90.98599,25.15764],[90.98599,25.15773],[90.98559,25.15772],[90.98559,25.15781],[90.98549,25.15781],[90.98549,25.15799],[90.98559,25.15799],[90.98559,25.15808],[90.98578,25.15809],[90.98578,25.15827],[90.98568,25.15826],[90.98568,25.15817],[90.98558,25.15817],[90.98558,25.15835],[90.98568,25.15836],[90.98568,25.15845],[90.98578,25.15845],[90.98578,25.15854],[90.98568,25.15854],[90.98568,25.15863],[90.98558,25.15862],[90.98558,25.15844],[90.98548,25.15844],[90.98548,25.15853],[90.98538,25.15853],[90.98538,25.15862],[90.98528,25.15862]],[[90.9839,25.15815],[90.984,25.15815],[90.984,25.15806],[90.9839,25.15806],[90.9839,25.15815]],[[90.98271,25.15804],[90.98281,25.15805],[90.98281,25.15795],[90.98271,25.15795],[90.98271,25.15804]],[[90.984,25.15806],[90.9841,25.15806],[90.9841,25.15797],[90.984,25.15797],[90.984,25.15806]],[[90.98489,25.15807],[90.98509,25.15808],[90.98509,25.15799],[90.98489,25.15798],[90.98489,25.15807]],[[90.98519,25.15799],[90.98529,25.15799],[90.98529,25.1579],[90.98519,25.1579],[90.98519,25.15799]],[[90.9838,25.15788],[90.9839,25.15788],[90.9839,25.15779],[90.98381,25.15779],[90.9838,25.15788]],[[90.9841,25.15788],[90.9842,25.15788],[90.9842,25.15779],[90.9841,25.15779],[90.9841,25.15788]],[[90.9845,25.15789],[90.9846,25.15789],[90.9846,25.1578],[90.9845,25.1578],[90.9845,25.15789]],[[90.98499,25.15789],[90.98509,25.1579],[90.9851,25.15772],[90.985,25.15771],[90.98499,25.15789]],[[90.9839,25.15779],[90.984,25.15779],[90.98401,25.1577],[90.98391,25.1577],[90.9839,25.15779]],[[90.98529,25.15781],[90.98549,25.15781],[90.98549,25.15772],[90.98529,25.15772],[90.98529,25.15781]],[[90.98351,25.15769],[90.98361,25.15769],[90.98361,25.1576],[90.98351,25.1576],[90.98351,25.15769]],[[90.9841,25.1577],[90.9842,25.1577],[90.9842,25.15761],[90.98411,25.15761],[90.9841,25.1577]],[[90.98331,25.1576],[90.98351,25.1576],[90.98351,25.15751],[90.98341,25.15751],[90.98341,25.15742],[90.98332,25.15742],[90.98331,25.1576]],[[90.98302,25.15751],[90.98312,25.15751],[90.98312,25.15742],[90.98302,25.15742],[90.98302,25.15751]],[[90.98262,25.15741],[90.98292,25.15741],[90.98292,25.15732],[90.98272,25.15732],[90.98272,25.15723],[90.98262,25.15723],[90.98262,25.15741]],[[90.98411,25.15743],[90.98431,25.15743],[90.98431,25.15734],[90.98411,25.15734],[90.98411,25.15743]],[[90.98342,25.15733],[90.98352,25.15733],[90.98352,25.15724],[90.98362,25.15724],[90.98362,25.15715],[90.98382,25.15716],[90.98381,25.15725],[90.98391,25.15725],[90.98391,25.15716],[90.98401,25.15716],[90.98402,25.15707],[90.98392,25.15707],[90.98392,25.15698],[90.98362,25.15697],[90.98362,25.15688],[90.98342,25.15688],[90.98342,25.15697],[90.98352,25.15697],[90.98352,25.15706],[90.98342,25.15706],[90.98342,25.15733]],[[90.98431,25.15734],[90.98441,25.15734],[90.98441,25.15725],[90.98431,25.15725],[90.98431,25.15734]],[[90.98322,25.15724],[90.98332,25.15724],[90.98332,25.15706],[90.98322,25.15706],[90.98322,25.15724]],[[90.98471,25.15726],[90.98481,25.15726],[90.98481,25.15717],[90.98471,25.15717],[90.98471,25.15726]],[[90.98282,25.15714],[90.98292,25.15714],[90.98293,25.15687],[90.98283,25.15687],[90.98283,25.15696],[90.98273,25.15696],[90.98273,25.15705],[90.98283,25.15705],[90.98282,25.15714]],[[90.98312,25.15706],[90.98322,25.15706],[90.98322,25.15697],[90.98312,25.15697],[90.98312,25.15706]],[[90.98451,25.15708],[90.98461,25.15708],[90.98461,25.15699],[90.98451,25.15699],[90.98451,25.15708]],[[90.98481,25.15699],[90.98491,25.15699],[90.98491,25.1569],[90.98481,25.1569],[90.98481,25.15699]],[[90.98452,25.1568],[90.98461,25.15681],[90.98462,25.15672],[90.98452,25.15671],[90.98452,25.1568]],[[90.98243,25.15669],[90.98263,25.15669],[90.98263,25.1566],[90.98244,25.1566],[90.98243,25.15669]],[[90.98273,25.15669],[90.98283,25.15669],[90.98283,25.1566],[90.98273,25.1566],[90.98273,25.15669]],[[90.98283,25.1566],[90.98293,25.1566],[90.98293,25.15651],[90.98283,25.15651],[90.98283,25.1566]],[[90.98174,25.1565],[90.98184,25.1565],[90.98184,25.15641],[90.98175,25.15641],[90.98174,25.1565]],[[90.98194,25.1565],[90.98204,25.1565],[90.98204,25.15641],[90.98194,25.15641],[90.98194,25.1565]],[[90.98204,25.15632],[90.98214,25.15632],[90.98214,25.15623],[90.98205,25.15623],[90.98204,25.15632]],[[90.98185,25.15614],[90.98195,25.15614],[90.98195,25.15605],[90.98185,25.15605],[90.98185,25.15614]],[[90.98146,25.15595],[90.98155,25.15595],[90.98156,25.15586],[90.98165,25.15586],[90.98166,25.15577],[90.98146,25.15577],[90.98146,25.15595]],[[90.98165,25.15595],[90.98175,25.15595],[90.98175,25.15586],[90.98165,25.15586],[90.98165,25.15595]],[[90.98136,25.15541],[90.98146,25.15541],[90.98147,25.15532],[90.98137,25.15532],[90.98136,25.15541]],[[90.98137,25.15523],[90.98147,25.15523],[90.98147,25.15505],[90.98127,25.15505],[90.98127,25.15514],[90.98137,25.15514],[90.98137,25.15523]],[[90.98127,25.15495],[90.98137,25.15496],[90.98137,25.15487],[90.98127,25.15486],[90.98127,25.15495]],[[90.98108,25.15486],[90.98118,25.15486],[90.98118,25.15477],[90.98108,25.15477],[90.98108,25.15486]]]},"properties":{"id":"wetland_patch_b1feb8585620","date":"2026-06-30","area_km2":0.073,"pixel_count":730,"classification":"OPEN_WATER","interpretation_label":"HH darkening candidate","mean_delta_db":-6.186703073488522,"median_delta_db":-5.864284992218018,"hh_before":-13.177503789940925,"hh_after":-19.364206863429448,"hv_before":-20.201467921635874,"hv_after":-23.16493317982922,"delta_hh":-6.186703073488522,"delta_hv":-2.9634652581933425,"valid_fraction":1.0,"valid_fraction_scope":"region bounding box, all four channels","vegetated_fraction":0.0,"quality_status":"PASS","spatial_status":"PARTIAL","temporal_status":"PARTIAL","temporal_overlap_fraction":null,"threshold_stability":"STABLE","threshold_variation_fraction":0.1979256698357822,"evidence_state":"MODERATE","centroid":[25.15702499905352,90.98335228267197],"data_source":"NISAR","evidence_method":"Rule consistency only; no accuracy estimate or independent reference validation.","baseline_method":"SINGLE_PRECEDING_OBSERVATION","baseline_observation_count":1,"baseline_observation_dates":["2026-06-18"],"baseline_hh_temporal_mad_db":null,"baseline_scene_names":["NISAR_L2_PR_GCOV_023_069_A_014_4005_DHDH_A_20260618T232135_20260618T232210_P05023_N_F_J_001"],"contextual_land_cover":null,"distance_to_water_m":null,"context_status":"NOT_AVAILABLE","reference_validated":false}},{"type":"Feature","geometry":{"type":"Polygon","coordinates":[[[91.00066,25.15829],[91.00066,25.1582],[91.00036,25.15819],[91.00036,25.1581],[91.00066,25.15811],[91.00066,25.15802],[91.00076,25.15802],[91.00077,25.15784],[91.00067,25.15784],[91.00066,25.15793],[91.00047,25.15792],[91.00047,25.15765],[91.00027,25.15765],[91.00027,25.15783],[91.00007,25.15783],[91.00007,25.15774],[91.00017,25.15774],[91.00017,25.15765],[91.00007,25.15765],[91.00008,25.15756],[90.99998,25.15756],[90.99998,25.15747],[90.99988,25.15746],[90.99988,25.15719],[90.99998,25.15719],[90.99998,25.1571],[91.00008,25.15711],[91.00008,25.15738],[91.00018,25.15738],[91.00018,25.15747],[91.00037,25.15747],[91.00038,25.1572],[91.00028,25.1572],[91.00028,25.15711],[91.00048,25.15711],[91.00048,25.15702],[91.00018,25.15702],[91.00019,25.15693],[90.99999,25.15692],[90.99999,25.15674],[91.00019,25.15675],[91.00019,25.15684],[91.00038,25.15684],[91.00039,25.15657],[91.00079,25.15657],[91.00079,25.15648],[91.00069,25.15648],[91.00069,25.1563],[91.00079,25.1563],[91.00079,25.15621],[91.00069,25.15621],[91.0007,25.15603],[91.00079,25.15603],[91.0008,25.15594],[91.0007,25.15594],[91.0007,25.15567],[91.0006,25.15567],[91.0006,25.15594],[91.0005,25.15594],[91.0005,25.15567],[91.0004,25.15567],[91.0004,25.15585],[91.0003,25.15585],[91.0003,25.15575],[91.0001,25.15575],[91.00011,25.15566],[91.0003,25.15566],[91.00031,25.15548],[91.00051,25.15549],[91.00051,25.1554],[91.00061,25.1554],[91.00061,25.15531],[91.00051,25.15531],[91.00051,25.15522],[91.00061,25.15522],[91.00061,25.15513],[91.00071,25.15513],[91.00071,25.15531],[91.00091,25.15531],[91.00091,25.15513],[91.00101,25.15513],[91.001,25.1554],[91.0013,25.15541],[91.0013,25.15559],[91.0014,25.15559],[91.0014,25.15541],[91.0016,25.15541],[91.0016,25.1555],[91.00199,25.15551],[91.00199,25.1556],[91.00179,25.15559],[91.00179,25.15587],[91.00169,25.15586],[91.00169,25.15604],[91.00159,25.15604],[91.00159,25.15622],[91.00149,25.15622],[91.00149,25.15613],[91.00139,25.15613],[91.00139,25.15604],[91.00129,25.15604],[91.00129,25.15613],[91.00119,25.15613],[91.00119,25.15622],[91.00139,25.15622],[91.00139,25.15631],[91.00148,25.15631],[91.00148,25.15649],[91.00158,25.15649],[91.00158,25.15677],[91.00177,25.15677],[91.00177,25.15686],[91.00167,25.15686],[91.00167,25.15695],[91.00157,25.15695],[91.00157,25.15686],[91.00148,25.15685],[91.00147,25.15694],[91.00137,25.15694],[91.00138,25.15667],[91.00128,25.15667],[91.00128,25.15685],[91.00118,25.15685],[91.00118,25.15676],[91.00108,25.15676],[91.00108,25.15658],[91.00098,25.15658],[91.00098,25.15694],[91.00108,25.15694],[91.00108,25.15703],[91.00127,25.15703],[91.00127,25.15712],[91.00147,25.15712],[91.00147,25.15703],[91.00167,25.15704],[91.00167,25.15722],[91.00157,25.15722],[91.00157,25.15731],[91.00127,25.1573],[91.00127,25.15721],[91.00117,25.15721],[91.00117,25.15739],[91.00107,25.15739],[91.00107,25.15757],[91.00097,25.15757],[91.00097,25.15748],[91.00087,25.15748],[91.00087,25.15757],[91.00077,25.15757],[91.00077,25.15775],[91.00106,25.15775],[91.00106,25.15784],[91.00116,25.15784],[91.00116,25.15793],[91.00096,25.15793],[91.00096,25.15811],[91.00086,25.15811],[91.00086,25.1582],[91.00076,25.1582],[91.00076,25.15829],[91.00066,25.15829]],[[91.00057,25.15783],[91.00067,25.15784],[91.00067,25.15775],[91.00057,25.15774],[91.00057,25.15783]],[[91.00057,25.15756],[91.00067,25.15757],[91.00067,25.15747],[91.00077,25.15748],[91.00077,25.15739],[91.00067,25.15738],[91.00067,25.15729],[91.00058,25.15729],[91.00057,25.15756]],[[91.00067,25.15729],[91.00077,25.1573],[91.00078,25.15721],[91.00068,25.1572],[91.00067,25.15729]],[[91.00087,25.1573],[91.00107,25.1573],[91.00107,25.15721],[91.00097,25.15721],[91.00098,25.15694],[91.00088,25.15694],[91.00088,25.15703],[91.00078,25.15703],[91.00078,25.15712],[91.00088,25.15712],[91.00087,25.1573]],[[91.00048,25.1572],[91.00058,25.1572],[91.00058,25.15711],[91.00048,25.15711],[91.00048,25.1572]],[[91.00058,25.15711],[91.00068,25.15711],[91.00068,25.15702],[91.00058,25.15702],[91.00058,25.15711]],[[91.00048,25.15684],[91.00058,25.15684],[91.00059,25.15666],[91.00049,25.15666],[91.00048,25.15684]],[[91.00118,25.15667],[91.00128,25.15667],[91.00128,25.15658],[91.00118,25.15658],[91.00118,25.15667]],[[91.00079,25.15621],[91.00089,25.15621],[91.00089,25.15612],[91.00079,25.15612],[91.00079,25.15621]],[[91.00099,25.15613],[91.00109,25.15613],[91.00109,25.15604],[91.00099,25.15603],[91.00099,25.15613]],[[91.00089,25.15603],[91.00099,25.15603],[91.00099,25.15594],[91.0009,25.15594],[91.00089,25.15603]],[[91.00119,25.15595],[91.00139,25.15595],[91.00139,25.15586],[91.00119,25.15586],[91.00119,25.15595]],[[91.00149,25.15595],[91.00159,25.15595],[91.00159,25.15577],[91.00149,25.15577],[91.00149,25.15595]],[[91.0008,25.15585],[91.0009,25.15585],[91.0009,25.15576],[91.0008,25.15576],[91.0008,25.15585]],[[91.0011,25.15577],[91.0012,25.15577],[91.0012,25.15568],[91.0011,25.15568],[91.0011,25.15577]],[[91.0008,25.15567],[91.001,25.15567],[91.001,25.15558],[91.0012,25.15559],[91.0012,25.1555],[91.001,25.15549],[91.001,25.1554],[91.0009,25.1554],[91.0009,25.15549],[91.0007,25.15549],[91.0007,25.15558],[91.0008,25.15558],[91.0008,25.15567]]]},"properties":{"id":"wetland_patch_9dda17c7227c","date":"2026-06-30","area_km2":0.0267,"pixel_count":267,"classification":"OPEN_WATER","interpretation_label":"HH darkening candidate","mean_delta_db":-5.196986477026779,"median_delta_db":-4.927678108215332,"hh_before":-14.511881067511741,"hh_after":-19.70886754453852,"hv_before":-23.71560894683952,"hv_after":-23.259833053703165,"delta_hh":-5.196986477026779,"delta_hv":0.45577589313635664,"valid_fraction":1.0,"valid_fraction_scope":"region bounding box, all four channels","vegetated_fraction":0.0,"quality_status":"PASS","spatial_status":"PARTIAL","temporal_status":"PARTIAL","temporal_overlap_fraction":null,"threshold_stability":"SENSITIVE","threshold_variation_fraction":0.20493827160493827,"evidence_state":"UNCERTAIN","centroid":[25.156612389160774,91.00090208948096],"data_source":"NISAR","evidence_method":"Rule consistency only; no accuracy estimate or independent reference validation.","baseline_method":"SINGLE_PRECEDING_OBSERVATION","baseline_observation_count":1,"baseline_observation_dates":["2026-06-18"],"baseline_hh_temporal_mad_db":null,"baseline_scene_names":["NISAR_L2_PR_GCOV_023_069_A_014_4005_DHDH_A_20260618T232135_20260618T232210_P05023_N_F_J_001"],"contextual_land_cover":null,"distance_to_water_m":null,"context_status":"NOT_AVAILABLE","reference_validated":false}},{"type":"Feature","geometry":{"type":"Polygon","coordinates":[[[91.00195,25.1583],[91.00195,25.15803],[91.00185,25.15803],[91.00185,25.15812],[91.00165,25.15812],[91.00165,25.15803],[91.00175,25.15803],[91.00176,25.15794],[91.00185,25.15794],[91.00186,25.15785],[91.00196,25.15785],[91.00196,25.15776],[91.00206,25.15776],[91.00205,25.15804],[91.00215,25.15804],[91.00216,25.15777],[91.00225,25.15777],[91.00226,25.15759],[91.00216,25.15759],[91.00216,25.1575],[91.00206,25.15749],[91.00206,25.1574],[91.00196,25.1574],[91.00196,25.15731],[91.00216,25.15731],[91.00217,25.15704],[91.00246,25.15705],[91.00246,25.15723],[91.00256,25.15723],[91.00256,25.15705],[91.00276,25.15705],[91.00276,25.15714],[91.00266,25.15714],[91.00266,25.15723],[91.00276,25.15723],[91.00276,25.15732],[91.00286,25.15732],[91.00286,25.15723],[91.00296,25.15724],[91.00296,25.15714],[91.00286,25.15714],[91.00286,25.15696],[91.00296,25.15696],[91.00296,25.15687],[91.00286,25.15687],[91.00287,25.15678],[91.00277,25.15678],[91.00277,25.15669],[91.00297,25.15669],[91.00296,25.15678],[91.00306,25.15679],[91.00306,25.15697],[91.00316,25.15697],[91.00316,25.15679],[91.00346,25.15679],[91.00346,25.15688],[91.00366,25.15688],[91.00366,25.15697],[91.00356,25.15697],[91.00356,25.15706],[91.00365,25.15706],[91.00365,25.15715],[91.00355,25.15715],[91.00355,25.15733],[91.00375,25.15734],[91.00375,25.15743],[91.00395,25.15743],[91.00394,25.15752],[91.00404,25.15752],[91.00405,25.15734],[91.00424,25.15734],[91.00425,25.15725],[91.00435,25.15725],[91.00434,25.15734],[91.00454,25.15735],[91.00454,25.15744],[91.00444,25.15744],[91.00444,25.15762],[91.00355,25.1576],[91.00354,25.15769],[91.00374,25.1577],[91.00374,25.15779],[91.00384,25.15779],[91.00384,25.15788],[91.00414,25.15788],[91.00414,25.15797],[91.00404,25.15797],[91.00403,25.15806],[91.00374,25.15806],[91.00373,25.15833],[91.00363,25.15833],[91.00364,25.15815],[91.00354,25.15815],[91.00354,25.15806],[91.00334,25.15805],[91.00334,25.15796],[91.00324,25.15796],[91.00324,25.15787],[91.00315,25.15787],[91.00315,25.15769],[91.00295,25.15769],[91.00295,25.15778],[91.00305,25.15778],[91.00305,25.15787],[91.00285,25.15787],[91.00285,25.15796],[91.00295,25.15796],[91.00294,25.15805],[91.00304,25.15805],[91.00304,25.15814],[91.00274,25.15813],[91.00274,25.15823],[91.00235,25.15822],[91.00235,25.15813],[91.00225,25.15813],[91.00225,25.15822],[91.00205,25.15822],[91.00205,25.15831],[91.00195,25.1583]],[[91.00245,25.15813],[91.00265,25.15813],[91.00265,25.15804],[91.00284,25.15805],[91.00285,25.15796],[91.00275,25.15795],[91.00275,25.15786],[91.00255,25.15786],[91.00255,25.15804],[91.00245,25.15804],[91.00245,25.15813]],[[91.00225,25.15804],[91.00235,25.15804],[91.00235,25.15786],[91.00225,25.15786],[91.00225,25.15804]],[[91.00364,25.15797],[91.00374,25.15797],[91.00374,25.15779],[91.00354,25.15778],[91.00354,25.15787],[91.00364,25.15788],[91.00364,25.15797]],[[91.00324,25.15787],[91.00344,25.15787],[91.00344,25.15778],[91.00335,25.15778],[91.00335,25.15769],[91.00325,25.15769],[91.00324,25.15787]],[[91.00245,25.15768],[91.00255,25.15768],[91.00255,25.15759],[91.00246,25.15759],[91.00245,25.15768]],[[91.00265,25.15768],[91.00275,25.15768],[91.00275,25.15759],[91.00265,25.15759],[91.00265,25.15768]],[[91.00295,25.1576],[91.00305,25.1576],[91.00305,25.15751],[91.00295,25.15751],[91.00295,25.1576]],[[91.00315,25.1576],[91.00345,25.1576],[91.00345,25.15751],[91.00315,25.15751],[91.00315,25.1576]],[[91.00226,25.1575],[91.00236,25.1575],[91.00236,25.15741],[91.00246,25.15741],[91.00246,25.15732],[91.00236,25.15732],[91.00236,25.15723],[91.00226,25.15723],[91.00226,25.1575]],[[91.00285,25.1575],[91.00295,25.15751],[91.00295,25.15742],[91.00286,25.15741],[91.00285,25.1575]],[[91.00424,25.15752],[91.00434,25.15752],[91.00434,25.15743],[91.00424,25.15743],[91.00424,25.15752]],[[91.00266,25.15741],[91.00276,25.15741],[91.00276,25.15732],[91.00266,25.15732],[91.00266,25.15741]],[[91.00306,25.15724],[91.00316,25.15724],[91.00316,25.15706],[91.00306,25.15706],[91.00306,25.15724]]]},"properties":{"id":"wetland_patch_be1a3ab5f1b8","date":"2026-06-30","area_km2":0.02,"pixel_count":200,"classification":"OPEN_WATER","interpretation_label":"HH darkening candidate","mean_delta_db":-4.96068567276001,"median_delta_db":-4.688304901123047,"hh_before":-15.144134669303893,"hh_after":-20.104820342063903,"hv_before":-23.7143359375,"hv_after":-23.703507175445555,"delta_hh":-4.96068567276001,"delta_hv":0.01082876205444336,"valid_fraction":1.0,"valid_fraction_scope":"region bounding box, all four channels","vegetated_fraction":0.0,"quality_status":"PASS","spatial_status":"PARTIAL","temporal_status":"PARTIAL","temporal_overlap_fraction":null,"threshold_stability":"STABLE","threshold_variation_fraction":0.19601328903654486,"evidence_state":"MODERATE","centroid":[25.157557776616652,91.00302634133332],"data_source":"NISAR","evidence_method":"Rule consistency only; no accuracy estimate or independent reference validation.","baseline_method":"SINGLE_PRECEDING_OBSERVATION","baseline_observation_count":1,"baseline_observation_dates":["2026-06-18"],"baseline_hh_temporal_mad_db":null,"baseline_scene_names":["NISAR_L2_PR_GCOV_023_069_A_014_4005_DHDH_A_20260618T232135_20260618T232210_P05023_N_F_J_001"],"contextual_land_cover":null,"distance_to_water_m":null,"context_status":"NOT_AVAILABLE","reference_validated":false}},{"type":"Feature","geometry":{"type":"Polygon","coordinates":[[[91.01167,25.15798],[91.01168,25.15771],[91.01158,25.15771],[91.01158,25.15762],[91.01138,25.15762],[91.01138,25.15771],[91.01148,25.15771],[91.01148,25.1578],[91.01128,25.1578],[91.01128,25.15753],[91.01118,25.15753],[91.01119,25.15744],[91.01109,25.15743],[91.01109,25.15734],[91.01119,25.15735],[91.01119,25.15726],[91.01159,25.15726],[91.01159,25.15717],[91.01149,25.15717],[91.01149,25.15708],[91.01159,25.15708],[91.01159,25.15699],[91.01139,25.15699],[91.01139,25.1569],[91.01149,25.1569],[91.01149,25.15681],[91.01159,25.15681],[91.0116,25.15663],[91.0117,25.15663],[91.01169,25.15672],[91.01179,25.15672],[91.01179,25.15663],[91.01229,25.15664],[91.01229,25.15655],[91.01219,25.15655],[91.0122,25.15637],[91.0121,25.15637],[91.0121,25.15627],[91.012,25.15627],[91.012,25.15636],[91.0119,25.15636],[91.0119,25.15645],[91.0118,25.15645],[91.0118,25.15627],[91.0119,25.15627],[91.0119,25.15609],[91.012,25.15609],[91.012,25.156],[91.0119,25.156],[91.01191,25.15591],[91.01181,25.15591],[91.0118,25.156],[91.01161,25.156],[91.01161,25.15609],[91.01151,25.15609],[91.01151,25.15591],[91.01121,25.1559],[91.01121,25.15581],[91.01101,25.15581],[91.01101,25.1559],[91.01072,25.1559],[91.01072,25.1558],[91.01082,25.15581],[91.01082,25.15572],[91.01072,25.15571],[91.01072,25.15562],[91.01062,25.15562],[91.01062,25.15544],[91.01072,25.15544],[91.01072,25.15553],[91.01112,25.15554],[91.01112,25.15563],[91.01122,25.15563],[91.01121,25.15572],[91.01131,25.15572],[91.01131,25.15563],[91.01151,25.15563],[91.01151,25.15554],[91.01161,25.15555],[91.01161,25.15564],[91.01171,25.15564],[91.01171,25.15582],[91.01181,25.15582],[91.01181,25.15573],[91.01191,25.15573],[91.01191,25.15582],[91.01211,25.15582],[91.0121,25.15591],[91.0123,25.15592],[91.01231,25.15574],[91.0124,25.15574],[91.0124,25.15583],[91.0127,25.15583],[91.0127,25.15574],[91.0126,25.15574],[91.0126,25.15565],[91.0128,25.15565],[91.0128,25.15574],[91.0129,25.15574],[91.0129,25.15583],[91.013,25.15584],[91.013,25.15593],[91.0131,25.15593],[91.0131,25.15575],[91.0134,25.15575],[91.01339,25.15602],[91.01349,25.15602],[91.01349,25.15611],[91.01359,25.15611],[91.01359,25.15602],[91.01369,25.15603],[91.01369,25.15575],[91.01389,25.15576],[91.01389,25.15585],[91.01399,25.15585],[91.01399,25.15567],[91.01379,25.15567],[91.0138,25.15549],[91.0139,25.15549],[91.01389,25.15558],[91.01409,25.15558],[91.01409,25.15585],[91.01419,25.15585],[91.01419,25.15558],[91.01429,25.15558],[91.01429,25.1554],[91.0142,25.1554],[91.0142,25.15531],[91.014,25.15531],[91.014,25.15522],[91.0142,25.15522],[91.0142,25.15504],[91.0143,25.15504],[91.0143,25.15513],[91.0144,25.15513],[91.01439,25.1554],[91.01449,25.1554],[91.01449,25.15549],[91.01469,25.1555],[91.01469,25.15559],[91.01479,25.15559],[91.01479,25.15568],[91.01449,25.15567],[91.01449,25.15577],[91.01439,25.15576],[91.01439,25.15585],[91.01429,25.15585],[91.01428,25.15603],[91.01438,25.15603],[91.01438,25.15622],[91.01428,25.15621],[91.01428,25.15612],[91.01418,25.15612],[91.01419,25.15594],[91.01409,25.15594],[91.01409,25.15603],[91.01399,25.15603],[91.01398,25.15612],[91.01408,25.15612],[91.01408,25.15621],[91.01398,25.15621],[91.01398,25.1563],[91.01408,25.1563],[91.01408,25.15648],[91.01398,25.15648],[91.01398,25.15639],[91.01388,25.15639],[91.01388,25.15657],[91.01378,25.15657],[91.01378,25.15639],[91.01368,25.15639],[91.01368,25.1563],[91.01359,25.15629],[91.01358,25.15638],[91.01348,25.15638],[91.01348,25.15647],[91.01338,25.15647],[91.01339,25.15629],[91.01329,25.15629],[91.01328,25.15647],[91.01319,25.15647],[91.01318,25.15665],[91.01348,25.15665],[91.01348,25.15674],[91.01308,25.15674],[91.01308,25.15683],[91.01278,25.15683],[91.01278,25.15674],[91.01269,25.15673],[91.01268,25.15691],[91.01248,25.15691],[91.01249,25.15682],[91.01229,25.15682],[91.01229,25.15691],[91.01219,25.15691],[91.01219,25.157],[91.01199,25.157],[91.01199,25.15709],[91.01189,25.15708],[91.01188,25.15726],[91.01228,25.15727],[91.01228,25.15718],[91.01238,25.15718],[91.01238,25.15727],[91.01268,25.15728],[91.01267,25.15746],[91.01277,25.15746],[91.01277,25.15755],[91.01257,25.15754],[91.01257,25.15764],[91.01247,25.15763],[91.01248,25.15736],[91.01238,25.15736],[91.01237,25.15754],[91.01228,25.15754],[91.01228,25.15736],[91.01218,25.15736],[91.01218,25.15754],[91.01198,25.15754],[91.01198,25.15763],[91.01188,25.15763],[91.01187,25.15781],[91.01178,25.15781],[91.01177,25.15799],[91.01167,25.15798]],[[91.01158,25.15744],[91.01178,25.15744],[91.01178,25.15735],[91.01158,25.15735],[91.01158,25.15744]],[[91.01179,25.15699],[91.01189,25.15699],[91.01189,25.1569],[91.01179,25.1569],[91.01179,25.15699]],[[91.01189,25.1569],[91.01199,25.15691],[91.01199,25.15681],[91.01189,25.15681],[91.01189,25.1569]],[[91.01229,25.15673],[91.01239,25.15673],[91.01239,25.15664],[91.01229,25.15664],[91.01229,25.15673]],[[91.01229,25.15655],[91.01249,25.15655],[91.01249,25.15637],[91.01269,25.15637],[91.01269,25.15628],[91.01279,25.15628],[91.01279,25.15619],[91.0126,25.15619],[91.01259,25.15628],[91.0123,25.15628],[91.01229,25.15637],[91.01239,25.15637],[91.01239,25.15646],[91.01229,25.15646],[91.01229,25.15655]],[[91.01279,25.15655],[91.01289,25.15656],[91.01289,25.15638],[91.01279,25.15637],[91.01279,25.15655]],[[91.01299,25.15656],[91.01309,25.15656],[91.01309,25.15647],[91.01299,25.15647],[91.01299,25.15656]],[[91.01319,25.15629],[91.01329,25.15629],[91.01329,25.1562],[91.01319,25.1562],[91.01319,25.15629]],[[91.0121,25.15618],[91.0125,25.15619],[91.0125,25.1561],[91.0126,25.1561],[91.0126,25.15601],[91.0125,25.15601],[91.0125,25.15592],[91.0123,25.15592],[91.0123,25.1561],[91.0121,25.15609],[91.0121,25.15618]],[[91.01299,25.1562],[91.01309,25.1562],[91.01309,25.15611],[91.01299,25.15611],[91.01299,25.1562]],[[91.0127,25.1561],[91.01299,25.15611],[91.01299,25.15602],[91.0127,25.15601],[91.0127,25.1561]],[[91.01319,25.15611],[91.01339,25.15611],[91.01339,25.15602],[91.01329,25.15602],[91.01329,25.15593],[91.01319,25.15593],[91.01319,25.15611]],[[91.0126,25.15601],[91.0127,25.15601],[91.0127,25.15592],[91.0126,25.15592],[91.0126,25.15601]],[[91.01151,25.15591],[91.01161,25.15591],[91.01161,25.15582],[91.01151,25.15582],[91.01151,25.15591]],[[91.0128,25.15592],[91.0129,25.15592],[91.0129,25.15583],[91.0128,25.15583],[91.0128,25.15592]],[[91.01141,25.15581],[91.01151,25.15582],[91.01151,25.15573],[91.01141,25.15572],[91.01141,25.15581]]]},"properties":{"id":"wetland_patch_f4c108984102","date":"2026-06-30","area_km2":0.0325,"pixel_count":325,"classification":"OPEN_WATER","interpretation_label":"HH darkening candidate","mean_delta_db":-5.31568943463839,"median_delta_db":-5.0135650634765625,"hh_before":-14.499194360879752,"hh_after":-19.814883795518142,"hv_before":-23.64758165212778,"hv_after":-23.748391477144683,"delta_hh":-5.31568943463839,"delta_hv":-0.10080982501690204,"valid_fraction":1.0,"valid_fraction_scope":"region bounding box, all four channels","vegetated_fraction":0.0,"quality_status":"PASS","spatial_status":"PARTIAL","temporal_status":"PARTIAL","temporal_overlap_fraction":null,"threshold_stability":"SENSITIVE","threshold_variation_fraction":0.2611683848797251,"evidence_state":"UNCERTAIN","centroid":[25.156419199702725,91.01258374295548],"data_source":"NISAR","evidence_method":"Rule consistency only; no accuracy estimate or independent reference validation.","baseline_method":"SINGLE_PRECEDING_OBSERVATION","baseline_observation_count":1,"baseline_observation_dates":["2026-06-18"],"baseline_hh_temporal_mad_db":null,"baseline_scene_names":["NISAR_L2_PR_GCOV_023_069_A_014_4005_DHDH_A_20260618T232135_20260618T232210_P05023_N_F_J_001"],"contextual_land_cover":null,"distance_to_water_m":null,"context_status":"NOT_AVAILABLE","reference_validated":false}},{"type":"Feature","geometry":{"type":"Polygon","coordinates":[[[91.00454,25.15735],[91.00454,25.15726],[91.00435,25.15725],[91.00435,25.15707],[91.00425,25.15707],[91.00425,25.15698],[91.00415,25.15698],[91.00416,25.15653],[91.00406,25.15653],[91.00406,25.15635],[91.00416,25.15635],[91.00416,25.15644],[91.00426,25.15644],[91.00426,25.15653],[91.00446,25.15653],[91.00445,25.15662],[91.00475,25.15663],[91.00476,25.15645],[91.00485,25.15645],[91.00486,25.15636],[91.00515,25.15636],[91.00515,25.15645],[91.00495,25.15645],[91.00495,25.15672],[91.00505,25.15672],[91.00504,25.15708],[91.00465,25.15708],[91.00464,25.15717],[91.00474,25.15717],[91.00474,25.15726],[91.00464,25.15726],[91.00464,25.15735],[91.00454,25.15735]],[[91.00445,25.15707],[91.00455,25.15708],[91.00455,25.15699],[91.00445,25.15698],[91.00445,25.15707]],[[91.00455,25.15699],[91.00465,25.15699],[91.00465,25.15681],[91.00445,25.1568],[91.00445,25.15689],[91.00455,25.1569],[91.00455,25.15699]],[[91.00485,25.1569],[91.00495,25.1569],[91.00495,25.15681],[91.00485,25.15681],[91.00485,25.1569]],[[91.00465,25.15681],[91.00475,25.15681],[91.00475,25.15672],[91.00465,25.15672],[91.00465,25.15681]]]},"properties":{"id":"wetland_patch_a3732cfe7af2","date":"2026-06-30","area_km2":0.0058,"pixel_count":58,"classification":"OPEN_WATER","interpretation_label":"HH darkening candidate","mean_delta_db":-4.735406776954388,"median_delta_db":-4.520755290985107,"hh_before":-15.843251524300412,"hh_after":-20.578658301254798,"hv_before":-23.83889050319277,"hv_after":-23.38260186951736,"delta_hh":-4.735406776954388,"delta_hv":0.45628863367541084,"valid_fraction":1.0,"valid_fraction_scope":"region bounding box, all four channels","vegetated_fraction":0.0,"quality_status":"PASS","spatial_status":"PARTIAL","temporal_status":"PARTIAL","temporal_overlap_fraction":null,"threshold_stability":"SENSITIVE","threshold_variation_fraction":0.2676056338028169,"evidence_state":"UNCERTAIN","centroid":[25.15681496614472,91.00458693910241],"data_source":"NISAR","evidence_method":"Rule consistency only; no accuracy estimate or independent reference validation.","baseline_method":"SINGLE_PRECEDING_OBSERVATION","baseline_observation_count":1,"baseline_observation_dates":["2026-06-18"],"baseline_hh_temporal_mad_db":null,"baseline_scene_names":["NISAR_L2_PR_GCOV_023_069_A_014_4005_DHDH_A_20260618T232135_20260618T232210_P05023_N_F_J_001"],"contextual_land_cover":null,"distance_to_water_m":null,"context_status":"NOT_AVAILABLE","reference_validated":false}},{"type":"Feature","geometry":{"type":"Polygon","coordinates":[[[91.00673,25.15702],[91.00673,25.15692],[91.00663,25.15692],[91.00663,25.15683],[91.00634,25.15683],[91.00634,25.15674],[91.00624,25.15674],[91.00624,25.15665],[91.00614,25.15665],[91.00614,25.15656],[91.00634,25.15656],[91.00634,25.15638],[91.00624,25.15638],[91.00625,25.15629],[91.00634,25.15629],[91.00635,25.1562],[91.00625,25.1562],[91.00625,25.15611],[91.00635,25.15611],[91.00635,25.15575],[91.00625,25.15574],[91.00626,25.15565],[91.00606,25.15565],[91.00606,25.15574],[91.00546,25.15573],[91.00546,25.15564],[91.00586,25.15565],[91.00587,25.15529],[91.00577,25.15529],[91.00577,25.1552],[91.00587,25.1552],[91.00587,25.15511],[91.00577,25.15511],[91.00577,25.15475],[91.00568,25.15474],[91.00568,25.15456],[91.00558,25.15456],[91.00558,25.15447],[91.00568,25.15447],[91.00568,25.15429],[91.00558,25.15429],[91.00559,25.15384],[91.00569,25.15384],[91.00569,25.15393],[91.00589,25.15393],[91.00589,25.15384],[91.00579,25.15384],[91.00579,25.15375],[91.00569,25.15375],[91.00569,25.15366],[91.00559,25.15366],[91.0056,25.15348],[91.0057,25.15348],[91.0057,25.15339],[91.0055,25.15339],[91.0055,25.1533],[91.0056,25.1533],[91.0056,25.15321],[91.0055,25.15321],[91.0055,25.15312],[91.0054,25.15312],[91.0054,25.15321],[91.0052,25.1532],[91.0052,25.15329],[91.0051,25.15329],[91.00511,25.15311],[91.00501,25.15311],[91.00501,25.1532],[91.00491,25.1532],[91.0049,25.15338],[91.00481,25.15338],[91.00481,25.15329],[91.00471,25.15329],[91.00471,25.1532],[91.00461,25.15319],[91.00461,25.15301],[91.00451,25.15301],[91.00451,25.1531],[91.00441,25.1531],[91.00441,25.15301],[91.00432,25.15301],[91.00432,25.15292],[91.00452,25.15292],[91.00452,25.15283],[91.00422,25.15283],[91.00422,25.15274],[91.00412,25.15274],[91.00412,25.15256],[91.00432,25.15256],[91.00432,25.15274],[91.00452,25.15274],[91.00452,25.15238],[91.00433,25.15238],[91.00433,25.15229],[91.00423,25.15229],[91.00423,25.1522],[91.00433,25.1522],[91.00433,25.15211],[91.00423,25.15211],[91.00423,25.15193],[91.00413,25.15192],[91.00414,25.15183],[91.00404,25.15183],[91.00404,25.15174],[91.00414,25.15174],[91.00414,25.15156],[91.00434,25.15157],[91.00434,25.15148],[91.00444,25.15148],[91.00444,25.15166],[91.00434,25.15166],[91.00433,25.15184],[91.00453,25.15184],[91.00453,25.15193],[91.00443,25.15193],[91.00443,25.15211],[91.00453,25.15211],[91.00453,25.1522],[91.00443,25.1522],[91.00443,25.15229],[91.00462,25.15229],[91.00463,25.15211],[91.00483,25.15211],[91.00482,25.1522],[91.00512,25.15221],[91.00512,25.15212],[91.00522,25.15212],[91.00523,25.15194],[91.00513,25.15194],[91.00513,25.15185],[91.00503,25.15185],[91.00503,25.15176],[91.00523,25.15176],[91.00523,25.15167],[91.00533,25.15167],[91.00532,25.15194],[91.00542,25.15194],[91.00543,25.15185],[91.00552,25.15185],[91.00553,25.15176],[91.00543,25.15176],[91.00543,25.15149],[91.00553,25.15149],[91.00553,25.15158],[91.00573,25.15159],[91.00573,25.15168],[91.00563,25.15167],[91.00562,25.15194],[91.00572,25.15195],[91.00572,25.15177],[91.00582,25.15177],[91.00583,25.15159],[91.00593,25.15159],[91.00593,25.1515],[91.00613,25.1515],[91.00613,25.15141],[91.00623,25.15141],[91.00622,25.1515],[91.00632,25.1515],[91.00632,25.15159],[91.00622,25.15159],[91.00622,25.15168],[91.00632,25.15168],[91.00632,25.15177],[91.00642,25.15177],[91.00642,25.15168],[91.00652,25.15169],[91.00652,25.1516],[91.00662,25.1516],[91.00662,25.15151],[91.00652,25.15151],[91.00653,25.15105],[91.00643,25.15105],[91.00643,25.15096],[91.00633,25.15096],[91.00633,25.15087],[91.00653,25.15087],[91.00653,25.15096],[91.00663,25.15097],[91.00663,25.15106],[91.00673,25.15106],[91.00673,25.15097],[91.00703,25.15097],[91.00703,25.15106],[91.00712,25.15106],[91.00713,25.15052],[91.00703,25.15052],[91.00704,25.15043],[91.00723,25.15043],[91.00723,25.15079],[91.00733,25.15079],[91.00733,25.1507],[91.00753,25.15071],[91.00753,25.1508],[91.00772,25.1508],[91.00772,25.15071],[91.00763,25.15071],[91.00763,25.15062],[91.00773,25.15062],[91.00773,25.15053],[91.00783,25.15053],[91.00783,25.15044],[91.00793,25.15044],[91.00793,25.15035],[91.00803,25.15035],[91.00802,25.15062],[91.00792,25.15062],[91.00792,25.15071],[91.00782,25.15071],[91.00782,25.15098],[91.00792,25.15098],[91.00792,25.15089],[91.00812,25.1509],[91.00812,25.15108],[91.00821,25.15108],[91.00821,25.15117],[91.00851,25.15117],[91.00851,25.15108],[91.00861,25.15108],[91.00861,25.15099],[91.00851,25.15099],[91.00852,25.1509],[91.00871,25.1509],[91.00872,25.15045],[91.00902,25.15046],[91.00902,25.15037],[91.00892,25.15036],[91.00892,25.15027],[91.00872,25.15027],[91.00872,25.15036],[91.00852,25.15036],[91.00853,25.15027],[91.00843,25.15027],[91.00843,25.15],[91.00853,25.15],[91.00853,25.15009],[91.00863,25.15009],[91.00863,25.15],[91.00873,25.15],[91.00873,25.15018],[91.00882,25.15018],[91.00883,25.15009],[91.00902,25.15009],[91.00902,25.15019],[91.00912,25.15019],[91.00912,25.15037],[91.00922,25.15037],[91.00922,25.15046],[91.00932,25.15046],[91.00932,25.15028],[91.00922,25.15028],[91.00922,25.1501],[91.00932,25.1501],[91.00932,25.15001],[91.00962,25.15001],[91.00962,25.14992],[91.00942,25.14992],[91.00943,25.14983],[91.00992,25.14984],[91.00992,25.14975],[91.00963,25.14974],[91.00963,25.14956],[91.00973,25.14956],[91.00973,25.14947],[91.00963,25.14947],[91.00963,25.14938],[91.00943,25.14938],[91.00943,25.14947],[91.00933,25.14947],[91.00933,25.14938],[91.00894,25.14937],[91.00894,25.14928],[91.00924,25.14929],[91.00924,25.14919],[91.00934,25.1492],[91.00934,25.14911],[91.00944,25.14911],[91.00944,25.14902],[91.00964,25.14902],[91.00964,25.14911],[91.00973,25.14911],[91.00973,25.1492],[91.00993,25.1492],[91.00993,25.14902],[91.01013,25.14903],[91.01013,25.1493],[91.00983,25.14929],[91.00983,25.14938],[91.01003,25.14939],[91.01003,25.14948],[91.01013,25.14948],[91.01012,25.14975],[91.01032,25.14975],[91.01032,25.14957],[91.01052,25.14957],[91.01052,25.14975],[91.01072,25.14976],[91.01071,25.14985],[91.01081,25.14985],[91.01082,25.14967],[91.01062,25.14966],[91.01062,25.14948],[91.01072,25.14949],[91.01072,25.14958],[91.01082,25.14958],[91.01082,25.14931],[91.01072,25.14931],[91.01072,25.1494],[91.01062,25.14939],[91.01063,25.14921],[91.01072,25.14921],[91.01073,25.14894],[91.01083,25.14895],[91.01083,25.14913],[91.01102,25.14913],[91.01103,25.14904],[91.01122,25.14904],[91.01122,25.14913],[91.01142,25.14913],[91.01142,25.14895],[91.01152,25.14895],[91.01152,25.14886],[91.01142,25.14886],[91.01143,25.14868],[91.01123,25.14868],[91.01123,25.14859],[91.01143,25.14859],[91.01143,25.1485],[91.01163,25.1485],[91.01163,25.14869],[91.01182,25.14869],[91.01183,25.14851],[91.01193,25.14851],[91.01192,25.14878],[91.01212,25.14878],[91.01212,25.1486],[91.01222,25.1486],[91.01223,25.14833],[91.01233,25.14833],[91.01232,25.14851],[91.01282,25.14852],[91.01282,25.14861],[91.01262,25.14861],[91.01262,25.1487],[91.01311,25.14871],[91.01311,25.14889],[91.01331,25.14889],[91.01331,25.14898],[91.01341,25.14898],[91.01341,25.14889],[91.01351,25.14889],[91.01351,25.14898],[91.0136,25.14898],[91.0136,25.14907],[91.0134,25.14907],[91.0134,25.14916],[91.0136,25.14916],[91.0136,25.14925],[91.0134,25.14925],[91.0134,25.14934],[91.0132,25.14934],[91.0132,25.14925],[91.0131,25.14925],[91.0131,25.14952],[91.013,25.14952],[91.013,25.14979],[91.0129,25.14979],[91.0129,25.14951],[91.0128,25.14951],[91.0128,25.1496],[91.0127,25.1496],[91.0127,25.14978],[91.0126,25.14978],[91.0126,25.14987],[91.013,25.14988],[91.01299,25.14997],[91.0128,25.14996],[91.01279,25.15042],[91.01259,25.15041],[91.01259,25.1505],[91.01249,25.1505],[91.01249,25.15014],[91.0124,25.15014],[91.0124,25.15005],[91.0123,25.15005],[91.0123,25.14996],[91.0122,25.14996],[91.01219,25.15032],[91.0121,25.15032],[91.01209,25.15059],[91.01229,25.15059],[91.01229,25.15068],[91.01219,25.15068],[91.01219,25.15077],[91.01239,25.15077],[91.01238,25.15095],[91.01228,25.15095],[91.01228,25.15122],[91.01208,25.15122],[91.01208,25.15131],[91.01168,25.1513],[91.01168,25.15139],[91.01158,25.15139],[91.01159,25.15112],[91.01169,25.15112],[91.01169,25.15085],[91.01179,25.15085],[91.01179,25.15067],[91.01159,25.15067],[91.0116,25.15058],[91.01169,25.15058],[91.0117,25.1504],[91.0116,25.1504],[91.0116,25.15031],[91.0118,25.15031],[91.0118,25.15022],[91.0115,25.15022],[91.0115,25.15013],[91.0118,25.15013],[91.0118,25.15004],[91.0121,25.15005],[91.0121,25.14996],[91.012,25.14995],[91.012,25.14986],[91.0119,25.14986],[91.01191,25.14977],[91.012,25.14977],[91.01201,25.14968],[91.01191,25.14968],[91.01191,25.14959],[91.01161,25.14959],[91.01161,25.14968],[91.01151,25.14968],[91.01151,25.14986],[91.01161,25.14986],[91.01161,25.14977],[91.01171,25.14977],[91.0117,25.15004],[91.01141,25.15004],[91.0114,25.15013],[91.0113,25.15013],[91.0113,25.15022],[91.0112,25.15021],[91.0112,25.15039],[91.0111,25.15039],[91.0111,25.1503],[91.011,25.1503],[91.011,25.15057],[91.0111,25.15057],[91.0111,25.15066],[91.011,25.15066],[91.011,25.15075],[91.0111,25.15075],[91.01109,25.15084],[91.011,25.15084],[91.01099,25.15093],[91.01119,25.15094],[91.01119,25.15112],[91.01069,25.15111],[91.01069,25.1512],[91.01059,25.1512],[91.01059,25.15138],[91.01049,25.15138],[91.01049,25.15147],[91.01059,25.15147],[91.01059,25.15156],[91.01039,25.15156],[91.01039,25.15165],[91.01049,25.15165],[91.01048,25.15183],[91.01038,25.15183],[91.01039,25.15174],[91.01029,25.15174],[91.01029,25.15165],[91.01019,25.15165],[91.01019,25.15174],[91.01009,25.15173],[91.01009,25.15182],[91.00999,25.15182],[91.00999,25.15173],[91.00989,25.15173],[91.00989,25.15191],[91.01009,25.15191],[91.01008,25.152],[91.00989,25.152],[91.00988,25.15218],[91.00978,25.15218],[91.00979,25.15209],[91.00969,25.15209],[91.00968,25.15218],[91.00959,25.15218],[91.00958,25.15227],[91.00988,25.15227],[91.00988,25.15236],[91.00978,25.15236],[91.00978,25.15245],[91.00948,25.15245],[91.00948,25.15254],[91.00938,25.15254],[91.00938,25.15272],[91.00918,25.15271],[91.00918,25.15262],[91.00898,25.15262],[91.00898,25.15253],[91.00879,25.15253],[91.00878,25.15271],[91.00898,25.15271],[91.00898,25.1528],[91.00888,25.1528],[91.00888,25.15289],[91.00878,25.15289],[91.00878,25.1528],[91.00858,25.1528],[91.00858,25.15289],[91.00868,25.15289],[91.00868,25.15307],[91.00858,25.15307],[91.00858,25.15298],[91.00848,25.15298],[91.00848,25.15307],[91.00828,25.15306],[91.00828,25.15297],[91.00818,25.15297],[91.00818,25.15315],[91.00838,25.15316],[91.00838,25.15343],[91.00847,25.15343],[91.00848,25.15325],[91.00868,25.15325],[91.00867,25.15334],[91.00877,25.15334],[91.00878,25.15316],[91.00897,25.15316],[91.00897,25.15325],[91.00917,25.15326],[91.00917,25.15344],[91.00907,25.15344],[91.00907,25.15353],[91.00927,25.15353],[91.00926,25.15362],[91.00966,25.15362],[91.00966,25.15371],[91.00976,25.15372],[91.00976,25.1539],[91.00966,25.15389],[91.00966,25.1538],[91.00956,25.1538],[91.00956,25.15389],[91.00946,25.15389],[91.00946,25.15398],[91.00936,25.15398],[91.00936,25.15389],[91.00926,25.15389],[91.00926,25.1538],[91.00877,25.15379],[91.00877,25.1537],[91.00867,25.1537],[91.00867,25.15379],[91.00857,25.15379],[91.00857,25.15388],[91.00847,25.15388],[91.00847,25.15379],[91.00837,25.15379],[91.00837,25.15388],[91.00827,25.15388],[91.00827,25.15379],[91.00817,25.15378],[91.00817,25.15387],[91.00807,25.15387],[91.00807,25.15405],[91.00817,25.15406],[91.00817,25.15415],[91.00797,25.15414],[91.00796,25.15432],[91.00806,25.15432],[91.00806,25.15442],[91.00826,25.15442],[91.00826,25.15433],[91.00846,25.15433],[91.00846,25.15442],[91.00856,25.15442],[91.00856,25.15451],[91.00895,25.15452],[91.00896,25.15434],[91.00905,25.15434],[91.00905,25.15461],[91.00915,25.15461],[91.00915,25.1547],[91.00925,25.1547],[91.00925,25.15461],[91.00935,25.15461],[91.00934,25.15479],[91.00925,25.15479],[91.00924,25.15488],[91.00914,25.15488],[91.00915,25.15479],[91.00885,25.15479],[91.00885,25.15488],[91.00875,25.15488],[91.00875,25.1547],[91.00855,25.15469],[91.00855,25.1546],[91.00846,25.1546],[91.00846,25.15451],[91.00836,25.15451],[91.00836,25.1546],[91.00826,25.1546],[91.00826,25.15451],[91.00806,25.15451],[91.00806,25.1546],[91.00816,25.1546],[91.00816,25.15469],[91.00786,25.15468],[91.00786,25.15477],[91.00796,25.15477],[91.00796,25.15486],[91.00786,25.15486],[91.00785,25.15495],[91.00805,25.15496],[91.00805,25.15514],[91.00815,25.15514],[91.00815,25.15523],[91.00795,25.15523],[91.00795,25.15532],[91.00785,25.15531],[91.00785,25.15513],[91.00775,25.15513],[91.00775,25.15522],[91.00765,25.15522],[91.00765,25.15513],[91.00755,25.15513],[91.00756,25.15495],[91.00746,25.15495],[91.00745,25.15513],[91.00726,25.15513],[91.00726,25.15522],[91.00696,25.15521],[91.00695,25.15539],[91.00686,25.15539],[91.00686,25.1553],[91.00666,25.1553],[91.00666,25.15539],[91.00646,25.15539],[91.00646,25.15548],[91.00656,25.15548],[91.00655,25.15566],[91.00675,25.15566],[91.00675,25.15575],[91.00685,25.15575],[91.00685,25.15584],[91.00695,25.15584],[91.00695,25.15566],[91.00705,25.15567],[91.00705,25.15576],[91.00715,25.15576],[91.00714,25.15594],[91.00704,25.15594],[91.00704,25.1563],[91.00714,25.1563],[91.00714,25.15612],[91.00724,25.15612],[91.00724,25.15621],[91.00764,25.15621],[91.00763,25.1564],[91.00773,25.1564],[91.00773,25.15649],[91.00743,25.15648],[91.00743,25.15666],[91.00753,25.15666],[91.00753,25.15675],[91.00733,25.15675],[91.00733,25.15666],[91.00723,25.15666],[91.00723,25.15684],[91.00713,25.15684],[91.00713,25.15702],[91.00703,25.15702],[91.00703,25.15693],[91.00683,25.15693],[91.00683,25.15702],[91.00673,25.15702]],[[91.00673,25.15683],[91.00683,25.15684],[91.00683,25.15675],[91.00693,25.15675],[91.00694,25.15657],[91.00684,25.15657],[91.00683,25.15666],[91.00674,25.15665],[91.00673,25.15683]],[[91.00634,25.15674],[91.00644,25.15674],[91.00644,25.15665],[91.00634,25.15665],[91.00634,25.15674]],[[91.00644,25.15665],[91.00664,25.15665],[91.00664,25.15656],[91.00644,25.15656],[91.00644,25.15665]],[[91.00703,25.15666],[91.00713,25.15666],[91.00713,25.15657],[91.00703,25.15657],[91.00703,25.15666]],[[91.00674,25.15656],[91.00684,25.15657],[91.00684,25.15647],[91.00674,25.15647],[91.00674,25.15656]],[[91.00684,25.15647],[91.00704,25.15648],[91.00704,25.15639],[91.00684,25.15638],[91.00684,25.15647]],[[91.00733,25.15648],[91.00743,25.15648],[91.00743,25.15639],[91.00734,25.15639],[91.00733,25.15648]],[[91.00684,25.1562],[91.00694,25.15621],[91.00694,25.15612],[91.00684,25.15611],[91.00684,25.1562]],[[91.00665,25.15611],[91.00674,25.15611],[91.00675,25.15602],[91.00665,25.15602],[91.00665,25.15611]],[[91.00675,25.15602],[91.00694,25.15602],[91.00695,25.15593],[91.00685,25.15593],[91.00685,25.15584],[91.00665,25.15584],[91.00665,25.15593],[91.00675,25.15593],[91.00675,25.15602]],[[91.00635,25.15575],[91.00645,25.15575],[91.00645,25.15566],[91.00636,25.15566],[91.00635,25.15575]],[[91.00606,25.15556],[91.00626,25.15556],[91.00626,25.15547],[91.00636,25.15548],[91.00636,25.15539],[91.00626,25.15538],[91.00626,25.1552],[91.00616,25.1552],[91.00616,25.15547],[91.00606,25.15547],[91.00606,25.15556]],[[91.00596,25.15529],[91.00606,25.15529],[91.00607,25.15502],[91.00587,25.15502],[91.00587,25.15511],[91.00597,25.15511],[91.00596,25.15529]],[[91.00636,25.15511],[91.00646,25.15512],[91.00646,25.15503],[91.00637,25.15502],[91.00636,25.15511]],[[91.00607,25.15502],[91.00617,25.15502],[91.00617,25.15493],[91.00607,25.15493],[91.00607,25.15502]],[[91.00726,25.15495],[91.00736,25.15495],[91.00736,25.15486],[91.00726,25.15486],[91.00726,25.15495]],[[91.00597,25.15484],[91.00647,25.15484],[91.00647,25.15475],[91.00657,25.15476],[91.00657,25.15485],[91.00667,25.15485],[91.00667,25.15476],[91.00696,25.15476],[91.00697,25.15458],[91.00687,25.15458],[91.00687,25.15467],[91.00677,25.15467],[91.00677,25.15458],[91.00667,25.15458],[91.00667,25.15467],[91.00657,25.15467],[91.00657,25.15458],[91.00637,25.15457],[91.00637,25.15466],[91.00617,25.15466],[91.00617,25.15475],[91.00607,25.15475],[91.00607,25.15466],[91.00597,25.15466],[91.00597,25.15484]],[[91.00577,25.15475],[91.00587,25.15475],[91.00588,25.15466],[91.00578,25.15466],[91.00577,25.15475]],[[91.00706,25.15476],[91.00726,25.15477],[91.00726,25.15468],[91.00707,25.15467],[91.00706,25.15476]],[[91.00746,25.15468],[91.00766,25.15468],[91.00766,25.15459],[91.00746,25.15459],[91.00746,25.15468]],[[91.00588,25.15457],[91.00608,25.15457],[91.00608,25.15439],[91.00618,25.15439],[91.00618,25.1543],[91.00608,25.1543],[91.00608,25.15421],[91.00598,25.15421],[91.00598,25.15448],[91.00588,25.15448],[91.00588,25.15457]],[[91.00617,25.15457],[91.00627,25.15457],[91.00628,25.15448],[91.00618,25.15448],[91.00617,25.15457]],[[91.00776,25.15459],[91.00786,25.15459],[91.00786,25.1545],[91.00776,25.1545],[91.00776,25.15459]],[[91.00637,25.15448],[91.00657,25.15449],[91.00657,25.1544],[91.00647,25.15439],[91.00648,25.1543],[91.00638,25.1543],[91.00637,25.15448]],[[91.00667,25.15449],[91.00677,25.15449],[91.00677,25.1544],[91.00667,25.1544],[91.00667,25.15449]],[[91.00687,25.15449],[91.00707,25.15449],[91.00707,25.1544],[91.00727,25.1544],[91.00727,25.15431],[91.00737,25.15432],[91.00737,25.15423],[91.00707,25.15422],[91.00707,25.15413],[91.00698,25.15413],[91.00697,25.15422],[91.00687,25.15422],[91.00688,25.15413],[91.00678,25.15413],[91.00678,25.15422],[91.00668,25.15422],[91.00667,25.15431],[91.00677,25.15431],[91.00677,25.1544],[91.00687,25.1544],[91.00687,25.15449]],[[91.00727,25.15449],[91.00737,25.1545],[91.00737,25.15441],[91.00727,25.1544],[91.00727,25.15449]],[[91.00757,25.15441],[91.00766,25.15441],[91.00767,25.15432],[91.00757,25.15432],[91.00757,25.15441]],[[91.00628,25.1543],[91.00638,25.1543],[91.00638,25.15394],[91.00618,25.15394],[91.00619,25.15385],[91.00658,25.15385],[91.00658,25.15376],[91.00649,25.15376],[91.00649,25.15367],[91.00609,25.15367],[91.00608,25.15403],[91.00618,25.15403],[91.00618,25.15412],[91.00628,25.15412],[91.00628,25.1543]],[[91.00648,25.1543],[91.00658,25.1543],[91.00658,25.15421],[91.00648,25.15421],[91.00648,25.1543]],[[91.00737,25.15423],[91.00757,25.15423],[91.00757,25.15405],[91.00737,25.15404],[91.00737,25.15423]],[[91.00588,25.15411],[91.00608,25.15412],[91.00608,25.15403],[91.00598,25.15403],[91.00599,25.15394],[91.00589,25.15393],[91.00588,25.15411]],[[91.00777,25.15414],[91.00787,25.15414],[91.00787,25.15405],[91.00797,25.15405],[91.00797,25.15396],[91.00787,25.15396],[91.00787,25.15387],[91.00777,25.15387],[91.00778,25.15369],[91.00787,25.15369],[91.00788,25.1536],[91.00768,25.1536],[91.00768,25.15351],[91.00758,25.15351],[91.00758,25.15342],[91.00778,25.15342],[91.00779,25.15306],[91.00769,25.15306],[91.00769,25.15288],[91.00779,25.15288],[91.00779,25.15297],[91.00789,25.15297],[91.00789,25.15306],[91.00808,25.15306],[91.00809,25.15279],[91.00799,25.15279],[91.00799,25.1527],[91.00789,25.1527],[91.00789,25.15279],[91.00779,25.15279],[91.00779,25.15252],[91.00799,25.15252],[91.00799,25.15243],[91.00819,25.15243],[91.00819,25.15234],[91.0081,25.15234],[91.0081,25.15225],[91.008,25.15225],[91.008,25.15234],[91.0078,25.15234],[91.0078,25.15243],[91.0077,25.15242],[91.0077,25.15251],[91.0075,25.15251],[91.0075,25.15242],[91.0074,25.15242],[91.0074,25.1526],[91.0073,25.1526],[91.0073,25.15251],[91.0072,25.15251],[91.0072,25.15269],[91.0073,25.15269],[91.00729,25.15278],[91.0072,25.15278],[91.00719,25.15287],[91.00729,25.15287],[91.00729,25.15296],[91.00739,25.15296],[91.00739,25.15305],[91.00729,25.15305],[91.00729,25.15323],[91.00739,25.15323],[91.00738,25.15341],[91.00748,25.15341],[91.00748,25.1535],[91.00738,25.1535],[91.00738,25.15359],[91.00728,25.15359],[91.00728,25.15368],[91.00738,25.15368],[91.00738,25.15377],[91.00728,25.15377],[91.00728,25.15395],[91.00747,25.15396],[91.00748,25.15387],[91.00767,25.15387],[91.00767,25.15396],[91.00777,25.15396],[91.00777,25.15414]],[[91.00648,25.15403],[91.00658,25.15403],[91.00658,25.15394],[91.00648,25.15394],[91.00648,25.15403]],[[91.00668,25.15404],[91.00698,25.15404],[91.00698,25.15395],[91.00678,25.15395],[91.00678,25.15386],[91.00688,25.15386],[91.00688,25.15368],[91.00668,25.15367],[91.00668,25.15385],[91.00658,25.15385],[91.00658,25.15394],[91.00668,25.15395],[91.00668,25.15404]],[[91.00797,25.15387],[91.00807,25.15387],[91.00807,25.15378],[91.00797,25.15378],[91.00797,25.15387]],[[91.00599,25.15366],[91.00609,25.15367],[91.00609,25.15349],[91.00599,25.15348],[91.00599,25.15366]],[[91.00659,25.15367],[91.00668,25.15367],[91.00669,25.15358],[91.00659,25.15358],[91.00659,25.15367]],[[91.00847,25.1537],[91.00857,25.1537],[91.00857,25.15361],[91.00847,25.15361],[91.00847,25.1537]],[[91.00698,25.15359],[91.00708,25.15359],[91.00708,25.1535],[91.00699,25.1535],[91.00698,25.15359]],[[91.00798,25.1536],[91.00807,25.1536],[91.00808,25.15351],[91.00798,25.15351],[91.00798,25.1536]],[[91.00837,25.15361],[91.00847,25.15361],[91.00847,25.15352],[91.00837,25.15352],[91.00837,25.15361]],[[91.00659,25.15349],[91.00679,25.1535],[91.00679,25.1534],[91.00669,25.1534],[91.00669,25.15322],[91.00659,25.15322],[91.00659,25.15331],[91.00649,25.15331],[91.00649,25.1534],[91.00659,25.1534],[91.00659,25.15349]],[[91.00689,25.1535],[91.00699,25.1535],[91.00699,25.15341],[91.00709,25.15341],[91.00709,25.15323],[91.00699,25.15323],[91.00699,25.15332],[91.00689,25.15332],[91.00689,25.1535]],[[91.00718,25.1535],[91.00728,25.1535],[91.00728,25.15341],[91.00719,25.15341],[91.00718,25.1535]],[[91.00808,25.15351],[91.00827,25.15352],[91.00828,25.15333],[91.00818,25.15333],[91.00818,25.15324],[91.00808,25.15324],[91.00808,25.15351]],[[91.006,25.15339],[91.00609,25.1534],[91.0061,25.15331],[91.006,25.1533],[91.006,25.15339]],[[91.00619,25.1534],[91.00629,25.1534],[91.00629,25.15331],[91.0062,25.15331],[91.00619,25.1534]],[[91.0059,25.1533],[91.006,25.1533],[91.006,25.15285],[91.0059,25.15285],[91.0059,25.15312],[91.0058,25.15312],[91.0058,25.15303],[91.0057,25.15303],[91.0057,25.15321],[91.0059,25.15321],[91.0059,25.1533]],[[91.00679,25.15331],[91.00689,25.15332],[91.00689,25.15314],[91.00679,25.15313],[91.00679,25.15331]],[[91.00471,25.1532],[91.00481,25.1532],[91.00481,25.15311],[91.00491,25.15311],[91.00491,25.15302],[91.00471,25.15302],[91.00471,25.1532]],[[91.0063,25.15322],[91.00639,25.15322],[91.0064,25.15313],[91.0063,25.15313],[91.0063,25.15322]],[[91.00521,25.15311],[91.0054,25.15312],[91.00541,25.15293],[91.00531,25.15293],[91.00531,25.15302],[91.00521,25.15302],[91.00521,25.15311]],[[91.0055,25.15312],[91.0056,25.15312],[91.0056,25.15303],[91.00551,25.15303],[91.0055,25.15312]],[[91.0062,25.15313],[91.0063,25.15313],[91.0063,25.15295],[91.0064,25.15295],[91.0064,25.15304],[91.0065,25.15304],[91.0065,25.15277],[91.0063,25.15277],[91.0063,25.15286],[91.0061,25.15285],[91.0061,25.15294],[91.0062,25.15295],[91.0062,25.15313]],[[91.00659,25.15313],[91.00669,25.15313],[91.0067,25.15295],[91.0066,25.15295],[91.00659,25.15313]],[[91.00501,25.15302],[91.00511,25.15302],[91.00511,25.15293],[91.00501,25.15293],[91.00501,25.15302]],[[91.00461,25.15292],[91.00481,25.15293],[91.00481,25.15284],[91.00501,25.15284],[91.00501,25.15275],[91.00491,25.15275],[91.00492,25.15257],[91.00502,25.15257],[91.00502,25.15248],[91.00512,25.15248],[91.00512,25.15239],[91.00482,25.15239],[91.00482,25.1523],[91.00472,25.15229],[91.00472,25.15247],[91.00462,25.15247],[91.00462,25.15274],[91.00472,25.15275],[91.00471,25.15284],[91.00462,25.15283],[91.00461,25.15292]],[[91.00511,25.15293],[91.00531,25.15293],[91.00531,25.15284],[91.00511,25.15284],[91.00511,25.15293]],[[91.00561,25.15294],[91.0058,25.15294],[91.00581,25.15285],[91.00561,25.15285],[91.00561,25.15294]],[[91.00828,25.15297],[91.00838,25.15297],[91.00838,25.15288],[91.00828,25.15288],[91.00828,25.15297]],[[91.0066,25.15286],[91.0068,25.15286],[91.0068,25.15277],[91.0067,25.15277],[91.0067,25.15268],[91.0066,25.15268],[91.0066,25.15286]],[[91.00511,25.15275],[91.00531,25.15275],[91.00531,25.15266],[91.00511,25.15266],[91.00511,25.15275]],[[91.00571,25.15267],[91.00591,25.15267],[91.00591,25.15258],[91.00571,25.15258],[91.00571,25.15267]],[[91.00621,25.15267],[91.0065,25.15268],[91.0065,25.15259],[91.00641,25.15259],[91.00641,25.1525],[91.00651,25.1525],[91.00651,25.15241],[91.00631,25.15241],[91.00631,25.15232],[91.00641,25.15232],[91.00641,25.15205],[91.00631,25.15204],[91.00631,25.15213],[91.00611,25.15213],[91.00611,25.15222],[91.00601,25.15222],[91.00601,25.15231],[91.00621,25.15231],[91.00621,25.15267]],[[91.00541,25.15257],[91.00551,25.15258],[91.00551,25.15248],[91.00541,25.15248],[91.00541,25.15257]],[[91.00601,25.15258],[91.00611,25.15258],[91.00611,25.1524],[91.00601,25.1524],[91.00601,25.15258]],[[91.0068,25.15259],[91.007,25.1526],[91.007,25.15251],[91.0068,25.1525],[91.0068,25.15259]],[[91.00799,25.15261],[91.00809,25.15261],[91.00809,25.15252],[91.00799,25.15252],[91.00799,25.15261]],[[91.00839,25.15261],[91.00849,25.15262],[91.00849,25.15253],[91.00839,25.15252],[91.00839,25.15261]],[[91.00532,25.15248],[91.00541,25.15248],[91.00542,25.15239],[91.00532,25.15239],[91.00532,25.15248]],[[91.00551,25.15248],[91.00561,25.15249],[91.00561,25.1524],[91.00552,25.15239],[91.00551,25.15248]],[[91.00849,25.15253],[91.00859,25.15253],[91.00859,25.15226],[91.00839,25.15225],[91.00839,25.15243],[91.00849,25.15243],[91.00849,25.15253]],[[91.00908,25.15253],[91.00918,25.15253],[91.00918,25.15244],[91.00909,25.15244],[91.00908,25.15253]],[[91.00561,25.1524],[91.00581,25.1524],[91.00582,25.15213],[91.00562,25.15213],[91.00561,25.1524]],[[91.00512,25.1523],[91.00522,25.1523],[91.00522,25.15221],[91.00512,25.15221],[91.00512,25.1523]],[[91.00661,25.15232],[91.00671,25.15232],[91.00671,25.15223],[91.00661,25.15223],[91.00661,25.15232]],[[91.0071,25.15233],[91.0074,25.15233],[91.0074,25.15224],[91.00711,25.15224],[91.0071,25.15233]],[[91.0075,25.15233],[91.0077,25.15233],[91.0077,25.15224],[91.0076,25.15224],[91.0076,25.15206],[91.0075,25.15206],[91.0075,25.15215],[91.0074,25.15215],[91.0074,25.15224],[91.0075,25.15224],[91.0075,25.15233]],[[91.00889,25.15235],[91.00919,25.15235],[91.00919,25.15226],[91.00889,25.15226],[91.00889,25.15235]],[[91.00671,25.15223],[91.00681,25.15223],[91.00681,25.15214],[91.00671,25.15214],[91.00671,25.15223]],[[91.0077,25.15224],[91.008,25.15225],[91.008,25.15216],[91.0078,25.15215],[91.0078,25.15206],[91.0077,25.15206],[91.0077,25.15224]],[[91.0081,25.15225],[91.0083,25.15225],[91.0083,25.15216],[91.0081,25.15216],[91.0081,25.15225]],[[91.00879,25.15226],[91.00889,25.15226],[91.00889,25.15217],[91.00879,25.15217],[91.00879,25.15226]],[[91.00919,25.15226],[91.00929,25.15226],[91.00929,25.15217],[91.00919,25.15217],[91.00919,25.15226]],[[91.00532,25.15212],[91.00542,25.15212],[91.00542,25.15203],[91.00532,25.15203],[91.00532,25.15212]],[[91.00552,25.15212],[91.00562,25.15213],[91.00562,25.15204],[91.00552,25.15203],[91.00552,25.15212]],[[91.00651,25.15214],[91.00671,25.15214],[91.00671,25.15205],[91.00651,25.15205],[91.00651,25.15214]],[[91.00681,25.15214],[91.00691,25.15214],[91.00691,25.15196],[91.00681,25.15196],[91.00681,25.15214]],[[91.00721,25.15215],[91.0073,25.15215],[91.00731,25.15206],[91.00741,25.15206],[91.00741,25.15197],[91.00751,25.15197],[91.00751,25.15188],[91.00711,25.15187],[91.00711,25.15178],[91.00701,25.15178],[91.00701,25.15187],[91.00691,25.15187],[91.00691,25.15196],[91.00701,25.15196],[91.00701,25.15205],[91.00721,25.15206],[91.00721,25.15215]],[[91.00542,25.15203],[91.00552,25.15203],[91.00552,25.15194],[91.00542,25.15194],[91.00542,25.15203]],[[91.00592,25.15204],[91.00602,25.15204],[91.00602,25.15186],[91.00592,25.15186],[91.00592,25.15204]],[[91.0085,25.15207],[91.0086,25.15208],[91.0086,25.15198],[91.0085,25.15198],[91.0085,25.15207]],[[91.00909,25.15208],[91.00919,25.15208],[91.00919,25.15199],[91.00909,25.15199],[91.00909,25.15208]],[[91.00929,25.15208],[91.00939,25.15209],[91.00939,25.152],[91.00929,25.15199],[91.00929,25.15208]],[[91.00959,25.15209],[91.00969,25.15209],[91.00969,25.152],[91.00959,25.152],[91.00959,25.15209]],[[91.00612,25.15195],[91.00622,25.15195],[91.00622,25.15186],[91.00632,25.15186],[91.00632,25.15177],[91.00602,25.15177],[91.00602,25.15186],[91.00612,25.15186],[91.00612,25.15195]],[[91.00632,25.15195],[91.00651,25.15196],[91.00652,25.15187],[91.00632,25.15186],[91.00632,25.15195]],[[91.0078,25.15197],[91.008,25.15198],[91.008,25.15189],[91.00781,25.15188],[91.0078,25.15197]],[[91.0086,25.15198],[91.0087,25.15199],[91.0087,25.1519],[91.0086,25.15189],[91.0086,25.15198]],[[91.00899,25.15199],[91.00909,25.15199],[91.00909,25.1519],[91.009,25.1519],[91.00899,25.15199]],[[91.00671,25.15187],[91.00681,25.15187],[91.00681,25.15178],[91.00691,25.15178],[91.00692,25.15169],[91.00701,25.15169],[91.00702,25.1516],[91.00712,25.1516],[91.00711,25.15169],[91.00721,25.1517],[91.00722,25.15151],[91.00732,25.15152],[91.00731,25.15161],[91.00761,25.15161],[91.00761,25.15152],[91.00741,25.15152],[91.00742,25.15134],[91.00752,25.15134],[91.00751,25.15143],[91.00761,25.15143],[91.00762,25.15116],[91.00742,25.15116],[91.00742,25.15125],[91.00722,25.15124],[91.00722,25.15115],[91.00712,25.15115],[91.00712,25.15124],[91.00702,25.15124],[91.00702,25.15115],[91.00683,25.15115],[91.00682,25.15124],[91.00672,25.15124],[91.00672,25.1516],[91.00662,25.1516],[91.00662,25.15178],[91.00672,25.15178],[91.00671,25.15187]],[[91.0085,25.15189],[91.0086,25.15189],[91.0086,25.1518],[91.0085,25.1518],[91.0085,25.15189]],[[91.0087,25.1519],[91.0088,25.1519],[91.0088,25.15181],[91.0087,25.15181],[91.0087,25.1519]],[[91.0089,25.1519],[91.009,25.1519],[91.009,25.15181],[91.0089,25.15181],[91.0089,25.1519]],[[91.00721,25.15179],[91.00731,25.15179],[91.00731,25.1517],[91.00721,25.1517],[91.00721,25.15179]],[[91.0082,25.1518],[91.0085,25.1518],[91.0085,25.15171],[91.0082,25.15171],[91.0082,25.1518]],[[91.00949,25.15182],[91.00959,25.15182],[91.00959,25.15173],[91.00949,25.15173],[91.00949,25.15182]],[[91.00811,25.15171],[91.0082,25.15171],[91.00821,25.15162],[91.00831,25.15162],[91.00831,25.15135],[91.00821,25.15135],[91.00821,25.15126],[91.00811,25.15126],[91.00811,25.15135],[91.00791,25.15134],[91.00791,25.15152],[91.00781,25.15152],[91.00781,25.15161],[91.00811,25.15162],[91.00811,25.15171]],[[91.0084,25.15162],[91.0088,25.15163],[91.0088,25.15154],[91.0087,25.15153],[91.0087,25.15144],[91.00861,25.15144],[91.0086,25.15153],[91.00841,25.15153],[91.0084,25.15162]],[[91.0093,25.15163],[91.0094,25.15163],[91.0094,25.15145],[91.0093,25.15145],[91.0093,25.15136],[91.0092,25.15136],[91.0092,25.15154],[91.0093,25.15154],[91.0093,25.15163]],[[91.00959,25.15164],[91.00969,25.15164],[91.0097,25.15155],[91.00979,25.15155],[91.0098,25.15146],[91.0096,25.15146],[91.00959,25.15164]],[[91.00979,25.15164],[91.00989,25.15164],[91.00989,25.15155],[91.00979,25.15155],[91.00979,25.15164]],[[91.009,25.15154],[91.0091,25.15154],[91.0091,25.15145],[91.009,25.15145],[91.009,25.15154]],[[91.00841,25.15144],[91.00851,25.15144],[91.00851,25.15135],[91.00841,25.15135],[91.00841,25.15144]],[[91.0087,25.15144],[91.0088,25.15145],[91.00881,25.15127],[91.00871,25.15126],[91.00871,25.15117],[91.00851,25.15117],[91.00851,25.15135],[91.00871,25.15135],[91.0087,25.15144]],[[91.0094,25.15145],[91.0095,25.15146],[91.0095,25.15137],[91.0094,25.15136],[91.0094,25.15145]],[[91.0098,25.15146],[91.00989,25.15146],[91.0099,25.15137],[91.0098,25.15137],[91.0098,25.15146]],[[91.00781,25.15134],[91.00791,25.15134],[91.00791,25.15125],[91.00782,25.15125],[91.00781,25.15134]],[[91.009,25.15136],[91.0091,25.15136],[91.0091,25.15127],[91.00901,25.15127],[91.009,25.15136]],[[91.0095,25.15137],[91.0096,25.15137],[91.0096,25.15128],[91.0095,25.15127],[91.0095,25.15137]],[[91.01019,25.15137],[91.01029,25.15138],[91.01029,25.15129],[91.0102,25.15128],[91.01019,25.15137]],[[91.00772,25.15125],[91.00782,25.15125],[91.00782,25.15098],[91.00762,25.15098],[91.00762,25.15089],[91.00752,25.15089],[91.00752,25.15107],[91.00772,25.15107],[91.00772,25.15125]],[[91.00891,25.15127],[91.00901,25.15127],[91.00901,25.15118],[91.00891,25.15118],[91.00891,25.15127]],[[91.0096,25.15128],[91.0098,25.15128],[91.0098,25.1511],[91.01,25.1511],[91.01,25.15101],[91.0102,25.15101],[91.0102,25.15092],[91.0103,25.15092],[91.0103,25.15083],[91.0104,25.15084],[91.0104,25.15075],[91.0102,25.15074],[91.01021,25.15065],[91.01011,25.15065],[91.0101,25.15083],[91.01,25.15083],[91.01001,25.15065],[91.00971,25.15065],[91.00971,25.15074],[91.00961,25.15073],[91.00961,25.15082],[91.00971,25.15083],[91.00971,25.15092],[91.0098,25.15092],[91.0098,25.15101],[91.0097,25.15101],[91.0097,25.15119],[91.0096,25.15119],[91.0096,25.15128]],[[91.00881,25.15118],[91.00891,25.15118],[91.00891,25.15109],[91.00881,25.15108],[91.00881,25.15118]],[[91.0093,25.15118],[91.0095,25.15118],[91.0095,25.15109],[91.00931,25.15109],[91.0093,25.15118]],[[91.0101,25.15119],[91.0102,25.15119],[91.0102,25.1511],[91.0101,25.1511],[91.0101,25.15119]],[[91.01168,25.15121],[91.01178,25.15122],[91.01178,25.15112],[91.01169,25.15112],[91.01168,25.15121]],[[91.00722,25.15106],[91.00732,25.15106],[91.00733,25.15088],[91.00723,25.15088],[91.00722,25.15106]],[[91.00792,25.15107],[91.00802,25.15107],[91.00802,25.15098],[91.00792,25.15098],[91.00792,25.15107]],[[91.00891,25.15109],[91.00901,25.15109],[91.00901,25.151],[91.00911,25.151],[91.00911,25.15109],[91.00921,25.15109],[91.00921,25.15091],[91.00951,25.15091],[91.00951,25.15082],[91.00931,25.15082],[91.00931,25.15073],[91.00921,25.15073],[91.00921,25.15064],[91.00902,25.15064],[91.00902,25.15055],[91.00882,25.15054],[91.00882,25.15063],[91.00892,25.15064],[91.00891,25.15073],[91.00882,25.15072],[91.00881,25.1509],[91.00871,25.1509],[91.00871,25.15099],[91.00891,25.151],[91.00891,25.15109]],[[91.00951,25.151],[91.0096,25.15101],[91.00961,25.15092],[91.00951,25.15091],[91.00951,25.151]],[[91.0105,25.15102],[91.01079,25.15102],[91.0108,25.15093],[91.0105,25.15093],[91.0105,25.15102]],[[91.01179,25.15094],[91.01199,25.15095],[91.01199,25.15086],[91.01179,25.15085],[91.01179,25.15094]],[[91.01199,25.15077],[91.01209,25.15077],[91.01209,25.15059],[91.01199,25.15059],[91.01199,25.15077]],[[91.00941,25.15064],[91.00951,25.15064],[91.00951,25.15055],[91.00941,25.15055],[91.00941,25.15064]],[[91.0105,25.15066],[91.0107,25.15066],[91.0107,25.15057],[91.0105,25.15057],[91.0105,25.15066]],[[91.00931,25.15055],[91.00941,25.15055],[91.00942,25.15046],[91.00932,25.15046],[91.00931,25.15055]],[[91.01031,25.15056],[91.01041,25.15056],[91.01041,25.15029],[91.01021,25.15029],[91.01021,25.1502],[91.01011,25.1502],[91.01011,25.15038],[91.01031,25.15038],[91.01031,25.15056]],[[91.00942,25.15046],[91.00971,25.15047],[91.00971,25.15037],[91.00942,25.15037],[91.00942,25.15046]],[[91.00991,25.15047],[91.01001,25.15047],[91.01001,25.15038],[91.00991,25.15038],[91.00991,25.15047]],[[91.01061,25.15048],[91.0108,25.15048],[91.0108,25.15039],[91.01061,25.15039],[91.01061,25.15048]],[[91.00981,25.15038],[91.00991,25.15038],[91.00991,25.15029],[91.00981,25.15029],[91.00981,25.15038]],[[91.00853,25.15027],[91.00862,25.15027],[91.00863,25.15018],[91.00853,25.15018],[91.00853,25.15027]],[[91.00942,25.15028],[91.00972,25.15028],[91.00972,25.15019],[91.00982,25.1502],[91.00982,25.15002],[91.00972,25.15001],[91.00972,25.1501],[91.00952,25.1501],[91.00952,25.15019],[91.00942,25.15019],[91.00942,25.15028]],[[91.01061,25.1503],[91.01081,25.1503],[91.01081,25.15021],[91.01071,25.15021],[91.01071,25.15012],[91.01051,25.15011],[91.01051,25.15021],[91.01061,25.15021],[91.01061,25.1503]],[[91.01001,25.1502],[91.01011,25.1502],[91.01012,25.15011],[91.01002,25.15011],[91.01001,25.1502]],[[91.01101,25.15021],[91.01111,25.15021],[91.01111,25.15012],[91.01101,25.15012],[91.01101,25.15021]],[[91.00992,25.15011],[91.01002,25.15011],[91.01002,25.14993],[91.00992,25.14993],[91.00992,25.15011]],[[91.01071,25.15012],[91.01081,25.15012],[91.01081,25.15003],[91.01071,25.15003],[91.01071,25.15012]],[[91.01259,25.15014],[91.01269,25.15014],[91.0127,25.14996],[91.0126,25.14996],[91.01259,25.15014]],[[91.01022,25.15002],[91.01041,25.15002],[91.01042,25.14993],[91.01022,25.14993],[91.01022,25.15002]],[[91.0124,25.15005],[91.0125,25.15005],[91.0125,25.14987],[91.0124,25.14987],[91.0124,25.15005]],[[91.01141,25.14995],[91.01151,25.14995],[91.01151,25.14986],[91.01141,25.14986],[91.01141,25.14995]],[[91.01032,25.14984],[91.01042,25.14984],[91.01042,25.14975],[91.01032,25.14975],[91.01032,25.14984]],[[91.01121,25.14985],[91.01141,25.14986],[91.01141,25.14959],[91.01151,25.14959],[91.01152,25.14941],[91.01142,25.1494],[91.01142,25.14931],[91.01122,25.14931],[91.01121,25.14958],[91.01112,25.14958],[91.01111,25.14967],[91.01121,25.14967],[91.01121,25.14985]],[[91.01091,25.14976],[91.01111,25.14976],[91.01111,25.14967],[91.01092,25.14967],[91.01091,25.14976]],[[91.0123,25.14978],[91.0124,25.14978],[91.01241,25.14951],[91.01231,25.14951],[91.01231,25.14942],[91.01241,25.14942],[91.01241,25.14933],[91.01251,25.14933],[91.01251,25.14942],[91.01261,25.14942],[91.01261,25.14924],[91.01281,25.14924],[91.01281,25.14915],[91.01291,25.14915],[91.01291,25.14906],[91.01271,25.14906],[91.01271,25.14915],[91.01251,25.14915],[91.01251,25.14924],[91.01241,25.14924],[91.01241,25.14906],[91.01231,25.14906],[91.01232,25.14897],[91.01202,25.14896],[91.01202,25.14905],[91.01221,25.14905],[91.01221,25.14914],[91.01211,25.14914],[91.01211,25.14932],[91.01221,25.14933],[91.01221,25.14951],[91.01211,25.1495],[91.01211,25.14959],[91.01201,25.14959],[91.01201,25.14968],[91.0122,25.14969],[91.01221,25.1496],[91.01231,25.1496],[91.0123,25.14978]],[[91.00992,25.14966],[91.01002,25.14966],[91.01003,25.14948],[91.00983,25.14947],[91.00983,25.14956],[91.00993,25.14957],[91.00992,25.14966]],[[91.01092,25.14958],[91.01102,25.14958],[91.01102,25.1494],[91.01092,25.1494],[91.01092,25.14958]],[[91.01171,25.1495],[91.01181,25.1495],[91.01181,25.14941],[91.01171,25.14941],[91.01171,25.1495]],[[91.01201,25.1495],[91.01211,25.1495],[91.01211,25.14941],[91.01201,25.14941],[91.01201,25.1495]],[[91.00953,25.14929],[91.00963,25.14929],[91.00963,25.1492],[91.00953,25.1492],[91.00953,25.14929]],[[91.01082,25.14931],[91.01092,25.14931],[91.01092,25.14922],[91.01082,25.14922],[91.01082,25.14931]],[[91.01162,25.14932],[91.01181,25.14932],[91.01182,25.14923],[91.01162,25.14923],[91.01162,25.14932]],[[91.00944,25.1492],[91.00953,25.1492],[91.00954,25.14911],[91.00944,25.14911],[91.00944,25.1492]],[[91.01102,25.14922],[91.01112,25.14922],[91.01112,25.14913],[91.01102,25.14913],[91.01102,25.14922]],[[91.0132,25.14925],[91.0133,25.14925],[91.01331,25.14907],[91.01321,25.14907],[91.0132,25.14925]],[[91.01301,25.14916],[91.01311,25.14916],[91.01311,25.14907],[91.01321,25.14907],[91.01321,25.14898],[91.01301,25.14897],[91.01301,25.14916]],[[91.01162,25.14905],[91.01172,25.14905],[91.01172,25.14896],[91.01162,25.14896],[91.01162,25.14905]],[[91.01172,25.14896],[91.01182,25.14896],[91.01182,25.14878],[91.01162,25.14878],[91.01162,25.14887],[91.01172,25.14887],[91.01172,25.14896]],[[91.01241,25.14897],[91.01251,25.14897],[91.01252,25.14888],[91.01242,25.14888],[91.01241,25.14897]],[[91.01261,25.14897],[91.01271,25.14897],[91.01271,25.14888],[91.01261,25.14888],[91.01261,25.14897]],[[91.01281,25.14897],[91.01291,25.14897],[91.01291,25.14879],[91.01281,25.14879],[91.01281,25.14897]],[[91.01222,25.14887],[91.01232,25.14888],[91.01232,25.14869],[91.01222,25.14869],[91.01222,25.14887]],[[91.01153,25.14877],[91.01162,25.14878],[91.01163,25.14869],[91.01153,25.14868],[91.01153,25.14877]],[[91.01242,25.14879],[91.01252,25.14879],[91.01252,25.14861],[91.01242,25.14861],[91.01242,25.14879]]]},"properties":{"id":"wetland_patch_093ac5ceb194","date":"2026-06-30","area_km2":0.207,"pixel_count":2070,"classification":"OPEN_WATER","interpretation_label":"HH darkening candidate","mean_delta_db":-5.395742232096944,"median_delta_db":-4.992922306060791,"hh_before":-15.083348657543533,"hh_after":-20.479090889640478,"hv_before":-23.87166317096655,"hv_after":-23.94382346517222,"delta_hh":-5.395742232096944,"delta_hv":-0.07216029420567019,"valid_fraction":1.0,"valid_fraction_scope":"region bounding box, all four channels","vegetated_fraction":0.0,"quality_status":"PASS","spatial_status":"PARTIAL","temporal_status":"PARTIAL","temporal_overlap_fraction":null,"threshold_stability":"SENSITIVE","threshold_variation_fraction":0.23865921787709496,"evidence_state":"UNCERTAIN","centroid":[25.1522250195685,91.0084194678238],"data_source":"NISAR","evidence_method":"Rule consistency only; no accuracy estimate or independent reference validation.","baseline_method":"SINGLE_PRECEDING_OBSERVATION","baseline_observation_count":1,"baseline_observation_dates":["2026-06-18"],"baseline_hh_temporal_mad_db":null,"baseline_scene_names":["NISAR_L2_PR_GCOV_023_069_A_014_4005_DHDH_A_20260618T232135_20260618T232210_P05023_N_F_J_001"],"contextual_land_cover":null,"distance_to_water_m":null,"context_status":"NOT_AVAILABLE","reference_validated":false}},{"type":"Feature","geometry":{"type":"Polygon","coordinates":[[[91.00347,25.15643],[91.00347,25.15616],[91.00387,25.15616],[91.00387,25.15598],[91.00377,25.15598],[91.00377,25.1558],[91.00367,25.1558],[91.00368,25.15571],[91.00358,25.15571],[91.00358,25.15553],[91.00368,25.15553],[91.00368,25.15544],[91.00378,25.15544],[91.00378,25.15535],[91.00398,25.15535],[91.00398,25.15526],[91.00418,25.15527],[91.00418,25.15518],[91.00428,25.15518],[91.00428,25.155],[91.00408,25.15499],[91.00409,25.15481],[91.00419,25.15481],[91.00419,25.15472],[91.00439,25.15473],[91.00439,25.15482],[91.00448,25.15482],[91.00449,25.15464],[91.00439,25.15464],[91.00439,25.15455],[91.00459,25.15455],[91.00459,25.15464],[91.00469,25.15464],[91.00469,25.15446],[91.00449,25.15446],[91.00449,25.15437],[91.00439,25.15437],[91.0044,25.15419],[91.00449,25.15419],[91.00449,25.15428],[91.00459,25.15428],[91.00459,25.15437],[91.00479,25.15437],[91.00479,25.15446],[91.00489,25.15446],[91.00489,25.15437],[91.00509,25.15437],[91.00508,25.15456],[91.00498,25.15455],[91.00498,25.15473],[91.00488,25.15473],[91.00488,25.15482],[91.00478,25.15482],[91.00478,25.15491],[91.00468,25.15491],[91.00468,25.155],[91.00478,25.155],[91.00478,25.15518],[91.00488,25.15518],[91.00487,25.15527],[91.00497,25.15528],[91.00497,25.15537],[91.00487,25.15537],[91.00487,25.15546],[91.00507,25.15546],[91.00507,25.15564],[91.00517,25.15564],[91.00516,25.15573],[91.00487,25.15573],[91.00486,25.156],[91.00506,25.156],[91.00506,25.15591],[91.00516,25.15591],[91.00516,25.15609],[91.00506,25.15609],[91.00506,25.15618],[91.00496,25.15618],[91.00496,25.15609],[91.00476,25.15609],[91.00476,25.15627],[91.00466,25.15626],[91.00466,25.15617],[91.00426,25.15617],[91.00426,25.15626],[91.00446,25.15626],[91.00446,25.15644],[91.00436,25.15644],[91.00436,25.15635],[91.00416,25.15635],[91.00416,25.15617],[91.00407,25.15617],[91.00406,25.15626],[91.00377,25.15625],[91.00377,25.15634],[91.00386,25.15634],[91.00386,25.15643],[91.00366,25.15643],[91.00367,25.15634],[91.00357,25.15634],[91.00357,25.15643],[91.00347,25.15643]],[[91.00427,25.15608],[91.00436,25.15608],[91.00437,25.15599],[91.00427,25.15599],[91.00427,25.15608]],[[91.00466,25.15608],[91.00476,25.15609],[91.00476,25.156],[91.00466,25.15599],[91.00466,25.15608]],[[91.00407,25.15599],[91.00417,25.15599],[91.00417,25.1559],[91.00437,25.1559],[91.00437,25.15581],[91.00427,25.15581],[91.00427,25.15572],[91.00407,25.15572],[91.00407,25.15563],[91.00417,25.15563],[91.00418,25.15536],[91.00408,25.15535],[91.00408,25.15544],[91.00388,25.15544],[91.00388,25.15553],[91.00378,25.15553],[91.00378,25.15571],[91.00387,25.15571],[91.00387,25.1558],[91.00407,25.15581],[91.00407,25.15599]],[[91.00427,25.15563],[91.00437,25.15563],[91.00437,25.15554],[91.00427,25.15554],[91.00427,25.15563]],[[91.00447,25.15563],[91.00467,25.15563],[91.00467,25.15554],[91.00447,25.15554],[91.00447,25.15563]],[[91.00418,25.15536],[91.00428,25.15536],[91.00428,25.15527],[91.00418,25.15527],[91.00418,25.15536]],[[91.00448,25.15527],[91.00458,25.15527],[91.00458,25.15518],[91.00448,25.15518],[91.00448,25.15527]],[[91.00438,25.15518],[91.00448,25.15518],[91.00448,25.15509],[91.00438,25.15509],[91.00438,25.15518]],[[91.00428,25.155],[91.00438,25.155],[91.00438,25.15491],[91.00428,25.15491],[91.00428,25.155]],[[91.00468,25.15473],[91.00478,25.15473],[91.00478,25.15464],[91.00469,25.15464],[91.00468,25.15473]]]},"properties":{"id":"wetland_patch_669b896803b9","date":"2026-06-30","area_km2":0.0171,"pixel_count":171,"classification":"OPEN_WATER","interpretation_label":"HH darkening candidate","mean_delta_db":-5.381550381755271,"median_delta_db":-5.033651351928711,"hh_before":-15.202958040070115,"hh_after":-20.584508421825387,"hv_before":-24.145524844788667,"hv_after":-23.5069961213229,"delta_hh":-5.381550381755271,"delta_hv":0.6385287234657689,"valid_fraction":1.0,"valid_fraction_scope":"region bounding box, all four channels","vegetated_fraction":0.0,"quality_status":"PASS","spatial_status":"PARTIAL","temporal_status":"PARTIAL","temporal_overlap_fraction":null,"threshold_stability":"SENSITIVE","threshold_variation_fraction":0.20416666666666666,"evidence_state":"UNCERTAIN","centroid":[25.155491859033155,91.00442667866004],"data_source":"NISAR","evidence_method":"Rule consistency only; no accuracy estimate or independent reference validation.","baseline_method":"SINGLE_PRECEDING_OBSERVATION","baseline_observation_count":1,"baseline_observation_dates":["2026-06-18"],"baseline_hh_temporal_mad_db":null,"baseline_scene_names":["NISAR_L2_PR_GCOV_023_069_A_014_4005_DHDH_A_20260618T232135_20260618T232210_P05023_N_F_J_001"],"contextual_land_cover":null,"distance_to_water_m":null,"context_status":"NOT_AVAILABLE","reference_validated":false}},{"type":"Feature","geometry":{"type":"Polygon","coordinates":[[[90.99891,25.15601],[90.99891,25.15592],[90.99871,25.15591],[90.99872,25.15573],[90.99862,25.15573],[90.99861,25.15591],[90.99852,25.15591],[90.99852,25.15573],[90.99842,25.15573],[90.99842,25.15591],[90.99822,25.15591],[90.99822,25.15573],[90.99812,25.15573],[90.99812,25.15554],[90.99842,25.15555],[90.99842,25.15564],[90.99852,25.15564],[90.99852,25.15546],[90.99842,25.15546],[90.99843,25.15537],[90.99852,25.15537],[90.99853,25.15528],[90.99872,25.15528],[90.99873,25.15519],[90.99882,25.15519],[90.99883,25.1551],[90.99873,25.1551],[90.99873,25.15501],[90.99883,25.15501],[90.99883,25.15483],[90.99873,25.15483],[90.99873,25.15474],[90.99883,25.15474],[90.99883,25.15465],[90.99893,25.15465],[90.99893,25.15456],[90.99874,25.15456],[90.99874,25.15447],[90.99864,25.15447],[90.99864,25.15438],[90.99854,25.15438],[90.99854,25.15429],[90.99844,25.15429],[90.99845,25.15401],[90.99855,25.15402],[90.99854,25.15411],[90.99864,25.15411],[90.99864,25.15429],[90.99914,25.15429],[90.99913,25.15457],[90.99933,25.15457],[90.99933,25.15448],[90.99943,25.15448],[90.99943,25.15439],[90.99923,25.15439],[90.99924,25.15421],[90.99934,25.15421],[90.99934,25.15403],[90.99954,25.15403],[90.99954,25.15394],[90.99964,25.15394],[90.99964,25.15385],[90.99974,25.15385],[90.99974,25.15394],[90.99984,25.15394],[90.99984,25.15385],[91.00004,25.15386],[91.00004,25.15377],[90.99994,25.15376],[90.99994,25.15367],[91.00004,25.15367],[91.00004,25.15349],[90.99984,25.15349],[90.99985,25.1534],[91.00014,25.15341],[91.00014,25.15332],[90.99995,25.15331],[90.99995,25.15322],[91.00025,25.15323],[91.00024,25.15332],[91.00044,25.15332],[91.00044,25.1535],[91.00034,25.1535],[91.00034,25.15359],[91.00044,25.15359],[91.00044,25.15368],[91.00054,25.15368],[91.00053,25.15377],[91.00063,25.15377],[91.00063,25.15368],[91.00083,25.15369],[91.00083,25.15387],[91.00093,25.15387],[91.00093,25.15405],[91.00103,25.15405],[91.00102,25.15414],[91.00092,25.15414],[91.00092,25.15432],[91.00102,25.15432],[91.00102,25.15441],[91.00142,25.15442],[91.00141,25.15451],[91.00151,25.15451],[91.00152,25.15442],[91.00161,25.15442],[91.00161,25.15451],[91.00171,25.15451],[91.00171,25.15442],[91.00181,25.15442],[91.00181,25.1546],[91.00211,25.15461],[91.00211,25.1547],[91.00151,25.15469],[91.00151,25.15478],[91.00141,25.15478],[91.00141,25.15487],[91.00131,25.15487],[91.00131,25.15478],[91.00111,25.15477],[91.00111,25.15486],[91.00101,25.15486],[91.00101,25.15477],[91.00091,25.15477],[91.00091,25.15495],[91.00061,25.15495],[91.00061,25.15504],[91.00051,25.15504],[91.00051,25.15513],[91.00041,25.15512],[91.00042,25.15494],[91.00032,25.15494],[91.00032,25.15476],[91.00022,25.15476],[91.00022,25.15467],[91.00012,25.15467],[91.00012,25.15476],[90.99992,25.15476],[90.99992,25.15485],[90.99972,25.15484],[90.99972,25.15493],[90.99962,25.15493],[90.99962,25.15511],[90.99972,25.15511],[90.99972,25.15521],[90.99982,25.15521],[90.99981,25.1553],[90.99962,25.15529],[90.99962,25.15538],[91.00011,25.15539],[91.00011,25.15521],[91.00031,25.15521],[91.00031,25.15548],[91.00021,25.15548],[91.00021,25.15557],[90.99991,25.15557],[90.99991,25.15548],[90.99961,25.15547],[90.99961,25.15556],[90.99971,25.15557],[90.99971,25.15575],[90.99931,25.15574],[90.99931,25.15583],[90.99951,25.15583],[90.99951,25.15592],[90.99941,25.15592],[90.99941,25.15601],[90.99931,25.15601],[90.99931,25.15592],[90.99921,25.15592],[90.99922,25.15556],[90.99902,25.15556],[90.99902,25.15565],[90.99892,25.15565],[90.99892,25.15574],[90.99901,25.15574],[90.99901,25.15601],[90.99891,25.15601]],[[90.99902,25.15511],[90.99912,25.15511],[90.99913,25.15475],[90.99903,25.15474],[90.99902,25.15511]],[[90.99943,25.15484],[90.99952,25.15484],[90.99953,25.15466],[90.99933,25.15466],[90.99933,25.15475],[90.99943,25.15475],[90.99943,25.15484]],[[91.00071,25.15486],[91.00081,25.15486],[91.00082,25.15477],[91.00072,25.15477],[91.00071,25.15486]],[[90.99903,25.15465],[90.99913,25.15466],[90.99913,25.15457],[90.99903,25.15456],[90.99903,25.15465]],[[90.99992,25.15467],[91.00002,25.15467],[91.00002,25.15458],[90.99993,25.15458],[90.99992,25.15467]],[[91.00042,25.15467],[91.00062,25.15468],[91.00062,25.15459],[91.00072,25.15459],[91.00072,25.15441],[91.00062,25.15441],[91.00062,25.15431],[91.00053,25.15431],[91.00053,25.15413],[91.00063,25.15413],[91.00063,25.15404],[91.00073,25.15405],[91.00073,25.15377],[91.00063,25.15377],[91.00063,25.15386],[91.00043,25.15386],[91.00043,25.15377],[91.00034,25.15377],[91.00033,25.15386],[91.00024,25.15386],[91.00024,25.15359],[91.00014,25.15359],[91.00013,25.15404],[91.00033,25.15404],[91.00033,25.15422],[91.00043,25.15422],[91.00043,25.15431],[91.00033,25.15431],[91.00032,25.15449],[91.00042,25.15449],[91.00042,25.15467]],[[91.00072,25.15468],[91.00082,25.15468],[91.00082,25.15459],[91.00072,25.15459],[91.00072,25.15468]],[[91.00111,25.15468],[91.00131,25.15469],[91.00131,25.15459],[91.00112,25.15459],[91.00111,25.15468]],[[90.99973,25.15457],[90.99983,25.15457],[90.99983,25.15448],[90.99973,25.15448],[90.99973,25.15457]],[[91.00002,25.15458],[91.00022,25.15458],[91.00023,25.1544],[91.00013,25.1544],[91.00013,25.15449],[91.00003,25.15449],[91.00002,25.15458]],[[91.00082,25.15459],[91.00092,25.15459],[91.00092,25.1545],[91.00082,25.1545],[91.00082,25.15459]],[[90.99874,25.15447],[90.99884,25.15447],[90.99884,25.15438],[90.99874,25.15438],[90.99874,25.15447]],[[90.99934,25.1543],[90.99943,25.1543],[90.99944,25.15421],[90.99934,25.15421],[90.99934,25.1543]],[[91.00072,25.15432],[91.00082,25.15432],[91.00083,25.15414],[91.00073,25.15414],[91.00072,25.15432]],[[90.99954,25.15412],[90.99973,25.15412],[90.99974,25.15403],[90.99954,25.15403],[90.99954,25.15412]],[[90.99993,25.15412],[91.00003,25.15413],[91.00003,25.15404],[90.99993,25.15403],[90.99993,25.15412]],[[91.00024,25.1535],[91.00034,25.1535],[91.00034,25.15341],[91.00024,25.15341],[91.00024,25.1535]]]},"properties":{"id":"wetland_patch_ef5366224377","date":"2026-06-30","area_km2":0.036,"pixel_count":360,"classification":"OPEN_WATER","interpretation_label":"HH darkening candidate","mean_delta_db":-5.527335793442196,"median_delta_db":-5.0812177658081055,"hh_before":-14.104258069727155,"hh_after":-19.631593863169353,"hv_before":-23.613545481363932,"hv_after":-23.331507918569777,"delta_hh":-5.527335793442196,"delta_hv":0.28203756279415554,"valid_fraction":1.0,"valid_fraction_scope":"region bounding box, all four channels","vegetated_fraction":0.0,"quality_status":"PASS","spatial_status":"PARTIAL","temporal_status":"PARTIAL","temporal_overlap_fraction":null,"threshold_stability":"STABLE","threshold_variation_fraction":0.19487908961593173,"evidence_state":"MODERATE","centroid":[25.154747033484536,90.99978552891244],"data_source":"NISAR","evidence_method":"Rule consistency only; no accuracy estimate or independent reference validation.","baseline_method":"SINGLE_PRECEDING_OBSERVATION","baseline_observation_count":1,"baseline_observation_dates":["2026-06-18"],"baseline_hh_temporal_mad_db":null,"baseline_scene_names":["NISAR_L2_PR_GCOV_023_069_A_014_4005_DHDH_A_20260618T232135_20260618T232210_P05023_N_F_J_001"],"contextual_land_cover":null,"distance_to_water_m":null,"context_status":"NOT_AVAILABLE","reference_validated":false}},{"type":"Feature","geometry":{"type":"Polygon","coordinates":[[[91.02172,25.15604],[91.02173,25.15586],[91.02163,25.15586],[91.02163,25.15577],[91.02202,25.15578],[91.02203,25.1556],[91.02193,25.15559],[91.02193,25.15568],[91.02183,25.15568],[91.02183,25.15559],[91.02173,25.15559],[91.02173,25.1555],[91.02183,25.1555],[91.02183,25.15541],[91.02173,25.15541],[91.02173,25.15532],[91.02193,25.15532],[91.02193,25.15541],[91.02203,25.15541],[91.02203,25.15551],[91.02213,25.15551],[91.02213,25.15542],[91.02223,25.15542],[91.02223,25.15533],[91.02213,25.15533],[91.02213,25.15524],[91.02223,25.15524],[91.02223,25.15506],[91.02233,25.15506],[91.02233,25.15524],[91.02243,25.15524],[91.02243,25.15533],[91.02253,25.15533],[91.02253,25.15524],[91.02273,25.15524],[91.02273,25.15515],[91.02263,25.15515],[91.02263,25.15497],[91.02273,25.15497],[91.02273,25.15506],[91.02283,25.15506],[91.02283,25.15497],[91.02293,25.15498],[91.02293,25.15516],[91.02303,25.15516],[91.02302,25.15543],[91.02292,25.15543],[91.02292,25.15534],[91.02263,25.15533],[91.02263,25.15542],[91.02272,25.15542],[91.02272,25.15551],[91.02252,25.15551],[91.02252,25.1556],[91.02242,25.1556],[91.02243,25.15542],[91.02233,25.15542],[91.02233,25.15551],[91.02223,25.15551],[91.02223,25.1556],[91.02213,25.1556],[91.02213,25.15569],[91.02222,25.15569],[91.02222,25.15578],[91.02212,25.15578],[91.02212,25.15596],[91.02202,25.15596],[91.02202,25.15587],[91.02192,25.15586],[91.02192,25.15596],[91.02182,25.15595],[91.02182,25.15604],[91.02172,25.15604]]]},"properties":{"id":"wetland_patch_000e8dc7bf34","date":"2026-06-30","area_km2":0.0051,"pixel_count":51,"classification":"OPEN_WATER","interpretation_label":"HH darkening candidate","mean_delta_db":-4.363332636216107,"median_delta_db":-3.8984146118164062,"hh_before":-15.622939726885628,"hh_after":-19.986272363101733,"hv_before":-23.62294791726505,"hv_after":-24.373247258803424,"delta_hh":-4.363332636216107,"delta_hv":-0.7502993415383732,"valid_fraction":1.0,"valid_fraction_scope":"region bounding box, all four channels","vegetated_fraction":0.0,"quality_status":"PASS","spatial_status":"PARTIAL","temporal_status":"PARTIAL","temporal_overlap_fraction":null,"threshold_stability":"SENSITIVE","threshold_variation_fraction":0.2894736842105263,"evidence_state":"UNCERTAIN","centroid":[25.155456547137845,91.02230688875753],"data_source":"NISAR","evidence_method":"Rule consistency only; no accuracy estimate or independent reference validation.","baseline_method":"SINGLE_PRECEDING_OBSERVATION","baseline_observation_count":1,"baseline_observation_dates":["2026-06-18"],"baseline_hh_temporal_mad_db":null,"baseline_scene_names":["NISAR_L2_PR_GCOV_023_069_A_014_4005_DHDH_A_20260618T232135_20260618T232210_P05023_N_F_J_001"],"contextual_land_cover":null,"distance_to_water_m":null,"context_status":"NOT_AVAILABLE","reference_validated":false}},{"type":"Feature","geometry":{"type":"Polygon","coordinates":[[[91.00161,25.15442],[91.00162,25.15424],[91.00152,25.15424],[91.00152,25.15433],[91.00142,25.15433],[91.00142,25.15424],[91.00132,25.15423],[91.00132,25.15432],[91.00112,25.15432],[91.00112,25.15423],[91.00102,25.15423],[91.00102,25.15414],[91.00122,25.15414],[91.00122,25.15405],[91.00112,25.15405],[91.00113,25.15396],[91.00103,25.15396],[91.00103,25.15387],[91.00093,25.15387],[91.00093,25.15378],[91.00113,25.15378],[91.00113,25.15351],[91.00103,25.15351],[91.00104,25.15342],[91.00084,25.15341],[91.00083,25.1536],[91.00044,25.15359],[91.00044,25.1535],[91.00054,25.1535],[91.00054,25.15341],[91.00074,25.15341],[91.00074,25.15332],[91.00094,25.15333],[91.00094,25.15324],[91.00084,25.15323],[91.00084,25.15314],[91.00104,25.15315],[91.00104,25.15333],[91.00133,25.15333],[91.00134,25.15324],[91.00114,25.15324],[91.00114,25.15306],[91.00124,25.15306],[91.00124,25.15297],[91.00134,25.15297],[91.00134,25.15288],[91.00144,25.15288],[91.00144,25.1527],[91.00134,25.1527],[91.00135,25.15261],[91.00184,25.15262],[91.00184,25.15253],[91.00194,25.15253],[91.00195,25.15235],[91.00204,25.15235],[91.00204,25.15244],[91.00214,25.15244],[91.00214,25.15253],[91.00234,25.15253],[91.00234,25.15244],[91.00244,25.15244],[91.00244,25.15271],[91.00263,25.15272],[91.00263,25.15281],[91.00283,25.15281],[91.00283,25.1529],[91.00263,25.1529],[91.00263,25.15308],[91.00293,25.15308],[91.00292,25.15317],[91.00283,25.15317],[91.00282,25.15335],[91.00302,25.15335],[91.00302,25.15344],[91.00292,25.15344],[91.00292,25.15353],[91.00282,25.15353],[91.00282,25.15344],[91.00272,25.15344],[91.00272,25.15353],[91.00262,25.15353],[91.00262,25.15362],[91.00272,25.15362],[91.00272,25.15371],[91.00282,25.15371],[91.00281,25.1538],[91.00272,25.1538],[91.00271,25.15389],[91.00261,25.15389],[91.00261,25.15398],[91.00232,25.15398],[91.00232,25.15371],[91.00222,25.1537],[91.00222,25.15361],[91.00232,25.15362],[91.00232,25.15353],[91.00213,25.15352],[91.00213,25.15316],[91.00183,25.15316],[91.00183,25.15325],[91.00144,25.15324],[91.00143,25.15342],[91.00133,25.15342],[91.00133,25.15351],[91.00123,25.15351],[91.00123,25.15369],[91.00133,25.15369],[91.00133,25.15387],[91.00143,25.15387],[91.00143,25.15369],[91.00173,25.1537],[91.00172,25.15379],[91.00153,25.15379],[91.00152,25.15397],[91.00162,25.15397],[91.00162,25.15406],[91.00172,25.15406],[91.00172,25.15397],[91.00202,25.15397],[91.00202,25.15415],[91.00192,25.15415],[91.00191,25.15433],[91.00172,25.15433],[91.00171,25.15442],[91.00161,25.15442]],[[91.00132,25.15414],[91.00142,25.15414],[91.00142,25.15405],[91.00132,25.15405],[91.00132,25.15414]],[[91.00152,25.15415],[91.00162,25.15415],[91.00162,25.15406],[91.00152,25.15406],[91.00152,25.15415]],[[91.00182,25.15415],[91.00192,25.15415],[91.00192,25.15406],[91.00182,25.15406],[91.00182,25.15415]],[[91.00123,25.15396],[91.00132,25.15396],[91.00133,25.15387],[91.00123,25.15387],[91.00123,25.15396]],[[91.00242,25.15353],[91.00252,25.15353],[91.00252,25.15344],[91.00242,25.15344],[91.00242,25.15353]],[[91.00223,25.15325],[91.00243,25.15326],[91.00243,25.15317],[91.00223,25.15316],[91.00223,25.15325]],[[91.00134,25.15315],[91.00183,25.15316],[91.00184,25.15298],[91.00164,25.15297],[91.00164,25.15306],[91.00154,25.15306],[91.00154,25.15297],[91.00144,25.15297],[91.00144,25.15306],[91.00134,25.15306],[91.00134,25.15315]],[[91.00243,25.15317],[91.00253,25.15317],[91.00253,25.15299],[91.00233,25.15298],[91.00233,25.15307],[91.00243,25.15308],[91.00243,25.15317]],[[91.00184,25.15298],[91.00194,25.15298],[91.00194,25.15289],[91.00184,25.15289],[91.00184,25.15298]],[[91.00203,25.15298],[91.00213,25.15298],[91.00214,25.15289],[91.00204,25.15289],[91.00203,25.15298]],[[91.00154,25.15288],[91.00164,25.15288],[91.00164,25.15279],[91.00154,25.15279],[91.00154,25.15288]],[[91.00243,25.15289],[91.00253,25.1529],[91.00253,25.15281],[91.00243,25.1528],[91.00243,25.15289]],[[91.00164,25.15279],[91.00174,25.1528],[91.00174,25.1527],[91.00164,25.1527],[91.00164,25.15279]],[[91.00184,25.15271],[91.00194,25.15271],[91.00194,25.15262],[91.00184,25.15262],[91.00184,25.15271]]]},"properties":{"id":"wetland_patch_4249515436ba","date":"2026-06-30","area_km2":0.0195,"pixel_count":195,"classification":"OPEN_WATER","interpretation_label":"HH darkening candidate","mean_delta_db":-5.066039804311899,"median_delta_db":-4.733407974243164,"hh_before":-14.836330335568158,"hh_after":-19.90237013988006,"hv_before":-23.705586761083357,"hv_after":-23.590804584209735,"delta_hh":-5.066039804311899,"delta_hv":0.1147821768736228,"valid_fraction":1.0,"valid_fraction_scope":"region bounding box, all four channels","vegetated_fraction":0.0,"quality_status":"PASS","spatial_status":"PARTIAL","temporal_status":"PARTIAL","temporal_overlap_fraction":null,"threshold_stability":"SENSITIVE","threshold_variation_fraction":0.2391304347826087,"evidence_state":"UNCERTAIN","centroid":[25.153352932602075,91.00188744916112],"data_source":"NISAR","evidence_method":"Rule consistency only; no accuracy estimate or independent reference validation.","baseline_method":"SINGLE_PRECEDING_OBSERVATION","baseline_observation_count":1,"baseline_observation_dates":["2026-06-18"],"baseline_hh_temporal_mad_db":null,"baseline_scene_names":["NISAR_L2_PR_GCOV_023_069_A_014_4005_DHDH_A_20260618T232135_20260618T232210_P05023_N_F_J_001"],"contextual_land_cover":null,"distance_to_water_m":null,"context_status":"NOT_AVAILABLE","reference_validated":false}},{"type":"Feature","geometry":{"type":"Polygon","coordinates":[[[91.11112,25.15405],[91.11112,25.15387],[91.11122,25.15387],[91.11123,25.15369],[91.11113,25.15369],[91.11113,25.15351],[91.11143,25.15351],[91.11143,25.15333],[91.11153,25.15333],[91.11153,25.15324],[91.11173,25.15325],[91.11173,25.15316],[91.11163,25.15315],[91.11163,25.15306],[91.11173,25.15307],[91.11173,25.15298],[91.11163,25.15297],[91.11164,25.15288],[91.11193,25.15289],[91.11194,25.15271],[91.11204,25.15271],[91.11203,25.15289],[91.11213,25.15289],[91.11213,25.15298],[91.11203,25.15298],[91.11203,25.15316],[91.11223,25.15316],[91.11223,25.15325],[91.11203,25.15325],[91.11202,25.15343],[91.11192,25.15343],[91.11192,25.15352],[91.11182,25.15352],[91.11182,25.15361],[91.11192,25.15361],[91.11192,25.1537],[91.11152,25.15369],[91.11152,25.15397],[91.11142,25.15396],[91.11142,25.15387],[91.11132,25.15387],[91.11132,25.15396],[91.11122,25.15396],[91.11122,25.15405],[91.11112,25.15405]],[[91.11143,25.1536],[91.11153,25.1536],[91.11153,25.15351],[91.11143,25.15351],[91.11143,25.1536]],[[91.11162,25.15361],[91.11172,25.15361],[91.11173,25.15352],[91.11163,25.15352],[91.11162,25.15361]],[[91.11153,25.15342],[91.11163,25.15343],[91.11163,25.15333],[91.11153,25.15333],[91.11153,25.15342]],[[91.11173,25.15343],[91.11183,25.15343],[91.11183,25.15334],[91.11173,25.15334],[91.11173,25.15343]]]},"properties":{"id":"wetland_patch_88072de930e6","date":"2026-06-30","area_km2":0.0056,"pixel_count":56,"classification":"OPEN_WATER","interpretation_label":"HH darkening candidate","mean_delta_db":-4.999895657811846,"median_delta_db":-4.732258319854736,"hh_before":-15.926668405532837,"hh_after":-20.92656406334468,"hv_before":-24.577270405633108,"hv_after":-24.01241329738072,"delta_hh":-4.999895657811846,"delta_hv":0.5648571082523891,"valid_fraction":1.0,"valid_fraction_scope":"region bounding box, all four channels","vegetated_fraction":0.0,"quality_status":"PASS","spatial_status":"PARTIAL","temporal_status":"PARTIAL","temporal_overlap_fraction":null,"threshold_stability":"SENSITIVE","threshold_variation_fraction":0.32098765432098764,"evidence_state":"UNCERTAIN","centroid":[25.1534030220833,91.11166477191337],"data_source":"NISAR","evidence_method":"Rule consistency only; no accuracy estimate or independent reference validation.","baseline_method":"SINGLE_PRECEDING_OBSERVATION","baseline_observation_count":1,"baseline_observation_dates":["2026-06-18"],"baseline_hh_temporal_mad_db":null,"baseline_scene_names":["NISAR_L2_PR_GCOV_023_069_A_014_4005_DHDH_A_20260618T232135_20260618T232210_P05023_N_F_J_001"],"contextual_land_cover":null,"distance_to_water_m":null,"context_status":"NOT_AVAILABLE","reference_validated":false}},{"type":"Feature","geometry":{"type":"Polygon","coordinates":[[[91.01265,25.15258],[91.01266,25.15249],[91.01256,25.15249],[91.01256,25.15231],[91.01286,25.15231],[91.01286,25.15213],[91.01266,25.15213],[91.01266,25.15222],[91.01256,25.15222],[91.01256,25.15204],[91.01276,25.15204],[91.01276,25.15195],[91.01266,25.15195],[91.01267,25.15177],[91.01277,25.15177],[91.01276,25.15186],[91.01286,25.15186],[91.01287,25.15168],[91.01306,25.15168],[91.01307,25.15159],[91.01287,25.15159],[91.01287,25.1515],[91.01297,25.1515],[91.01297,25.15141],[91.01307,25.15141],[91.01307,25.1515],[91.01337,25.15151],[91.01337,25.15142],[91.01347,25.15142],[91.01347,25.15133],[91.01357,25.15133],[91.01357,25.15124],[91.01337,25.15124],[91.01337,25.15106],[91.01347,25.15106],[91.01347,25.15097],[91.01357,25.15097],[91.01357,25.15088],[91.01367,25.15088],[91.01367,25.15079],[91.01417,25.1508],[91.01417,25.15071],[91.01427,25.15071],[91.01427,25.15098],[91.01407,25.15098],[91.01407,25.15107],[91.01417,25.15107],[91.01416,25.15116],[91.01407,25.15116],[91.01406,25.15125],[91.01396,25.15124],[91.01396,25.15142],[91.01386,25.15142],[91.01386,25.15133],[91.01376,25.15133],[91.01376,25.15151],[91.01406,25.15152],[91.01406,25.15161],[91.01426,25.15161],[91.01425,25.1517],[91.01406,25.1517],[91.01406,25.15179],[91.01396,25.15179],[91.01395,25.15197],[91.01385,25.15197],[91.01385,25.15215],[91.01365,25.15214],[91.01365,25.15232],[91.01355,25.15232],[91.01355,25.15223],[91.01345,25.15223],[91.01345,25.15232],[91.01335,25.15232],[91.01335,25.15241],[91.01325,25.15241],[91.01325,25.15232],[91.01296,25.15231],[91.01295,25.1524],[91.01276,25.1524],[91.01275,25.15258],[91.01265,25.15258]],[[91.01296,25.15222],[91.01325,25.15223],[91.01326,25.15214],[91.01336,25.15214],[91.01335,25.15223],[91.01345,25.15223],[91.01345,25.15214],[91.01355,25.15214],[91.01355,25.15205],[91.01306,25.15204],[91.01306,25.15214],[91.01296,25.15213],[91.01296,25.15222]],[[91.01286,25.15204],[91.01296,25.15204],[91.01296,25.15195],[91.01286,25.15195],[91.01286,25.15204]],[[91.01365,25.15205],[91.01375,25.15205],[91.01375,25.15196],[91.01366,25.15196],[91.01365,25.15205]],[[91.01296,25.15195],[91.01316,25.15196],[91.01316,25.15187],[91.01296,25.15186],[91.01296,25.15195]],[[91.01336,25.15196],[91.01366,25.15196],[91.01366,25.15187],[91.01356,25.15187],[91.01356,25.15178],[91.01336,25.15178],[91.01336,25.15196]],[[91.01326,25.15169],[91.01336,25.15169],[91.01336,25.1516],[91.01326,25.1516],[91.01326,25.15169]],[[91.01346,25.15169],[91.01386,25.15169],[91.01386,25.1516],[91.01366,25.1516],[91.01366,25.15151],[91.01356,25.15151],[91.01356,25.1516],[91.01346,25.1516],[91.01346,25.15169]],[[91.01387,25.15106],[91.01397,25.15106],[91.01397,25.15097],[91.01387,25.15097],[91.01387,25.15106]]]},"properties":{"id":"wetland_patch_bd7a64c86fb5","date":"2026-06-30","area_km2":0.0132,"pixel_count":132,"classification":"OPEN_WATER","interpretation_label":"HH darkening candidate","mean_delta_db":-5.02552504972978,"median_delta_db":-4.775534152984619,"hh_before":-15.02033571763472,"hh_after":-20.045860767364502,"hv_before":-23.701838811238606,"hv_after":-24.47779756603819,"delta_hh":-5.02552504972978,"delta_hv":-0.7759587547995828,"valid_fraction":1.0,"valid_fraction_scope":"region bounding box, all four channels","vegetated_fraction":0.0,"quality_status":"PASS","spatial_status":"PARTIAL","temporal_status":"PARTIAL","temporal_overlap_fraction":null,"threshold_stability":"SENSITIVE","threshold_variation_fraction":0.2727272727272727,"evidence_state":"UNCERTAIN","centroid":[25.151638625788966,91.0134722231481],"data_source":"NISAR","evidence_method":"Rule consistency only; no accuracy estimate or independent reference validation.","baseline_method":"SINGLE_PRECEDING_OBSERVATION","baseline_observation_count":1,"baseline_observation_dates":["2026-06-18"],"baseline_hh_temporal_mad_db":null,"baseline_scene_names":["NISAR_L2_PR_GCOV_023_069_A_014_4005_DHDH_A_20260618T232135_20260618T232210_P05023_N_F_J_001"],"contextual_land_cover":null,"distance_to_water_m":null,"context_status":"NOT_AVAILABLE","reference_validated":false}},{"type":"Feature","geometry":{"type":"Polygon","coordinates":[[[91.01474,25.15243],[91.01474,25.15234],[91.01464,25.15234],[91.01464,25.15225],[91.01474,25.15225],[91.01474,25.15207],[91.01484,25.15207],[91.01485,25.15198],[91.01504,25.15198],[91.01505,25.15189],[91.01524,25.15189],[91.01525,25.1518],[91.01554,25.15181],[91.01554,25.1519],[91.01564,25.1519],[91.01564,25.15163],[91.01535,25.15162],[91.01535,25.15171],[91.01515,25.15171],[91.01515,25.1518],[91.01485,25.1518],[91.01485,25.15162],[91.01475,25.15162],[91.01475,25.15171],[91.01465,25.15171],[91.01466,25.15143],[91.01456,25.15143],[91.01456,25.15152],[91.01446,25.15152],[91.01446,25.15134],[91.01436,25.15134],[91.01436,25.15125],[91.01426,25.15125],[91.01426,25.15134],[91.01416,25.15134],[91.01416,25.15116],[91.01456,25.15116],[91.01456,25.15098],[91.01466,25.15098],[91.01466,25.15089],[91.01437,25.15089],[91.01437,25.15071],[91.01427,25.15071],[91.01427,25.15062],[91.01417,25.15062],[91.01417,25.15053],[91.01398,25.15052],[91.01398,25.15043],[91.01408,25.15043],[91.01408,25.15025],[91.01418,25.15025],[91.01418,25.15016],[91.01428,25.15017],[91.01428,25.14998],[91.01438,25.14999],[91.01438,25.1499],[91.01448,25.1499],[91.01448,25.14981],[91.01458,25.14981],[91.01458,25.14972],[91.01449,25.14972],[91.01449,25.14963],[91.01459,25.14963],[91.01459,25.14954],[91.01469,25.14954],[91.01469,25.14963],[91.01478,25.14963],[91.01479,25.14945],[91.01489,25.14945],[91.01488,25.14972],[91.01498,25.14972],[91.01498,25.14981],[91.01478,25.14981],[91.01478,25.14999],[91.01488,25.14999],[91.01488,25.1499],[91.01498,25.1499],[91.01498,25.14999],[91.01508,25.15],[91.01508,25.14991],[91.01528,25.14991],[91.01528,25.14982],[91.01538,25.14982],[91.01538,25.14973],[91.01548,25.14973],[91.01548,25.14964],[91.01538,25.14964],[91.01538,25.14955],[91.01568,25.14955],[91.01568,25.14973],[91.01587,25.14974],[91.01587,25.14992],[91.01597,25.14992],[91.01597,25.1501],[91.01577,25.1501],[91.01577,25.14991],[91.01557,25.14991],[91.01557,25.15009],[91.01567,25.15009],[91.01567,25.15036],[91.01557,25.15036],[91.01556,25.15054],[91.01566,25.15055],[91.01566,25.15064],[91.01576,25.15064],[91.01576,25.15046],[91.01586,25.15046],[91.01586,25.15037],[91.01576,25.15037],[91.01577,25.15028],[91.01596,25.15028],[91.01596,25.15046],[91.01606,25.15046],[91.01606,25.15055],[91.01586,25.15055],[91.01586,25.15073],[91.01596,25.15073],[91.01595,25.15091],[91.01605,25.15091],[91.01605,25.15118],[91.01595,25.15118],[91.01595,25.15127],[91.01605,25.15127],[91.01605,25.15136],[91.01595,25.15136],[91.01595,25.15145],[91.01575,25.15145],[91.01574,25.15163],[91.01604,25.15163],[91.01604,25.15181],[91.01614,25.15182],[91.01614,25.15191],[91.01604,25.1519],[91.01603,25.15217],[91.01623,25.15218],[91.01623,25.15227],[91.01593,25.15226],[91.01593,25.15208],[91.01564,25.15208],[91.01564,25.15217],[91.01554,25.15217],[91.01554,25.15199],[91.01544,25.15199],[91.01544,25.15226],[91.01554,25.15226],[91.01553,25.15235],[91.01484,25.15234],[91.01484,25.15243],[91.01474,25.15243]],[[91.01494,25.15225],[91.01534,25.15226],[91.01534,25.15217],[91.01514,25.15216],[91.01514,25.15207],[91.01494,25.15207],[91.01494,25.15225]],[[91.01524,25.15198],[91.01534,25.15199],[91.01534,25.15189],[91.01524,25.15189],[91.01524,25.15198]],[[91.01564,25.15199],[91.01574,25.15199],[91.01574,25.1519],[91.01564,25.1519],[91.01564,25.15199]],[[91.01485,25.15162],[91.01495,25.15162],[91.01495,25.15153],[91.01485,25.15153],[91.01485,25.15162]],[[91.01495,25.15153],[91.01515,25.15153],[91.01515,25.15126],[91.01506,25.15126],[91.01505,25.15135],[91.01495,25.15135],[91.01495,25.15153]],[[91.01476,25.15144],[91.01485,25.15144],[91.01486,25.15135],[91.01476,25.15135],[91.01476,25.15144]],[[91.01535,25.15144],[91.01545,25.15144],[91.01545,25.15135],[91.01535,25.15135],[91.01535,25.15144]],[[91.01555,25.15145],[91.01565,25.15145],[91.01565,25.15118],[91.01555,25.15118],[91.01555,25.15109],[91.01546,25.15108],[91.01546,25.15099],[91.01526,25.15099],[91.01526,25.15108],[91.01536,25.15108],[91.01535,25.15126],[91.01555,25.15127],[91.01555,25.15145]],[[91.01456,25.15134],[91.01466,25.15134],[91.01466,25.15116],[91.01456,25.15116],[91.01456,25.15134]],[[91.01525,25.15135],[91.01535,25.15135],[91.01535,25.15126],[91.01525,25.15126],[91.01525,25.15135]],[[91.01516,25.15117],[91.01526,25.15117],[91.01526,25.15108],[91.01516,25.15108],[91.01516,25.15117]],[[91.01476,25.15098],[91.01526,25.15099],[91.01526,25.15081],[91.01516,25.15081],[91.01516,25.15072],[91.01506,25.15072],[91.01507,25.15063],[91.01497,25.15063],[91.01496,25.1509],[91.01486,25.1509],[91.01487,25.15062],[91.01477,25.15062],[91.01476,25.15098]],[[91.01556,25.1509],[91.01585,25.15091],[91.01586,25.15082],[91.01556,25.15081],[91.01556,25.1509]],[[91.01457,25.1508],[91.01467,25.1508],[91.01467,25.15071],[91.01457,25.15071],[91.01457,25.1508]],[[91.01467,25.15062],[91.01477,25.15062],[91.01477,25.15044],[91.01487,25.15044],[91.01487,25.15035],[91.01467,25.15035],[91.01467,25.15026],[91.01458,25.15026],[91.01457,25.15044],[91.01467,25.15044],[91.01467,25.15062]],[[91.01546,25.15063],[91.01556,25.15063],[91.01556,25.15054],[91.01546,25.15054],[91.01546,25.15063]],[[91.01427,25.15053],[91.01447,25.15053],[91.01447,25.15044],[91.01437,25.15044],[91.01438,25.15035],[91.01418,25.15034],[91.01418,25.15043],[91.01428,25.15044],[91.01427,25.15053]],[[91.01487,25.15053],[91.01497,25.15054],[91.01497,25.15045],[91.01487,25.15044],[91.01487,25.15053]],[[91.01517,25.15054],[91.01527,25.15054],[91.01527,25.15045],[91.01537,25.15045],[91.01537,25.15036],[91.01507,25.15036],[91.01507,25.15018],[91.01497,25.15017],[91.01498,25.15008],[91.01488,25.15008],[91.01487,25.15017],[91.01478,25.15017],[91.01477,25.15026],[91.01497,25.15026],[91.01497,25.15045],[91.01517,25.15045],[91.01517,25.15054]],[[91.01438,25.15035],[91.01448,25.15035],[91.01448,25.15017],[91.01428,25.15017],[91.01428,25.15026],[91.01438,25.15026],[91.01438,25.15035]],[[91.01547,25.15036],[91.01557,25.15036],[91.01557,25.15027],[91.01547,25.15027],[91.01547,25.15036]],[[91.01527,25.15027],[91.01537,25.15027],[91.01537,25.15009],[91.01547,25.15009],[91.01548,25.14982],[91.01538,25.14982],[91.01537,25.15],[91.01527,25.15],[91.01527,25.15027]],[[91.01458,25.15017],[91.01468,25.15017],[91.01468,25.14999],[91.01458,25.14999],[91.01458,25.1499],[91.01448,25.1499],[91.01448,25.15008],[91.01458,25.15008],[91.01458,25.15017]],[[91.01468,25.14981],[91.01478,25.14981],[91.01478,25.14972],[91.01468,25.14972],[91.01468,25.14981]],[[91.01557,25.14982],[91.01567,25.14982],[91.01568,25.14973],[91.01558,25.14973],[91.01557,25.14982]]]},"properties":{"id":"wetland_patch_ce73a091e4ae","date":"2026-06-30","area_km2":0.0311,"pixel_count":311,"classification":"OPEN_WATER","interpretation_label":"HH darkening candidate","mean_delta_db":-4.958719557121253,"median_delta_db":-4.535490036010742,"hh_before":-14.88115615783397,"hh_after":-19.839875714955223,"hv_before":-23.748227962726947,"hv_after":-24.066104649730818,"delta_hh":-4.958719557121253,"delta_hv":-0.31787668700386856,"valid_fraction":1.0,"valid_fraction_scope":"region bounding box, all four channels","vegetated_fraction":0.0,"quality_status":"PASS","spatial_status":"PARTIAL","temporal_status":"PARTIAL","temporal_overlap_fraction":null,"threshold_stability":"SENSITIVE","threshold_variation_fraction":0.26635514018691586,"evidence_state":"UNCERTAIN","centroid":[25.15094205012838,91.01519060506637],"data_source":"NISAR","evidence_method":"Rule consistency only; no accuracy estimate or independent reference validation.","baseline_method":"SINGLE_PRECEDING_OBSERVATION","baseline_observation_count":1,"baseline_observation_dates":["2026-06-18"],"baseline_hh_temporal_mad_db":null,"baseline_scene_names":["NISAR_L2_PR_GCOV_023_069_A_014_4005_DHDH_A_20260618T232135_20260618T232210_P05023_N_F_J_001"],"contextual_land_cover":null,"distance_to_water_m":null,"context_status":"NOT_AVAILABLE","reference_validated":false}},{"type":"Feature","geometry":{"type":"Polygon","coordinates":[[[91.11529,25.15365],[91.1153,25.15356],[91.1152,25.15356],[91.1152,25.15347],[91.1151,25.15347],[91.1151,25.15356],[91.115,25.15356],[91.115,25.15338],[91.1151,25.15338],[91.1151,25.15329],[91.1152,25.15329],[91.1152,25.15338],[91.1153,25.15338],[91.1153,25.1532],[91.1152,25.1532],[91.1152,25.15311],[91.1151,25.15311],[91.11511,25.15302],[91.11501,25.15302],[91.115,25.15329],[91.1149,25.15329],[91.1149,25.15347],[91.1147,25.15346],[91.1147,25.15328],[91.1148,25.15329],[91.11481,25.1531],[91.11471,25.1531],[91.11471,25.15283],[91.11481,25.15283],[91.11481,25.15274],[91.11491,25.15274],[91.11492,25.15229],[91.11502,25.15229],[91.11502,25.15211],[91.11532,25.15212],[91.11532,25.15221],[91.11522,25.15221],[91.11522,25.1523],[91.11512,25.1523],[91.11511,25.15239],[91.11521,25.15239],[91.11521,25.15248],[91.11511,25.15248],[91.11511,25.15275],[91.11521,25.15275],[91.11521,25.15284],[91.11531,25.15284],[91.1153,25.15293],[91.1155,25.15293],[91.1155,25.15302],[91.1154,25.15302],[91.11539,25.15365],[91.11529,25.15365]],[[91.11511,25.15293],[91.11521,25.15293],[91.11521,25.15284],[91.11511,25.15284],[91.11511,25.15293]]]},"properties":{"id":"wetland_patch_ae3d3d0f9d88","date":"2026-06-30","area_km2":0.006,"pixel_count":60,"classification":"OPEN_WATER","interpretation_label":"HH darkening candidate","mean_delta_db":-6.622020669281483,"median_delta_db":-5.8003692626953125,"hh_before":-10.145748492578665,"hh_after":-16.767769161860148,"hv_before":-20.905043745040892,"hv_after":-24.4506547609965,"delta_hh":-6.622020669281483,"delta_hv":-3.545611015955607,"valid_fraction":1.0,"valid_fraction_scope":"region bounding box, all four channels","vegetated_fraction":0.0,"quality_status":"PASS","spatial_status":"PARTIAL","temporal_status":"PARTIAL","temporal_overlap_fraction":null,"threshold_stability":"STABLE","threshold_variation_fraction":0.1917808219178082,"evidence_state":"MODERATE","centroid":[25.15294537303872,91.11506980326574],"data_source":"NISAR","evidence_method":"Rule consistency only; no accuracy estimate or independent reference validation.","baseline_method":"SINGLE_PRECEDING_OBSERVATION","baseline_observation_count":1,"baseline_observation_dates":["2026-06-18"],"baseline_hh_temporal_mad_db":null,"baseline_scene_names":["NISAR_L2_PR_GCOV_023_069_A_014_4005_DHDH_A_20260618T232135_20260618T232210_P05023_N_F_J_001"],"contextual_land_cover":null,"distance_to_water_m":null,"context_status":"NOT_AVAILABLE","reference_validated":false}},{"type":"Feature","geometry":{"type":"Polygon","coordinates":[[[90.97379,25.1516],[90.97379,25.15151],[90.97389,25.15151],[90.97389,25.15142],[90.97369,25.15142],[90.9737,25.15124],[90.9736,25.15124],[90.9736,25.15133],[90.9735,25.15133],[90.9735,25.15106],[90.9736,25.15106],[90.9736,25.15097],[90.9734,25.15097],[90.97341,25.15088],[90.97331,25.15087],[90.97331,25.15078],[90.97311,25.15078],[90.97311,25.15087],[90.97321,25.15087],[90.97321,25.15096],[90.97331,25.15096],[90.9733,25.15105],[90.97281,25.15105],[90.97281,25.15096],[90.97291,25.15096],[90.97291,25.15087],[90.97271,25.15087],[90.97271,25.15096],[90.97241,25.15095],[90.97242,25.15077],[90.97232,25.15077],[90.97232,25.15068],[90.97262,25.15068],[90.97262,25.15059],[90.97252,25.15059],[90.97252,25.1505],[90.97262,25.1505],[90.97262,25.15041],[90.97292,25.15042],[90.97292,25.15006],[90.97282,25.15005],[90.97282,25.15015],[90.97272,25.15014],[90.97273,25.14996],[90.97283,25.14996],[90.97283,25.14978],[90.97263,25.14978],[90.97263,25.1496],[90.97253,25.1496],[90.97254,25.14933],[90.97264,25.14933],[90.97264,25.14924],[90.97274,25.14924],[90.97274,25.14915],[90.97294,25.14915],[90.97294,25.14924],[90.97304,25.14925],[90.97303,25.14934],[90.97294,25.14933],[90.97293,25.14942],[90.97283,25.14942],[90.97283,25.14951],[90.97303,25.14952],[90.97303,25.14961],[90.97323,25.14961],[90.97323,25.1497],[90.97343,25.1497],[90.97342,25.14979],[90.97332,25.14979],[90.97332,25.15006],[90.97352,25.15006],[90.97352,25.15015],[90.97342,25.15015],[90.97342,25.15024],[90.97381,25.15025],[90.97381,25.15034],[90.97401,25.15034],[90.97401,25.15025],[90.97421,25.15025],[90.97421,25.15034],[90.97431,25.15035],[90.97431,25.15044],[90.9744,25.15044],[90.9744,25.15053],[90.9745,25.15053],[90.9745,25.15071],[90.9747,25.15071],[90.97469,25.15107],[90.97459,25.15107],[90.97459,25.15116],[90.97479,25.15117],[90.97479,25.15135],[90.97469,25.15134],[90.97469,25.15125],[90.97459,25.15125],[90.97459,25.15134],[90.97439,25.15134],[90.97439,25.15143],[90.97429,25.15143],[90.97429,25.15134],[90.97419,25.15134],[90.97419,25.15161],[90.97379,25.1516]],[[90.97439,25.15125],[90.97449,25.15125],[90.97449,25.15116],[90.97439,25.15116],[90.97439,25.15125]],[[90.9741,25.15116],[90.97419,25.15116],[90.9742,25.15098],[90.9741,25.15098],[90.9741,25.15116]],[[90.97449,25.15098],[90.97459,25.15098],[90.9746,25.1508],[90.9745,25.1508],[90.97449,25.15098]],[[90.97261,25.15086],[90.97271,25.15087],[90.97271,25.15078],[90.97261,25.15077],[90.97261,25.15086]],[[90.97291,25.15087],[90.97301,25.15087],[90.97301,25.15078],[90.97291,25.15078],[90.97291,25.15087]],[[90.974,25.15079],[90.9742,25.1508],[90.9742,25.15071],[90.974,25.1507],[90.974,25.15079]],[[90.97271,25.15069],[90.97281,25.15069],[90.97282,25.1506],[90.97272,25.1506],[90.97271,25.15069]],[[90.97301,25.15069],[90.97321,25.15069],[90.97321,25.1506],[90.97301,25.1506],[90.97301,25.15069]],[[90.97282,25.1506],[90.97301,25.1506],[90.97302,25.15051],[90.97282,25.15051],[90.97282,25.1506]],[[90.97341,25.1506],[90.97351,25.15061],[90.97351,25.15052],[90.97341,25.15051],[90.97341,25.1506]],[[90.97391,25.15061],[90.97401,25.15061],[90.97401,25.15052],[90.97391,25.15052],[90.97391,25.15061]],[[90.9742,25.15062],[90.9744,25.15062],[90.9744,25.15053],[90.9742,25.15053],[90.9742,25.15062]],[[90.97351,25.15052],[90.97361,25.15052],[90.97361,25.15043],[90.97351,25.15043],[90.97351,25.15052]],[[90.97411,25.15043],[90.97421,25.15043],[90.97421,25.15034],[90.97411,25.15034],[90.97411,25.15043]],[[90.97322,25.15033],[90.97332,25.15033],[90.97332,25.15024],[90.97322,25.15024],[90.97322,25.15033]],[[90.97292,25.14997],[90.97312,25.14997],[90.97312,25.14988],[90.97293,25.14988],[90.97292,25.14997]]]},"properties":{"id":"wetland_patch_ed2a62a3564d","date":"2026-06-30","area_km2":0.0247,"pixel_count":247,"classification":"OPEN_WATER","interpretation_label":"HH darkening candidate","mean_delta_db":-6.23391224208631,"median_delta_db":-5.858950614929199,"hh_before":-12.393580836323109,"hh_after":-18.62749307840942,"hv_before":-19.758872259966274,"hv_after":-22.972125462674903,"delta_hh":-6.23391224208631,"delta_hv":-3.2132532027086267,"valid_fraction":1.0,"valid_fraction_scope":"region bounding box, all four channels","vegetated_fraction":0.0,"quality_status":"PASS","spatial_status":"PARTIAL","temporal_status":"PARTIAL","temporal_overlap_fraction":null,"threshold_stability":"STABLE","threshold_variation_fraction":0.17522658610271905,"evidence_state":"MODERATE","centroid":[25.15057388470604,90.97352697910736],"data_source":"NISAR","evidence_method":"Rule consistency only; no accuracy estimate or independent reference validation.","baseline_method":"SINGLE_PRECEDING_OBSERVATION","baseline_observation_count":1,"baseline_observation_dates":["2026-06-18"],"baseline_hh_temporal_mad_db":null,"baseline_scene_names":["NISAR_L2_PR_GCOV_023_069_A_014_4005_DHDH_A_20260618T232135_20260618T232210_P05023_N_F_J_001"],"contextual_land_cover":null,"distance_to_water_m":null,"context_status":"NOT_AVAILABLE","reference_validated":false}},{"type":"Feature","geometry":{"type":"Polygon","coordinates":[[[91.01258,25.15105],[91.01259,25.15068],[91.01298,25.15069],[91.01298,25.1506],[91.01308,25.1506],[91.01308,25.15051],[91.01328,25.15051],[91.01328,25.15042],[91.01348,25.15043],[91.01348,25.15052],[91.01338,25.15051],[91.01338,25.1506],[91.01358,25.15061],[91.01358,25.15043],[91.01378,25.15043],[91.01378,25.15034],[91.01368,25.15034],[91.01368,25.15016],[91.01349,25.15015],[91.01349,25.15025],[91.01358,25.15025],[91.01358,25.15034],[91.01329,25.15033],[91.01329,25.15024],[91.01339,25.15024],[91.01339,25.15006],[91.01349,25.15006],[91.01349,25.14997],[91.01359,25.14998],[91.01359,25.15007],[91.01408,25.15007],[91.01408,25.14998],[91.01418,25.14998],[91.01418,25.15016],[91.01408,25.15016],[91.01408,25.15025],[91.01388,25.15025],[91.01388,25.15052],[91.01398,25.15052],[91.01397,25.15061],[91.01368,25.15061],[91.01367,25.15079],[91.01358,25.15079],[91.01358,25.1507],[91.01348,25.1507],[91.01348,25.15079],[91.01338,25.15079],[91.01338,25.15069],[91.01308,25.15069],[91.01308,25.15078],[91.01298,25.15078],[91.01298,25.15087],[91.01278,25.15087],[91.01278,25.15078],[91.01268,25.15078],[91.01268,25.15105],[91.01258,25.15105]]]},"properties":{"id":"wetland_patch_8df6c4b8fa87","date":"2026-06-30","area_km2":0.0052,"pixel_count":52,"classification":"OPEN_WATER","interpretation_label":"HH darkening candidate","mean_delta_db":-4.961827681614802,"median_delta_db":-4.679173946380615,"hh_before":-15.356082549461952,"hh_after":-20.317910231076755,"hv_before":-23.20888090133667,"hv_after":-24.19151071401743,"delta_hh":-4.961827681614802,"delta_hv":-0.982629812680758,"valid_fraction":1.0,"valid_fraction_scope":"region bounding box, all four channels","vegetated_fraction":0.0,"quality_status":"PASS","spatial_status":"PARTIAL","temporal_status":"PARTIAL","temporal_overlap_fraction":null,"threshold_stability":"STABLE","threshold_variation_fraction":0.2,"evidence_state":"MODERATE","centroid":[25.150465063616487,91.01345285316283],"data_source":"NISAR","evidence_method":"Rule consistency only; no accuracy estimate or independent reference validation.","baseline_method":"SINGLE_PRECEDING_OBSERVATION","baseline_observation_count":1,"baseline_observation_dates":["2026-06-18"],"baseline_hh_temporal_mad_db":null,"baseline_scene_names":["NISAR_L2_PR_GCOV_023_069_A_014_4005_DHDH_A_20260618T232135_20260618T232210_P05023_N_F_J_001"],"contextual_land_cover":null,"distance_to_water_m":null,"context_status":"NOT_AVAILABLE","reference_validated":false}},{"type":"Feature","geometry":{"type":"Polygon","coordinates":[[[90.96776,25.15035],[90.96776,25.15026],[90.96766,25.15026],[90.96767,25.14998],[90.96757,25.14998],[90.96757,25.15007],[90.96737,25.15007],[90.96737,25.14998],[90.96707,25.14998],[90.96708,25.1498],[90.96718,25.1498],[90.96718,25.14971],[90.96738,25.14971],[90.96738,25.14962],[90.96728,25.14962],[90.96728,25.14944],[90.96748,25.14944],[90.96748,25.14926],[90.96709,25.14925],[90.96708,25.14934],[90.96669,25.14934],[90.96669,25.14943],[90.96659,25.14943],[90.96658,25.14952],[90.96649,25.14952],[90.96648,25.1497],[90.96668,25.1497],[90.96668,25.14961],[90.96678,25.14961],[90.96678,25.14979],[90.96698,25.14979],[90.96697,25.14997],[90.96687,25.14997],[90.96688,25.14988],[90.96678,25.14988],[90.96678,25.14997],[90.96658,25.14997],[90.96657,25.15015],[90.96648,25.15015],[90.96647,25.15024],[90.96628,25.15024],[90.96628,25.15006],[90.96608,25.15005],[90.96608,25.15023],[90.96598,25.15023],[90.96598,25.15014],[90.96588,25.15014],[90.96588,25.15005],[90.96598,25.15005],[90.96598,25.14996],[90.96588,25.14996],[90.96589,25.14978],[90.96569,25.14978],[90.96569,25.14987],[90.96559,25.14987],[90.96559,25.14996],[90.96549,25.14995],[90.96549,25.14986],[90.96529,25.14986],[90.96529,25.14977],[90.96519,25.14977],[90.96519,25.14968],[90.96509,25.14968],[90.9651,25.14959],[90.965,25.14959],[90.965,25.1495],[90.9649,25.14949],[90.9649,25.1494],[90.9648,25.1494],[90.9648,25.14931],[90.9647,25.14931],[90.96471,25.14913],[90.96441,25.14913],[90.96441,25.14895],[90.96421,25.14894],[90.96422,25.14885],[90.96412,25.14885],[90.96412,25.14876],[90.96402,25.14876],[90.96402,25.14867],[90.96392,25.14867],[90.96392,25.14858],[90.96382,25.14858],[90.96382,25.14849],[90.96373,25.14849],[90.96373,25.14822],[90.96363,25.14821],[90.96363,25.14812],[90.96353,25.14812],[90.96354,25.14794],[90.96344,25.14794],[90.96344,25.14776],[90.96334,25.14776],[90.96334,25.14758],[90.96324,25.14758],[90.96325,25.1474],[90.96315,25.14739],[90.96315,25.1473],[90.96325,25.14731],[90.96325,25.14722],[90.96305,25.14721],[90.96306,25.14703],[90.96296,25.14703],[90.96296,25.14685],[90.96286,25.14685],[90.96286,25.14667],[90.96306,25.14667],[90.96306,25.14676],[90.96316,25.14676],[90.96316,25.14667],[90.96336,25.14668],[90.96336,25.14677],[90.96356,25.14677],[90.96355,25.14686],[90.96375,25.14686],[90.96375,25.14695],[90.96385,25.14695],[90.96385,25.14704],[90.96375,25.14704],[90.96375,25.14713],[90.96365,25.14713],[90.96365,25.14731],[90.96375,25.14731],[90.96374,25.1474],[90.96355,25.1474],[90.96354,25.14758],[90.96374,25.14758],[90.96374,25.14767],[90.96384,25.14767],[90.96384,25.14777],[90.96394,25.14777],[90.96393,25.14786],[90.96403,25.14786],[90.96404,25.14759],[90.96394,25.14759],[90.96394,25.1475],[90.96404,25.1475],[90.96404,25.14741],[90.96414,25.14741],[90.96414,25.14723],[90.96424,25.14723],[90.96424,25.1475],[90.96454,25.1475],[90.96453,25.14768],[90.96443,25.14768],[90.96443,25.14777],[90.96423,25.14777],[90.96423,25.14795],[90.96433,25.14795],[90.96433,25.14786],[90.96463,25.14787],[90.96463,25.14778],[90.96473,25.14778],[90.96473,25.14769],[90.96483,25.14769],[90.96483,25.14787],[90.96503,25.14787],[90.96502,25.14814],[90.96492,25.14814],[90.96492,25.14823],[90.96532,25.14824],[90.96532,25.14815],[90.96522,25.14815],[90.96522,25.14805],[90.96532,25.14806],[90.96532,25.14797],[90.96562,25.14797],[90.96562,25.14806],[90.96542,25.14806],[90.96542,25.14815],[90.96562,25.14815],[90.96561,25.14824],[90.96542,25.14824],[90.96541,25.14842],[90.96531,25.14842],[90.96531,25.14869],[90.96541,25.14869],[90.96541,25.14851],[90.96551,25.14851],[90.96551,25.14869],[90.96561,25.14869],[90.96561,25.1486],[90.96571,25.1486],[90.96571,25.14869],[90.96581,25.14869],[90.96581,25.1486],[90.96591,25.14861],[90.9659,25.1487],[90.966,25.1487],[90.966,25.14861],[90.9661,25.14861],[90.9661,25.1487],[90.9662,25.1487],[90.96621,25.14843],[90.96631,25.14843],[90.96631,25.14834],[90.96641,25.14834],[90.9664,25.14843],[90.9665,25.14843],[90.9665,25.14852],[90.9664,25.14852],[90.9664,25.1487],[90.9665,25.1487],[90.9665,25.14861],[90.9669,25.14862],[90.9669,25.14853],[90.967,25.14853],[90.967,25.14835],[90.9671,25.14835],[90.9671,25.14853],[90.9672,25.14853],[90.9672,25.14844],[90.9674,25.14845],[90.9674,25.14836],[90.9673,25.14835],[90.9673,25.14817],[90.9674,25.14818],[90.9674,25.14827],[90.9675,25.14827],[90.9675,25.14836],[90.96769,25.14836],[90.9677,25.14827],[90.96829,25.14828],[90.96829,25.14819],[90.96839,25.14819],[90.96839,25.14846],[90.96849,25.14846],[90.96849,25.14819],[90.96859,25.14819],[90.96858,25.14873],[90.96878,25.14874],[90.96878,25.14865],[90.96888,25.14865],[90.96888,25.14856],[90.96878,25.14856],[90.96878,25.14846],[90.96898,25.14847],[90.96898,25.14856],[90.96918,25.14856],[90.96918,25.14874],[90.96898,25.14874],[90.96898,25.14883],[90.96808,25.14882],[90.96808,25.14891],[90.96798,25.14891],[90.96798,25.14927],[90.96808,25.14927],[90.96808,25.14918],[90.96847,25.14918],[90.96848,25.14909],[90.96858,25.14909],[90.96858,25.149],[90.96868,25.14901],[90.96867,25.14919],[90.96877,25.14919],[90.96878,25.14892],[90.96907,25.14892],[90.96907,25.14901],[90.96927,25.14901],[90.96927,25.1491],[90.96907,25.1491],[90.96907,25.14928],[90.96897,25.14928],[90.96896,25.14964],[90.96886,25.14964],[90.96887,25.14955],[90.96877,25.14955],[90.96876,25.14964],[90.96847,25.14963],[90.96847,25.14972],[90.96837,25.14972],[90.96836,25.1499],[90.96807,25.1499],[90.96806,25.14999],[90.96797,25.14999],[90.96796,25.15008],[90.96826,25.15008],[90.96826,25.14999],[90.96836,25.14999],[90.96836,25.15017],[90.96786,25.15017],[90.96786,25.15035],[90.96776,25.15035]],[[90.96628,25.14997],[90.96638,25.14997],[90.96638,25.14988],[90.96628,25.14987],[90.96628,25.14997]],[[90.96777,25.14999],[90.96787,25.14999],[90.96787,25.1499],[90.96777,25.1499],[90.96777,25.14999]],[[90.96727,25.14989],[90.96737,25.14989],[90.96737,25.1498],[90.96727,25.1498],[90.96727,25.14989]],[[90.96529,25.14977],[90.96539,25.14977],[90.96539,25.14959],[90.96529,25.14959],[90.96529,25.14977]],[[90.96589,25.14978],[90.96599,25.14978],[90.96599,25.14969],[90.96589,25.14969],[90.96589,25.14978]],[[90.96628,25.14969],[90.96638,25.1497],[90.96639,25.14961],[90.96629,25.1496],[90.96628,25.14969]],[[90.96549,25.14959],[90.96559,25.14959],[90.96559,25.1495],[90.96549,25.1495],[90.96549,25.14959]],[[90.96599,25.1496],[90.96609,25.1496],[90.96609,25.14942],[90.96599,25.14942],[90.96599,25.14933],[90.96589,25.14933],[90.96589,25.14942],[90.96579,25.14942],[90.96579,25.14951],[90.96599,25.14951],[90.96599,25.1496]],[[90.96807,25.14963],[90.96817,25.14963],[90.96817,25.14936],[90.96798,25.14936],[90.96797,25.14954],[90.96807,25.14954],[90.96807,25.14963]],[[90.96539,25.1495],[90.96549,25.1495],[90.9655,25.14941],[90.9654,25.14941],[90.96539,25.1495]],[[90.96639,25.14952],[90.96649,25.14952],[90.96649,25.14943],[90.96639,25.14943],[90.96639,25.14952]],[[90.96877,25.14946],[90.96887,25.14946],[90.96887,25.14937],[90.96877,25.14937],[90.96877,25.14946]],[[90.9659,25.14924],[90.96599,25.14924],[90.966,25.14915],[90.9659,25.14915],[90.9659,25.14924]],[[90.96748,25.14926],[90.96768,25.14926],[90.96768,25.14917],[90.96748,25.14917],[90.96748,25.14926]],[[90.9652,25.14914],[90.9653,25.14914],[90.96531,25.14887],[90.96521,25.14887],[90.9652,25.14914]],[[90.96461,25.14904],[90.96471,25.14904],[90.96471,25.14895],[90.96461,25.14895],[90.96461,25.14904]],[[90.9657,25.14905],[90.9659,25.14906],[90.9659,25.14879],[90.96551,25.14878],[90.9655,25.14887],[90.9656,25.14887],[90.9656,25.14896],[90.9657,25.14896],[90.9657,25.14905]],[[90.96719,25.14907],[90.96729,25.14908],[90.96729,25.14899],[90.96719,25.14898],[90.96719,25.14907]],[[90.96758,25.14908],[90.96768,25.14908],[90.96768,25.14899],[90.96759,25.14899],[90.96758,25.14908]],[[90.96778,25.14899],[90.96788,25.14899],[90.96789,25.14881],[90.96779,25.14881],[90.96778,25.14899]],[[90.96511,25.14887],[90.96521,25.14887],[90.96521,25.14878],[90.96511,25.14878],[90.96511,25.14887]],[[90.9661,25.14888],[90.9662,25.14888],[90.9662,25.14879],[90.9661,25.14879],[90.9661,25.14888]],[[90.96521,25.14878],[90.96531,25.14878],[90.96531,25.14869],[90.96521,25.14869],[90.96521,25.14878]],[[90.9662,25.14879],[90.9663,25.14879],[90.9663,25.1487],[90.9662,25.1487],[90.9662,25.14879]],[[90.96709,25.1488],[90.96719,25.1488],[90.96719,25.14871],[90.96709,25.14871],[90.96709,25.1488]],[[90.96501,25.14868],[90.96511,25.14869],[90.96512,25.14841],[90.96492,25.14841],[90.96491,25.14859],[90.96501,25.14859],[90.96501,25.14868]],[[90.96799,25.14872],[90.96809,25.14873],[90.96809,25.14855],[90.96799,25.14854],[90.96799,25.14872]],[[90.96412,25.14858],[90.96422,25.14858],[90.96422,25.14849],[90.96412,25.14849],[90.96412,25.14858]],[[90.96838,25.14864],[90.96848,25.14864],[90.96849,25.14855],[90.96839,25.14855],[90.96838,25.14864]],[[90.96789,25.14854],[90.96799,25.14854],[90.96799,25.14845],[90.96789,25.14845],[90.96789,25.14854]],[[90.96819,25.14855],[90.96829,25.14855],[90.96829,25.14846],[90.96819,25.14846],[90.96819,25.14855]],[[90.96482,25.14841],[90.96492,25.14841],[90.96492,25.14832],[90.96482,25.14832],[90.96482,25.14841]],[[90.96393,25.14822],[90.96413,25.14822],[90.96413,25.14813],[90.96393,25.14813],[90.96393,25.14822]],[[90.96423,25.14822],[90.96433,25.14822],[90.96433,25.14813],[90.96423,25.14813],[90.96423,25.14822]],[[90.96442,25.14822],[90.96452,25.14823],[90.96453,25.14805],[90.96443,25.14804],[90.96442,25.14822]],[[90.96403,25.14804],[90.96423,25.14804],[90.96423,25.14795],[90.96403,25.14795],[90.96403,25.14804]],[[90.96383,25.14795],[90.96393,25.14795],[90.96393,25.14786],[90.96384,25.14786],[90.96383,25.14795]],[[90.96413,25.14777],[90.96423,25.14777],[90.96424,25.14768],[90.96414,25.14768],[90.96413,25.14777]],[[90.96335,25.14722],[90.96345,25.14722],[90.96345,25.14704],[90.96335,25.14704],[90.96335,25.14722]]]},"properties":{"id":"wetland_patch_3318129581d6","date":"2026-06-30","area_km2":0.0799,"pixel_count":799,"classification":"OPEN_WATER","interpretation_label":"HH darkening candidate","mean_delta_db":-6.499373871483403,"median_delta_db":-5.957846641540527,"hh_before":-11.400751317547021,"hh_after":-17.900125189030422,"hv_before":-19.085216210691144,"hv_after":-22.589850364847386,"delta_hh":-6.499373871483403,"delta_hv":-3.5046341541562422,"valid_fraction":0.8057692307692308,"valid_fraction_scope":"region bounding box, all four channels","vegetated_fraction":0.0,"quality_status":"PARTIAL","spatial_status":"PARTIAL","temporal_status":"PARTIAL","temporal_overlap_fraction":null,"threshold_stability":"STABLE","threshold_variation_fraction":0.18304779080252478,"evidence_state":"UNCERTAIN","centroid":[25.14882177069574,90.96610614977233],"data_source":"NISAR","evidence_method":"Rule consistency only; no accuracy estimate or independent reference validation.","baseline_method":"SINGLE_PRECEDING_OBSERVATION","baseline_observation_count":1,"baseline_observation_dates":["2026-06-18"],"baseline_hh_temporal_mad_db":null,"baseline_scene_names":["NISAR_L2_PR_GCOV_023_069_A_014_4005_DHDH_A_20260618T232135_20260618T232210_P05023_N_F_J_001"],"contextual_land_cover":null,"distance_to_water_m":null,"context_status":"NOT_AVAILABLE","reference_validated":false}},{"type":"Feature","geometry":{"type":"Polygon","coordinates":[[[90.99445,25.1499],[90.99445,25.14981],[90.99435,25.14981],[90.99435,25.14972],[90.99415,25.14971],[90.99416,25.14953],[90.99426,25.14953],[90.99426,25.14944],[90.99376,25.14944],[90.99376,25.14953],[90.99366,25.14953],[90.99366,25.14944],[90.99356,25.14943],[90.99356,25.14934],[90.99347,25.14934],[90.99347,25.14925],[90.99367,25.14926],[90.99367,25.14889],[90.99357,25.14889],[90.99357,25.1488],[90.99377,25.14881],[90.99376,25.14926],[90.99386,25.14926],[90.99386,25.14935],[90.99396,25.14935],[90.99396,25.14926],[90.99406,25.14926],[90.99406,25.14908],[90.99426,25.14908],[90.99426,25.14899],[90.99436,25.14899],[90.99437,25.1489],[90.99407,25.1489],[90.99407,25.14872],[90.99357,25.14871],[90.99358,25.14853],[90.99368,25.14853],[90.99368,25.14862],[90.99407,25.14863],[90.99407,25.14854],[90.99417,25.14854],[90.99417,25.14863],[90.99427,25.14863],[90.99427,25.14881],[90.99447,25.14882],[90.99447,25.14863],[90.99457,25.14864],[90.99457,25.14873],[90.99476,25.14873],[90.99476,25.14882],[90.99486,25.14882],[90.99486,25.14891],[90.99496,25.14891],[90.99496,25.149],[90.99506,25.149],[90.99506,25.14909],[90.99496,25.14909],[90.99496,25.14918],[90.99505,25.14918],[90.99505,25.14927],[90.99495,25.14927],[90.99495,25.14936],[90.99485,25.14936],[90.99485,25.14927],[90.99476,25.14927],[90.99476,25.14918],[90.99466,25.14918],[90.99466,25.14927],[90.99456,25.14927],[90.99456,25.14918],[90.99446,25.14918],[90.99446,25.14945],[90.99436,25.14945],[90.99435,25.14954],[90.99445,25.14954],[90.99445,25.14972],[90.99455,25.14972],[90.99455,25.1499],[90.99445,25.1499]],[[90.99446,25.14909],[90.99486,25.14909],[90.99486,25.14891],[90.99476,25.14891],[90.99476,25.149],[90.99466,25.149],[90.99466,25.14882],[90.99456,25.14882],[90.99456,25.14891],[90.99446,25.14891],[90.99446,25.14909]]]},"properties":{"id":"wetland_patch_7fcda7b0dc07","date":"2026-06-30","area_km2":0.0082,"pixel_count":82,"classification":"OPEN_WATER","interpretation_label":"HH darkening candidate","mean_delta_db":-4.420792358677562,"median_delta_db":-3.954517364501953,"hh_before":-15.576504253759616,"hh_after":-19.99729661243718,"hv_before":-23.88517214612263,"hv_after":-24.274405688774294,"delta_hh":-4.420792358677562,"delta_hv":-0.38923354265166493,"valid_fraction":1.0,"valid_fraction_scope":"region bounding box, all four channels","vegetated_fraction":0.0,"quality_status":"PASS","spatial_status":"PARTIAL","temporal_status":"PARTIAL","temporal_overlap_fraction":null,"threshold_stability":"SENSITIVE","threshold_variation_fraction":0.2857142857142857,"evidence_state":"UNCERTAIN","centroid":[25.14913584546724,90.99425363105253],"data_source":"NISAR","evidence_method":"Rule consistency only; no accuracy estimate or independent reference validation.","baseline_method":"SINGLE_PRECEDING_OBSERVATION","baseline_observation_count":1,"baseline_observation_dates":["2026-06-18"],"baseline_hh_temporal_mad_db":null,"baseline_scene_names":["NISAR_L2_PR_GCOV_023_069_A_014_4005_DHDH_A_20260618T232135_20260618T232210_P05023_N_F_J_001"],"contextual_land_cover":null,"distance_to_water_m":null,"context_status":"NOT_AVAILABLE","reference_validated":false}},{"type":"Feature","geometry":{"type":"Polygon","coordinates":[[[90.97075,25.14939],[90.97076,25.14912],[90.97086,25.14913],[90.97086,25.14904],[90.97076,25.14903],[90.97076,25.14894],[90.97066,25.14894],[90.97066,25.14876],[90.97086,25.14876],[90.97086,25.14867],[90.97057,25.14867],[90.97056,25.14885],[90.97046,25.14885],[90.97046,25.14894],[90.97036,25.14894],[90.97036,25.14903],[90.97056,25.14903],[90.97056,25.14912],[90.97026,25.14912],[90.97026,25.14921],[90.97016,25.14921],[90.97016,25.14912],[90.97006,25.14911],[90.97007,25.14893],[90.97026,25.14894],[90.97027,25.14876],[90.97017,25.14875],[90.97017,25.14866],[90.96997,25.14866],[90.96997,25.14857],[90.96987,25.14857],[90.96987,25.14866],[90.96967,25.14866],[90.96967,25.14875],[90.96937,25.14874],[90.96938,25.14856],[90.96948,25.14856],[90.96948,25.14865],[90.96957,25.14866],[90.96958,25.14811],[90.96968,25.14812],[90.96968,25.14821],[90.96988,25.14821],[90.96988,25.1483],[90.97018,25.1483],[90.97018,25.14821],[90.97008,25.14821],[90.97008,25.14812],[90.96988,25.14812],[90.96988,25.14803],[90.96998,25.14803],[90.96998,25.14794],[90.97018,25.14794],[90.97018,25.14803],[90.97028,25.14803],[90.97028,25.14812],[90.97048,25.14813],[90.97047,25.14849],[90.97057,25.14849],[90.97057,25.1484],[90.97067,25.1484],[90.97067,25.14822],[90.97057,25.14822],[90.97058,25.14804],[90.97077,25.14804],[90.97077,25.14813],[90.97097,25.14813],[90.97097,25.14804],[90.97127,25.14805],[90.97128,25.14778],[90.97137,25.14778],[90.97137,25.14787],[90.97147,25.14787],[90.97147,25.14796],[90.97157,25.14796],[90.97157,25.14814],[90.97176,25.14814],[90.97177,25.14805],[90.97187,25.14806],[90.97186,25.14815],[90.97206,25.14815],[90.97206,25.14806],[90.97226,25.14806],[90.97226,25.14815],[90.97236,25.14815],[90.97236,25.14824],[90.97226,25.14824],[90.97225,25.14851],[90.97206,25.14851],[90.97205,25.1486],[90.97225,25.1486],[90.97225,25.14869],[90.97235,25.14869],[90.97235,25.14887],[90.97225,25.14887],[90.97225,25.14878],[90.97205,25.14878],[90.97205,25.14887],[90.97165,25.14887],[90.97166,25.14878],[90.97136,25.14877],[90.97136,25.14868],[90.97126,25.14868],[90.97126,25.14895],[90.97106,25.14895],[90.97106,25.14904],[90.97096,25.14904],[90.97096,25.14913],[90.97115,25.14913],[90.97115,25.14904],[90.97125,25.14904],[90.97125,25.14922],[90.97135,25.14922],[90.97135,25.14931],[90.97145,25.14931],[90.97145,25.1494],[90.97125,25.1494],[90.97125,25.14931],[90.97115,25.14931],[90.97115,25.1494],[90.97075,25.14939]],[[90.97106,25.14886],[90.97116,25.14886],[90.97116,25.14868],[90.97106,25.14868],[90.97106,25.14886]],[[90.97116,25.14868],[90.97126,25.14868],[90.97126,25.14859],[90.97116,25.14859],[90.97116,25.14868]],[[90.97146,25.14868],[90.97166,25.14868],[90.97166,25.14859],[90.97176,25.1486],[90.97176,25.14833],[90.97166,25.14832],[90.97166,25.14841],[90.97156,25.14841],[90.97156,25.14859],[90.97146,25.14859],[90.97146,25.14868]],[[90.97176,25.14869],[90.97195,25.14869],[90.97196,25.14851],[90.97186,25.14851],[90.97186,25.1486],[90.97176,25.1486],[90.97176,25.14869]],[[90.96968,25.14857],[90.96977,25.14857],[90.96978,25.14848],[90.96968,25.14848],[90.96968,25.14857]],[[90.97007,25.14857],[90.97017,25.14857],[90.97017,25.14848],[90.97007,25.14848],[90.97007,25.14857]],[[90.97067,25.14858],[90.97077,25.14858],[90.97077,25.14849],[90.97067,25.14849],[90.97067,25.14858]],[[90.97017,25.14839],[90.97037,25.1484],[90.97038,25.14822],[90.97028,25.14821],[90.97027,25.1483],[90.97018,25.1483],[90.97017,25.14839]],[[90.97176,25.14833],[90.97186,25.14833],[90.97186,25.14824],[90.97176,25.14823],[90.97176,25.14833]],[[90.97196,25.14833],[90.97216,25.14833],[90.97216,25.14815],[90.97206,25.14815],[90.97206,25.14824],[90.97196,25.14824],[90.97196,25.14833]],[[90.97137,25.14823],[90.97147,25.14823],[90.97147,25.14814],[90.97137,25.14814],[90.97137,25.14823]]]},"properties":{"id":"wetland_patch_c259b82bc77c","date":"2026-06-30","area_km2":0.0221,"pixel_count":221,"classification":"OPEN_WATER","interpretation_label":"HH darkening candidate","mean_delta_db":-5.892843002647297,"median_delta_db":-5.361211776733398,"hh_before":-12.488689545592571,"hh_after":-18.381532548239868,"hv_before":-20.5887018005233,"hv_after":-23.008147977595954,"delta_hh":-5.892843002647297,"delta_hv":-2.4194461770726545,"valid_fraction":1.0,"valid_fraction_scope":"region bounding box, all four channels","vegetated_fraction":0.0,"quality_status":"PASS","spatial_status":"PARTIAL","temporal_status":"PARTIAL","temporal_overlap_fraction":null,"threshold_stability":"STABLE","threshold_variation_fraction":0.1875,"evidence_state":"MODERATE","centroid":[25.1485461384163,90.9709358333533],"data_source":"NISAR","evidence_method":"Rule consistency only; no accuracy estimate or independent reference validation.","baseline_method":"SINGLE_PRECEDING_OBSERVATION","baseline_observation_count":1,"baseline_observation_dates":["2026-06-18"],"baseline_hh_temporal_mad_db":null,"baseline_scene_names":["NISAR_L2_PR_GCOV_023_069_A_014_4005_DHDH_A_20260618T232135_20260618T232210_P05023_N_F_J_001"],"contextual_land_cover":null,"distance_to_water_m":null,"context_status":"NOT_AVAILABLE","reference_validated":false}},{"type":"Feature","geometry":{"type":"Polygon","coordinates":[[[91.00853,25.14982],[91.00854,25.14964],[91.00824,25.14963],[91.00824,25.14954],[91.00804,25.14954],[91.00804,25.14936],[91.00834,25.14936],[91.00834,25.14927],[91.00824,25.14927],[91.00825,25.14918],[91.00854,25.14919],[91.00854,25.1491],[91.00815,25.14909],[91.00815,25.149],[91.00805,25.149],[91.00805,25.14909],[91.00795,25.14909],[91.00795,25.149],[91.00785,25.149],[91.00785,25.14891],[91.00795,25.14891],[91.00795,25.14882],[91.00805,25.14882],[91.00805,25.14891],[91.00835,25.14891],[91.00835,25.149],[91.00845,25.149],[91.00845,25.14891],[91.00855,25.14891],[91.00855,25.14882],[91.00865,25.14883],[91.00865,25.14874],[91.00885,25.14874],[91.00885,25.14892],[91.00875,25.14892],[91.00874,25.14901],[91.00884,25.14901],[91.00884,25.1491],[91.00904,25.1491],[91.00904,25.14919],[91.00884,25.14919],[91.00884,25.14946],[91.00894,25.14946],[91.00893,25.14955],[91.00883,25.14955],[91.00883,25.14982],[91.00873,25.14982],[91.00873,25.14964],[91.00864,25.14964],[91.00863,25.14982],[91.00853,25.14982]],[[91.00844,25.14955],[91.00874,25.14955],[91.00874,25.14928],[91.00864,25.14928],[91.00864,25.14937],[91.00854,25.14937],[91.00854,25.14928],[91.00844,25.14927],[91.00844,25.14936],[91.00834,25.14936],[91.00834,25.14945],[91.00844,25.14946],[91.00844,25.14955]],[[91.00855,25.14901],[91.00865,25.14901],[91.00865,25.14892],[91.00855,25.14891],[91.00855,25.14901]]]},"properties":{"id":"wetland_patch_ece874c7b1a5","date":"2026-06-30","area_km2":0.0055,"pixel_count":55,"classification":"OPEN_WATER","interpretation_label":"HH darkening candidate","mean_delta_db":-4.8955084714022545,"median_delta_db":-4.46790885925293,"hh_before":-14.796584250710227,"hh_after":-19.69209272211248,"hv_before":-23.747697934237394,"hv_after":-24.100706794045188,"delta_hh":-4.8955084714022545,"delta_hv":-0.35300885980779473,"valid_fraction":1.0,"valid_fraction_scope":"region bounding box, all four channels","vegetated_fraction":0.0,"quality_status":"PASS","spatial_status":"PARTIAL","temporal_status":"PARTIAL","temporal_overlap_fraction":null,"threshold_stability":"STABLE","threshold_variation_fraction":0.19480519480519481,"evidence_state":"MODERATE","centroid":[25.149241708653996,91.00850349510003],"data_source":"NISAR","evidence_method":"Rule consistency only; no accuracy estimate or independent reference validation.","baseline_method":"SINGLE_PRECEDING_OBSERVATION","baseline_observation_count":1,"baseline_observation_dates":["2026-06-18"],"baseline_hh_temporal_mad_db":null,"baseline_scene_names":["NISAR_L2_PR_GCOV_023_069_A_014_4005_DHDH_A_20260618T232135_20260618T232210_P05023_N_F_J_001"],"contextual_land_cover":null,"distance_to_water_m":null,"context_status":"NOT_AVAILABLE","reference_validated":false}},{"type":"Feature","geometry":{"type":"Polygon","coordinates":[[[90.99457,25.14864],[90.99457,25.14855],[90.99437,25.14854],[90.99437,25.14845],[90.99447,25.14845],[90.99447,25.14836],[90.99457,25.14837],[90.99457,25.14846],[90.99467,25.14846],[90.99467,25.14837],[90.99477,25.14837],[90.99477,25.14819],[90.99467,25.14819],[90.99468,25.1481],[90.99507,25.1481],[90.99507,25.14801],[90.99537,25.14801],[90.99537,25.1482],[90.99547,25.1482],[90.99547,25.14811],[90.99567,25.14811],[90.99567,25.14802],[90.99597,25.14802],[90.99596,25.14811],[90.99616,25.14812],[90.99617,25.14794],[90.99636,25.14794],[90.99637,25.14785],[90.99656,25.14785],[90.99656,25.14794],[90.99666,25.14794],[90.99666,25.14803],[90.99636,25.14803],[90.99636,25.14821],[90.99616,25.14821],[90.99616,25.14839],[90.99606,25.14839],[90.99606,25.1483],[90.99596,25.14829],[90.99596,25.14838],[90.99576,25.14838],[90.99576,25.14829],[90.99566,25.14829],[90.99567,25.1482],[90.99557,25.1482],[90.99557,25.14829],[90.99497,25.14828],[90.99497,25.14846],[90.99487,25.14846],[90.99487,25.14855],[90.99477,25.14855],[90.99477,25.14864],[90.99457,25.14864]],[[90.99576,25.14829],[90.99586,25.14829],[90.99586,25.1482],[90.99577,25.1482],[90.99576,25.14829]]]},"properties":{"id":"wetland_patch_26fe0f0caa28","date":"2026-06-30","area_km2":0.0059,"pixel_count":59,"classification":"OPEN_WATER","interpretation_label":"HH darkening candidate","mean_delta_db":-4.1314694194470425,"median_delta_db":-3.6846723556518555,"hh_before":-15.68043338646323,"hh_after":-19.81190280591027,"hv_before":-23.890315395290568,"hv_after":-23.932474491959912,"delta_hh":-4.1314694194470425,"delta_hv":-0.04215909666934256,"valid_fraction":1.0,"valid_fraction_scope":"region bounding box, all four channels","vegetated_fraction":0.0,"quality_status":"PASS","spatial_status":"PARTIAL","temporal_status":"PARTIAL","temporal_overlap_fraction":null,"threshold_stability":"SENSITIVE","threshold_variation_fraction":0.3090909090909091,"evidence_state":"UNCERTAIN","centroid":[25.14821289281826,90.99547657851377],"data_source":"NISAR","evidence_method":"Rule consistency only; no accuracy estimate or independent reference validation.","baseline_method":"SINGLE_PRECEDING_OBSERVATION","baseline_observation_count":1,"baseline_observation_dates":["2026-06-18"],"baseline_hh_temporal_mad_db":null,"baseline_scene_names":["NISAR_L2_PR_GCOV_023_069_A_014_4005_DHDH_A_20260618T232135_20260618T232210_P05023_N_F_J_001"],"contextual_land_cover":null,"distance_to_water_m":null,"context_status":"NOT_AVAILABLE","reference_validated":false}},{"type":"Feature","geometry":{"type":"Polygon","coordinates":[[[90.98482,25.14453],[90.98482,25.14444],[90.98502,25.14444],[90.98502,25.14435],[90.98482,25.14435],[90.98482,25.14426],[90.98492,25.14426],[90.98492,25.14417],[90.98522,25.14418],[90.98522,25.14409],[90.98512,25.14408],[90.98512,25.1439],[90.98503,25.1439],[90.98503,25.14372],[90.98483,25.14372],[90.98483,25.14363],[90.98463,25.14363],[90.98464,25.14345],[90.98474,25.14345],[90.98473,25.14354],[90.98493,25.14354],[90.98493,25.14363],[90.98513,25.14363],[90.98513,25.14372],[90.98572,25.14373],[90.98572,25.14391],[90.98602,25.14392],[90.98602,25.14401],[90.98621,25.14401],[90.98621,25.1441],[90.98601,25.1441],[90.98601,25.14419],[90.98581,25.14418],[90.98581,25.14436],[90.98571,25.14436],[90.98572,25.14409],[90.98591,25.1441],[90.98592,25.144],[90.98562,25.144],[90.98562,25.14409],[90.98552,25.14409],[90.98552,25.14418],[90.98542,25.14418],[90.98541,25.14436],[90.98551,25.14436],[90.98551,25.14445],[90.98521,25.14445],[90.98521,25.14454],[90.98482,25.14453]],[[90.98512,25.14436],[90.98522,25.14436],[90.98522,25.14427],[90.98512,25.14426],[90.98512,25.14436]],[[90.98522,25.14427],[90.98532,25.14427],[90.98532,25.14418],[90.98522,25.14418],[90.98522,25.14427]],[[90.98522,25.14409],[90.98542,25.14409],[90.98542,25.144],[90.98522,25.144],[90.98522,25.14409]],[[90.98542,25.144],[90.98552,25.144],[90.98552,25.14391],[90.98562,25.14391],[90.98562,25.14382],[90.98532,25.14382],[90.98532,25.14391],[90.98542,25.14391],[90.98542,25.144]]]},"properties":{"id":"wetland_patch_e8960fd4a63c","date":"2026-06-30","area_km2":0.0058,"pixel_count":58,"classification":"OPEN_WATER","interpretation_label":"HH darkening candidate","mean_delta_db":-4.866229221738618,"median_delta_db":-4.500969409942627,"hh_before":-15.824768132176892,"hh_after":-20.69099735391551,"hv_before":-24.011995611519648,"hv_after":-24.38679922038111,"delta_hh":-4.866229221738618,"delta_hv":-0.3748036088614628,"valid_fraction":1.0,"valid_fraction_scope":"region bounding box, all four channels","vegetated_fraction":0.0,"quality_status":"PASS","spatial_status":"PARTIAL","temporal_status":"PARTIAL","temporal_overlap_fraction":null,"threshold_stability":"SENSITIVE","threshold_variation_fraction":0.25806451612903225,"evidence_state":"UNCERTAIN","centroid":[25.144048282792447,90.98533743152143],"data_source":"NISAR","evidence_method":"Rule consistency only; no accuracy estimate or independent reference validation.","baseline_method":"SINGLE_PRECEDING_OBSERVATION","baseline_observation_count":1,"baseline_observation_dates":["2026-06-18"],"baseline_hh_temporal_mad_db":null,"baseline_scene_names":["NISAR_L2_PR_GCOV_023_069_A_014_4005_DHDH_A_20260618T232135_20260618T232210_P05023_N_F_J_001"],"contextual_land_cover":null,"distance_to_water_m":null,"context_status":"NOT_AVAILABLE","reference_validated":false}},{"type":"Feature","geometry":{"type":"Polygon","coordinates":[[[90.98408,25.14118],[90.98408,25.14109],[90.98398,25.14109],[90.98398,25.141],[90.98418,25.141],[90.98418,25.14091],[90.98408,25.14091],[90.98409,25.14064],[90.98429,25.14064],[90.98428,25.14073],[90.98458,25.14074],[90.98458,25.14065],[90.98468,25.14065],[90.98468,25.14047],[90.98478,25.14047],[90.98478,25.14065],[90.98488,25.14065],[90.98488,25.14047],[90.98538,25.14048],[90.98538,25.14066],[90.98528,25.14066],[90.98528,25.14057],[90.98518,25.14056],[90.98518,25.14065],[90.98508,25.14065],[90.98508,25.14056],[90.98498,25.14056],[90.98498,25.14074],[90.98518,25.14074],[90.98517,25.14084],[90.98527,25.14084],[90.98527,25.14093],[90.98537,25.14093],[90.98537,25.14102],[90.98507,25.14101],[90.98507,25.1411],[90.98497,25.1411],[90.98497,25.14119],[90.98487,25.14119],[90.98487,25.1411],[90.98477,25.1411],[90.98478,25.14101],[90.98458,25.14101],[90.98458,25.14092],[90.98478,25.14092],[90.98478,25.14083],[90.98448,25.14083],[90.98448,25.14101],[90.98438,25.141],[90.98438,25.1411],[90.98418,25.14109],[90.98418,25.14118],[90.98408,25.14118]]]},"properties":{"id":"wetland_patch_cabb7cf345c4","date":"2026-06-30","area_km2":0.0056,"pixel_count":56,"classification":"OPEN_WATER","interpretation_label":"HH darkening candidate","mean_delta_db":-4.423484427588327,"median_delta_db":-4.212927341461182,"hh_before":-15.875836270196098,"hh_after":-20.299320697784424,"hv_before":-24.054034641810826,"hv_after":-23.824709006718226,"delta_hh":-4.423484427588327,"delta_hv":0.22932563509259904,"valid_fraction":1.0,"valid_fraction_scope":"region bounding box, all four channels","vegetated_fraction":0.0,"quality_status":"PASS","spatial_status":"PASS","temporal_status":"PARTIAL","temporal_overlap_fraction":null,"threshold_stability":"SENSITIVE","threshold_variation_fraction":0.28378378378378377,"evidence_state":"MODERATE","centroid":[25.140828999073552,90.98472325664989],"data_source":"NISAR","evidence_method":"Rule consistency only; no accuracy estimate or independent reference validation.","baseline_method":"SINGLE_PRECEDING_OBSERVATION","baseline_observation_count":1,"baseline_observation_dates":["2026-06-18"],"baseline_hh_temporal_mad_db":null,"baseline_scene_names":["NISAR_L2_PR_GCOV_023_069_A_014_4005_DHDH_A_20260618T232135_20260618T232210_P05023_N_F_J_001"],"contextual_land_cover":null,"distance_to_water_m":null,"context_status":"NOT_AVAILABLE","reference_validated":false}},{"type":"Feature","geometry":{"type":"Polygon","coordinates":[[[90.98568,25.1403],[90.98568,25.14021],[90.98528,25.1402],[90.98529,25.14002],[90.98519,25.14002],[90.98519,25.14011],[90.98509,25.14011],[90.98509,25.1402],[90.98499,25.1402],[90.98499,25.14011],[90.98489,25.14011],[90.98489,25.14002],[90.98479,25.14002],[90.98479,25.13993],[90.98469,25.13993],[90.9847,25.13975],[90.9848,25.13975],[90.9848,25.13939],[90.9849,25.13939],[90.9849,25.13957],[90.9851,25.13957],[90.9851,25.13948],[90.985,25.13948],[90.985,25.13939],[90.9853,25.13939],[90.98529,25.13957],[90.98539,25.13957],[90.9854,25.13948],[90.98549,25.13949],[90.9855,25.1394],[90.9856,25.1394],[90.9856,25.13922],[90.9857,25.13922],[90.98569,25.1394],[90.98579,25.1394],[90.9858,25.13922],[90.98599,25.13922],[90.98599,25.13931],[90.98589,25.13931],[90.98589,25.13949],[90.98599,25.13949],[90.98599,25.1394],[90.98609,25.1394],[90.98608,25.13985],[90.98569,25.13985],[90.98569,25.13994],[90.98539,25.13994],[90.98538,25.14012],[90.98548,25.14012],[90.98549,25.14003],[90.98558,25.14003],[90.98558,25.14012],[90.98578,25.14012],[90.98578,25.1403],[90.98568,25.1403]],[[90.98529,25.13993],[90.98539,25.13994],[90.98539,25.13975],[90.98529,25.13975],[90.98529,25.13993]],[[90.98479,25.13984],[90.98489,25.13984],[90.9849,25.13975],[90.9848,25.13975],[90.98479,25.13984]],[[90.98549,25.13985],[90.98559,25.13985],[90.98559,25.13976],[90.98549,25.13976],[90.98549,25.13985]],[[90.98499,25.13975],[90.98509,25.13975],[90.98509,25.13966],[90.985,25.13966],[90.98499,25.13975]],[[90.98559,25.13976],[90.98589,25.13976],[90.98589,25.13958],[90.98579,25.13958],[90.98579,25.13949],[90.98569,25.13949],[90.98569,25.13958],[90.98559,25.13958],[90.98559,25.13976]]]},"properties":{"id":"wetland_patch_db6487010ee9","date":"2026-06-30","area_km2":0.008,"pixel_count":80,"classification":"OPEN_WATER","interpretation_label":"HH darkening candidate","mean_delta_db":-4.906415975093841,"median_delta_db":-4.685836315155029,"hh_before":-15.08617297410965,"hh_after":-19.99258894920349,"hv_before":-24.03392126560211,"hv_after":-23.977547931671143,"delta_hh":-4.906415975093841,"delta_hv":0.05637333393096924,"valid_fraction":1.0,"valid_fraction_scope":"region bounding box, all four channels","vegetated_fraction":0.0,"quality_status":"PASS","spatial_status":"PARTIAL","temporal_status":"PARTIAL","temporal_overlap_fraction":null,"threshold_stability":"STABLE","threshold_variation_fraction":0.1935483870967742,"evidence_state":"MODERATE","centroid":[25.139737829426064,90.9853873851074],"data_source":"NISAR","evidence_method":"Rule consistency only; no accuracy estimate or independent reference validation.","baseline_method":"SINGLE_PRECEDING_OBSERVATION","baseline_observation_count":1,"baseline_observation_dates":["2026-06-18"],"baseline_hh_temporal_mad_db":null,"baseline_scene_names":["NISAR_L2_PR_GCOV_023_069_A_014_4005_DHDH_A_20260618T232135_20260618T232210_P05023_N_F_J_001"],"contextual_land_cover":null,"distance_to_water_m":null,"context_status":"NOT_AVAILABLE","reference_validated":false}},{"type":"Feature","geometry":{"type":"Polygon","coordinates":[[[90.97549,25.13863],[90.97549,25.13854],[90.9749,25.13853],[90.9749,25.13835],[90.9747,25.13835],[90.97471,25.13825],[90.97461,25.13825],[90.9746,25.13834],[90.97451,25.13834],[90.9745,25.13852],[90.9742,25.13852],[90.97421,25.13834],[90.97441,25.13834],[90.97441,25.13825],[90.97451,25.13825],[90.97451,25.13816],[90.97431,25.13816],[90.97431,25.13825],[90.97411,25.13825],[90.97411,25.13807],[90.97401,25.13806],[90.97401,25.13816],[90.97391,25.13815],[90.97391,25.13806],[90.97382,25.13806],[90.97382,25.13797],[90.97372,25.13797],[90.97372,25.13788],[90.97392,25.13788],[90.97392,25.13779],[90.97412,25.1378],[90.97411,25.13798],[90.97431,25.13798],[90.97431,25.13807],[90.97441,25.13807],[90.97442,25.1378],[90.97451,25.1378],[90.97452,25.13771],[90.97461,25.13771],[90.97462,25.13762],[90.97511,25.13763],[90.97511,25.13772],[90.97501,25.13772],[90.97501,25.1379],[90.97511,25.1379],[90.97511,25.13799],[90.97521,25.13799],[90.9752,25.13808],[90.9754,25.13808],[90.9754,25.13799],[90.9755,25.138],[90.9755,25.13809],[90.9756,25.13809],[90.9756,25.13818],[90.9758,25.13818],[90.9758,25.13827],[90.9757,25.13827],[90.9757,25.13836],[90.97589,25.13836],[90.97589,25.13827],[90.97599,25.13827],[90.976,25.13818],[90.97609,25.13818],[90.97609,25.13836],[90.97629,25.13837],[90.97629,25.13846],[90.97639,25.13846],[90.97639,25.13837],[90.97649,25.13837],[90.97649,25.13828],[90.97659,25.13828],[90.97659,25.13846],[90.97649,25.13846],[90.97649,25.13855],[90.97629,25.13855],[90.97629,25.13864],[90.97619,25.13864],[90.97619,25.13846],[90.97589,25.13845],[90.97589,25.13854],[90.97579,25.13854],[90.97579,25.13845],[90.97569,25.13845],[90.97569,25.13854],[90.97559,25.13854],[90.97559,25.13863],[90.97549,25.13863]],[[90.9753,25.13835],[90.9754,25.13835],[90.9754,25.13826],[90.9753,25.13826],[90.9753,25.13835]],[[90.9751,25.13826],[90.9753,25.13826],[90.9753,25.13817],[90.9752,25.13817],[90.9752,25.13808],[90.9751,25.13808],[90.9751,25.13826]],[[90.97451,25.13816],[90.97461,25.13816],[90.97461,25.13798],[90.97451,25.13798],[90.97451,25.13816]],[[90.97471,25.13807],[90.97491,25.13808],[90.97491,25.13799],[90.97471,25.13798],[90.97471,25.13807]],[[90.97481,25.1379],[90.97491,25.1379],[90.97491,25.13781],[90.97481,25.13781],[90.97481,25.1379]]]},"properties":{"id":"wetland_patch_b5c9c1a6ecad","date":"2026-06-30","area_km2":0.0117,"pixel_count":117,"classification":"OPEN_WATER","interpretation_label":"HH darkening candidate","mean_delta_db":-5.1755038611909265,"median_delta_db":-4.876106262207031,"hh_before":-14.676469941424509,"hh_after":-19.851973802615436,"hv_before":-23.279405577569946,"hv_after":-23.357023288042118,"delta_hh":-5.1755038611909265,"delta_hv":-0.07761771047217214,"valid_fraction":1.0,"valid_fraction_scope":"region bounding box, all four channels","vegetated_fraction":0.0,"quality_status":"PASS","spatial_status":"PARTIAL","temporal_status":"PARTIAL","temporal_overlap_fraction":null,"threshold_stability":"STABLE","threshold_variation_fraction":0.19760479041916168,"evidence_state":"MODERATE","centroid":[25.13817787524022,90.97502038561089],"data_source":"NISAR","evidence_method":"Rule consistency only; no accuracy estimate or independent reference validation.","baseline_method":"SINGLE_PRECEDING_OBSERVATION","baseline_observation_count":1,"baseline_observation_dates":["2026-06-18"],"baseline_hh_temporal_mad_db":null,"baseline_scene_names":["NISAR_L2_PR_GCOV_023_069_A_014_4005_DHDH_A_20260618T232135_20260618T232210_P05023_N_F_J_001"],"contextual_land_cover":null,"distance_to_water_m":null,"context_status":"NOT_AVAILABLE","reference_validated":false}},{"type":"Feature","geometry":{"type":"Polygon","coordinates":[[[90.98481,25.13875],[90.98482,25.13848],[90.98462,25.13848],[90.98462,25.1383],[90.98472,25.1383],[90.98472,25.13821],[90.98482,25.13821],[90.98482,25.13812],[90.98492,25.13812],[90.98492,25.13821],[90.98502,25.13822],[90.98502,25.13831],[90.98482,25.1383],[90.98482,25.13839],[90.98512,25.1384],[90.98512,25.13831],[90.98522,25.13831],[90.98522,25.13822],[90.98512,25.13822],[90.98512,25.13813],[90.98522,25.13813],[90.98522,25.13795],[90.98512,25.13795],[90.98513,25.13777],[90.98503,25.13776],[90.98503,25.13785],[90.98493,25.13785],[90.98493,25.13767],[90.98503,25.13767],[90.98503,25.13749],[90.98513,25.13749],[90.98513,25.1374],[90.98493,25.1374],[90.98494,25.13731],[90.98513,25.13731],[90.98513,25.13722],[90.98504,25.13722],[90.98504,25.13713],[90.98514,25.13713],[90.98514,25.13704],[90.98504,25.13704],[90.98504,25.13695],[90.98514,25.13695],[90.98514,25.13686],[90.98524,25.13686],[90.98524,25.13677],[90.98534,25.13678],[90.98534,25.13687],[90.98544,25.13687],[90.98544,25.13696],[90.98564,25.13696],[90.98563,25.13705],[90.98534,25.13705],[90.98533,25.13714],[90.98524,25.13713],[90.98523,25.13741],[90.98543,25.13741],[90.98543,25.13723],[90.98553,25.13723],[90.98552,25.13768],[90.98562,25.13768],[90.98562,25.13795],[90.98572,25.13795],[90.98572,25.13804],[90.98582,25.13805],[90.98581,25.13814],[90.98571,25.13813],[90.98571,25.13841],[90.98561,25.1384],[90.98561,25.13831],[90.98541,25.13831],[90.98542,25.13822],[90.98532,25.13822],[90.98531,25.13867],[90.98521,25.13867],[90.98521,25.13858],[90.98501,25.13858],[90.98501,25.13867],[90.98491,25.13867],[90.98491,25.13876],[90.98481,25.13875]],[[90.98542,25.13822],[90.98561,25.13822],[90.98562,25.13813],[90.98552,25.13813],[90.98552,25.13804],[90.98542,25.13804],[90.98542,25.13822]],[[90.98532,25.13795],[90.98552,25.13795],[90.98552,25.13786],[90.98532,25.13786],[90.98532,25.13795]],[[90.98513,25.13767],[90.98533,25.13768],[90.98533,25.1375],[90.98523,25.1375],[90.98523,25.13759],[90.98513,25.13758],[90.98513,25.13767]]]},"properties":{"id":"wetland_patch_16e8385d4184","date":"2026-06-30","area_km2":0.009,"pixel_count":90,"classification":"OPEN_WATER","interpretation_label":"HH darkening candidate","mean_delta_db":-5.109756194220649,"median_delta_db":-4.568728446960449,"hh_before":-15.903645706176757,"hh_after":-21.013401900397408,"hv_before":-23.692645348442927,"hv_after":-23.46224178738064,"delta_hh":-5.109756194220649,"delta_hv":0.230403561062283,"valid_fraction":1.0,"valid_fraction_scope":"region bounding box, all four channels","vegetated_fraction":0.0,"quality_status":"PASS","spatial_status":"PARTIAL","temporal_status":"PARTIAL","temporal_overlap_fraction":null,"threshold_stability":"SENSITIVE","threshold_variation_fraction":0.22950819672131148,"evidence_state":"UNCERTAIN","centroid":[25.1378530490944,90.98524353832207],"data_source":"NISAR","evidence_method":"Rule consistency only; no accuracy estimate or independent reference validation.","baseline_method":"SINGLE_PRECEDING_OBSERVATION","baseline_observation_count":1,"baseline_observation_dates":["2026-06-18"],"baseline_hh_temporal_mad_db":null,"baseline_scene_names":["NISAR_L2_PR_GCOV_023_069_A_014_4005_DHDH_A_20260618T232135_20260618T232210_P05023_N_F_J_001"],"contextual_land_cover":null,"distance_to_water_m":null,"context_status":"NOT_AVAILABLE","reference_validated":false}},{"type":"Feature","geometry":{"type":"Polygon","coordinates":[[[90.99427,25.13626],[90.99428,25.13608],[90.99418,25.13608],[90.99418,25.13617],[90.99408,25.13617],[90.99408,25.13599],[90.99398,25.13599],[90.99398,25.13581],[90.99388,25.13581],[90.99388,25.1359],[90.99378,25.1359],[90.99379,25.13572],[90.99369,25.13571],[90.99369,25.13553],[90.99359,25.13553],[90.99359,25.13544],[90.99369,25.13544],[90.99369,25.13535],[90.99379,25.13536],[90.99379,25.13526],[90.99399,25.13527],[90.994,25.13509],[90.99419,25.13509],[90.9942,25.13491],[90.9941,25.13491],[90.9941,25.13482],[90.9942,25.13482],[90.9942,25.13473],[90.9943,25.13473],[90.99429,25.13509],[90.99439,25.13509],[90.99439,25.13518],[90.99449,25.13518],[90.99449,25.13527],[90.99439,25.13527],[90.99439,25.13536],[90.99429,25.13536],[90.99429,25.13545],[90.99449,25.13545],[90.99448,25.13555],[90.99419,25.13554],[90.99419,25.13563],[90.99409,25.13563],[90.99409,25.13554],[90.99379,25.13554],[90.99379,25.13563],[90.99389,25.13563],[90.99389,25.13572],[90.99418,25.13572],[90.99418,25.13581],[90.99428,25.13581],[90.99428,25.13599],[90.99468,25.136],[90.99467,25.13609],[90.99448,25.13609],[90.99447,25.13618],[90.99437,25.13618],[90.99437,25.13627],[90.99427,25.13626]],[[90.99408,25.1359],[90.99418,25.1359],[90.99418,25.13581],[90.99408,25.13581],[90.99408,25.1359]],[[90.99379,25.13545],[90.99389,25.13545],[90.99389,25.13536],[90.99379,25.13536],[90.99379,25.13545]]]},"properties":{"id":"wetland_patch_258db226d088","date":"2026-06-30","area_km2":0.0058,"pixel_count":58,"classification":"OPEN_WATER","interpretation_label":"HH darkening candidate","mean_delta_db":-4.778128936372954,"median_delta_db":-4.253081321716309,"hh_before":-14.416101324147192,"hh_after":-19.194230260520147,"hv_before":-23.732804890336663,"hv_after":-23.805082945988097,"delta_hh":-4.778128936372954,"delta_hv":-0.07227805565143454,"valid_fraction":1.0,"valid_fraction_scope":"region bounding box, all four channels","vegetated_fraction":0.0,"quality_status":"PASS","spatial_status":"PARTIAL","temporal_status":"PARTIAL","temporal_overlap_fraction":null,"threshold_stability":"SENSITIVE","threshold_variation_fraction":0.2777777777777778,"evidence_state":"UNCERTAIN","centroid":[25.13554027217469,90.9941286855188],"data_source":"NISAR","evidence_method":"Rule consistency only; no accuracy estimate or independent reference validation.","baseline_method":"SINGLE_PRECEDING_OBSERVATION","baseline_observation_count":1,"baseline_observation_dates":["2026-06-18"],"baseline_hh_temporal_mad_db":null,"baseline_scene_names":["NISAR_L2_PR_GCOV_023_069_A_014_4005_DHDH_A_20260618T232135_20260618T232210_P05023_N_F_J_001"],"contextual_land_cover":null,"distance_to_water_m":null,"context_status":"NOT_AVAILABLE","reference_validated":false}},{"type":"Feature","geometry":{"type":"Polygon","coordinates":[[[90.98675,25.13571],[90.98675,25.13562],[90.98665,25.13562],[90.98665,25.13553],[90.98675,25.13553],[90.98675,25.13544],[90.98665,25.13544],[90.98665,25.13535],[90.98675,25.13535],[90.98676,25.13517],[90.98685,25.13517],[90.98686,25.13508],[90.98656,25.13508],[90.98656,25.13517],[90.98666,25.13517],[90.98665,25.13526],[90.98656,25.13526],[90.98655,25.13535],[90.98636,25.13534],[90.98635,25.13543],[90.98626,25.13543],[90.98626,25.13534],[90.98616,25.13534],[90.98615,25.13552],[90.98606,25.13552],[90.98606,25.13525],[90.98596,25.13525],[90.98596,25.13534],[90.98586,25.13534],[90.98586,25.13516],[90.98596,25.13516],[90.98597,25.13498],[90.98577,25.13498],[90.98577,25.13507],[90.98557,25.13506],[90.98557,25.13497],[90.98567,25.13497],[90.98567,25.13488],[90.98527,25.13488],[90.98527,25.13479],[90.98508,25.13479],[90.98507,25.13488],[90.98498,25.13487],[90.98497,25.13496],[90.98478,25.13496],[90.98478,25.13469],[90.98488,25.13469],[90.98488,25.13451],[90.98508,25.13451],[90.98508,25.1346],[90.98528,25.13461],[90.98528,25.13452],[90.98548,25.13452],[90.98548,25.13461],[90.98567,25.13461],[90.98568,25.13443],[90.98587,25.13444],[90.98588,25.13425],[90.98608,25.13426],[90.98608,25.13417],[90.98598,25.13417],[90.98598,25.13408],[90.98588,25.13407],[90.98588,25.13389],[90.98628,25.1339],[90.98628,25.13408],[90.98618,25.13408],[90.98617,25.13435],[90.98598,25.13435],[90.98597,25.13453],[90.98607,25.13453],[90.98607,25.13462],[90.98627,25.13462],[90.98627,25.13453],[90.98657,25.13453],[90.98657,25.13463],[90.98676,25.13463],[90.98677,25.13445],[90.98687,25.13445],[90.98686,25.13454],[90.98696,25.13454],[90.98696,25.1349],[90.98706,25.1349],[90.98706,25.13463],[90.98726,25.13463],[90.98726,25.13482],[90.98716,25.13481],[90.98715,25.13508],[90.98725,25.13509],[90.98725,25.13518],[90.98735,25.13518],[90.98735,25.13509],[90.98745,25.13509],[90.98745,25.13536],[90.98735,25.13536],[90.98735,25.13527],[90.98725,25.13527],[90.98725,25.13536],[90.98715,25.13536],[90.98715,25.13545],[90.98725,25.13545],[90.98724,25.13563],[90.98705,25.13562],[90.98705,25.13544],[90.98695,25.13544],[90.98695,25.13553],[90.98685,25.13553],[90.98685,25.13571],[90.98675,25.13571]],[[90.98685,25.13544],[90.98695,25.13544],[90.98695,25.13535],[90.98685,25.13535],[90.98685,25.13544]],[[90.98705,25.13535],[90.98715,25.13536],[90.98715,25.13517],[90.98705,25.13517],[90.98705,25.13535]],[[90.98695,25.13517],[90.98705,25.13517],[90.98705,25.13508],[90.98696,25.13508],[90.98695,25.13517]],[[90.98616,25.13507],[90.98626,25.13507],[90.98626,25.13498],[90.98616,25.13498],[90.98616,25.13507]],[[90.98636,25.13507],[90.98656,25.13508],[90.98656,25.13499],[90.98646,25.13498],[90.98646,25.13489],[90.98626,25.13489],[90.98626,25.13498],[90.98636,25.13498],[90.98636,25.13507]],[[90.98488,25.13487],[90.98498,25.13487],[90.98498,25.13478],[90.98488,25.13478],[90.98488,25.13487]],[[90.98597,25.13489],[90.98607,25.13489],[90.98607,25.13462],[90.98587,25.13462],[90.98587,25.13471],[90.98597,25.13471],[90.98597,25.13489]],[[90.98646,25.13489],[90.98656,25.1349],[90.98656,25.13481],[90.98646,25.1348],[90.98646,25.13489]],[[90.98527,25.13479],[90.98537,25.13479],[90.98537,25.1347],[90.98528,25.1347],[90.98527,25.13479]],[[90.98547,25.13479],[90.98557,25.13479],[90.98557,25.1347],[90.98547,25.1347],[90.98547,25.13479]],[[90.98567,25.13479],[90.98577,25.13479],[90.98577,25.13461],[90.98567,25.13461],[90.98567,25.13479]],[[90.98637,25.13471],[90.98656,25.13472],[90.98657,25.13463],[90.98637,25.13462],[90.98637,25.13471]]]},"properties":{"id":"wetland_patch_2e33fe1133db","date":"2026-06-30","area_km2":0.0165,"pixel_count":165,"classification":"OPEN_WATER","interpretation_label":"HH darkening candidate","mean_delta_db":-5.25856317317847,"median_delta_db":-4.698838233947754,"hh_before":-14.252042118708292,"hh_after":-19.510605291886762,"hv_before":-23.56516790679007,"hv_after":-23.449031136252664,"delta_hh":-5.25856317317847,"delta_hv":0.1161367705374053,"valid_fraction":1.0,"valid_fraction_scope":"region bounding box, all four channels","vegetated_fraction":0.0,"quality_status":"PASS","spatial_status":"PARTIAL","temporal_status":"PARTIAL","temporal_overlap_fraction":null,"threshold_stability":"SENSITIVE","threshold_variation_fraction":0.2235294117647059,"evidence_state":"UNCERTAIN","centroid":[25.134878012563934,90.98626752536978],"data_source":"NISAR","evidence_method":"Rule consistency only; no accuracy estimate or independent reference validation.","baseline_method":"SINGLE_PRECEDING_OBSERVATION","baseline_observation_count":1,"baseline_observation_dates":["2026-06-18"],"baseline_hh_temporal_mad_db":null,"baseline_scene_names":["NISAR_L2_PR_GCOV_023_069_A_014_4005_DHDH_A_20260618T232135_20260618T232210_P05023_N_F_J_001"],"contextual_land_cover":null,"distance_to_water_m":null,"context_status":"NOT_AVAILABLE","reference_validated":false}},{"type":"Feature","geometry":{"type":"Polygon","coordinates":[[[90.9927,25.13579],[90.9927,25.13561],[90.9928,25.13561],[90.9928,25.13552],[90.9927,25.13552],[90.9927,25.13543],[90.9925,25.13543],[90.9925,25.13534],[90.99231,25.13534],[90.99231,25.13524],[90.99221,25.13524],[90.99221,25.13506],[90.99271,25.13507],[90.99271,25.13498],[90.99261,25.13498],[90.99261,25.13489],[90.99251,25.13489],[90.99251,25.13498],[90.99241,25.13498],[90.99241,25.13489],[90.99231,25.13488],[90.99231,25.13479],[90.99222,25.13479],[90.99222,25.13461],[90.99281,25.13462],[90.99281,25.13453],[90.99291,25.13453],[90.99292,25.13417],[90.99302,25.13417],[90.99301,25.13471],[90.99291,25.13471],[90.99291,25.13489],[90.99301,25.13489],[90.993,25.13507],[90.9931,25.13508],[90.99311,25.13498],[90.9932,25.13499],[90.9932,25.13517],[90.9931,25.13517],[90.9931,25.13544],[90.9932,25.13544],[90.9932,25.13553],[90.99329,25.13553],[90.9933,25.13544],[90.9934,25.13544],[90.99339,25.1358],[90.99329,25.1358],[90.99329,25.13571],[90.99319,25.13571],[90.99319,25.13562],[90.993,25.13562],[90.993,25.13552],[90.9929,25.13552],[90.99289,25.13579],[90.9927,25.13579]],[[90.9928,25.13543],[90.9929,25.13543],[90.9929,25.13525],[90.993,25.13525],[90.993,25.13516],[90.9929,25.13516],[90.99291,25.13507],[90.99281,25.13507],[90.9928,25.13543]],[[90.9925,25.13534],[90.9926,25.13534],[90.9926,25.13525],[90.9927,25.13525],[90.99271,25.13516],[90.99251,25.13516],[90.9925,25.13534]],[[90.99271,25.13498],[90.99281,25.13498],[90.99281,25.13471],[90.99271,25.13471],[90.99271,25.13498]],[[90.99231,25.13479],[90.99251,25.1348],[90.99251,25.13471],[90.99232,25.1347],[90.99231,25.13479]]]},"properties":{"id":"wetland_patch_77f491c8d56e","date":"2026-06-30","area_km2":0.0074,"pixel_count":74,"classification":"OPEN_WATER","interpretation_label":"HH darkening candidate","mean_delta_db":-5.089962804639661,"median_delta_db":-4.792335510253906,"hh_before":-14.926074607952222,"hh_after":-20.01603741259188,"hv_before":-23.864177420332624,"hv_after":-23.948665000296927,"delta_hh":-5.089962804639661,"delta_hv":-0.08448757996430269,"valid_fraction":1.0,"valid_fraction_scope":"region bounding box, all four channels","vegetated_fraction":0.0,"quality_status":"PASS","spatial_status":"PARTIAL","temporal_status":"PARTIAL","temporal_overlap_fraction":null,"threshold_stability":"SENSITIVE","threshold_variation_fraction":0.2818181818181818,"evidence_state":"UNCERTAIN","centroid":[25.135112273997468,90.9927920587929],"data_source":"NISAR","evidence_method":"Rule consistency only; no accuracy estimate or independent reference validation.","baseline_method":"SINGLE_PRECEDING_OBSERVATION","baseline_observation_count":1,"baseline_observation_dates":["2026-06-18"],"baseline_hh_temporal_mad_db":null,"baseline_scene_names":["NISAR_L2_PR_GCOV_023_069_A_014_4005_DHDH_A_20260618T232135_20260618T232210_P05023_N_F_J_001"],"contextual_land_cover":null,"distance_to_water_m":null,"context_status":"NOT_AVAILABLE","reference_validated":false}},{"type":"Feature","geometry":{"type":"Polygon","coordinates":[[[90.99152,25.13505],[90.99152,25.13496],[90.99142,25.13496],[90.99142,25.13478],[90.99132,25.13478],[90.99133,25.13451],[90.99113,25.13451],[90.99113,25.13442],[90.99103,25.13442],[90.99104,25.13414],[90.99114,25.13415],[90.99113,25.13424],[90.99133,25.13424],[90.99134,25.13406],[90.99143,25.13406],[90.99144,25.13397],[90.99084,25.13396],[90.99084,25.13387],[90.99094,25.13387],[90.99094,25.13378],[90.99104,25.13378],[90.99104,25.13387],[90.99124,25.13388],[90.99124,25.13379],[90.99134,25.13379],[90.99134,25.13388],[90.99154,25.13388],[90.99153,25.13397],[90.99163,25.13397],[90.99164,25.13379],[90.99174,25.13379],[90.99174,25.13361],[90.99184,25.13361],[90.99184,25.13379],[90.99193,25.1338],[90.99194,25.13361],[90.99214,25.13362],[90.99213,25.13371],[90.99223,25.13371],[90.99223,25.13398],[90.99233,25.13398],[90.99233,25.1338],[90.99243,25.1338],[90.99243,25.13371],[90.99263,25.13371],[90.99263,25.1338],[90.99283,25.13381],[90.99283,25.1339],[90.99292,25.1339],[90.99293,25.13381],[90.99303,25.13381],[90.99303,25.13372],[90.99313,25.13372],[90.99312,25.13381],[90.99322,25.13381],[90.99322,25.1339],[90.99332,25.1339],[90.99332,25.13399],[90.99312,25.13399],[90.99312,25.1339],[90.99302,25.1339],[90.99302,25.13408],[90.99262,25.13408],[90.99263,25.13399],[90.99253,25.13398],[90.99252,25.13416],[90.99242,25.13416],[90.99242,25.13434],[90.99232,25.13434],[90.99232,25.13452],[90.99212,25.13452],[90.99212,25.13488],[90.99221,25.13488],[90.99221,25.13506],[90.99211,25.13506],[90.99211,25.13497],[90.99201,25.13497],[90.99202,25.13488],[90.99192,25.13488],[90.99192,25.13479],[90.99172,25.13479],[90.99172,25.13488],[90.99182,25.13488],[90.99181,25.13506],[90.99152,25.13505]],[[90.99162,25.13496],[90.99172,25.13497],[90.99172,25.13488],[90.99162,25.13487],[90.99162,25.13496]],[[90.99142,25.13469],[90.99152,25.13469],[90.99153,25.13451],[90.99143,25.13451],[90.99142,25.13469]],[[90.99172,25.1347],[90.99182,25.1347],[90.99182,25.13461],[90.99172,25.1346],[90.99172,25.1347]],[[90.99162,25.1346],[90.99172,25.1346],[90.99173,25.13442],[90.99163,25.13442],[90.99163,25.13433],[90.99143,25.13433],[90.99143,25.13442],[90.99153,25.13442],[90.99153,25.13451],[90.99163,25.13451],[90.99162,25.1346]],[[90.99193,25.13434],[90.99212,25.13434],[90.99213,25.13416],[90.99203,25.13416],[90.99203,25.13425],[90.99193,25.13425],[90.99193,25.13434]],[[90.99153,25.13424],[90.99163,25.13424],[90.99163,25.13415],[90.99153,25.13415],[90.99153,25.13424]],[[90.99222,25.13425],[90.99232,25.13425],[90.99233,25.13416],[90.99223,25.13416],[90.99222,25.13425]],[[90.99233,25.13416],[90.99242,25.13416],[90.99243,25.13407],[90.99233,25.13407],[90.99233,25.13416]],[[90.99163,25.13406],[90.99173,25.13406],[90.99173,25.13397],[90.99163,25.13397],[90.99163,25.13406]],[[90.99243,25.13389],[90.99253,25.13389],[90.99253,25.1338],[90.99243,25.1338],[90.99243,25.13389]]]},"properties":{"id":"wetland_patch_dc94a577e948","date":"2026-06-30","area_km2":0.0148,"pixel_count":148,"classification":"OPEN_WATER","interpretation_label":"HH darkening candidate","mean_delta_db":-5.766465509260023,"median_delta_db":-5.106532573699951,"hh_before":-13.835571076418903,"hh_after":-19.602036585678924,"hv_before":-23.43667779097686,"hv_after":-23.601450436824077,"delta_hh":-5.766465509260023,"delta_hv":-0.16477264584721746,"valid_fraction":1.0,"valid_fraction_scope":"region bounding box, all four channels","vegetated_fraction":0.0,"quality_status":"PASS","spatial_status":"PARTIAL","temporal_status":"PARTIAL","temporal_overlap_fraction":null,"threshold_stability":"SENSITIVE","threshold_variation_fraction":0.2033898305084746,"evidence_state":"UNCERTAIN","centroid":[25.134237426624434,90.99192457835184],"data_source":"NISAR","evidence_method":"Rule consistency only; no accuracy estimate or independent reference validation.","baseline_method":"SINGLE_PRECEDING_OBSERVATION","baseline_observation_count":1,"baseline_observation_dates":["2026-06-18"],"baseline_hh_temporal_mad_db":null,"baseline_scene_names":["NISAR_L2_PR_GCOV_023_069_A_014_4005_DHDH_A_20260618T232135_20260618T232210_P05023_N_F_J_001"],"contextual_land_cover":null,"distance_to_water_m":null,"context_status":"NOT_AVAILABLE","reference_validated":false}},{"type":"Feature","geometry":{"type":"Polygon","coordinates":[[[90.98785,25.13473],[90.98785,25.13464],[90.98756,25.13464],[90.98756,25.13455],[90.98766,25.13455],[90.98766,25.13446],[90.98756,25.13446],[90.98756,25.13437],[90.98746,25.13437],[90.98746,25.13428],[90.98727,25.13427],[90.98727,25.13418],[90.98756,25.13419],[90.98757,25.13401],[90.98737,25.134],[90.98737,25.13382],[90.98747,25.13383],[90.98747,25.13373],[90.98757,25.13374],[90.98757,25.13365],[90.98767,25.13365],[90.98767,25.13374],[90.98787,25.13374],[90.98787,25.13392],[90.98797,25.13392],[90.98796,25.1341],[90.98806,25.1341],[90.98806,25.13428],[90.98816,25.13429],[90.98816,25.13447],[90.98835,25.13447],[90.98835,25.13456],[90.98815,25.13456],[90.98815,25.13465],[90.98805,25.13465],[90.98805,25.13474],[90.98785,25.13473]],[[90.98776,25.13446],[90.98786,25.13446],[90.98786,25.13437],[90.98776,25.13437],[90.98776,25.13446]],[[90.98776,25.13428],[90.98786,25.13428],[90.98786,25.13419],[90.98776,25.13419],[90.98776,25.13428]],[[90.98776,25.1341],[90.98786,25.1341],[90.98787,25.13401],[90.98777,25.13401],[90.98776,25.1341]],[[90.98747,25.13392],[90.98757,25.13392],[90.98757,25.13383],[90.98747,25.13383],[90.98747,25.13392]]]},"properties":{"id":"wetland_patch_371b98b86b72","date":"2026-06-30","area_km2":0.0057,"pixel_count":57,"classification":"OPEN_WATER","interpretation_label":"HH darkening candidate","mean_delta_db":-5.654326965934352,"median_delta_db":-4.778093338012695,"hh_before":-13.345341473294978,"hh_after":-18.99966843922933,"hv_before":-22.970845339591044,"hv_after":-23.760454412092244,"delta_hh":-5.654326965934352,"delta_hv":-0.7896090725011993,"valid_fraction":1.0,"valid_fraction_scope":"region bounding box, all four channels","vegetated_fraction":0.0,"quality_status":"PASS","spatial_status":"PARTIAL","temporal_status":"PARTIAL","temporal_overlap_fraction":null,"threshold_stability":"STABLE","threshold_variation_fraction":0.17567567567567569,"evidence_state":"MODERATE","centroid":[25.134237129876084,90.98778572658614],"data_source":"NISAR","evidence_method":"Rule consistency only; no accuracy estimate or independent reference validation.","baseline_method":"SINGLE_PRECEDING_OBSERVATION","baseline_observation_count":1,"baseline_observation_dates":["2026-06-18"],"baseline_hh_temporal_mad_db":null,"baseline_scene_names":["NISAR_L2_PR_GCOV_023_069_A_014_4005_DHDH_A_20260618T232135_20260618T232210_P05023_N_F_J_001"],"contextual_land_cover":null,"distance_to_water_m":null,"context_status":"NOT_AVAILABLE","reference_validated":false}},{"type":"Feature","geometry":{"type":"Polygon","coordinates":[[[90.9612,25.13319],[90.96121,25.13301],[90.96111,25.13301],[90.96111,25.13292],[90.96101,25.13292],[90.96101,25.13301],[90.96091,25.13301],[90.96091,25.13283],[90.96081,25.13283],[90.96082,25.13265],[90.96042,25.13264],[90.96042,25.13255],[90.96052,25.13255],[90.96052,25.13246],[90.96062,25.13246],[90.96062,25.13228],[90.96052,25.13228],[90.96053,25.13219],[90.96062,25.13219],[90.96063,25.13201],[90.96073,25.13201],[90.96073,25.13183],[90.96093,25.13184],[90.96093,25.13175],[90.96103,25.13175],[90.96103,25.13148],[90.96113,25.13148],[90.96113,25.13139],[90.96123,25.13139],[90.96123,25.1313],[90.96183,25.13131],[90.96183,25.1314],[90.96213,25.1314],[90.96213,25.13122],[90.96223,25.13122],[90.96223,25.13131],[90.96232,25.13131],[90.96232,25.1314],[90.96252,25.13141],[90.96252,25.13159],[90.96242,25.13159],[90.96242,25.13177],[90.96252,25.13177],[90.96251,25.13186],[90.96232,25.13186],[90.96231,25.13195],[90.96241,25.13195],[90.96241,25.13204],[90.96251,25.13204],[90.96251,25.13213],[90.96231,25.13213],[90.96231,25.13222],[90.96241,25.13222],[90.96241,25.13231],[90.96231,25.13231],[90.9623,25.13276],[90.96181,25.13275],[90.9618,25.13284],[90.9619,25.13284],[90.9619,25.13293],[90.9617,25.13293],[90.9617,25.1332],[90.9612,25.13319]],[[90.9615,25.13302],[90.9616,25.13302],[90.9616,25.13293],[90.9615,25.13293],[90.9615,25.13302]],[[90.96121,25.13274],[90.96131,25.13275],[90.96131,25.13265],[90.96121,25.13265],[90.96121,25.13274]],[[90.96101,25.13265],[90.96111,25.13265],[90.96111,25.13256],[90.96102,25.13256],[90.96101,25.13265]],[[90.96131,25.13247],[90.96141,25.13248],[90.96142,25.1323],[90.96132,25.13229],[90.96131,25.13247]],[[90.96102,25.13238],[90.96122,25.13238],[90.96122,25.13229],[90.96102,25.13229],[90.96102,25.13238]],[[90.96151,25.13239],[90.96161,25.13239],[90.96161,25.1323],[90.96152,25.1323],[90.96151,25.13239]],[[90.96181,25.13239],[90.96191,25.13239],[90.96191,25.1323],[90.96181,25.1323],[90.96181,25.13239]],[[90.96092,25.13229],[90.96102,25.13229],[90.96102,25.1322],[90.96092,25.1322],[90.96092,25.13229]],[[90.96082,25.1322],[90.96092,25.1322],[90.96092,25.13202],[90.96073,25.13201],[90.96073,25.13211],[90.96082,25.13211],[90.96082,25.1322]],[[90.96102,25.13211],[90.96112,25.13211],[90.96112,25.13202],[90.96102,25.13202],[90.96102,25.13211]],[[90.96132,25.13202],[90.96142,25.13202],[90.96142,25.13193],[90.96132,25.13193],[90.96132,25.13202]],[[90.96112,25.13193],[90.96122,25.13193],[90.96123,25.13184],[90.96113,25.13184],[90.96112,25.13193]],[[90.96142,25.13193],[90.96152,25.13194],[90.96152,25.13185],[90.96142,25.13184],[90.96142,25.13193]],[[90.96162,25.13185],[90.96172,25.13185],[90.96172,25.13176],[90.96162,25.13176],[90.96162,25.13185]],[[90.96212,25.13185],[90.96222,25.13185],[90.96222,25.13167],[90.96212,25.13167],[90.96212,25.13158],[90.96182,25.13158],[90.96183,25.13149],[90.96173,25.13149],[90.96172,25.13167],[90.96182,25.13167],[90.96182,25.13176],[90.96192,25.13176],[90.96192,25.13167],[90.96202,25.13167],[90.96202,25.13176],[90.96212,25.13176],[90.96212,25.13185]],[[90.96123,25.13175],[90.96143,25.13175],[90.96143,25.13166],[90.96123,25.13166],[90.96123,25.13175]]]},"properties":{"id":"wetland_patch_486514d44416","date":"2026-06-30","area_km2":0.0264,"pixel_count":264,"classification":"OPEN_WATER","interpretation_label":"HH darkening candidate","mean_delta_db":-6.37060608105226,"median_delta_db":-6.1222124099731445,"hh_before":-13.203755539475065,"hh_after":-19.574361620527327,"hv_before":-23.467643528273612,"hv_after":-23.65490194161733,"delta_hh":-6.37060608105226,"delta_hv":-0.18725841334371857,"valid_fraction":0.8722943722943723,"valid_fraction_scope":"region bounding box, all four channels","vegetated_fraction":0.0,"quality_status":"PASS","spatial_status":"PASS","temporal_status":"PARTIAL","temporal_overlap_fraction":null,"threshold_stability":"STABLE","threshold_variation_fraction":0.09574468085106383,"evidence_state":"MODERATE","centroid":[25.13219656678861,90.96155339615781],"data_source":"NISAR","evidence_method":"Rule consistency only; no accuracy estimate or independent reference validation.","baseline_method":"SINGLE_PRECEDING_OBSERVATION","baseline_observation_count":1,"baseline_observation_dates":["2026-06-18"],"baseline_hh_temporal_mad_db":null,"baseline_scene_names":["NISAR_L2_PR_GCOV_023_069_A_014_4005_DHDH_A_20260618T232135_20260618T232210_P05023_N_F_J_001"],"contextual_land_cover":null,"distance_to_water_m":null,"context_status":"NOT_AVAILABLE","reference_validated":false}},{"type":"Feature","geometry":{"type":"Polygon","coordinates":[[[91.01404,25.12823],[91.01404,25.12814],[91.01384,25.12813],[91.01385,25.12795],[91.01355,25.12795],[91.01355,25.12804],[91.01345,25.12804],[91.01345,25.12795],[91.01325,25.12794],[91.01325,25.12785],[91.01315,25.12785],[91.01316,25.12758],[91.01326,25.12758],[91.01326,25.12767],[91.01335,25.12767],[91.01335,25.12786],[91.01345,25.12786],[91.01345,25.12777],[91.01355,25.12777],[91.01355,25.12786],[91.01375,25.12786],[91.01375,25.12777],[91.01365,25.12777],[91.01365,25.12768],[91.01345,25.12768],[91.01346,25.1275],[91.01356,25.1275],[91.01356,25.12732],[91.01366,25.12732],[91.01366,25.12723],[91.01356,25.12723],[91.01356,25.12714],[91.01376,25.12714],[91.01376,25.12723],[91.01386,25.12723],[91.01385,25.12741],[91.01395,25.12741],[91.01395,25.1275],[91.01385,25.1275],[91.01385,25.12786],[91.01395,25.12786],[91.01395,25.12768],[91.01425,25.12769],[91.01425,25.12751],[91.01445,25.12751],[91.01445,25.1276],[91.01435,25.1276],[91.01435,25.12769],[91.01454,25.12769],[91.01454,25.12778],[91.01444,25.12778],[91.01444,25.12787],[91.01454,25.12787],[91.01454,25.12796],[91.01434,25.12796],[91.01434,25.12814],[91.01424,25.12814],[91.01424,25.12823],[91.01404,25.12823]],[[91.01414,25.12814],[91.01424,25.12814],[91.01424,25.12805],[91.01414,25.12805],[91.01414,25.12814]],[[91.01394,25.12804],[91.01404,25.12805],[91.01404,25.12795],[91.01394,25.12795],[91.01394,25.12804]]]},"properties":{"id":"wetland_patch_7ce128e4833f","date":"2026-06-30","area_km2":0.0066,"pixel_count":66,"classification":"OPEN_WATER","interpretation_label":"HH darkening candidate","mean_delta_db":-5.109958272991759,"median_delta_db":-4.410370349884033,"hh_before":-13.686362728928074,"hh_after":-18.796321001919832,"hv_before":-23.695451938744746,"hv_after":-23.961649374528363,"delta_hh":-5.109958272991759,"delta_hv":-0.26619743578361743,"valid_fraction":1.0,"valid_fraction_scope":"region bounding box, all four channels","vegetated_fraction":0.0,"quality_status":"PASS","spatial_status":"PARTIAL","temporal_status":"PARTIAL","temporal_overlap_fraction":null,"threshold_stability":"SENSITIVE","threshold_variation_fraction":0.2261904761904762,"evidence_state":"UNCERTAIN","centroid":[25.1277432375102,91.01387627993665],"data_source":"NISAR","evidence_method":"Rule consistency only; no accuracy estimate or independent reference validation.","baseline_method":"SINGLE_PRECEDING_OBSERVATION","baseline_observation_count":1,"baseline_observation_dates":["2026-06-18"],"baseline_hh_temporal_mad_db":null,"baseline_scene_names":["NISAR_L2_PR_GCOV_023_069_A_014_4005_DHDH_A_20260618T232135_20260618T232210_P05023_N_F_J_001"],"contextual_land_cover":null,"distance_to_water_m":null,"context_status":"NOT_AVAILABLE","reference_validated":false}},{"type":"Feature","geometry":{"type":"Polygon","coordinates":[[[90.98371,25.12764],[90.98371,25.12754],[90.98381,25.12755],[90.98381,25.12746],[90.98391,25.12746],[90.98391,25.12719],[90.98401,25.12719],[90.98402,25.12665],[90.98392,25.12665],[90.98393,25.12619],[90.98403,25.1262],[90.98403,25.1261],[90.98413,25.12611],[90.98413,25.12602],[90.98423,25.12602],[90.98423,25.12611],[90.98452,25.12611],[90.98453,25.12602],[90.98433,25.12602],[90.98433,25.12593],[90.98443,25.12593],[90.98443,25.12584],[90.98453,25.12584],[90.98453,25.12593],[90.98463,25.12593],[90.98462,25.1262],[90.98472,25.1262],[90.98473,25.12593],[90.98482,25.12594],[90.98482,25.12603],[90.98492,25.12603],[90.98492,25.12594],[90.98512,25.12594],[90.98512,25.12585],[90.98522,25.12585],[90.98522,25.12603],[90.98532,25.12603],[90.98532,25.12612],[90.98512,25.12612],[90.98512,25.12603],[90.98502,25.12603],[90.98502,25.12612],[90.98492,25.12612],[90.98492,25.12621],[90.98482,25.12621],[90.98482,25.1263],[90.98472,25.12629],[90.98472,25.12639],[90.98462,25.12638],[90.98462,25.12629],[90.98452,25.12629],[90.98452,25.12647],[90.98442,25.12647],[90.98442,25.12638],[90.98422,25.12638],[90.98422,25.12665],[90.98442,25.12665],[90.98441,25.12683],[90.98431,25.12683],[90.98432,25.12674],[90.98422,25.12674],[90.98421,25.1271],[90.98411,25.1271],[90.98411,25.12728],[90.98401,25.12728],[90.984,25.12764],[90.98371,25.12764]],[[90.98442,25.12629],[90.98452,25.12629],[90.98452,25.1262],[90.98442,25.1262],[90.98442,25.12629]]]},"properties":{"id":"wetland_patch_19df81c0f357","date":"2026-06-30","area_km2":0.0072,"pixel_count":72,"classification":"OPEN_WATER","interpretation_label":"HH darkening candidate","mean_delta_db":-5.905706190400654,"median_delta_db":-5.1844282150268555,"hh_before":-11.322730902168486,"hh_after":-17.228437092569138,"hv_before":-19.575707071357304,"hv_after":-22.68116381433275,"delta_hh":-5.905706190400654,"delta_hv":-3.1054567429754467,"valid_fraction":1.0,"valid_fraction_scope":"region bounding box, all four channels","vegetated_fraction":0.0,"quality_status":"PASS","spatial_status":"PARTIAL","temporal_status":"PARTIAL","temporal_overlap_fraction":null,"threshold_stability":"SENSITIVE","threshold_variation_fraction":0.2222222222222222,"evidence_state":"UNCERTAIN","centroid":[25.126496560462627,90.98433308709605],"data_source":"NISAR","evidence_method":"Rule consistency only; no accuracy estimate or independent reference validation.","baseline_method":"SINGLE_PRECEDING_OBSERVATION","baseline_observation_count":1,"baseline_observation_dates":["2026-06-18"],"baseline_hh_temporal_mad_db":null,"baseline_scene_names":["NISAR_L2_PR_GCOV_023_069_A_014_4005_DHDH_A_20260618T232135_20260618T232210_P05023_N_F_J_001"],"contextual_land_cover":null,"distance_to_water_m":null,"context_status":"NOT_AVAILABLE","reference_validated":false}},{"type":"Feature","geometry":{"type":"Polygon","coordinates":[[[91.00185,25.12174],[91.00185,25.12165],[91.00175,25.12165],[91.00175,25.12156],[91.00165,25.12156],[91.00165,25.12165],[91.00145,25.12165],[91.00146,25.12147],[91.00136,25.12146],[91.00136,25.12137],[91.00126,25.12137],[91.00126,25.12146],[91.00076,25.12146],[91.00076,25.12137],[91.00067,25.12137],[91.00066,25.12146],[91.00047,25.12145],[91.00047,25.12136],[91.00057,25.12136],[91.00057,25.12127],[91.00047,25.12127],[91.00047,25.12118],[91.00037,25.12118],[91.00037,25.12109],[91.00027,25.12109],[91.00027,25.121],[91.00047,25.121],[91.00047,25.12091],[91.00057,25.12091],[91.00057,25.12118],[91.00067,25.12118],[91.00067,25.121],[91.00087,25.12101],[91.00087,25.1211],[91.00097,25.1211],[91.00097,25.12101],[91.00107,25.12101],[91.00107,25.12092],[91.00127,25.12092],[91.00127,25.12101],[91.00117,25.12101],[91.00116,25.12119],[91.00136,25.12119],[91.00136,25.12128],[91.00156,25.12129],[91.00156,25.1212],[91.00166,25.1212],[91.00166,25.12138],[91.00176,25.12138],[91.00176,25.12129],[91.00186,25.12129],[91.00185,25.12138],[91.00195,25.12138],[91.00195,25.12147],[91.00185,25.12147],[91.00185,25.12156],[91.00205,25.12156],[91.00205,25.12147],[91.00215,25.12148],[91.00215,25.12166],[91.00195,25.12165],[91.00195,25.12174],[91.00185,25.12174]],[[91.00156,25.12147],[91.00166,25.12147],[91.00166,25.12138],[91.00156,25.12138],[91.00156,25.12147]],[[91.00106,25.12137],[91.00126,25.12137],[91.00126,25.12128],[91.00106,25.12128],[91.00106,25.12137]],[[91.00077,25.12119],[91.00087,25.12119],[91.00087,25.1211],[91.00077,25.1211],[91.00077,25.12119]],[[91.00097,25.12119],[91.00106,25.12119],[91.00107,25.1211],[91.00097,25.1211],[91.00097,25.12119]]]},"properties":{"id":"wetland_patch_c549de1fa0e9","date":"2026-06-30","area_km2":0.0059,"pixel_count":59,"classification":"OPEN_WATER","interpretation_label":"HH darkening candidate","mean_delta_db":-5.429437895952645,"median_delta_db":-4.755138397216797,"hh_before":-15.149768764689817,"hh_after":-20.579206660642463,"hv_before":-24.306684526346498,"hv_after":-23.938281592676194,"delta_hh":-5.429437895952645,"delta_hv":0.3684029336703026,"valid_fraction":1.0,"valid_fraction_scope":"region bounding box, all four channels","vegetated_fraction":0.0,"quality_status":"PASS","spatial_status":"PARTIAL","temporal_status":"PARTIAL","temporal_overlap_fraction":null,"threshold_stability":"SENSITIVE","threshold_variation_fraction":0.2289156626506024,"evidence_state":"UNCERTAIN","centroid":[25.121313277160734,91.00117115587034],"data_source":"NISAR","evidence_method":"Rule consistency only; no accuracy estimate or independent reference validation.","baseline_method":"SINGLE_PRECEDING_OBSERVATION","baseline_observation_count":1,"baseline_observation_dates":["2026-06-18"],"baseline_hh_temporal_mad_db":null,"baseline_scene_names":["NISAR_L2_PR_GCOV_023_069_A_014_4005_DHDH_A_20260618T232135_20260618T232210_P05023_N_F_J_001"],"contextual_land_cover":null,"distance_to_water_m":null,"context_status":"NOT_AVAILABLE","reference_validated":false}},{"type":"Feature","geometry":{"type":"Polygon","coordinates":[[[90.99026,25.12086],[90.99026,25.12077],[90.99016,25.12077],[90.99017,25.12068],[90.99007,25.12068],[90.99007,25.12059],[90.99017,25.12059],[90.99017,25.1205],[90.99027,25.1205],[90.99027,25.12059],[90.99066,25.1206],[90.99066,25.12051],[90.99086,25.12051],[90.99087,25.12033],[90.99077,25.12033],[90.99077,25.11997],[90.99067,25.11997],[90.99067,25.11988],[90.99077,25.11988],[90.99078,25.11979],[90.99087,25.11979],[90.99088,25.1197],[90.99107,25.1197],[90.99108,25.11961],[90.99127,25.11961],[90.99127,25.11979],[90.99137,25.1198],[90.99137,25.11998],[90.99127,25.11997],[90.99127,25.12006],[90.99117,25.12006],[90.99117,25.11979],[90.99097,25.11979],[90.99097,25.11988],[90.99087,25.11988],[90.99087,25.11997],[90.99097,25.11997],[90.99097,25.12015],[90.99117,25.12015],[90.99116,25.12024],[90.99136,25.12025],[90.99137,25.12007],[90.99146,25.12007],[90.99146,25.12016],[90.99156,25.12016],[90.99156,25.12025],[90.99146,25.12025],[90.99146,25.12043],[90.99136,25.12043],[90.99136,25.12052],[90.99116,25.12051],[90.99116,25.1206],[90.99106,25.1206],[90.99106,25.12069],[90.99116,25.1207],[90.99116,25.12079],[90.99125,25.12079],[90.99125,25.12088],[90.99086,25.12087],[90.99086,25.12069],[90.99076,25.12069],[90.99076,25.12078],[90.99046,25.12078],[90.99046,25.12069],[90.99036,25.12068],[90.99036,25.12086],[90.99026,25.12086]],[[90.99096,25.12078],[90.99106,25.12078],[90.99106,25.12069],[90.99096,25.12069],[90.99096,25.12078]],[[90.99106,25.12042],[90.99116,25.12042],[90.99116,25.12024],[90.99097,25.12024],[90.99096,25.12033],[90.99106,25.12033],[90.99106,25.12042]]]},"properties":{"id":"wetland_patch_f11e5fd0c56a","date":"2026-06-30","area_km2":0.0069,"pixel_count":69,"classification":"OPEN_WATER","interpretation_label":"HH darkening candidate","mean_delta_db":-5.665159301481385,"median_delta_db":-4.599321365356445,"hh_before":-11.631407122681106,"hh_after":-17.296566424162492,"hv_before":-19.46303234929624,"hv_after":-22.099550012229145,"delta_hh":-5.665159301481385,"delta_hv":-2.6365176629329072,"valid_fraction":1.0,"valid_fraction_scope":"region bounding box, all four channels","vegetated_fraction":0.0,"quality_status":"PASS","spatial_status":"PARTIAL","temporal_status":"PARTIAL","temporal_overlap_fraction":null,"threshold_stability":"SENSITIVE","threshold_variation_fraction":0.25510204081632654,"evidence_state":"UNCERTAIN","centroid":[25.120342101661123,90.9909322870464],"data_source":"NISAR","evidence_method":"Rule consistency only; no accuracy estimate or independent reference validation.","baseline_method":"SINGLE_PRECEDING_OBSERVATION","baseline_observation_count":1,"baseline_observation_dates":["2026-06-18"],"baseline_hh_temporal_mad_db":null,"baseline_scene_names":["NISAR_L2_PR_GCOV_023_069_A_014_4005_DHDH_A_20260618T232135_20260618T232210_P05023_N_F_J_001"],"contextual_land_cover":null,"distance_to_water_m":null,"context_status":"NOT_AVAILABLE","reference_validated":false}},{"type":"Feature","geometry":{"type":"Polygon","coordinates":[[[90.99287,25.11882],[90.99287,25.11873],[90.99278,25.11873],[90.99278,25.11864],[90.99268,25.11864],[90.99268,25.11837],[90.99258,25.11837],[90.99258,25.11828],[90.99249,25.11828],[90.99248,25.11837],[90.99229,25.11836],[90.99229,25.11827],[90.99219,25.11827],[90.99219,25.118],[90.99209,25.118],[90.9921,25.11773],[90.9924,25.11773],[90.9924,25.11764],[90.9925,25.11764],[90.99249,25.11773],[90.99259,25.11774],[90.99259,25.11783],[90.99249,25.11782],[90.99249,25.11819],[90.99259,25.11819],[90.99259,25.11792],[90.99269,25.11792],[90.99269,25.1181],[90.99289,25.1181],[90.99289,25.11801],[90.99308,25.11801],[90.99309,25.11774],[90.99299,25.11774],[90.99299,25.11765],[90.99309,25.11765],[90.99309,25.11756],[90.99319,25.11756],[90.99319,25.11783],[90.99329,25.11784],[90.99328,25.11802],[90.99348,25.11802],[90.99347,25.11847],[90.99337,25.11847],[90.99337,25.11856],[90.99327,25.11856],[90.99327,25.11865],[90.99337,25.11865],[90.99337,25.11874],[90.99317,25.11874],[90.99317,25.11865],[90.99307,25.11864],[90.99307,25.11874],[90.99297,25.11873],[90.99297,25.11882],[90.99287,25.11882]],[[90.99308,25.11846],[90.99318,25.11847],[90.99318,25.11838],[90.99338,25.11838],[90.99338,25.11829],[90.99308,25.11828],[90.99308,25.11846]],[[90.99288,25.11828],[90.99308,25.11828],[90.99308,25.11819],[90.99288,25.11819],[90.99288,25.11828]],[[90.99229,25.118],[90.99239,25.118],[90.99239,25.11782],[90.99229,25.11782],[90.99229,25.118]]]},"properties":{"id":"wetland_patch_e3a4cb062e68","date":"2026-06-30","area_km2":0.0088,"pixel_count":88,"classification":"OPEN_WATER","interpretation_label":"HH darkening candidate","mean_delta_db":-5.654406753453341,"median_delta_db":-5.116356372833252,"hh_before":-14.966261982917786,"hh_after":-20.620668736371126,"hv_before":-23.92021031813188,"hv_after":-24.674167004498567,"delta_hh":-5.654406753453341,"delta_hv":-0.7539566863666881,"valid_fraction":1.0,"valid_fraction_scope":"region bounding box, all four channels","vegetated_fraction":0.0,"quality_status":"PASS","spatial_status":"PARTIAL","temporal_status":"PARTIAL","temporal_overlap_fraction":null,"threshold_stability":"SENSITIVE","threshold_variation_fraction":0.25663716814159293,"evidence_state":"UNCERTAIN","centroid":[25.118207832208718,90.99284966057172],"data_source":"NISAR","evidence_method":"Rule consistency only; no accuracy estimate or independent reference validation.","baseline_method":"SINGLE_PRECEDING_OBSERVATION","baseline_observation_count":1,"baseline_observation_dates":["2026-06-18"],"baseline_hh_temporal_mad_db":null,"baseline_scene_names":["NISAR_L2_PR_GCOV_023_069_A_014_4005_DHDH_A_20260618T232135_20260618T232210_P05023_N_F_J_001"],"contextual_land_cover":null,"distance_to_water_m":null,"context_status":"NOT_AVAILABLE","reference_validated":false}},{"type":"Feature","geometry":{"type":"Polygon","coordinates":[[[90.99922,25.11864],[90.99923,25.11846],[90.99942,25.11846],[90.99943,25.11819],[90.99933,25.11819],[90.99933,25.11801],[90.99864,25.118],[90.99864,25.11791],[90.99874,25.11791],[90.99874,25.11782],[90.99864,25.11782],[90.99864,25.11773],[90.99854,25.11773],[90.99854,25.11764],[90.99864,25.11764],[90.99865,25.11746],[90.99855,25.11745],[90.99855,25.11727],[90.99875,25.11728],[90.99875,25.11719],[90.99885,25.11719],[90.99884,25.11746],[90.99894,25.11746],[90.99895,25.11737],[90.99904,25.11737],[90.99905,25.11728],[90.99934,25.11729],[90.99935,25.11719],[90.99925,25.11719],[90.99925,25.1171],[90.99905,25.1171],[90.99905,25.11701],[90.99935,25.11701],[90.99935,25.11683],[90.99945,25.11684],[90.99945,25.11693],[90.99965,25.11693],[90.99965,25.11702],[90.99955,25.11702],[90.99954,25.11729],[90.99994,25.11729],[90.99994,25.11747],[91.00003,25.11748],[91.00003,25.11766],[90.99993,25.11765],[90.99993,25.11774],[90.99983,25.11774],[90.99983,25.11783],[90.99993,25.11783],[90.99993,25.11802],[90.99983,25.11801],[90.99983,25.1181],[90.99993,25.11811],[90.99992,25.11838],[90.99972,25.11837],[90.99972,25.11846],[90.99952,25.11846],[90.99952,25.11855],[90.99942,25.11855],[90.99942,25.11864],[90.99922,25.11864]],[[90.99962,25.11837],[90.99972,25.11837],[90.99973,25.11819],[90.99953,25.11819],[90.99953,25.11828],[90.99962,25.11828],[90.99962,25.11837]],[[90.99933,25.11801],[90.99943,25.11801],[90.99943,25.11792],[90.99933,25.11792],[90.99933,25.11801]],[[90.99963,25.11801],[90.99983,25.11801],[90.99983,25.11792],[90.99973,25.11792],[90.99973,25.11783],[90.99963,25.11783],[90.99963,25.11801]],[[90.99894,25.11791],[90.99904,25.11791],[90.99904,25.11764],[90.99894,25.11764],[90.99894,25.11755],[90.99884,25.11755],[90.99884,25.11764],[90.99874,25.11764],[90.99874,25.11773],[90.99894,25.11773],[90.99894,25.11791]],[[90.99913,25.11791],[90.99923,25.11792],[90.99924,25.11783],[90.99914,25.11782],[90.99913,25.11791]],[[90.99924,25.11783],[90.99933,25.11783],[90.99934,25.11774],[90.99924,25.11774],[90.99924,25.11783]],[[90.99963,25.11774],[90.99973,25.11774],[90.99973,25.11765],[90.99964,25.11765],[90.99963,25.11774]],[[90.99914,25.11764],[90.99924,25.11764],[90.99924,25.11755],[90.99914,25.11755],[90.99914,25.11764]],[[90.99954,25.11756],[90.99964,25.11756],[90.99964,25.11747],[90.99954,25.11747],[90.99954,25.11756]],[[90.99904,25.11746],[90.99914,25.11746],[90.99914,25.11737],[90.99904,25.11737],[90.99904,25.11746]],[[90.99924,25.11746],[90.99944,25.11747],[90.99944,25.11738],[90.99924,25.11737],[90.99924,25.11746]]]},"properties":{"id":"wetland_patch_6fade37479ec","date":"2026-06-30","area_km2":0.0127,"pixel_count":127,"classification":"OPEN_WATER","interpretation_label":"HH darkening candidate","mean_delta_db":-5.66226302920364,"median_delta_db":-5.367185592651367,"hh_before":-15.108743675111786,"hh_after":-20.771006704315425,"hv_before":-24.116468489639402,"hv_after":-24.047440596452848,"delta_hh":-5.66226302920364,"delta_hv":0.0690278931865542,"valid_fraction":1.0,"valid_fraction_scope":"region bounding box, all four channels","vegetated_fraction":0.0,"quality_status":"PASS","spatial_status":"PARTIAL","temporal_status":"PARTIAL","temporal_overlap_fraction":null,"threshold_stability":"SENSITIVE","threshold_variation_fraction":0.2046783625730994,"evidence_state":"UNCERTAIN","centroid":[25.117697341321776,90.99936063499979],"data_source":"NISAR","evidence_method":"Rule consistency only; no accuracy estimate or independent reference validation.","baseline_method":"SINGLE_PRECEDING_OBSERVATION","baseline_observation_count":1,"baseline_observation_dates":["2026-06-18"],"baseline_hh_temporal_mad_db":null,"baseline_scene_names":["NISAR_L2_PR_GCOV_023_069_A_014_4005_DHDH_A_20260618T232135_20260618T232210_P05023_N_F_J_001"],"contextual_land_cover":null,"distance_to_water_m":null,"context_status":"NOT_AVAILABLE","reference_validated":false}},{"type":"Feature","geometry":{"type":"Polygon","coordinates":[[[90.98951,25.11805],[90.98952,25.11796],[90.98962,25.11797],[90.98962,25.11788],[90.98952,25.11787],[90.98952,25.11778],[90.98932,25.11778],[90.98932,25.11769],[90.98912,25.11769],[90.98912,25.11778],[90.98902,25.11778],[90.98902,25.11769],[90.98893,25.11769],[90.98893,25.1176],[90.98883,25.11759],[90.98883,25.11732],[90.98893,25.11732],[90.98893,25.11751],[90.98913,25.11751],[90.98913,25.1176],[90.98922,25.1176],[90.98923,25.11742],[90.98903,25.11742],[90.98903,25.11733],[90.98923,25.11733],[90.98923,25.11715],[90.98913,25.11715],[90.98914,25.11688],[90.98924,25.11688],[90.98924,25.11679],[90.98934,25.11679],[90.98933,25.11697],[90.98953,25.11697],[90.98953,25.11706],[90.98933,25.11706],[90.98933,25.11715],[90.98953,25.11715],[90.98953,25.11724],[90.98963,25.11724],[90.98963,25.11733],[90.98992,25.11734],[90.98992,25.11743],[90.99012,25.11743],[90.99012,25.11752],[90.99002,25.11752],[90.99002,25.11761],[90.99012,25.11761],[90.99012,25.1177],[90.98992,25.1177],[90.98992,25.11761],[90.98982,25.11761],[90.98982,25.11779],[90.99011,25.11779],[90.99011,25.11788],[90.98982,25.11788],[90.98981,25.11806],[90.98951,25.11805]],[[90.98962,25.11788],[90.98972,25.11788],[90.98972,25.1177],[90.98962,25.1177],[90.98962,25.11788]],[[90.98932,25.11769],[90.98942,25.11769],[90.98942,25.1176],[90.98932,25.1176],[90.98932,25.11769]],[[90.98952,25.11769],[90.98962,25.1177],[90.98962,25.1176],[90.98952,25.1176],[90.98952,25.11769]],[[90.98942,25.11751],[90.98952,25.11751],[90.98953,25.11742],[90.98943,25.11742],[90.98942,25.11751]]]},"properties":{"id":"wetland_patch_9fe4ede9cdfd","date":"2026-06-30","area_km2":0.007,"pixel_count":70,"classification":"OPEN_WATER","interpretation_label":"HH darkening candidate","mean_delta_db":-5.707204532623291,"median_delta_db":-5.484746932983398,"hh_before":-14.200297096797398,"hh_after":-19.90750162942069,"hv_before":-23.69246564592634,"hv_after":-24.52446515219552,"delta_hh":-5.707204532623291,"delta_hv":-0.8319995062691825,"valid_fraction":0.9395604395604396,"valid_fraction_scope":"region bounding box, all four channels","vegetated_fraction":0.0,"quality_status":"PASS","spatial_status":"PARTIAL","temporal_status":"PARTIAL","temporal_overlap_fraction":null,"threshold_stability":"SENSITIVE","threshold_variation_fraction":0.23232323232323232,"evidence_state":"UNCERTAIN","centroid":[25.117491011193,90.98948995197749],"data_source":"NISAR","evidence_method":"Rule consistency only; no accuracy estimate or independent reference validation.","baseline_method":"SINGLE_PRECEDING_OBSERVATION","baseline_observation_count":1,"baseline_observation_dates":["2026-06-18"],"baseline_hh_temporal_mad_db":null,"baseline_scene_names":["NISAR_L2_PR_GCOV_023_069_A_014_4005_DHDH_A_20260618T232135_20260618T232210_P05023_N_F_J_001"],"contextual_land_cover":null,"distance_to_water_m":null,"context_status":"NOT_AVAILABLE","reference_validated":false}},{"type":"Feature","geometry":{"type":"Polygon","coordinates":[[[90.99348,25.11784],[90.99349,25.11775],[90.99339,25.11775],[90.99339,25.11766],[90.99329,25.11765],[90.9933,25.11729],[90.99339,25.1173],[90.9934,25.1172],[90.9932,25.1172],[90.9932,25.11702],[90.9931,25.11702],[90.9931,25.11729],[90.9929,25.11729],[90.9929,25.11738],[90.9928,25.11738],[90.9928,25.11747],[90.99299,25.11747],[90.99299,25.11765],[90.99289,25.11765],[90.99289,25.11756],[90.9927,25.11756],[90.9927,25.11738],[90.9926,25.11737],[90.9926,25.11719],[90.9925,25.11719],[90.9925,25.11737],[90.9923,25.11737],[90.9923,25.11728],[90.9924,25.11728],[90.9924,25.11719],[90.99231,25.11719],[90.99231,25.1171],[90.99201,25.1171],[90.99201,25.11701],[90.99221,25.11701],[90.99221,25.11692],[90.99231,25.11692],[90.99231,25.11701],[90.99241,25.11701],[90.99241,25.11692],[90.99251,25.11692],[90.99251,25.11683],[90.99261,25.11683],[90.99261,25.11692],[90.99271,25.11692],[90.99271,25.11674],[90.99291,25.11675],[90.99291,25.11666],[90.99271,25.11665],[90.99271,25.11656],[90.99261,25.11656],[90.99261,25.11665],[90.99251,25.11665],[90.99251,25.11674],[90.99241,25.11674],[90.99241,25.11683],[90.99231,25.11683],[90.99231,25.11674],[90.99221,25.11674],[90.99221,25.11683],[90.99211,25.11683],[90.99211,25.11674],[90.99152,25.11673],[90.99152,25.11664],[90.99192,25.11664],[90.99192,25.11655],[90.99202,25.11655],[90.99202,25.11646],[90.99222,25.11647],[90.99222,25.1162],[90.99212,25.11619],[90.99213,25.11601],[90.99223,25.11602],[90.99223,25.11583],[90.99243,25.11584],[90.99242,25.1162],[90.99232,25.1162],[90.99232,25.11647],[90.99261,25.11647],[90.99262,25.11638],[90.99271,25.11638],[90.99272,25.1162],[90.99252,25.1162],[90.99252,25.11593],[90.99262,25.11593],[90.99263,25.11575],[90.99273,25.11575],[90.99273,25.11566],[90.99283,25.11566],[90.99283,25.11557],[90.99303,25.11557],[90.99302,25.11567],[90.99332,25.11567],[90.99332,25.11558],[90.99342,25.11558],[90.99342,25.11549],[90.99352,25.11549],[90.99352,25.1154],[90.99362,25.1154],[90.99362,25.11531],[90.99372,25.11531],[90.99372,25.11567],[90.99362,25.11567],[90.99362,25.11558],[90.99352,25.11558],[90.99352,25.11567],[90.99342,25.11567],[90.99342,25.11576],[90.99352,25.11576],[90.99352,25.11585],[90.99372,25.11585],[90.99371,25.11604],[90.99391,25.11604],[90.99391,25.11622],[90.99401,25.11622],[90.994,25.1164],[90.9941,25.1164],[90.9941,25.11631],[90.9942,25.11631],[90.9942,25.11622],[90.99411,25.11622],[90.99411,25.11613],[90.99401,25.11613],[90.99402,25.11559],[90.99412,25.11559],[90.99411,25.11586],[90.99421,25.11586],[90.99421,25.11595],[90.99431,25.11595],[90.99431,25.11586],[90.99441,25.11586],[90.99441,25.11604],[90.9946,25.11605],[90.9946,25.11614],[90.99431,25.11613],[90.9943,25.11622],[90.9945,25.11623],[90.9945,25.11641],[90.9944,25.11641],[90.9944,25.1165],[90.9943,25.11649],[90.9943,25.11659],[90.9942,25.11658],[90.9942,25.11667],[90.9944,25.11668],[90.99439,25.11677],[90.99449,25.11677],[90.99449,25.11686],[90.99429,25.11686],[90.9943,25.11677],[90.9941,25.11676],[90.9941,25.11685],[90.99419,25.11685],[90.99419,25.11694],[90.99439,25.11695],[90.99439,25.11704],[90.99449,25.11704],[90.99449,25.11713],[90.99469,25.11713],[90.99468,25.11722],[90.99459,25.11722],[90.99458,25.11749],[90.99468,25.11749],[90.99468,25.11758],[90.99458,25.11758],[90.99458,25.11767],[90.99448,25.11767],[90.99448,25.11758],[90.99438,25.11758],[90.99438,25.11776],[90.99428,25.11776],[90.99428,25.11758],[90.99418,25.11758],[90.99419,25.1174],[90.99409,25.11739],[90.99408,25.11758],[90.99398,25.11757],[90.99399,25.11748],[90.99389,25.11748],[90.99389,25.11721],[90.99379,25.11721],[90.99379,25.11712],[90.99369,25.11712],[90.99369,25.11721],[90.99349,25.11721],[90.99349,25.11739],[90.99359,25.11739],[90.99359,25.11748],[90.99369,25.11748],[90.99369,25.11757],[90.99349,25.11757],[90.99349,25.11766],[90.99359,25.11766],[90.99358,25.11784],[90.99348,25.11784]],[[90.99429,25.11731],[90.99439,25.11731],[90.99439,25.11722],[90.99429,25.11722],[90.99429,25.11731]],[[90.9928,25.1172],[90.993,25.1172],[90.993,25.11711],[90.9929,25.11711],[90.9929,25.11702],[90.9928,25.11702],[90.9928,25.1172]],[[90.9934,25.11693],[90.9938,25.11694],[90.9938,25.11676],[90.9939,25.11676],[90.9939,25.11667],[90.9941,25.11667],[90.9941,25.11658],[90.9942,25.11658],[90.9942,25.11649],[90.9939,25.11649],[90.9939,25.1164],[90.99381,25.1164],[90.99381,25.11622],[90.99361,25.11621],[90.99361,25.1164],[90.99351,25.11639],[90.99352,25.11594],[90.99332,25.11594],[90.99332,25.11576],[90.99282,25.11575],[90.99282,25.11584],[90.99292,25.11584],[90.99292,25.11602],[90.99302,25.11603],[90.99302,25.11612],[90.99312,25.11612],[90.99311,25.11621],[90.99321,25.11621],[90.99321,25.1163],[90.99311,25.1163],[90.99311,25.11639],[90.99331,25.11639],[90.99331,25.11648],[90.99321,25.11648],[90.99321,25.11657],[90.99301,25.11657],[90.99301,25.11666],[90.99311,25.11666],[90.99311,25.11675],[90.9933,25.11675],[90.9933,25.11684],[90.9934,25.11684],[90.9934,25.11693]],[[90.99291,25.11684],[90.993,25.11684],[90.99301,25.11675],[90.99291,25.11675],[90.99291,25.11684]],[[90.99221,25.11665],[90.99231,25.11665],[90.99232,25.11656],[90.99222,25.11656],[90.99221,25.11665]],[[90.99281,25.11656],[90.99301,25.11657],[90.99301,25.11648],[90.99291,25.11648],[90.99291,25.11639],[90.99281,25.11638],[90.99281,25.11656]],[[90.9943,25.1164],[90.9944,25.11641],[90.9944,25.11632],[90.9943,25.11631],[90.9943,25.1164]]]},"properties":{"id":"wetland_patch_7ad60083f2cf","date":"2026-06-30","area_km2":0.0302,"pixel_count":302,"classification":"OPEN_WATER","interpretation_label":"HH darkening candidate","mean_delta_db":-5.4495866488147255,"median_delta_db":-5.053104400634766,"hh_before":-14.930366719795378,"hh_after":-20.379953368610103,"hv_before":-24.00024618691956,"hv_after":-24.597878948742192,"delta_hh":-5.4495866488147255,"delta_hv":-0.597632761822631,"valid_fraction":1.0,"valid_fraction_scope":"region bounding box, all four channels","vegetated_fraction":0.0,"quality_status":"PASS","spatial_status":"PARTIAL","temporal_status":"PARTIAL","temporal_overlap_fraction":null,"threshold_stability":"SENSITIVE","threshold_variation_fraction":0.2328159645232816,"evidence_state":"UNCERTAIN","centroid":[25.116670102075993,90.9933363925268],"data_source":"NISAR","evidence_method":"Rule consistency only; no accuracy estimate or independent reference validation.","baseline_method":"SINGLE_PRECEDING_OBSERVATION","baseline_observation_count":1,"baseline_observation_dates":["2026-06-18"],"baseline_hh_temporal_mad_db":null,"baseline_scene_names":["NISAR_L2_PR_GCOV_023_069_A_014_4005_DHDH_A_20260618T232135_20260618T232210_P05023_N_F_J_001"],"contextual_land_cover":null,"distance_to_water_m":null,"context_status":"NOT_AVAILABLE","reference_validated":false}},{"type":"Feature","geometry":{"type":"Polygon","coordinates":[[[90.99856,25.11691],[90.99856,25.11682],[90.99866,25.11682],[90.99866,25.11673],[90.99846,25.11673],[90.99846,25.11682],[90.99816,25.11682],[90.99817,25.11655],[90.99807,25.11655],[90.99807,25.11646],[90.99827,25.11646],[90.99827,25.11637],[90.99837,25.11637],[90.99837,25.11628],[90.99827,25.11628],[90.99827,25.11619],[90.99817,25.11619],[90.99817,25.1161],[90.99857,25.1161],[90.99857,25.11619],[90.99877,25.11619],[90.99876,25.11628],[90.99886,25.11629],[90.99886,25.11647],[90.99896,25.11647],[90.99896,25.11656],[90.99906,25.11656],[90.99906,25.11638],[90.99936,25.11638],[90.99935,25.11674],[90.99925,25.11674],[90.99925,25.11665],[90.99916,25.11665],[90.99915,25.11674],[90.99876,25.11674],[90.99875,25.11692],[90.99856,25.11691]],[[90.99836,25.11655],[90.99846,25.11655],[90.99846,25.11646],[90.99837,25.11646],[90.99836,25.11655]]]},"properties":{"id":"wetland_patch_8bc1a873c2f2","date":"2026-06-30","area_km2":0.0063,"pixel_count":63,"classification":"OPEN_WATER","interpretation_label":"HH darkening candidate","mean_delta_db":-6.556813255188957,"median_delta_db":-6.151862144470215,"hh_before":-13.383878632197304,"hh_after":-19.94069188738626,"hv_before":-23.621306434510245,"hv_after":-23.893512544177828,"delta_hh":-6.556813255188957,"delta_hv":-0.27220610966758124,"valid_fraction":1.0,"valid_fraction_scope":"region bounding box, all four channels","vegetated_fraction":0.0,"quality_status":"PASS","spatial_status":"PASS","temporal_status":"PARTIAL","temporal_overlap_fraction":null,"threshold_stability":"STABLE","threshold_variation_fraction":0.08823529411764706,"evidence_state":"MODERATE","centroid":[25.11651444349472,90.99866594869232],"data_source":"NISAR","evidence_method":"Rule consistency only; no accuracy estimate or independent reference validation.","baseline_method":"SINGLE_PRECEDING_OBSERVATION","baseline_observation_count":1,"baseline_observation_dates":["2026-06-18"],"baseline_hh_temporal_mad_db":null,"baseline_scene_names":["NISAR_L2_PR_GCOV_023_069_A_014_4005_DHDH_A_20260618T232135_20260618T232210_P05023_N_F_J_001"],"contextual_land_cover":null,"distance_to_water_m":null,"context_status":"NOT_AVAILABLE","reference_validated":false}},{"type":"Feature","geometry":{"type":"Polygon","coordinates":[[[90.9975,25.11509],[90.9975,25.115],[90.997,25.115],[90.997,25.11491],[90.9968,25.1149],[90.99681,25.11481],[90.9969,25.11481],[90.99691,25.11472],[90.99681,25.11472],[90.99681,25.11463],[90.99671,25.11463],[90.99671,25.11481],[90.99651,25.11481],[90.99651,25.11472],[90.99661,25.11472],[90.99661,25.11463],[90.99651,25.11463],[90.99651,25.11454],[90.99641,25.11454],[90.99642,25.11436],[90.99632,25.11436],[90.99631,25.11463],[90.99621,25.11462],[90.99621,25.11472],[90.99611,25.11471],[90.99612,25.11444],[90.99602,25.11444],[90.99602,25.11426],[90.99622,25.11426],[90.99622,25.11417],[90.99592,25.11417],[90.99592,25.11444],[90.99582,25.11444],[90.99582,25.11462],[90.99572,25.11462],[90.99572,25.11435],[90.99582,25.11435],[90.99583,25.11408],[90.99602,25.11408],[90.99603,25.11381],[90.99593,25.11381],[90.99593,25.11399],[90.99573,25.11399],[90.99573,25.1139],[90.99563,25.11389],[90.99563,25.1138],[90.99553,25.1138],[90.99553,25.11371],[90.99524,25.11371],[90.99524,25.11353],[90.99534,25.11353],[90.99534,25.11362],[90.99544,25.11362],[90.99544,25.11353],[90.99554,25.11353],[90.99554,25.11362],[90.99573,25.11363],[90.99573,25.11372],[90.99583,25.11372],[90.99583,25.11363],[90.99593,25.11363],[90.99593,25.11354],[90.99603,25.11354],[90.99604,25.11318],[90.99594,25.11318],[90.99594,25.11309],[90.99614,25.11309],[90.99614,25.113],[90.99594,25.113],[90.99595,25.11282],[90.99585,25.11281],[90.99584,25.11309],[90.99574,25.11308],[90.99575,25.11272],[90.99605,25.11273],[90.99605,25.11264],[90.99615,25.11264],[90.99615,25.11273],[90.99634,25.11273],[90.99634,25.11282],[90.99624,25.11282],[90.99624,25.11291],[90.99644,25.11291],[90.99644,25.113],[90.99634,25.113],[90.99634,25.11318],[90.99653,25.11318],[90.99654,25.11309],[90.99664,25.1131],[90.99663,25.11328],[90.99614,25.11327],[90.99613,25.11381],[90.99623,25.11381],[90.99623,25.11345],[90.99643,25.11345],[90.99643,25.11363],[90.99653,25.11364],[90.99653,25.11373],[90.99633,25.11372],[90.99633,25.11381],[90.99662,25.11382],[90.99662,25.11391],[90.99642,25.11391],[90.99642,25.114],[90.99652,25.114],[90.99652,25.11409],[90.99662,25.11409],[90.99662,25.114],[90.99672,25.114],[90.99672,25.11418],[90.99682,25.11418],[90.99681,25.11436],[90.99691,25.11436],[90.99691,25.11463],[90.99701,25.11464],[90.997,25.11482],[90.9972,25.11482],[90.9972,25.11491],[90.9974,25.11491],[90.9974,25.11482],[90.9975,25.11482],[90.9975,25.11491],[90.9977,25.11492],[90.9977,25.11501],[90.9976,25.115],[90.99759,25.11509],[90.9975,25.11509]],[[90.99661,25.11436],[90.99671,25.11436],[90.99672,25.11418],[90.99642,25.11418],[90.99642,25.11427],[90.99662,25.11427],[90.99661,25.11436]],[[90.99613,25.11399],[90.99622,25.11399],[90.99623,25.1139],[90.99613,25.1139],[90.99613,25.11399]],[[90.99614,25.11318],[90.99624,25.11318],[90.99624,25.11309],[90.99614,25.11309],[90.99614,25.11318]],[[90.99604,25.11291],[90.99614,25.11291],[90.99614,25.11282],[90.99605,25.11282],[90.99604,25.11291]]]},"properties":{"id":"wetland_patch_400712cc60a8","date":"2026-06-30","area_km2":0.0144,"pixel_count":144,"classification":"OPEN_WATER","interpretation_label":"HH darkening candidate","mean_delta_db":-5.236478216118282,"median_delta_db":-4.699951648712158,"hh_before":-15.594479832384321,"hh_after":-20.830958048502605,"hv_before":-24.494775772094727,"hv_after":-24.220533159044052,"delta_hh":-5.236478216118282,"delta_hv":0.27424261305067277,"valid_fraction":1.0,"valid_fraction_scope":"region bounding box, all four channels","vegetated_fraction":0.0,"quality_status":"PASS","spatial_status":"PARTIAL","temporal_status":"PARTIAL","temporal_overlap_fraction":null,"threshold_stability":"SENSITIVE","threshold_variation_fraction":0.22846441947565543,"evidence_state":"UNCERTAIN","centroid":[25.11394725126184,90.99630424142163],"data_source":"NISAR","evidence_method":"Rule consistency only; no accuracy estimate or independent reference validation.","baseline_method":"SINGLE_PRECEDING_OBSERVATION","baseline_observation_count":1,"baseline_observation_dates":["2026-06-18"],"baseline_hh_temporal_mad_db":null,"baseline_scene_names":["NISAR_L2_PR_GCOV_023_069_A_014_4005_DHDH_A_20260618T232135_20260618T232210_P05023_N_F_J_001"],"contextual_land_cover":null,"distance_to_water_m":null,"context_status":"NOT_AVAILABLE","reference_validated":false}},{"type":"Feature","geometry":{"type":"Polygon","coordinates":[[[91.00315,25.11508],[91.00315,25.11481],[91.00325,25.11481],[91.00325,25.11472],[91.00315,25.11472],[91.00315,25.11463],[91.00306,25.11463],[91.00306,25.11427],[91.00316,25.11427],[91.00317,25.11382],[91.00307,25.11381],[91.00307,25.114],[91.00297,25.11399],[91.00298,25.11336],[91.00308,25.11336],[91.00308,25.11327],[91.00328,25.11328],[91.00327,25.11337],[91.00337,25.11337],[91.00337,25.11355],[91.00347,25.11355],[91.00347,25.11364],[91.00327,25.11364],[91.00327,25.11382],[91.00337,25.11382],[91.00336,25.11418],[91.00346,25.11418],[91.00346,25.11436],[91.00336,25.11436],[91.00336,25.11445],[91.00345,25.11445],[91.00345,25.11454],[91.00335,25.11454],[91.00335,25.11463],[91.00345,25.11463],[91.00345,25.1149],[91.00325,25.1149],[91.00325,25.11508],[91.00315,25.11508]],[[91.00317,25.11346],[91.00327,25.11346],[91.00327,25.11337],[91.00318,25.11336],[91.00317,25.11346]]]},"properties":{"id":"wetland_patch_c598c027b077","date":"2026-06-30","area_km2":0.0057,"pixel_count":57,"classification":"OPEN_WATER","interpretation_label":"HH darkening candidate","mean_delta_db":-6.172787994669195,"median_delta_db":-5.571302890777588,"hh_before":-8.817205468813578,"hh_after":-14.989993463482772,"hv_before":-17.018214342886942,"hv_after":-20.743653799358167,"delta_hh":-6.172787994669195,"delta_hv":-3.725439456471226,"valid_fraction":1.0,"valid_fraction_scope":"region bounding box, all four channels","vegetated_fraction":0.0,"quality_status":"PASS","spatial_status":"PASS","temporal_status":"PARTIAL","temporal_overlap_fraction":null,"threshold_stability":"STABLE","threshold_variation_fraction":0.03389830508474576,"evidence_state":"MODERATE","centroid":[25.11410424999106,91.00322136351818],"data_source":"NISAR","evidence_method":"Rule consistency only; no accuracy estimate or independent reference validation.","baseline_method":"SINGLE_PRECEDING_OBSERVATION","baseline_observation_count":1,"baseline_observation_dates":["2026-06-18"],"baseline_hh_temporal_mad_db":null,"baseline_scene_names":["NISAR_L2_PR_GCOV_023_069_A_014_4005_DHDH_A_20260618T232135_20260618T232210_P05023_N_F_J_001"],"contextual_land_cover":null,"distance_to_water_m":null,"context_status":"NOT_AVAILABLE","reference_validated":false}},{"type":"Feature","geometry":{"type":"Polygon","coordinates":[[[90.9869,25.11441],[90.9869,25.11423],[90.9868,25.11423],[90.9868,25.11414],[90.9867,25.11413],[90.9867,25.11404],[90.9868,25.11405],[90.98681,25.11396],[90.98661,25.11395],[90.98661,25.11386],[90.98641,25.11386],[90.98641,25.11377],[90.98651,25.11377],[90.98651,25.11359],[90.98661,25.11359],[90.98661,25.1135],[90.98652,25.1135],[90.98652,25.11341],[90.98632,25.11341],[90.98632,25.1135],[90.98612,25.1135],[90.98612,25.1134],[90.98622,25.11341],[90.98622,25.11332],[90.98632,25.11332],[90.98632,25.11323],[90.98662,25.11323],[90.98662,25.11314],[90.98672,25.11314],[90.98672,25.11305],[90.98682,25.11305],[90.98682,25.11296],[90.98672,25.11296],[90.98672,25.11287],[90.98692,25.11287],[90.98692,25.11278],[90.98722,25.11279],[90.98722,25.11288],[90.98702,25.11288],[90.98702,25.11306],[90.98712,25.11306],[90.98712,25.11315],[90.98702,25.11315],[90.98702,25.11324],[90.98711,25.11324],[90.98711,25.11342],[90.98701,25.11342],[90.98701,25.1136],[90.98671,25.11359],[90.98671,25.11368],[90.98681,25.11369],[90.98681,25.11378],[90.98691,25.11378],[90.9869,25.11405],[90.987,25.11405],[90.987,25.11414],[90.9871,25.11414],[90.9871,25.11423],[90.987,25.11423],[90.987,25.11441],[90.9869,25.11441]],[[90.98681,25.1135],[90.98691,25.11351],[90.98691,25.11342],[90.98681,25.11341],[90.98681,25.1135]],[[90.98662,25.11332],[90.98672,25.11332],[90.98672,25.11323],[90.98662,25.11323],[90.98662,25.11332]]]},"properties":{"id":"wetland_patch_df9322a42ada","date":"2026-06-30","area_km2":0.0064,"pixel_count":64,"classification":"OPEN_WATER","interpretation_label":"HH darkening candidate","mean_delta_db":-5.926218308508396,"median_delta_db":-5.121769905090332,"hh_before":-13.230513907968998,"hh_after":-19.156732216477394,"hv_before":-21.97030219435692,"hv_after":-23.91440263390541,"delta_hh":-5.926218308508396,"delta_hv":-1.9441004395484924,"valid_fraction":0.9545454545454546,"valid_fraction_scope":"region bounding box, all four channels","vegetated_fraction":0.0,"quality_status":"PASS","spatial_status":"PARTIAL","temporal_status":"PARTIAL","temporal_overlap_fraction":null,"threshold_stability":"SENSITIVE","threshold_variation_fraction":0.2391304347826087,"evidence_state":"UNCERTAIN","centroid":[25.113489863674797,90.98676983502081],"data_source":"NISAR","evidence_method":"Rule consistency only; no accuracy estimate or independent reference validation.","baseline_method":"SINGLE_PRECEDING_OBSERVATION","baseline_observation_count":1,"baseline_observation_dates":["2026-06-18"],"baseline_hh_temporal_mad_db":null,"baseline_scene_names":["NISAR_L2_PR_GCOV_023_069_A_014_4005_DHDH_A_20260618T232135_20260618T232210_P05023_N_F_J_001"],"contextual_land_cover":null,"distance_to_water_m":null,"context_status":"NOT_AVAILABLE","reference_validated":false}},{"type":"Feature","geometry":{"type":"Polygon","coordinates":[[[91.10517,25.11561],[91.10517,25.11552],[91.10507,25.11552],[91.10507,25.11533],[91.10488,25.11533],[91.10488,25.11524],[91.10498,25.11524],[91.10498,25.11506],[91.10488,25.11506],[91.10488,25.11497],[91.10478,25.11497],[91.10478,25.11506],[91.10468,25.11506],[91.10469,25.1147],[91.10479,25.1147],[91.10478,25.11488],[91.10508,25.11488],[91.10508,25.11506],[91.10518,25.11507],[91.10518,25.11497],[91.10538,25.11498],[91.10538,25.11471],[91.10558,25.11471],[91.10558,25.11444],[91.10578,25.11444],[91.10578,25.1148],[91.10607,25.11481],[91.10608,25.11463],[91.10618,25.11463],[91.10618,25.11454],[91.10638,25.11454],[91.10637,25.11472],[91.10627,25.11472],[91.10627,25.11481],[91.10617,25.11481],[91.10617,25.1149],[91.10568,25.11489],[91.10567,25.11498],[91.10577,25.11498],[91.10577,25.11507],[91.10547,25.11507],[91.10547,25.11516],[91.10557,25.11516],[91.10557,25.11525],[91.10537,25.11525],[91.10537,25.11552],[91.10527,25.11552],[91.10527,25.11561],[91.10517,25.11561]],[[91.10517,25.11543],[91.10527,25.11543],[91.10527,25.11525],[91.10508,25.11524],[91.10507,25.11533],[91.10517,25.11534],[91.10517,25.11543]],[[91.10518,25.11516],[91.10527,25.11516],[91.10528,25.11507],[91.10518,25.11507],[91.10518,25.11516]]]},"properties":{"id":"wetland_patch_26aa36a8b5ed","date":"2026-06-30","area_km2":0.0062,"pixel_count":62,"classification":"OPEN_WATER","interpretation_label":"HH darkening candidate","mean_delta_db":-4.69185895304526,"median_delta_db":-4.368999481201172,"hh_before":-13.09944514305361,"hh_after":-17.79130409609887,"hv_before":-24.826929276989354,"hv_after":-24.638567032352572,"delta_hh":-4.69185895304526,"delta_hv":0.18836224463678175,"valid_fraction":1.0,"valid_fraction_scope":"region bounding box, all four channels","vegetated_fraction":0.0,"quality_status":"PASS","spatial_status":"PARTIAL","temporal_status":"PARTIAL","temporal_overlap_fraction":null,"threshold_stability":"SENSITIVE","threshold_variation_fraction":0.21568627450980393,"evidence_state":"UNCERTAIN","centroid":[25.114959428836958,91.10545866825723],"data_source":"NISAR","evidence_method":"Rule consistency only; no accuracy estimate or independent reference validation.","baseline_method":"SINGLE_PRECEDING_OBSERVATION","baseline_observation_count":1,"baseline_observation_dates":["2026-06-18"],"baseline_hh_temporal_mad_db":null,"baseline_scene_names":["NISAR_L2_PR_GCOV_023_069_A_014_4005_DHDH_A_20260618T232135_20260618T232210_P05023_N_F_J_001"],"contextual_land_cover":null,"distance_to_water_m":null,"context_status":"NOT_AVAILABLE","reference_validated":false}},{"type":"Feature","geometry":{"type":"Polygon","coordinates":[[[90.99534,25.11353],[90.99534,25.11335],[90.99514,25.11335],[90.99515,25.11317],[90.99495,25.11316],[90.99495,25.11307],[90.99485,25.11307],[90.99485,25.11316],[90.99475,25.11316],[90.99475,25.11334],[90.99465,25.11334],[90.99465,25.11343],[90.99425,25.11342],[90.99425,25.11333],[90.99415,25.11333],[90.99415,25.11324],[90.99406,25.11324],[90.99406,25.11315],[90.99445,25.11316],[90.99445,25.11325],[90.99455,25.11325],[90.99455,25.11316],[90.99465,25.11316],[90.99465,25.11307],[90.99475,25.11307],[90.99475,25.11298],[90.99485,25.11298],[90.99485,25.11289],[90.99495,25.11289],[90.99496,25.11271],[90.99515,25.11271],[90.99515,25.1129],[90.99525,25.1129],[90.99525,25.11299],[90.99535,25.11299],[90.99535,25.11308],[90.99525,25.11308],[90.99525,25.11317],[90.99544,25.11317],[90.99545,25.11299],[90.99555,25.11299],[90.99555,25.11308],[90.99564,25.11308],[90.99564,25.11317],[90.99574,25.11317],[90.99574,25.11326],[90.99584,25.11327],[90.99584,25.11336],[90.99564,25.11335],[90.99564,25.11344],[90.99544,25.11344],[90.99544,25.11353],[90.99534,25.11353]],[[90.99505,25.11307],[90.99515,25.11308],[90.99515,25.11299],[90.99505,25.11298],[90.99505,25.11307]]]},"properties":{"id":"wetland_patch_c4435b6e6b6a","date":"2026-06-30","area_km2":0.0054,"pixel_count":54,"classification":"OPEN_WATER","interpretation_label":"HH darkening candidate","mean_delta_db":-4.8319998317294655,"median_delta_db":-4.5732598304748535,"hh_before":-15.770603409519902,"hh_after":-20.602603241249366,"hv_before":-24.56121289288556,"hv_after":-24.813038578739874,"delta_hh":-4.8319998317294655,"delta_hv":-0.25182568585431137,"valid_fraction":1.0,"valid_fraction_scope":"region bounding box, all four channels","vegetated_fraction":0.0,"quality_status":"PASS","spatial_status":"PARTIAL","temporal_status":"PARTIAL","temporal_overlap_fraction":null,"threshold_stability":"SENSITIVE","threshold_variation_fraction":0.24705882352941178,"evidence_state":"UNCERTAIN","centroid":[25.11317773598138,90.99501475005304],"data_source":"NISAR","evidence_method":"Rule consistency only; no accuracy estimate or independent reference validation.","baseline_method":"SINGLE_PRECEDING_OBSERVATION","baseline_observation_count":1,"baseline_observation_dates":["2026-06-18"],"baseline_hh_temporal_mad_db":null,"baseline_scene_names":["NISAR_L2_PR_GCOV_023_069_A_014_4005_DHDH_A_20260618T232135_20260618T232210_P05023_N_F_J_001"],"contextual_land_cover":null,"distance_to_water_m":null,"context_status":"NOT_AVAILABLE","reference_validated":false}},{"type":"Feature","geometry":{"type":"Polygon","coordinates":[[[91.11209,25.11055],[91.11209,25.11037],[91.11199,25.11037],[91.11199,25.11028],[91.11189,25.11028],[91.1119,25.11019],[91.11209,25.11019],[91.1121,25.11001],[91.112,25.11001],[91.112,25.10992],[91.1119,25.10991],[91.1119,25.10973],[91.1122,25.10974],[91.1122,25.10992],[91.1123,25.10992],[91.1123,25.10956],[91.1122,25.10956],[91.1122,25.10947],[91.1124,25.10947],[91.1124,25.10956],[91.1126,25.10956],[91.1126,25.10947],[91.1128,25.10947],[91.11279,25.10984],[91.11269,25.10983],[91.11269,25.10992],[91.11259,25.10992],[91.1126,25.10974],[91.1127,25.10974],[91.1127,25.10965],[91.1124,25.10965],[91.1124,25.10983],[91.1125,25.10983],[91.11249,25.10992],[91.1124,25.10992],[91.11239,25.1101],[91.11249,25.1101],[91.11248,25.11055],[91.11209,25.11055]],[[91.11229,25.11028],[91.11239,25.11028],[91.11239,25.1101],[91.11229,25.1101],[91.11229,25.11028]]]},"properties":{"id":"wetland_patch_ff1f45e0f9cd","date":"2026-06-30","area_km2":0.0051,"pixel_count":51,"classification":"OPEN_WATER","interpretation_label":"HH darkening candidate","mean_delta_db":-5.4038813207663745,"median_delta_db":-5.093321800231934,"hh_before":-12.502638092228011,"hh_after":-17.906519412994385,"hv_before":-23.53703235177433,"hv_after":-23.77970699235505,"delta_hh":-5.4038813207663745,"delta_hv":-0.24267464058071958,"valid_fraction":1.0,"valid_fraction_scope":"region bounding box, all four channels","vegetated_fraction":0.0,"quality_status":"PASS","spatial_status":"PARTIAL","temporal_status":"PARTIAL","temporal_overlap_fraction":null,"threshold_stability":"STABLE","threshold_variation_fraction":0.03571428571428571,"evidence_state":"MODERATE","centroid":[25.11000759882105,91.11231342673706],"data_source":"NISAR","evidence_method":"Rule consistency only; no accuracy estimate or independent reference validation.","baseline_method":"SINGLE_PRECEDING_OBSERVATION","baseline_observation_count":1,"baseline_observation_dates":["2026-06-18"],"baseline_hh_temporal_mad_db":null,"baseline_scene_names":["NISAR_L2_PR_GCOV_023_069_A_014_4005_DHDH_A_20260618T232135_20260618T232210_P05023_N_F_J_001"],"contextual_land_cover":null,"distance_to_water_m":null,"context_status":"NOT_AVAILABLE","reference_validated":false}},{"type":"Feature","geometry":{"type":"Polygon","coordinates":[[[91.01723,25.10859],[91.01724,25.10814],[91.01704,25.10813],[91.01704,25.10822],[91.01694,25.10822],[91.01695,25.10795],[91.01704,25.10795],[91.01704,25.10804],[91.01724,25.10805],[91.01724,25.10796],[91.01714,25.10796],[91.01715,25.10777],[91.01705,25.10777],[91.01705,25.10768],[91.01735,25.10769],[91.01735,25.10751],[91.01745,25.10751],[91.01746,25.10697],[91.01766,25.10697],[91.01765,25.10706],[91.01785,25.10706],[91.01785,25.10688],[91.01805,25.10688],[91.01805,25.10679],[91.01815,25.1068],[91.01816,25.10661],[91.01776,25.10661],[91.01776,25.10652],[91.01796,25.10652],[91.01796,25.10643],[91.01786,25.10643],[91.01786,25.10634],[91.01796,25.10634],[91.01797,25.10616],[91.01826,25.10616],[91.01826,25.10644],[91.01806,25.10643],[91.01806,25.10652],[91.01826,25.10653],[91.01825,25.10671],[91.01835,25.10671],[91.01835,25.1068],[91.01845,25.1068],[91.01845,25.10689],[91.01875,25.10689],[91.01875,25.1068],[91.01885,25.1068],[91.01884,25.10699],[91.01855,25.10698],[91.01855,25.10707],[91.01884,25.10708],[91.01884,25.10726],[91.01854,25.10725],[91.01854,25.10734],[91.01864,25.10734],[91.01864,25.10743],[91.01854,25.10743],[91.01854,25.10752],[91.01824,25.10752],[91.01824,25.10734],[91.01805,25.10734],[91.01805,25.10715],[91.01755,25.10715],[91.01755,25.10724],[91.01775,25.10724],[91.01775,25.10733],[91.01785,25.10733],[91.01785,25.10742],[91.01814,25.10743],[91.01814,25.10761],[91.01804,25.10761],[91.01804,25.10752],[91.01775,25.10751],[91.01774,25.1076],[91.01784,25.1076],[91.01784,25.10769],[91.01764,25.10769],[91.01764,25.10778],[91.01754,25.10778],[91.01754,25.10796],[91.01744,25.10796],[91.01744,25.10805],[91.01734,25.10805],[91.01734,25.10814],[91.01744,25.10814],[91.01743,25.10841],[91.01733,25.10841],[91.01733,25.10859],[91.01723,25.10859]],[[91.01744,25.10778],[91.01754,25.10778],[91.01754,25.10769],[91.01745,25.10769],[91.01744,25.10778]],[[91.01755,25.10751],[91.01765,25.10751],[91.01765,25.10742],[91.01755,25.10742],[91.01755,25.10751]],[[91.01825,25.10725],[91.01844,25.10725],[91.01845,25.10716],[91.01854,25.10716],[91.01855,25.10707],[91.01825,25.10707],[91.01825,25.10725]],[[91.01805,25.10715],[91.01815,25.10716],[91.01815,25.10707],[91.01805,25.10706],[91.01805,25.10715]],[[91.01795,25.10706],[91.01805,25.10706],[91.01805,25.10697],[91.01795,25.10697],[91.01795,25.10706]]]},"properties":{"id":"wetland_patch_3b37713ed582","date":"2026-06-30","area_km2":0.0123,"pixel_count":123,"classification":"OPEN_WATER","interpretation_label":"HH darkening candidate","mean_delta_db":-4.948544680587644,"median_delta_db":-4.626814842224121,"hh_before":-16.202835532707898,"hh_after":-21.151380213295543,"hv_before":-24.651901849886265,"hv_after":-24.666194993305982,"delta_hh":-4.948544680587644,"delta_hv":-0.014293143419715448,"valid_fraction":0.9902534113060428,"valid_fraction_scope":"region bounding box, all four channels","vegetated_fraction":0.0,"quality_status":"PASS","spatial_status":"PARTIAL","temporal_status":"PARTIAL","temporal_overlap_fraction":null,"threshold_stability":"SENSITIVE","threshold_variation_fraction":0.3374485596707819,"evidence_state":"UNCERTAIN","centroid":[25.107294134502133,91.01789299128227],"data_source":"NISAR","evidence_method":"Rule consistency only; no accuracy estimate or independent reference validation.","baseline_method":"SINGLE_PRECEDING_OBSERVATION","baseline_observation_count":1,"baseline_observation_dates":["2026-06-18"],"baseline_hh_temporal_mad_db":null,"baseline_scene_names":["NISAR_L2_PR_GCOV_023_069_A_014_4005_DHDH_A_20260618T232135_20260618T232210_P05023_N_F_J_001"],"contextual_land_cover":null,"distance_to_water_m":null,"context_status":"NOT_AVAILABLE","reference_validated":false}},{"type":"Feature","geometry":{"type":"Polygon","coordinates":[[[91.01841,25.10301],[91.01842,25.10283],[91.01822,25.10282],[91.01822,25.10246],[91.01803,25.10246],[91.01803,25.10237],[91.01832,25.10237],[91.01833,25.10228],[91.01842,25.10229],[91.01842,25.10247],[91.01852,25.10247],[91.01853,25.1022],[91.01862,25.1022],[91.01862,25.10238],[91.01872,25.10238],[91.01873,25.10211],[91.01882,25.10211],[91.01882,25.10238],[91.01902,25.10238],[91.01902,25.10247],[91.01882,25.10247],[91.01882,25.10256],[91.01902,25.10256],[91.01901,25.10274],[91.01921,25.10275],[91.01921,25.10293],[91.01891,25.10292],[91.01891,25.10301],[91.01881,25.10301],[91.01881,25.10283],[91.01871,25.10283],[91.01871,25.10301],[91.01861,25.10301],[91.01861,25.10292],[91.01851,25.10292],[91.01851,25.10301],[91.01841,25.10301]]]},"properties":{"id":"wetland_patch_c153f3117a65","date":"2026-06-30","area_km2":0.0057,"pixel_count":57,"classification":"OPEN_WATER","interpretation_label":"HH darkening candidate","mean_delta_db":-7.222596862859893,"median_delta_db":-6.506378173828125,"hh_before":-10.231957828789426,"hh_after":-17.45455469164932,"hv_before":-18.17335615660015,"hv_after":-23.408795206170332,"delta_hh":-7.222596862859893,"delta_hv":-5.235439049570184,"valid_fraction":0.9583333333333334,"valid_fraction_scope":"region bounding box, all four channels","vegetated_fraction":0.0,"quality_status":"PASS","spatial_status":"PARTIAL","temporal_status":"PARTIAL","temporal_overlap_fraction":null,"threshold_stability":"STABLE","threshold_variation_fraction":0.06451612903225806,"evidence_state":"MODERATE","centroid":[25.10262770207052,91.01863925094219],"data_source":"NISAR","evidence_method":"Rule consistency only; no accuracy estimate or independent reference validation.","baseline_method":"SINGLE_PRECEDING_OBSERVATION","baseline_observation_count":1,"baseline_observation_dates":["2026-06-18"],"baseline_hh_temporal_mad_db":null,"baseline_scene_names":["NISAR_L2_PR_GCOV_023_069_A_014_4005_DHDH_A_20260618T232135_20260618T232210_P05023_N_F_J_001"],"contextual_land_cover":null,"distance_to_water_m":null,"context_status":"NOT_AVAILABLE","reference_validated":false}},{"type":"Feature","geometry":{"type":"Polygon","coordinates":[[[91.10706,25.10227],[91.10706,25.102],[91.10696,25.102],[91.10697,25.10182],[91.10687,25.10182],[91.10687,25.10164],[91.10677,25.10163],[91.10677,25.10172],[91.10667,25.10172],[91.10667,25.10163],[91.10657,25.10163],[91.10658,25.10154],[91.10677,25.10154],[91.10678,25.10145],[91.10668,25.10145],[91.10668,25.10136],[91.10648,25.10136],[91.10648,25.10127],[91.10658,25.10127],[91.10658,25.10118],[91.10668,25.10118],[91.10668,25.10109],[91.10648,25.10109],[91.10648,25.101],[91.10668,25.101],[91.10669,25.10082],[91.10678,25.10082],[91.10679,25.10064],[91.10689,25.10064],[91.10689,25.10055],[91.10709,25.10055],[91.10708,25.10083],[91.10728,25.10083],[91.10728,25.10101],[91.10738,25.10101],[91.10738,25.1011],[91.10728,25.1011],[91.10727,25.10137],[91.10747,25.10137],[91.10747,25.10146],[91.10727,25.10146],[91.10727,25.10155],[91.10707,25.10155],[91.10707,25.10182],[91.10717,25.10182],[91.10717,25.10173],[91.10737,25.10173],[91.10736,25.10182],[91.10727,25.10182],[91.10726,25.10209],[91.10746,25.10209],[91.10746,25.10218],[91.10726,25.10218],[91.10726,25.10227],[91.10706,25.10227]],[[91.10688,25.10127],[91.10717,25.10128],[91.10718,25.1011],[91.10688,25.10109],[91.10688,25.101],[91.10678,25.101],[91.10678,25.10118],[91.10688,25.10118],[91.10688,25.10127]],[[91.10698,25.101],[91.10708,25.10101],[91.10708,25.10092],[91.10698,25.10091],[91.10698,25.101]]]},"properties":{"id":"wetland_patch_68fa2f8ed77b","date":"2026-06-30","area_km2":0.008,"pixel_count":80,"classification":"OPEN_WATER","interpretation_label":"HH darkening candidate","mean_delta_db":-5.880723613500595,"median_delta_db":-5.672776699066162,"hh_before":-12.59117961525917,"hh_after":-18.471903228759764,"hv_before":-23.716197991371153,"hv_after":-24.362676787376405,"delta_hh":-5.880723613500595,"delta_hv":-0.646478796005249,"valid_fraction":1.0,"valid_fraction_scope":"region bounding box, all four channels","vegetated_fraction":0.0,"quality_status":"PASS","spatial_status":"PARTIAL","temporal_status":"PARTIAL","temporal_overlap_fraction":null,"threshold_stability":"STABLE","threshold_variation_fraction":0.18867924528301888,"evidence_state":"MODERATE","centroid":[25.10136489962055,91.106994530422],"data_source":"NISAR","evidence_method":"Rule consistency only; no accuracy estimate or independent reference validation.","baseline_method":"SINGLE_PRECEDING_OBSERVATION","baseline_observation_count":1,"baseline_observation_dates":["2026-06-18"],"baseline_hh_temporal_mad_db":null,"baseline_scene_names":["NISAR_L2_PR_GCOV_023_069_A_014_4005_DHDH_A_20260618T232135_20260618T232210_P05023_N_F_J_001"],"contextual_land_cover":null,"distance_to_water_m":null,"context_status":"NOT_AVAILABLE","reference_validated":false}},{"type":"Feature","geometry":{"type":"Polygon","coordinates":[[[91.10608,25.10135],[91.10608,25.10126],[91.10598,25.10126],[91.10599,25.10117],[91.10589,25.10117],[91.10589,25.10126],[91.10579,25.10126],[91.10579,25.10117],[91.10569,25.10117],[91.10569,25.10126],[91.10549,25.10126],[91.10549,25.10117],[91.10559,25.10117],[91.10559,25.10099],[91.10569,25.10099],[91.10569,25.10108],[91.10609,25.10108],[91.10609,25.10117],[91.10618,25.10118],[91.10619,25.10108],[91.10628,25.10109],[91.10629,25.10091],[91.10619,25.1009],[91.10619,25.10072],[91.10629,25.10073],[91.10629,25.10082],[91.10639,25.10082],[91.1064,25.10037],[91.1063,25.10036],[91.1063,25.10027],[91.1064,25.10028],[91.1064,25.10009],[91.1065,25.1001],[91.1065,25.10001],[91.1064,25.1],[91.1064,25.09991],[91.1065,25.09992],[91.1065,25.09983],[91.1066,25.09983],[91.1066,25.1001],[91.1067,25.1001],[91.1067,25.09992],[91.1068,25.09992],[91.1068,25.09974],[91.107,25.09974],[91.107,25.09956],[91.1069,25.09956],[91.1069,25.09947],[91.1071,25.09947],[91.1071,25.09938],[91.1072,25.09938],[91.1072,25.09983],[91.1073,25.09984],[91.10729,25.10002],[91.10719,25.10001],[91.10719,25.1001],[91.10709,25.1001],[91.10709,25.10001],[91.1069,25.10001],[91.1069,25.1001],[91.1068,25.1001],[91.10679,25.10019],[91.1065,25.10019],[91.10649,25.10064],[91.10659,25.10064],[91.10659,25.10055],[91.10669,25.10055],[91.10669,25.10046],[91.10679,25.10046],[91.10679,25.10064],[91.10669,25.10064],[91.10669,25.10082],[91.10649,25.10082],[91.10648,25.101],[91.10639,25.101],[91.10638,25.10109],[91.10648,25.10109],[91.10648,25.10127],[91.10618,25.10127],[91.10618,25.10136],[91.10608,25.10135]],[[91.1071,25.09992],[91.1072,25.09992],[91.1072,25.09983],[91.1071,25.09983],[91.1071,25.09992]]]},"properties":{"id":"wetland_patch_25ccf7cfe8d7","date":"2026-06-30","area_km2":0.0073,"pixel_count":73,"classification":"OPEN_WATER","interpretation_label":"HH darkening candidate","mean_delta_db":-4.614694347120311,"median_delta_db":-4.1058149337768555,"hh_before":-14.0641886044855,"hh_after":-18.67888295160581,"hv_before":-24.31573486328125,"hv_after":-24.742531580467748,"delta_hh":-4.614694347120311,"delta_hv":-0.4267967171864967,"valid_fraction":1.0,"valid_fraction_scope":"region bounding box, all four channels","vegetated_fraction":0.0,"quality_status":"PASS","spatial_status":"PARTIAL","temporal_status":"PARTIAL","temporal_overlap_fraction":null,"threshold_stability":"SENSITIVE","threshold_variation_fraction":0.3105263157894737,"evidence_state":"UNCERTAIN","centroid":[25.10043103305405,91.1065537928249],"data_source":"NISAR","evidence_method":"Rule consistency only; no accuracy estimate or independent reference validation.","baseline_method":"SINGLE_PRECEDING_OBSERVATION","baseline_observation_count":1,"baseline_observation_dates":["2026-06-18"],"baseline_hh_temporal_mad_db":null,"baseline_scene_names":["NISAR_L2_PR_GCOV_023_069_A_014_4005_DHDH_A_20260618T232135_20260618T232210_P05023_N_F_J_001"],"contextual_land_cover":null,"distance_to_water_m":null,"context_status":"NOT_AVAILABLE","reference_validated":false}}]}